population,copies,depth,depth_divisor,spread,seed,background_return,bloc_return,maker_pnl
none,0,scaling,4.0,1,1,-10.1876,0.0000,2.0240
none,0,scaling,4.0,1,2,0.9195,0.0000,5.1656
none,0,scaling,4.0,1,3,-15.3354,0.0000,1.5897
none,0,scaling,4.0,1,4,-8.5866,0.0000,3.0202
none,0,scaling,4.0,1,5,-12.0078,0.0000,0.5285
none,0,scaling,4.0,1,6,-4.5147,0.0000,1.7918
none,0,scaling,4.0,1,7,0.5121,0.0000,3.4829
none,0,scaling,4.0,1,8,-11.5753,0.0000,1.3674
none,0,scaling,4.0,1,9,-8.4691,0.0000,2.1371
none,0,scaling,4.0,1,10,-4.6930,0.0000,1.3728
none,0,scaling,4.0,1,11,-8.1171,0.0000,1.1612
none,0,scaling,4.0,1,12,2.5012,0.0000,3.4496
none,0,scaling,4.0,1,13,-4.1439,0.0000,4.8611
none,0,scaling,4.0,1,14,-15.8945,0.0000,1.0665
none,0,scaling,4.0,1,15,-6.7508,0.0000,0.6616
none,0,scaling,4.0,1,16,-3.5314,0.0000,3.6379
none,0,scaling,4.0,1,17,-9.2679,0.0000,-0.6369
none,0,scaling,4.0,1,18,-8.5283,0.0000,0.5934
none,0,scaling,4.0,1,19,-10.0457,0.0000,1.0342
none,0,scaling,4.0,1,20,-11.0920,0.0000,1.8184
none,0,scaling,4.0,1,21,-5.8256,0.0000,1.1921
none,0,scaling,4.0,1,22,-12.7492,0.0000,-0.0025
none,0,scaling,4.0,1,23,-12.9199,0.0000,3.1905
none,0,scaling,4.0,1,24,-9.0752,0.0000,1.6321
none,0,scaling,4.0,1,25,-7.3268,0.0000,1.6984
none,0,scaling,4.0,1,26,-1.4866,0.0000,1.0706
none,0,scaling,4.0,1,27,-6.8901,0.0000,1.2049
none,0,scaling,4.0,1,28,-2.3227,0.0000,4.6002
none,0,scaling,4.0,1,29,-7.7849,0.0000,-0.0628
none,0,scaling,4.0,1,30,-3.9238,0.0000,3.4836
none,0,scaling,4.0,1,31,-13.0033,0.0000,2.3937
none,0,scaling,4.0,1,32,-14.2919,0.0000,0.3078
none,0,scaling,4.0,1,33,0.0869,0.0000,5.9429
none,0,scaling,4.0,1,34,-8.4441,0.0000,0.5040
none,0,scaling,4.0,1,35,-5.3425,0.0000,0.3570
none,0,scaling,4.0,1,36,-9.0624,0.0000,0.9648
none,0,scaling,4.0,1,37,-4.3034,0.0000,4.2729
none,0,scaling,4.0,1,38,-0.2143,0.0000,3.4779
none,0,scaling,4.0,1,39,-0.9213,0.0000,4.0522
none,0,scaling,4.0,1,40,-13.6996,0.0000,0.9412
none,0,scaling,4.0,1,41,-4.0957,0.0000,2.5221
none,0,scaling,4.0,1,42,-15.6621,0.0000,3.5964
none,0,scaling,4.0,1,43,-1.7894,0.0000,3.4313
none,0,scaling,4.0,1,44,-1.5808,0.0000,2.2476
none,0,scaling,4.0,1,45,-7.4379,0.0000,0.7967
none,0,scaling,4.0,1,46,-10.7141,0.0000,0.3217
none,0,scaling,4.0,1,47,-8.4572,0.0000,0.9082
none,0,scaling,4.0,1,48,-2.4503,0.0000,1.8416
none,0,scaling,4.0,1,49,-2.4693,0.0000,2.9958
none,0,scaling,4.0,1,50,-8.3842,0.0000,1.6996
none,0,scaling,4.0,1,51,-3.7970,0.0000,1.5602
none,0,scaling,4.0,1,52,-4.1642,0.0000,4.4060
none,0,scaling,4.0,1,53,-4.5201,0.0000,0.9103
none,0,scaling,4.0,1,54,-9.3582,0.0000,0.9030
none,0,scaling,4.0,1,55,-4.1467,0.0000,2.3431
none,0,scaling,4.0,1,56,-4.1280,0.0000,4.2195
none,0,scaling,4.0,1,57,-2.2424,0.0000,3.3290
none,0,scaling,4.0,1,58,-10.0214,0.0000,2.2641
none,0,scaling,4.0,1,59,-3.1885,0.0000,0.7044
none,0,scaling,4.0,1,60,-7.8989,0.0000,3.9377
none,0,scaling,4.0,1,61,-0.9974,0.0000,3.0386
none,0,scaling,4.0,1,62,-8.0869,0.0000,1.5173
none,0,scaling,4.0,1,63,-3.4501,0.0000,1.2164
none,0,scaling,4.0,1,64,-10.6596,0.0000,1.1370
none,0,scaling,4.0,1,65,-3.1154,0.0000,3.7717
none,0,scaling,4.0,1,66,-5.4230,0.0000,-0.5151
none,0,scaling,4.0,1,67,-14.4571,0.0000,0.5015
none,0,scaling,4.0,1,68,-10.4249,0.0000,0.4685
none,0,scaling,4.0,1,69,-5.1505,0.0000,3.9218
none,0,scaling,4.0,1,70,1.9393,0.0000,3.0502
none,0,scaling,4.0,1,71,-2.9891,0.0000,4.6879
none,0,scaling,4.0,1,72,-10.4453,0.0000,3.6638
none,0,scaling,4.0,1,73,-11.9905,0.0000,1.8824
none,0,scaling,4.0,1,74,-14.1456,0.0000,0.8924
none,0,scaling,4.0,1,75,-2.9469,0.0000,1.0709
none,0,scaling,4.0,1,76,-11.0214,0.0000,1.1536
none,0,scaling,4.0,1,77,-5.3983,0.0000,4.6196
none,0,scaling,4.0,1,78,-3.0218,0.0000,2.6166
none,0,scaling,4.0,1,79,-14.6684,0.0000,0.9983
none,0,scaling,4.0,1,80,-7.2304,0.0000,0.4151
none,0,scaling,4.0,1,81,-7.5545,0.0000,1.4659
none,0,scaling,4.0,1,82,-3.4277,0.0000,5.3900
none,0,scaling,4.0,1,83,-5.4492,0.0000,2.9500
none,0,scaling,4.0,1,84,-0.7360,0.0000,2.2685
none,0,scaling,4.0,1,85,-1.7574,0.0000,1.8624
none,0,scaling,4.0,1,86,-5.2799,0.0000,3.0414
none,0,scaling,4.0,1,87,-14.0984,0.0000,0.7813
none,0,scaling,4.0,1,88,-10.4875,0.0000,1.7536
none,0,scaling,4.0,1,89,-2.6741,0.0000,2.7626
none,0,scaling,4.0,1,90,-5.0361,0.0000,1.8090
none,0,scaling,4.0,1,91,-2.6376,0.0000,2.3698
none,0,scaling,4.0,1,92,-10.2447,0.0000,0.9868
none,0,scaling,4.0,1,93,-6.3956,0.0000,4.1712
none,0,scaling,4.0,1,94,-12.1410,0.0000,1.1984
none,0,scaling,4.0,1,95,-3.7639,0.0000,0.3274
none,0,scaling,4.0,1,96,-7.3179,0.0000,-0.4235
none,0,scaling,4.0,1,97,-19.3774,0.0000,0.1180
none,0,scaling,4.0,1,98,-14.9823,0.0000,0.4758
none,0,scaling,4.0,1,99,-2.0898,0.0000,4.5634
none,0,scaling,4.0,1,100,-0.7257,0.0000,1.7906
none,0,scaling,4.0,1,101,-6.6710,0.0000,3.0780
none,0,scaling,4.0,1,102,-7.1082,0.0000,2.7989
none,0,scaling,4.0,1,103,-11.8356,0.0000,2.5410
none,0,scaling,4.0,1,104,-8.7095,0.0000,1.1178
none,0,scaling,4.0,1,105,-2.1442,0.0000,2.2811
none,0,scaling,4.0,1,106,-11.6865,0.0000,3.4266
none,0,scaling,4.0,1,107,-9.4385,0.0000,0.4318
none,0,scaling,4.0,1,108,-6.9397,0.0000,3.9670
none,0,scaling,4.0,1,109,-5.1116,0.0000,0.7108
none,0,scaling,4.0,1,110,-4.5190,0.0000,4.5244
none,0,scaling,4.0,1,111,-8.6345,0.0000,2.6781
none,0,scaling,4.0,1,112,-8.6148,0.0000,1.4347
none,0,scaling,4.0,1,113,-10.0757,0.0000,-0.8963
none,0,scaling,4.0,1,114,-11.8195,0.0000,2.9554
none,0,scaling,4.0,1,115,-8.3857,0.0000,3.8043
none,0,scaling,4.0,1,116,-7.6736,0.0000,-0.1771
none,0,scaling,4.0,1,117,-6.1577,0.0000,1.5305
none,0,scaling,4.0,1,118,-2.2161,0.0000,1.5850
none,0,scaling,4.0,1,119,-7.8662,0.0000,2.3433
none,0,scaling,4.0,1,120,-8.3266,0.0000,1.0423
none,0,scaling,4.0,1,121,-0.1303,0.0000,2.4011
none,0,scaling,4.0,1,122,-9.2195,0.0000,2.2651
none,0,scaling,4.0,1,123,-4.8421,0.0000,4.9640
none,0,scaling,4.0,1,124,-4.7663,0.0000,3.1027
none,0,scaling,4.0,1,125,-5.9198,0.0000,1.8250
none,0,scaling,4.0,1,126,0.3758,0.0000,2.0250
none,0,scaling,4.0,1,127,0.2252,0.0000,2.4626
none,0,scaling,4.0,1,128,-9.5042,0.0000,2.4643
none,0,scaling,4.0,1,129,-6.1936,0.0000,4.2789
none,0,scaling,4.0,1,130,-1.2792,0.0000,3.0254
none,0,scaling,4.0,1,131,-7.5374,0.0000,3.5194
none,0,scaling,4.0,1,132,-4.5181,0.0000,2.6315
none,0,scaling,4.0,1,133,-3.3237,0.0000,3.4598
none,0,scaling,4.0,1,134,4.4680,0.0000,4.5178
none,0,scaling,4.0,1,135,-4.9813,0.0000,2.5442
none,0,scaling,4.0,1,136,-2.8542,0.0000,3.5869
none,0,scaling,4.0,1,137,-7.2695,0.0000,1.2065
none,0,scaling,4.0,1,138,-4.7764,0.0000,2.5927
none,0,scaling,4.0,1,139,-2.3368,0.0000,2.5950
none,0,scaling,4.0,1,140,-10.3183,0.0000,-0.1392
none,0,scaling,4.0,1,141,-3.7191,0.0000,3.3028
none,0,scaling,4.0,1,142,-12.3782,0.0000,0.2928
none,0,scaling,4.0,1,143,-10.0246,0.0000,1.1198
none,0,scaling,4.0,1,144,-7.5803,0.0000,-0.0574
none,0,scaling,4.0,1,145,-10.5120,0.0000,0.5310
none,0,scaling,4.0,1,146,-0.6292,0.0000,2.0701
none,0,scaling,4.0,1,147,-3.0699,0.0000,2.8308
none,0,scaling,4.0,1,148,-10.5191,0.0000,2.1375
none,0,scaling,4.0,1,149,-5.2062,0.0000,3.2099
none,0,scaling,4.0,1,150,-9.6858,0.0000,0.1426
none,0,scaling,4.0,1,151,-9.9884,0.0000,1.5315
none,0,scaling,4.0,1,152,-12.3121,0.0000,2.1109
none,0,scaling,4.0,1,153,-3.3729,0.0000,1.3167
none,0,scaling,4.0,1,154,-14.5504,0.0000,3.6776
none,0,scaling,4.0,1,155,-5.8021,0.0000,2.0225
none,0,scaling,4.0,1,156,-11.5455,0.0000,-0.0257
none,0,scaling,4.0,1,157,-5.2313,0.0000,-0.2301
none,0,scaling,4.0,1,158,-7.2868,0.0000,1.3367
none,0,scaling,4.0,1,159,-22.5376,0.0000,-0.1981
none,0,scaling,4.0,1,160,-12.9332,0.0000,1.5985
none,0,scaling,4.0,1,161,-5.6359,0.0000,4.4874
none,0,scaling,4.0,1,162,-2.8682,0.0000,2.8985
none,0,scaling,4.0,1,163,-10.4410,0.0000,1.1697
none,0,scaling,4.0,1,164,-8.0870,0.0000,3.7395
none,0,scaling,4.0,1,165,-11.4285,0.0000,0.0803
none,0,scaling,4.0,1,166,-1.2952,0.0000,3.2513
none,0,scaling,4.0,1,167,-6.1137,0.0000,1.8987
none,0,scaling,4.0,1,168,-1.8011,0.0000,2.0179
none,0,scaling,4.0,1,169,-4.9066,0.0000,2.3050
none,0,scaling,4.0,1,170,-2.9070,0.0000,1.9123
none,0,scaling,4.0,1,171,-7.3414,0.0000,0.0576
none,0,scaling,4.0,1,172,-2.2118,0.0000,3.8502
none,0,scaling,4.0,1,173,-1.5782,0.0000,2.7597
none,0,scaling,4.0,1,174,-10.1454,0.0000,1.3989
none,0,scaling,4.0,1,175,-8.4297,0.0000,2.7411
none,0,scaling,4.0,1,176,-7.1148,0.0000,0.1722
none,0,scaling,4.0,1,177,-6.6861,0.0000,1.9518
none,0,scaling,4.0,1,178,-7.3895,0.0000,2.1596
none,0,scaling,4.0,1,179,-6.3143,0.0000,1.6287
none,0,scaling,4.0,1,180,-3.6165,0.0000,2.4991
none,0,scaling,4.0,1,181,-7.3227,0.0000,3.4124
none,0,scaling,4.0,1,182,-3.3817,0.0000,3.6211
none,0,scaling,4.0,1,183,2.3180,0.0000,4.0518
none,0,scaling,4.0,1,184,-2.8210,0.0000,1.4324
none,0,scaling,4.0,1,185,-7.0080,0.0000,1.9727
none,0,scaling,4.0,1,186,-9.1267,0.0000,1.1758
none,0,scaling,4.0,1,187,-7.1269,0.0000,1.5665
none,0,scaling,4.0,1,188,-7.9676,0.0000,1.4904
none,0,scaling,4.0,1,189,-6.0559,0.0000,3.9578
none,0,scaling,4.0,1,190,-3.9814,0.0000,2.4063
none,0,scaling,4.0,1,191,-3.8127,0.0000,3.3640
none,0,scaling,4.0,1,192,-6.3847,0.0000,0.3513
none,0,scaling,4.0,1,193,-4.4403,0.0000,2.1762
none,0,scaling,4.0,1,194,-9.5279,0.0000,1.6627
none,0,scaling,4.0,1,195,0.5988,0.0000,3.0294
none,0,scaling,4.0,1,196,3.4233,0.0000,5.2830
none,0,scaling,4.0,1,197,-8.8977,0.0000,0.1120
none,0,scaling,4.0,1,198,-1.6270,0.0000,2.6782
none,0,scaling,4.0,1,199,-10.8102,0.0000,0.5883
none,0,scaling,4.0,1,200,-7.7845,0.0000,1.1471
none,0,scaling,4.0,1,201,-6.4672,0.0000,2.2013
none,0,scaling,4.0,1,202,-0.7926,0.0000,3.1461
none,0,scaling,4.0,1,203,-2.2306,0.0000,1.5822
none,0,scaling,4.0,1,204,-8.0109,0.0000,0.8936
none,0,scaling,4.0,1,205,-13.7791,0.0000,1.5915
none,0,scaling,4.0,1,206,-7.3251,0.0000,1.3057
none,0,scaling,4.0,1,207,2.6189,0.0000,4.4661
none,0,scaling,4.0,1,208,-11.6286,0.0000,0.3526
none,0,scaling,4.0,1,209,-22.9827,0.0000,-0.2279
none,0,scaling,4.0,1,210,-18.4137,0.0000,-0.1778
none,0,scaling,4.0,1,211,-2.2188,0.0000,1.6960
none,0,scaling,4.0,1,212,-1.5665,0.0000,3.2852
none,0,scaling,4.0,1,213,-6.5334,0.0000,1.4059
none,0,scaling,4.0,1,214,-8.4335,0.0000,2.3614
none,0,scaling,4.0,1,215,-6.4632,0.0000,1.9021
none,0,scaling,4.0,1,216,-8.4942,0.0000,2.8967
none,0,scaling,4.0,1,217,-3.8362,0.0000,1.5603
none,0,scaling,4.0,1,218,-9.8468,0.0000,1.8800
none,0,scaling,4.0,1,219,-4.2122,0.0000,1.5725
none,0,scaling,4.0,1,220,-9.9668,0.0000,0.7256
none,0,scaling,4.0,1,221,-9.8657,0.0000,3.4924
none,0,scaling,4.0,1,222,-1.8087,0.0000,2.3114
none,0,scaling,4.0,1,223,-9.5959,0.0000,0.6241
none,0,scaling,4.0,1,224,-0.6199,0.0000,3.4137
none,0,scaling,4.0,1,225,-3.8348,0.0000,2.2574
none,0,scaling,4.0,1,226,-7.8775,0.0000,0.9541
none,0,scaling,4.0,1,227,-1.8777,0.0000,1.0522
none,0,scaling,4.0,1,228,-3.4101,0.0000,4.4758
none,0,scaling,4.0,1,229,-6.1706,0.0000,2.2876
none,0,scaling,4.0,1,230,-6.4648,0.0000,1.3740
none,0,scaling,4.0,1,231,-2.3672,0.0000,2.1011
none,0,scaling,4.0,1,232,-9.2120,0.0000,-0.1602
none,0,scaling,4.0,1,233,-3.6397,0.0000,0.8170
none,0,scaling,4.0,1,234,-13.6194,0.0000,0.8283
none,0,scaling,4.0,1,235,-7.4738,0.0000,3.3725
none,0,scaling,4.0,1,236,-15.0241,0.0000,0.5469
none,0,scaling,4.0,1,237,-1.9223,0.0000,2.6619
none,0,scaling,4.0,1,238,-3.5603,0.0000,1.9542
none,0,scaling,4.0,1,239,-7.9277,0.0000,2.6076
none,0,scaling,4.0,1,240,-5.6247,0.0000,1.1741
none,0,scaling,4.0,1,241,-7.7011,0.0000,0.4031
none,0,scaling,4.0,1,242,-0.5287,0.0000,1.2493
none,0,scaling,4.0,1,243,-3.8563,0.0000,3.1539
none,0,scaling,4.0,1,244,-3.5721,0.0000,4.1936
none,0,scaling,4.0,1,245,-8.7364,0.0000,0.7215
none,0,scaling,4.0,1,246,-0.1635,0.0000,2.9841
none,0,scaling,4.0,1,247,-7.5826,0.0000,2.6877
none,0,scaling,4.0,1,248,-11.4420,0.0000,-0.1568
none,0,scaling,4.0,1,249,-3.4839,0.0000,1.7329
none,0,scaling,4.0,1,250,0.0290,0.0000,2.9466
none,0,scaling,4.0,1,251,-3.7355,0.0000,3.7479
none,0,scaling,4.0,1,252,-12.7646,0.0000,1.7204
none,0,scaling,4.0,1,253,-5.2932,0.0000,1.5331
none,0,scaling,4.0,1,254,-13.8209,0.0000,0.5325
none,0,scaling,4.0,1,255,-3.7503,0.0000,0.6291
none,0,scaling,4.0,1,256,-0.9029,0.0000,3.2106
none,0,scaling,4.0,1,257,-10.8658,0.0000,0.9612
none,0,scaling,4.0,1,258,-8.0040,0.0000,2.7856
none,0,scaling,4.0,1,259,-16.0052,0.0000,0.9450
none,0,scaling,4.0,1,260,-3.7740,0.0000,2.5024
none,0,scaling,4.0,1,261,-4.0818,0.0000,1.4189
none,0,scaling,4.0,1,262,-11.0604,0.0000,0.8208
none,0,scaling,4.0,1,263,-13.6344,0.0000,0.1340
none,0,scaling,4.0,1,264,-3.5610,0.0000,0.8124
none,0,scaling,4.0,1,265,-17.2003,0.0000,-0.1613
none,0,scaling,4.0,1,266,-12.7162,0.0000,0.8683
none,0,scaling,4.0,1,267,-3.3908,0.0000,2.7882
none,0,scaling,4.0,1,268,-10.5187,0.0000,-0.2692
none,0,scaling,4.0,1,269,-7.4773,0.0000,0.3914
none,0,scaling,4.0,1,270,-5.6852,0.0000,1.3489
none,0,scaling,4.0,1,271,-11.4052,0.0000,1.4156
none,0,scaling,4.0,1,272,0.2511,0.0000,3.5071
none,0,scaling,4.0,1,273,-2.4403,0.0000,5.1767
none,0,scaling,4.0,1,274,-11.2175,0.0000,1.0660
none,0,scaling,4.0,1,275,-6.1314,0.0000,1.0934
none,0,scaling,4.0,1,276,-5.6159,0.0000,4.9106
none,0,scaling,4.0,1,277,0.2642,0.0000,3.4405
none,0,scaling,4.0,1,278,-8.0360,0.0000,2.5311
none,0,scaling,4.0,1,279,-7.5887,0.0000,0.6111
none,0,scaling,4.0,1,280,-9.8750,0.0000,1.5558
none,0,scaling,4.0,1,281,-2.0360,0.0000,2.0066
none,0,scaling,4.0,1,282,-8.7188,0.0000,0.1392
none,0,scaling,4.0,1,283,-7.9850,0.0000,0.2056
none,0,scaling,4.0,1,284,-21.4296,0.0000,3.4493
none,0,scaling,4.0,1,285,-8.4264,0.0000,0.2038
none,0,scaling,4.0,1,286,-9.5746,0.0000,1.3011
none,0,scaling,4.0,1,287,-5.0140,0.0000,1.0076
none,0,scaling,4.0,1,288,-2.3403,0.0000,1.9811
none,0,scaling,4.0,1,289,-7.6245,0.0000,3.3882
none,0,scaling,4.0,1,290,-7.7373,0.0000,2.4571
none,0,scaling,4.0,1,291,-11.9045,0.0000,-0.5866
none,0,scaling,4.0,1,292,-14.5079,0.0000,-0.2000
none,0,scaling,4.0,1,293,-18.1703,0.0000,0.1053
none,0,scaling,4.0,1,294,-2.3210,0.0000,1.2700
none,0,scaling,4.0,1,295,-5.6015,0.0000,1.0449
none,0,scaling,4.0,1,296,-5.1999,0.0000,3.1280
none,0,scaling,4.0,1,297,0.7508,0.0000,3.8630
none,0,scaling,4.0,1,298,-2.2784,0.0000,4.4003
none,0,scaling,4.0,1,299,-6.0354,0.0000,1.6993
none,0,scaling,4.0,1,300,-9.2683,0.0000,1.5581
none,0,scaling,4.0,1,301,-9.3398,0.0000,1.0496
none,0,scaling,4.0,1,302,-9.0850,0.0000,3.7801
none,0,scaling,4.0,1,303,-3.1294,0.0000,3.1483
none,0,scaling,4.0,1,304,1.5887,0.0000,3.7555
none,0,scaling,4.0,1,305,-3.5870,0.0000,0.7844
none,0,scaling,4.0,1,306,-14.9404,0.0000,-0.5636
none,0,scaling,4.0,1,307,-8.4070,0.0000,-0.1557
none,0,scaling,4.0,1,308,-1.7229,0.0000,1.5401
none,0,scaling,4.0,1,309,-7.3206,0.0000,3.2350
none,0,scaling,4.0,1,310,-5.6348,0.0000,1.8414
none,0,scaling,4.0,1,311,-10.4346,0.0000,1.2186
none,0,scaling,4.0,1,312,-9.6738,0.0000,3.4161
none,0,scaling,4.0,1,313,-8.3376,0.0000,1.2624
none,0,scaling,4.0,1,314,-10.2693,0.0000,3.2038
none,0,scaling,4.0,1,315,-1.4640,0.0000,2.0196
none,0,scaling,4.0,1,316,-8.3985,0.0000,0.8637
none,0,scaling,4.0,1,317,-10.3208,0.0000,-0.5859
none,0,scaling,4.0,1,318,0.8186,0.0000,6.7173
none,0,scaling,4.0,1,319,-15.0737,0.0000,1.8790
none,0,scaling,4.0,1,320,-0.9850,0.0000,0.6737
none,0,scaling,4.0,1,321,-5.4160,0.0000,3.0226
none,0,scaling,4.0,1,322,-0.3201,0.0000,2.0885
none,0,scaling,4.0,1,323,-3.0983,0.0000,1.0981
none,0,scaling,4.0,1,324,-1.3790,0.0000,2.2951
none,0,scaling,4.0,1,325,-6.4199,0.0000,1.3185
none,0,scaling,4.0,1,326,-10.7654,0.0000,3.3158
none,0,scaling,4.0,1,327,-0.8239,0.0000,2.7358
none,0,scaling,4.0,1,328,-2.7166,0.0000,1.2722
none,0,scaling,4.0,1,329,-7.3608,0.0000,1.8322
none,0,scaling,4.0,1,330,-10.9781,0.0000,-0.0292
none,0,scaling,4.0,1,331,-0.9477,0.0000,5.7843
none,0,scaling,4.0,1,332,-6.1201,0.0000,2.6616
none,0,scaling,4.0,1,333,-13.4564,0.0000,0.4532
none,0,scaling,4.0,1,334,-4.2116,0.0000,3.3031
none,0,scaling,4.0,1,335,-1.8306,0.0000,4.8269
none,0,scaling,4.0,1,336,-8.6886,0.0000,1.8014
none,0,scaling,4.0,1,337,-9.5025,0.0000,-0.9762
none,0,scaling,4.0,1,338,-11.8640,0.0000,0.0178
none,0,scaling,4.0,1,339,-0.3192,0.0000,3.4941
none,0,scaling,4.0,1,340,-5.5892,0.0000,2.3083
none,0,scaling,4.0,1,341,0.8998,0.0000,1.8466
none,0,scaling,4.0,1,342,-6.5204,0.0000,0.9139
none,0,scaling,4.0,1,343,-9.8640,0.0000,1.6830
none,0,scaling,4.0,1,344,-5.5562,0.0000,2.5178
none,0,scaling,4.0,1,345,-2.2726,0.0000,2.2322
none,0,scaling,4.0,1,346,-0.7925,0.0000,4.0211
none,0,scaling,4.0,1,347,-18.7551,0.0000,-0.7319
none,0,scaling,4.0,1,348,-13.8724,0.0000,0.1265
none,0,scaling,4.0,1,349,-4.1495,0.0000,2.2806
none,0,scaling,4.0,1,350,3.3117,0.0000,2.8192
none,0,scaling,4.0,1,351,-10.2816,0.0000,0.8973
none,0,scaling,4.0,1,352,-6.3065,0.0000,0.5163
none,0,scaling,4.0,1,353,-5.8323,0.0000,1.5528
none,0,scaling,4.0,1,354,-8.5196,0.0000,3.2274
none,0,scaling,4.0,1,355,-2.8979,0.0000,4.0954
none,0,scaling,4.0,1,356,1.1205,0.0000,2.9364
none,0,scaling,4.0,1,357,-7.8209,0.0000,1.4322
none,0,scaling,4.0,1,358,-5.2307,0.0000,1.6731
none,0,scaling,4.0,1,359,-8.8606,0.0000,1.4924
none,0,scaling,4.0,1,360,-8.8294,0.0000,4.0940
none,0,scaling,4.0,1,361,-3.3814,0.0000,1.8967
none,0,scaling,4.0,1,362,-12.8316,0.0000,-1.2786
none,0,scaling,4.0,1,363,-5.8409,0.0000,2.9781
none,0,scaling,4.0,1,364,-0.1302,0.0000,4.3939
none,0,scaling,4.0,1,365,-11.1371,0.0000,0.1977
none,0,scaling,4.0,1,366,-7.6299,0.0000,1.9065
none,0,scaling,4.0,1,367,1.5702,0.0000,6.1378
none,0,scaling,4.0,1,368,-6.8792,0.0000,1.7320
none,0,scaling,4.0,1,369,-8.0377,0.0000,1.9167
none,0,scaling,4.0,1,370,-11.1246,0.0000,1.4618
none,0,scaling,4.0,1,371,-3.8789,0.0000,2.7092
none,0,scaling,4.0,1,372,-8.8431,0.0000,1.7164
none,0,scaling,4.0,1,373,-15.2907,0.0000,-0.6734
none,0,scaling,4.0,1,374,-2.1662,0.0000,2.0081
none,0,scaling,4.0,1,375,-13.7240,0.0000,1.4260
none,0,scaling,4.0,1,376,-17.6957,0.0000,-1.1012
none,0,scaling,4.0,1,377,-8.2870,0.0000,2.0539
none,0,scaling,4.0,1,378,-7.2817,0.0000,4.0387
none,0,scaling,4.0,1,379,-5.6018,0.0000,3.8926
none,0,scaling,4.0,1,380,-2.6276,0.0000,0.9734
none,0,scaling,4.0,1,381,-9.1380,0.0000,2.9323
none,0,scaling,4.0,1,382,-10.3086,0.0000,1.9793
none,0,scaling,4.0,1,383,-4.1684,0.0000,1.0550
none,0,scaling,4.0,1,384,-0.6857,0.0000,2.8862
none,0,scaling,4.0,1,385,-4.1067,0.0000,2.0226
none,0,scaling,4.0,1,386,-14.1523,0.0000,0.3011
none,0,scaling,4.0,1,387,-12.7902,0.0000,1.6350
none,0,scaling,4.0,1,388,-18.9533,0.0000,0.4595
none,0,scaling,4.0,1,389,-15.4218,0.0000,1.5857
none,0,scaling,4.0,1,390,-14.4328,0.0000,2.1171
none,0,scaling,4.0,1,391,-1.8050,0.0000,3.8600
none,0,scaling,4.0,1,392,-8.1564,0.0000,2.3329
none,0,scaling,4.0,1,393,-6.9228,0.0000,2.4830
none,0,scaling,4.0,1,394,-13.9255,0.0000,1.3760
none,0,scaling,4.0,1,395,-13.4023,0.0000,0.0943
none,0,scaling,4.0,1,396,-18.1871,0.0000,-0.2327
none,0,scaling,4.0,1,397,-1.6991,0.0000,3.0210
none,0,scaling,4.0,1,398,-5.8588,0.0000,1.9585
none,0,scaling,4.0,1,399,-5.7441,0.0000,2.0763
none,0,scaling,4.0,1,400,-9.5536,0.0000,-0.4383
none,0,scaling,4.0,1,401,-13.6158,0.0000,0.2869
none,0,scaling,4.0,1,402,-8.8859,0.0000,0.0458
none,0,scaling,4.0,1,403,-10.8758,0.0000,1.1366
none,0,scaling,4.0,1,404,-13.2050,0.0000,3.3682
none,0,scaling,4.0,1,405,-10.4425,0.0000,1.0074
none,0,scaling,4.0,1,406,-4.5382,0.0000,2.0682
none,0,scaling,4.0,1,407,-4.0655,0.0000,1.7331
none,0,scaling,4.0,1,408,-8.8731,0.0000,1.8397
none,0,scaling,4.0,1,409,-3.4421,0.0000,2.1145
none,0,scaling,4.0,1,410,-14.3709,0.0000,1.6965
none,0,scaling,4.0,1,411,-0.6708,0.0000,1.9649
none,0,scaling,4.0,1,412,-6.9162,0.0000,1.4523
none,0,scaling,4.0,1,413,-9.6324,0.0000,2.4309
none,0,scaling,4.0,1,414,-11.4822,0.0000,2.0432
none,0,scaling,4.0,1,415,-3.6557,0.0000,2.4559
none,0,scaling,4.0,1,416,-7.8560,0.0000,2.1932
none,0,scaling,4.0,1,417,-3.6287,0.0000,1.4659
none,0,scaling,4.0,1,418,-8.5664,0.0000,0.6241
none,0,scaling,4.0,1,419,-0.6212,0.0000,3.7331
none,0,scaling,4.0,1,420,-8.5952,0.0000,2.0982
none,0,scaling,4.0,1,421,-5.2680,0.0000,-0.2194
none,0,scaling,4.0,1,422,-7.8094,0.0000,2.2420
none,0,scaling,4.0,1,423,-5.8411,0.0000,3.4780
none,0,scaling,4.0,1,424,-5.3317,0.0000,0.8389
none,0,scaling,4.0,1,425,-10.9891,0.0000,0.4123
none,0,scaling,4.0,1,426,-8.0898,0.0000,1.4155
none,0,scaling,4.0,1,427,0.4602,0.0000,3.1886
none,0,scaling,4.0,1,428,-19.6921,0.0000,-0.7061
none,0,scaling,4.0,1,429,-11.2656,0.0000,2.1325
none,0,scaling,4.0,1,430,-1.1422,0.0000,2.1623
none,0,scaling,4.0,1,431,-12.3802,0.0000,0.5788
none,0,scaling,4.0,1,432,-9.6295,0.0000,0.1926
none,0,scaling,4.0,1,433,-8.9424,0.0000,1.8267
none,0,scaling,4.0,1,434,-6.2254,0.0000,3.4058
none,0,scaling,4.0,1,435,-3.9722,0.0000,2.8565
none,0,scaling,4.0,1,436,-7.6495,0.0000,0.6446
none,0,scaling,4.0,1,437,-7.9629,0.0000,3.1363
none,0,scaling,4.0,1,438,-4.3441,0.0000,3.6373
none,0,scaling,4.0,1,439,-17.4886,0.0000,2.6403
none,0,scaling,4.0,1,440,-11.7150,0.0000,-0.0317
none,0,scaling,4.0,1,441,-9.8293,0.0000,2.2551
none,0,scaling,4.0,1,442,-15.5384,0.0000,-0.8890
none,0,scaling,4.0,1,443,-10.1148,0.0000,1.4020
none,0,scaling,4.0,1,444,-5.7876,0.0000,2.5795
none,0,scaling,4.0,1,445,-3.3752,0.0000,1.3078
none,0,scaling,4.0,1,446,-8.7851,0.0000,0.7349
none,0,scaling,4.0,1,447,-0.4310,0.0000,1.7555
none,0,scaling,4.0,1,448,-16.1910,0.0000,0.5414
none,0,scaling,4.0,1,449,-10.5074,0.0000,2.0081
none,0,scaling,4.0,1,450,-11.5498,0.0000,1.0006
none,0,scaling,4.0,1,451,-7.9802,0.0000,3.1022
none,0,scaling,4.0,1,452,-10.1477,0.0000,0.6262
none,0,scaling,4.0,1,453,-10.0654,0.0000,2.3138
none,0,scaling,4.0,1,454,-0.1197,0.0000,3.9594
none,0,scaling,4.0,1,455,-12.4131,0.0000,-0.3105
none,0,scaling,4.0,1,456,-17.2861,0.0000,0.1482
none,0,scaling,4.0,1,457,-9.1898,0.0000,1.5550
none,0,scaling,4.0,1,458,-7.1009,0.0000,1.7952
none,0,scaling,4.0,1,459,-11.5242,0.0000,2.4897
none,0,scaling,4.0,1,460,-7.6803,0.0000,0.1714
none,0,scaling,4.0,1,461,-3.4471,0.0000,2.7382
none,0,scaling,4.0,1,462,-7.7761,0.0000,2.3545
none,0,scaling,4.0,1,463,1.1017,0.0000,3.1006
none,0,scaling,4.0,1,464,-7.4665,0.0000,-0.9540
none,0,scaling,4.0,1,465,-10.0103,0.0000,2.9064
none,0,scaling,4.0,1,466,-6.1948,0.0000,3.3800
none,0,scaling,4.0,1,467,-8.2256,0.0000,0.7110
none,0,scaling,4.0,1,468,-8.1764,0.0000,2.7300
none,0,scaling,4.0,1,469,-5.6609,0.0000,1.8062
none,0,scaling,4.0,1,470,-10.9730,0.0000,1.1726
none,0,scaling,4.0,1,471,-13.7529,0.0000,-0.8233
none,0,scaling,4.0,1,472,-5.9671,0.0000,1.9925
none,0,scaling,4.0,1,473,-6.1113,0.0000,1.2432
none,0,scaling,4.0,1,474,-12.5279,0.0000,-1.0562
none,0,scaling,4.0,1,475,-13.1590,0.0000,0.8194
none,0,scaling,4.0,1,476,-13.4946,0.0000,-0.2771
none,0,scaling,4.0,1,477,-4.2417,0.0000,2.1770
none,0,scaling,4.0,1,478,-3.3262,0.0000,1.6922
none,0,scaling,4.0,1,479,-3.0164,0.0000,1.3286
none,0,scaling,4.0,1,480,-11.8558,0.0000,0.5487
none,0,scaling,4.0,1,481,-7.2575,0.0000,0.4550
none,0,scaling,4.0,1,482,-12.1329,0.0000,-0.1721
none,0,scaling,4.0,1,483,-1.1076,0.0000,3.7573
none,0,scaling,4.0,1,484,-11.9189,0.0000,-0.3244
none,0,scaling,4.0,1,485,-5.3831,0.0000,1.1938
none,0,scaling,4.0,1,486,-13.8772,0.0000,0.5552
none,0,scaling,4.0,1,487,-6.0560,0.0000,0.7152
none,0,scaling,4.0,1,488,-4.4669,0.0000,2.1936
none,0,scaling,4.0,1,489,-0.2811,0.0000,4.1176
none,0,scaling,4.0,1,490,-16.8912,0.0000,1.6781
none,0,scaling,4.0,1,491,-9.9297,0.0000,0.5789
none,0,scaling,4.0,1,492,-14.6540,0.0000,0.8363
none,0,scaling,4.0,1,493,1.3851,0.0000,1.4226
none,0,scaling,4.0,1,494,-8.2467,0.0000,0.2202
none,0,scaling,4.0,1,495,-13.2155,0.0000,0.2475
none,0,scaling,4.0,1,496,-3.8416,0.0000,2.3145
none,0,scaling,4.0,1,497,-8.9621,0.0000,2.4984
none,0,scaling,4.0,1,498,0.0315,0.0000,2.0123
none,0,scaling,4.0,1,499,-10.8398,0.0000,1.4797
none,0,scaling,4.0,1,500,-5.3164,0.0000,2.1811
none,0,scaling,4.0,1,501,-9.4092,0.0000,0.9689
none,0,scaling,4.0,1,502,-1.3401,0.0000,2.9467
none,0,scaling,4.0,1,503,-7.7848,0.0000,0.7769
none,0,scaling,4.0,1,504,-9.2956,0.0000,0.5136
none,0,scaling,4.0,1,505,-5.3425,0.0000,5.4979
none,0,scaling,4.0,1,506,-4.2274,0.0000,0.8724
none,0,scaling,4.0,1,507,-9.7663,0.0000,1.6819
none,0,scaling,4.0,1,508,-24.3234,0.0000,-1.1368
none,0,scaling,4.0,1,509,-4.4503,0.0000,1.4637
none,0,scaling,4.0,1,510,-6.4125,0.0000,2.2457
none,0,scaling,4.0,1,511,-14.2114,0.0000,1.1501
none,0,scaling,4.0,1,512,-1.6945,0.0000,3.3849
none,0,scaling,4.0,1,513,-0.0448,0.0000,1.8677
none,0,scaling,4.0,1,514,-2.9600,0.0000,0.6706
none,0,scaling,4.0,1,515,-2.1545,0.0000,3.0742
none,0,scaling,4.0,1,516,-12.1613,0.0000,1.5931
none,0,scaling,4.0,1,517,-7.8589,0.0000,0.8361
none,0,scaling,4.0,1,518,-6.5949,0.0000,3.3108
none,0,scaling,4.0,1,519,-11.6675,0.0000,0.5571
none,0,scaling,4.0,1,520,-12.9794,0.0000,0.1040
none,0,scaling,4.0,1,521,-13.3500,0.0000,0.2762
none,0,scaling,4.0,1,522,-0.0306,0.0000,3.0109
none,0,scaling,4.0,1,523,-14.5477,0.0000,2.0404
none,0,scaling,4.0,1,524,-7.9300,0.0000,0.9701
none,0,scaling,4.0,1,525,-8.3290,0.0000,2.9085
none,0,scaling,4.0,1,526,-9.3819,0.0000,0.8016
none,0,scaling,4.0,1,527,-9.3138,0.0000,0.3907
none,0,scaling,4.0,1,528,-2.6030,0.0000,2.3979
none,0,scaling,4.0,1,529,-6.2140,0.0000,3.8967
none,0,scaling,4.0,1,530,-9.3468,0.0000,4.3759
none,0,scaling,4.0,1,531,-3.2050,0.0000,1.9210
none,0,scaling,4.0,1,532,-5.7001,0.0000,1.0864
none,0,scaling,4.0,1,533,-4.0532,0.0000,0.6956
none,0,scaling,4.0,1,534,-13.2135,0.0000,1.9901
none,0,scaling,4.0,1,535,-9.7715,0.0000,0.2172
none,0,scaling,4.0,1,536,-11.6226,0.0000,3.0626
none,0,scaling,4.0,1,537,-10.6500,0.0000,0.7193
none,0,scaling,4.0,1,538,-3.6866,0.0000,3.1251
none,0,scaling,4.0,1,539,-7.8308,0.0000,0.6744
none,0,scaling,4.0,1,540,-4.3818,0.0000,2.2236
none,0,scaling,4.0,1,541,-12.5166,0.0000,-0.4096
none,0,scaling,4.0,1,542,-3.7864,0.0000,3.4294
none,0,scaling,4.0,1,543,-9.8214,0.0000,1.4202
none,0,scaling,4.0,1,544,-12.0393,0.0000,0.7441
none,0,scaling,4.0,1,545,-7.7797,0.0000,0.8157
none,0,scaling,4.0,1,546,-7.5133,0.0000,1.9210
none,0,scaling,4.0,1,547,-2.9375,0.0000,4.9207
none,0,scaling,4.0,1,548,-4.9705,0.0000,0.8706
none,0,scaling,4.0,1,549,-1.8285,0.0000,1.9187
none,0,scaling,4.0,1,550,-2.4314,0.0000,2.4521
none,0,scaling,4.0,1,551,-4.7936,0.0000,1.4200
none,0,scaling,4.0,1,552,0.8704,0.0000,4.1458
none,0,scaling,4.0,1,553,-2.0099,0.0000,1.5710
none,0,scaling,4.0,1,554,-4.9624,0.0000,1.1703
none,0,scaling,4.0,1,555,-9.3743,0.0000,1.1959
none,0,scaling,4.0,1,556,-6.1058,0.0000,3.7047
none,0,scaling,4.0,1,557,-5.5087,0.0000,0.7895
none,0,scaling,4.0,1,558,-7.9356,0.0000,3.2967
none,0,scaling,4.0,1,559,-2.3781,0.0000,2.8469
none,0,scaling,4.0,1,560,-18.5103,0.0000,-0.7444
none,0,scaling,4.0,1,561,-9.9406,0.0000,2.6633
none,0,scaling,4.0,1,562,2.9958,0.0000,4.0556
none,0,scaling,4.0,1,563,-9.2140,0.0000,2.0052
none,0,scaling,4.0,1,564,-4.6234,0.0000,2.3201
none,0,scaling,4.0,1,565,-15.4762,0.0000,1.5866
none,0,scaling,4.0,1,566,-9.7163,0.0000,-0.1198
none,0,scaling,4.0,1,567,-4.5505,0.0000,2.0280
none,0,scaling,4.0,1,568,-3.4421,0.0000,4.4842
none,0,scaling,4.0,1,569,-5.4455,0.0000,1.1464
none,0,scaling,4.0,1,570,-13.6734,0.0000,1.4999
none,0,scaling,4.0,1,571,-8.5438,0.0000,2.7343
none,0,scaling,4.0,1,572,-7.7767,0.0000,2.4045
none,0,scaling,4.0,1,573,-3.7133,0.0000,1.6999
none,0,scaling,4.0,1,574,-12.9296,0.0000,1.1587
none,0,scaling,4.0,1,575,-7.4768,0.0000,0.6919
none,0,scaling,4.0,1,576,-3.5133,0.0000,0.3934
none,0,scaling,4.0,1,577,-8.3143,0.0000,1.5252
none,0,scaling,4.0,1,578,-6.5903,0.0000,3.6010
none,0,scaling,4.0,1,579,-9.0469,0.0000,3.6523
none,0,scaling,4.0,1,580,-8.2277,0.0000,0.9154
none,0,scaling,4.0,1,581,-26.3734,0.0000,-1.7642
none,0,scaling,4.0,1,582,-6.9357,0.0000,2.5598
none,0,scaling,4.0,1,583,-17.0278,0.0000,-0.3447
none,0,scaling,4.0,1,584,-4.7597,0.0000,2.9854
none,0,scaling,4.0,1,585,-1.9802,0.0000,1.6589
none,0,scaling,4.0,1,586,-9.3963,0.0000,4.0882
none,0,scaling,4.0,1,587,-3.5856,0.0000,1.9830
none,0,scaling,4.0,1,588,-14.2851,0.0000,1.8141
none,0,scaling,4.0,1,589,-7.1958,0.0000,0.3035
none,0,scaling,4.0,1,590,-14.6420,0.0000,0.3190
none,0,scaling,4.0,1,591,-10.8494,0.0000,1.4524
none,0,scaling,4.0,1,592,-5.3688,0.0000,2.4606
none,0,scaling,4.0,1,593,4.0374,0.0000,7.1349
none,0,scaling,4.0,1,594,-6.9800,0.0000,1.7559
none,0,scaling,4.0,1,595,-14.0939,0.0000,-0.0959
none,0,scaling,4.0,1,596,-9.0771,0.0000,4.5747
none,0,scaling,4.0,1,597,-14.7635,0.0000,-1.4696
none,0,scaling,4.0,1,598,-11.8428,0.0000,1.4482
none,0,scaling,4.0,1,599,-11.2535,0.0000,-0.1098
none,0,scaling,4.0,1,600,-7.1977,0.0000,0.3905
none,0,scaling,4.0,1,601,-12.3232,0.0000,0.2323
none,0,scaling,4.0,1,602,-7.8501,0.0000,6.5521
none,0,scaling,4.0,1,603,-8.5267,0.0000,0.3511
none,0,scaling,4.0,1,604,-13.9254,0.0000,0.0142
none,0,scaling,4.0,1,605,-8.2233,0.0000,1.9997
none,0,scaling,4.0,1,606,-11.1424,0.0000,-0.4628
none,0,scaling,4.0,1,607,-2.7359,0.0000,5.0213
none,0,scaling,4.0,1,608,-0.4517,0.0000,3.1718
none,0,scaling,4.0,1,609,-2.4328,0.0000,3.1244
none,0,scaling,4.0,1,610,-3.4666,0.0000,4.6347
none,0,scaling,4.0,1,611,-16.3447,0.0000,4.2114
none,0,scaling,4.0,1,612,-12.4926,0.0000,1.8834
none,0,scaling,4.0,1,613,-12.5696,0.0000,-0.1574
none,0,scaling,4.0,1,614,-14.5985,0.0000,2.0773
none,0,scaling,4.0,1,615,-7.3696,0.0000,2.6350
none,0,scaling,4.0,1,616,-5.3932,0.0000,3.0921
none,0,scaling,4.0,1,617,-8.9671,0.0000,1.6973
none,0,scaling,4.0,1,618,-0.0577,0.0000,4.0664
none,0,scaling,4.0,1,619,-13.7741,0.0000,-0.5340
none,0,scaling,4.0,1,620,-20.4176,0.0000,-0.4102
none,0,scaling,4.0,1,621,-12.8815,0.0000,-0.0223
none,0,scaling,4.0,1,622,-2.6352,0.0000,1.2270
none,0,scaling,4.0,1,623,-11.4772,0.0000,2.8720
none,0,scaling,4.0,1,624,-11.8358,0.0000,4.4976
none,0,scaling,4.0,1,625,-10.5763,0.0000,1.4146
none,0,scaling,4.0,1,626,-1.2332,0.0000,3.8626
none,0,scaling,4.0,1,627,-11.0435,0.0000,0.7751
none,0,scaling,4.0,1,628,-12.3066,0.0000,0.5375
none,0,scaling,4.0,1,629,-16.0247,0.0000,-1.4306
none,0,scaling,4.0,1,630,-11.1831,0.0000,1.1109
none,0,scaling,4.0,1,631,-3.5678,0.0000,1.4591
none,0,scaling,4.0,1,632,-3.4348,0.0000,4.4100
none,0,scaling,4.0,1,633,-15.1276,0.0000,-0.5001
none,0,scaling,4.0,1,634,-2.0815,0.0000,4.3382
none,0,scaling,4.0,1,635,-0.4486,0.0000,2.9945
none,0,scaling,4.0,1,636,-2.7108,0.0000,2.5342
none,0,scaling,4.0,1,637,-9.2224,0.0000,1.0275
none,0,scaling,4.0,1,638,-12.1322,0.0000,0.7677
none,0,scaling,4.0,1,639,-7.7862,0.0000,0.1774
none,0,scaling,4.0,1,640,-4.0717,0.0000,2.1049
none,0,scaling,4.0,1,641,-6.7606,0.0000,2.0504
none,0,scaling,4.0,1,642,1.1275,0.0000,5.4543
none,0,scaling,4.0,1,643,-5.5040,0.0000,4.3654
none,0,scaling,4.0,1,644,-9.3704,0.0000,3.2089
none,0,scaling,4.0,1,645,-5.0035,0.0000,3.1176
none,0,scaling,4.0,1,646,-1.4840,0.0000,3.3863
none,0,scaling,4.0,1,647,-12.3667,0.0000,0.6445
none,0,scaling,4.0,1,648,1.8023,0.0000,2.0501
none,0,scaling,4.0,1,649,-11.1478,0.0000,0.5167
none,0,scaling,4.0,1,650,-3.4473,0.0000,4.6081
none,0,scaling,4.0,1,651,-3.7867,0.0000,4.5028
none,0,scaling,4.0,1,652,-8.4722,0.0000,1.1207
none,0,scaling,4.0,1,653,-5.5318,0.0000,1.8787
none,0,scaling,4.0,1,654,-5.5181,0.0000,0.4813
none,0,scaling,4.0,1,655,-6.9637,0.0000,2.9094
none,0,scaling,4.0,1,656,-11.4818,0.0000,0.3176
none,0,scaling,4.0,1,657,-6.4905,0.0000,0.8753
none,0,scaling,4.0,1,658,-4.6859,0.0000,1.7568
none,0,scaling,4.0,1,659,-2.0730,0.0000,3.6819
none,0,scaling,4.0,1,660,-12.0037,0.0000,1.8211
none,0,scaling,4.0,1,661,-3.2791,0.0000,1.0991
none,0,scaling,4.0,1,662,-4.4440,0.0000,1.7213
none,0,scaling,4.0,1,663,-4.4713,0.0000,2.4343
none,0,scaling,4.0,1,664,-11.7114,0.0000,-0.1591
none,0,scaling,4.0,1,665,-7.9626,0.0000,1.8888
none,0,scaling,4.0,1,666,-8.3798,0.0000,0.7674
none,0,scaling,4.0,1,667,-11.2179,0.0000,-0.1622
none,0,scaling,4.0,1,668,-4.9406,0.0000,2.2504
none,0,scaling,4.0,1,669,-6.4466,0.0000,1.4511
none,0,scaling,4.0,1,670,3.5825,0.0000,5.3696
none,0,scaling,4.0,1,671,-4.4913,0.0000,7.6597
none,0,scaling,4.0,1,672,-4.7128,0.0000,2.4707
none,0,scaling,4.0,1,673,-5.5491,0.0000,2.7164
none,0,scaling,4.0,1,674,-6.0162,0.0000,1.9405
none,0,scaling,4.0,1,675,-9.0275,0.0000,1.4535
none,0,scaling,4.0,1,676,-6.5413,0.0000,0.6424
none,0,scaling,4.0,1,677,-15.9468,0.0000,2.5117
none,0,scaling,4.0,1,678,-1.3403,0.0000,1.4857
none,0,scaling,4.0,1,679,-8.4394,0.0000,1.2818
none,0,scaling,4.0,1,680,-10.2366,0.0000,1.9602
none,0,scaling,4.0,1,681,-1.9530,0.0000,2.4877
none,0,scaling,4.0,1,682,0.3510,0.0000,3.0716
none,0,scaling,4.0,1,683,-10.5509,0.0000,0.1645
none,0,scaling,4.0,1,684,-1.8745,0.0000,3.6158
none,0,scaling,4.0,1,685,-8.1531,0.0000,1.8059
none,0,scaling,4.0,1,686,-7.2484,0.0000,2.6983
none,0,scaling,4.0,1,687,-13.7298,0.0000,1.9452
none,0,scaling,4.0,1,688,-6.5747,0.0000,0.8802
none,0,scaling,4.0,1,689,-9.3050,0.0000,2.2955
none,0,scaling,4.0,1,690,-7.6655,0.0000,3.3534
none,0,scaling,4.0,1,691,-10.6819,0.0000,2.2915
none,0,scaling,4.0,1,692,-5.3473,0.0000,-0.5940
none,0,scaling,4.0,1,693,-6.1681,0.0000,1.7899
none,0,scaling,4.0,1,694,-6.6457,0.0000,1.1427
none,0,scaling,4.0,1,695,0.5407,0.0000,2.2635
none,0,scaling,4.0,1,696,-1.8992,0.0000,2.3156
none,0,scaling,4.0,1,697,-7.8562,0.0000,1.1019
none,0,scaling,4.0,1,698,-5.1869,0.0000,3.7570
none,0,scaling,4.0,1,699,-6.9654,0.0000,4.2987
none,0,scaling,4.0,1,700,-9.4772,0.0000,0.3421
none,0,scaling,4.0,1,701,-0.8606,0.0000,2.8696
none,0,scaling,4.0,1,702,-14.6270,0.0000,-1.2226
none,0,scaling,4.0,1,703,-7.6883,0.0000,1.6932
none,0,scaling,4.0,1,704,-9.1314,0.0000,2.6021
none,0,scaling,4.0,1,705,-13.7698,0.0000,0.7787
none,0,scaling,4.0,1,706,-15.1116,0.0000,0.8377
none,0,scaling,4.0,1,707,-9.1181,0.0000,1.9358
none,0,scaling,4.0,1,708,2.3729,0.0000,5.1006
none,0,scaling,4.0,1,709,-14.1123,0.0000,1.2934
none,0,scaling,4.0,1,710,-5.3548,0.0000,1.1328
none,0,scaling,4.0,1,711,4.7038,0.0000,5.9320
none,0,scaling,4.0,1,712,1.8604,0.0000,4.4835
none,0,scaling,4.0,1,713,-9.1260,0.0000,1.1515
none,0,scaling,4.0,1,714,-19.2059,0.0000,0.6528
none,0,scaling,4.0,1,715,-5.7688,0.0000,1.5124
none,0,scaling,4.0,1,716,-2.4107,0.0000,4.5151
none,0,scaling,4.0,1,717,-3.2632,0.0000,2.5376
none,0,scaling,4.0,1,718,-5.8133,0.0000,-0.2710
none,0,scaling,4.0,1,719,-9.8588,0.0000,1.5003
none,0,scaling,4.0,1,720,-8.9977,0.0000,1.4360
none,0,scaling,4.0,1,721,-1.4594,0.0000,2.7925
none,0,scaling,4.0,1,722,-1.4888,0.0000,4.2770
none,0,scaling,4.0,1,723,-6.5236,0.0000,1.3505
none,0,scaling,4.0,1,724,-7.9522,0.0000,1.6353
none,0,scaling,4.0,1,725,-11.2961,0.0000,0.4198
none,0,scaling,4.0,1,726,-11.3752,0.0000,-0.9052
none,0,scaling,4.0,1,727,-5.2639,0.0000,2.1527
none,0,scaling,4.0,1,728,-6.7140,0.0000,1.0166
none,0,scaling,4.0,1,729,-1.6968,0.0000,3.0539
none,0,scaling,4.0,1,730,-8.1095,0.0000,1.5657
none,0,scaling,4.0,1,731,-7.5494,0.0000,1.5980
none,0,scaling,4.0,1,732,-4.5073,0.0000,2.9924
none,0,scaling,4.0,1,733,-5.1434,0.0000,2.8258
none,0,scaling,4.0,1,734,-11.0628,0.0000,0.7351
none,0,scaling,4.0,1,735,-14.7215,0.0000,3.7175
none,0,scaling,4.0,1,736,-3.7605,0.0000,2.5117
none,0,scaling,4.0,1,737,-3.2665,0.0000,1.3412
none,0,scaling,4.0,1,738,-10.2559,0.0000,-0.0578
none,0,scaling,4.0,1,739,-5.6268,0.0000,2.3046
none,0,scaling,4.0,1,740,-11.2369,0.0000,3.0963
none,0,scaling,4.0,1,741,-5.3737,0.0000,1.3786
none,0,scaling,4.0,1,742,-4.6917,0.0000,1.7152
none,0,scaling,4.0,1,743,-9.5400,0.0000,4.1217
none,0,scaling,4.0,1,744,-19.1739,0.0000,-0.4536
none,0,scaling,4.0,1,745,-6.7780,0.0000,1.8722
none,0,scaling,4.0,1,746,-14.5756,0.0000,-0.8451
none,0,scaling,4.0,1,747,-5.0605,0.0000,1.7320
none,0,scaling,4.0,1,748,-2.2830,0.0000,1.5110
none,0,scaling,4.0,1,749,-4.1531,0.0000,3.4723
none,0,scaling,4.0,1,750,-9.0321,0.0000,0.8329
none,0,scaling,4.0,1,751,-9.1697,0.0000,2.2392
none,0,scaling,4.0,1,752,-9.7551,0.0000,0.6372
none,0,scaling,4.0,1,753,-6.4753,0.0000,2.2533
none,0,scaling,4.0,1,754,-5.2690,0.0000,3.6397
none,0,scaling,4.0,1,755,-15.0310,0.0000,0.0084
none,0,scaling,4.0,1,756,0.7071,0.0000,5.0156
none,0,scaling,4.0,1,757,-7.3874,0.0000,1.6119
none,0,scaling,4.0,1,758,-2.1971,0.0000,3.6076
none,0,scaling,4.0,1,759,-6.2818,0.0000,0.2006
none,0,scaling,4.0,1,760,-6.9601,0.0000,2.4907
none,0,scaling,4.0,1,761,-7.2752,0.0000,2.1108
none,0,scaling,4.0,1,762,-9.6885,0.0000,1.0415
none,0,scaling,4.0,1,763,-6.9793,0.0000,0.0258
none,0,scaling,4.0,1,764,-1.7984,0.0000,1.9963
none,0,scaling,4.0,1,765,-8.6942,0.0000,1.7757
none,0,scaling,4.0,1,766,-4.8333,0.0000,2.6142
none,0,scaling,4.0,1,767,-19.8608,0.0000,-1.4429
none,0,scaling,4.0,1,768,0.2043,0.0000,4.0951
none,0,scaling,4.0,1,769,-14.4587,0.0000,1.7601
none,0,scaling,4.0,1,770,-12.4871,0.0000,0.6433
none,0,scaling,4.0,1,771,-13.1656,0.0000,2.6307
none,0,scaling,4.0,1,772,-11.4911,0.0000,1.3498
none,0,scaling,4.0,1,773,-9.0197,0.0000,1.4991
none,0,scaling,4.0,1,774,0.7261,0.0000,3.7809
none,0,scaling,4.0,1,775,-12.5489,0.0000,1.1574
none,0,scaling,4.0,1,776,-6.9403,0.0000,2.3659
none,0,scaling,4.0,1,777,4.9878,0.0000,6.6577
none,0,scaling,4.0,1,778,-6.7662,0.0000,1.9812
none,0,scaling,4.0,1,779,-11.4566,0.0000,1.3538
none,0,scaling,4.0,1,780,-7.5672,0.0000,2.7223
none,0,scaling,4.0,1,781,-8.6463,0.0000,1.8123
none,0,scaling,4.0,1,782,-5.3292,0.0000,2.6002
none,0,scaling,4.0,1,783,-5.3077,0.0000,2.6529
none,0,scaling,4.0,1,784,-2.8718,0.0000,3.3407
none,0,scaling,4.0,1,785,-5.2878,0.0000,2.2903
none,0,scaling,4.0,1,786,0.7457,0.0000,4.4046
none,0,scaling,4.0,1,787,-3.1604,0.0000,1.0699
none,0,scaling,4.0,1,788,-5.6479,0.0000,0.2093
none,0,scaling,4.0,1,789,-8.6860,0.0000,2.2314
none,0,scaling,4.0,1,790,-3.1224,0.0000,2.8233
none,0,scaling,4.0,1,791,-6.4588,0.0000,2.0281
none,0,scaling,4.0,1,792,-9.7886,0.0000,0.4469
none,0,scaling,4.0,1,793,0.8430,0.0000,4.4718
none,0,scaling,4.0,1,794,3.9164,0.0000,5.0200
none,0,scaling,4.0,1,795,-7.5458,0.0000,3.6507
none,0,scaling,4.0,1,796,-4.2680,0.0000,2.9840
none,0,scaling,4.0,1,797,-7.4027,0.0000,0.8298
none,0,scaling,4.0,1,798,-4.6607,0.0000,3.9934
none,0,scaling,4.0,1,799,-5.1291,0.0000,0.2985
none,0,scaling,4.0,1,800,-6.8255,0.0000,2.3200
none,0,scaling,4.0,1,801,-0.9649,0.0000,2.3935
none,0,scaling,4.0,1,802,-3.7475,0.0000,1.8511
none,0,scaling,4.0,1,803,-8.8121,0.0000,-0.5082
none,0,scaling,4.0,1,804,-1.4061,0.0000,2.4369
none,0,scaling,4.0,1,805,1.0999,0.0000,4.6030
none,0,scaling,4.0,1,806,-9.1519,0.0000,0.7444
none,0,scaling,4.0,1,807,-3.4047,0.0000,1.2679
none,0,scaling,4.0,1,808,-12.6237,0.0000,0.4181
none,0,scaling,4.0,1,809,-10.2154,0.0000,3.9473
none,0,scaling,4.0,1,810,-12.0716,0.0000,2.7595
none,0,scaling,4.0,1,811,-4.3300,0.0000,4.4390
none,0,scaling,4.0,1,812,-6.3339,0.0000,1.1724
none,0,scaling,4.0,1,813,-4.0321,0.0000,2.3437
none,0,scaling,4.0,1,814,-5.2844,0.0000,1.2272
none,0,scaling,4.0,1,815,-5.6240,0.0000,1.3820
none,0,scaling,4.0,1,816,-5.9602,0.0000,1.5505
none,0,scaling,4.0,1,817,-7.8144,0.0000,7.4885
none,0,scaling,4.0,1,818,-6.6067,0.0000,1.1780
none,0,scaling,4.0,1,819,-7.3127,0.0000,0.2445
none,0,scaling,4.0,1,820,-3.8885,0.0000,4.1595
none,0,scaling,4.0,1,821,-11.6632,0.0000,0.7029
none,0,scaling,4.0,1,822,-5.0874,0.0000,2.7766
none,0,scaling,4.0,1,823,-7.1922,0.0000,0.5254
none,0,scaling,4.0,1,824,-2.3948,0.0000,2.6859
none,0,scaling,4.0,1,825,0.1112,0.0000,2.4418
none,0,scaling,4.0,1,826,1.7838,0.0000,4.6377
none,0,scaling,4.0,1,827,-13.7147,0.0000,-0.6544
none,0,scaling,4.0,1,828,-12.4545,0.0000,-0.0430
none,0,scaling,4.0,1,829,-4.8973,0.0000,1.3507
none,0,scaling,4.0,1,830,-6.8228,0.0000,2.1813
none,0,scaling,4.0,1,831,-13.7074,0.0000,1.2888
none,0,scaling,4.0,1,832,-7.3443,0.0000,1.5866
none,0,scaling,4.0,1,833,-15.6565,0.0000,0.6474
none,0,scaling,4.0,1,834,-2.4112,0.0000,1.9143
none,0,scaling,4.0,1,835,-11.0485,0.0000,0.2729
none,0,scaling,4.0,1,836,-7.0291,0.0000,1.7158
none,0,scaling,4.0,1,837,-8.1836,0.0000,3.5589
none,0,scaling,4.0,1,838,-5.3811,0.0000,1.4611
none,0,scaling,4.0,1,839,-4.9850,0.0000,0.2887
none,0,scaling,4.0,1,840,-5.4467,0.0000,1.2768
none,0,scaling,4.0,1,841,-4.9854,0.0000,3.6733
none,0,scaling,4.0,1,842,-7.5379,0.0000,2.1721
none,0,scaling,4.0,1,843,-10.2696,0.0000,4.6902
none,0,scaling,4.0,1,844,-1.2503,0.0000,2.2283
none,0,scaling,4.0,1,845,-9.5620,0.0000,1.8179
none,0,scaling,4.0,1,846,-13.7977,0.0000,1.7775
none,0,scaling,4.0,1,847,-18.4942,0.0000,-1.3269
none,0,scaling,4.0,1,848,0.7859,0.0000,3.9594
none,0,scaling,4.0,1,849,-10.5253,0.0000,2.1852
none,0,scaling,4.0,1,850,-0.7014,0.0000,2.8242
none,0,scaling,4.0,1,851,-0.7524,0.0000,3.7410
none,0,scaling,4.0,1,852,-7.3861,0.0000,0.4939
none,0,scaling,4.0,1,853,-8.1215,0.0000,2.3946
none,0,scaling,4.0,1,854,-8.3759,0.0000,2.3763
none,0,scaling,4.0,1,855,-12.2983,0.0000,1.0605
none,0,scaling,4.0,1,856,2.3203,0.0000,6.0916
none,0,scaling,4.0,1,857,-4.1547,0.0000,2.3910
none,0,scaling,4.0,1,858,-9.1183,0.0000,0.2158
none,0,scaling,4.0,1,859,-7.4773,0.0000,1.3081
none,0,scaling,4.0,1,860,-4.8403,0.0000,1.6585
none,0,scaling,4.0,1,861,-14.0890,0.0000,0.6246
none,0,scaling,4.0,1,862,-10.9711,0.0000,1.1788
none,0,scaling,4.0,1,863,-10.4243,0.0000,1.6076
none,0,scaling,4.0,1,864,-6.8908,0.0000,1.0030
none,0,scaling,4.0,1,865,-14.5309,0.0000,-0.8670
none,0,scaling,4.0,1,866,-12.2354,0.0000,1.6240
none,0,scaling,4.0,1,867,-5.8653,0.0000,0.4479
none,0,scaling,4.0,1,868,-12.2716,0.0000,0.1227
none,0,scaling,4.0,1,869,-8.4533,0.0000,3.7488
none,0,scaling,4.0,1,870,-5.3157,0.0000,0.9223
none,0,scaling,4.0,1,871,-6.7938,0.0000,2.2869
none,0,scaling,4.0,1,872,-6.2939,0.0000,1.3094
none,0,scaling,4.0,1,873,-3.8706,0.0000,1.5384
none,0,scaling,4.0,1,874,-8.1407,0.0000,4.0780
none,0,scaling,4.0,1,875,-7.3178,0.0000,-0.7859
none,0,scaling,4.0,1,876,-2.3794,0.0000,2.7015
none,0,scaling,4.0,1,877,-18.5929,0.0000,-0.8617
none,0,scaling,4.0,1,878,-4.7260,0.0000,1.2522
none,0,scaling,4.0,1,879,-0.6563,0.0000,3.1483
none,0,scaling,4.0,1,880,-6.1654,0.0000,1.6818
none,0,scaling,4.0,1,881,-13.7314,0.0000,-0.6844
none,0,scaling,4.0,1,882,-7.5812,0.0000,1.1451
none,0,scaling,4.0,1,883,-7.9479,0.0000,0.4555
none,0,scaling,4.0,1,884,-3.1594,0.0000,2.5291
none,0,scaling,4.0,1,885,-7.5022,0.0000,1.3946
none,0,scaling,4.0,1,886,-3.1890,0.0000,1.8619
none,0,scaling,4.0,1,887,-3.8060,0.0000,1.9166
none,0,scaling,4.0,1,888,-8.4889,0.0000,1.6125
none,0,scaling,4.0,1,889,-15.9484,0.0000,1.5549
none,0,scaling,4.0,1,890,-5.5985,0.0000,4.1048
none,0,scaling,4.0,1,891,-7.2204,0.0000,2.2182
none,0,scaling,4.0,1,892,-7.6768,0.0000,2.3707
none,0,scaling,4.0,1,893,-0.6625,0.0000,1.7827
none,0,scaling,4.0,1,894,-3.8415,0.0000,2.4712
none,0,scaling,4.0,1,895,-8.0610,0.0000,1.1979
none,0,scaling,4.0,1,896,-8.2219,0.0000,1.9046
none,0,scaling,4.0,1,897,-12.2318,0.0000,1.3596
none,0,scaling,4.0,1,898,-9.7655,0.0000,2.9204
none,0,scaling,4.0,1,899,-11.3583,0.0000,0.6513
none,0,scaling,4.0,1,900,3.6240,0.0000,4.4073
none,0,scaling,4.0,1,901,-13.4602,0.0000,0.3623
none,0,scaling,4.0,1,902,-3.5800,0.0000,0.9030
none,0,scaling,4.0,1,903,-9.4003,0.0000,1.4741
none,0,scaling,4.0,1,904,-1.9169,0.0000,6.3845
none,0,scaling,4.0,1,905,-4.9287,0.0000,2.4061
none,0,scaling,4.0,1,906,-3.6509,0.0000,2.3704
none,0,scaling,4.0,1,907,-14.8999,0.0000,-0.2018
none,0,scaling,4.0,1,908,-14.4533,0.0000,0.8781
none,0,scaling,4.0,1,909,-0.3912,0.0000,3.0719
none,0,scaling,4.0,1,910,-9.2974,0.0000,0.9994
none,0,scaling,4.0,1,911,-7.3309,0.0000,1.3034
none,0,scaling,4.0,1,912,-10.8396,0.0000,1.3138
none,0,scaling,4.0,1,913,-2.3445,0.0000,1.6479
none,0,scaling,4.0,1,914,1.3268,0.0000,3.7655
none,0,scaling,4.0,1,915,-10.1672,0.0000,1.5386
none,0,scaling,4.0,1,916,-2.4944,0.0000,3.0198
none,0,scaling,4.0,1,917,-5.4045,0.0000,2.4115
none,0,scaling,4.0,1,918,-10.7056,0.0000,0.5572
none,0,scaling,4.0,1,919,-7.2922,0.0000,2.8604
none,0,scaling,4.0,1,920,-12.6060,0.0000,2.2409
none,0,scaling,4.0,1,921,-1.6747,0.0000,2.8455
none,0,scaling,4.0,1,922,-8.1492,0.0000,2.4579
none,0,scaling,4.0,1,923,-5.0303,0.0000,1.6549
none,0,scaling,4.0,1,924,-8.5568,0.0000,0.9738
none,0,scaling,4.0,1,925,-13.5678,0.0000,1.0430
none,0,scaling,4.0,1,926,-10.0069,0.0000,0.6729
none,0,scaling,4.0,1,927,-6.8541,0.0000,3.1948
none,0,scaling,4.0,1,928,-9.7385,0.0000,0.6247
none,0,scaling,4.0,1,929,-15.9061,0.0000,-0.4248
none,0,scaling,4.0,1,930,-2.7459,0.0000,1.9388
none,0,scaling,4.0,1,931,-2.4768,0.0000,1.8552
none,0,scaling,4.0,1,932,-6.0780,0.0000,2.2157
none,0,scaling,4.0,1,933,-3.6239,0.0000,1.4900
none,0,scaling,4.0,1,934,-4.4425,0.0000,2.1849
none,0,scaling,4.0,1,935,-12.5530,0.0000,0.3441
none,0,scaling,4.0,1,936,-5.9909,0.0000,0.4555
none,0,scaling,4.0,1,937,-13.8631,0.0000,1.0458
none,0,scaling,4.0,1,938,-14.0633,0.0000,2.2863
none,0,scaling,4.0,1,939,-7.3991,0.0000,2.9057
none,0,scaling,4.0,1,940,-1.7183,0.0000,3.8585
none,0,scaling,4.0,1,941,-12.3831,0.0000,0.1245
none,0,scaling,4.0,1,942,-5.9027,0.0000,5.2803
none,0,scaling,4.0,1,943,-8.9240,0.0000,3.5256
none,0,scaling,4.0,1,944,0.4040,0.0000,1.7940
none,0,scaling,4.0,1,945,-6.4109,0.0000,1.9913
none,0,scaling,4.0,1,946,-3.9867,0.0000,2.0790
none,0,scaling,4.0,1,947,-8.1384,0.0000,2.1704
none,0,scaling,4.0,1,948,-3.5049,0.0000,0.7966
none,0,scaling,4.0,1,949,-5.5576,0.0000,2.7860
none,0,scaling,4.0,1,950,-9.8849,0.0000,-0.0475
none,0,scaling,4.0,1,951,-12.9520,0.0000,2.5131
none,0,scaling,4.0,1,952,-11.6677,0.0000,1.7709
none,0,scaling,4.0,1,953,-0.9562,0.0000,2.8445
none,0,scaling,4.0,1,954,-9.2219,0.0000,1.8073
none,0,scaling,4.0,1,955,-7.8793,0.0000,3.4192
none,0,scaling,4.0,1,956,-6.2933,0.0000,1.0333
none,0,scaling,4.0,1,957,-6.0520,0.0000,1.1431
none,0,scaling,4.0,1,958,1.7808,0.0000,3.3926
none,0,scaling,4.0,1,959,-11.5838,0.0000,-0.4716
none,0,scaling,4.0,1,960,-9.4358,0.0000,4.9024
none,0,scaling,4.0,1,961,-8.0988,0.0000,0.3024
none,0,scaling,4.0,1,962,-4.0143,0.0000,3.0065
none,0,scaling,4.0,1,963,0.0702,0.0000,2.9994
none,0,scaling,4.0,1,964,-5.8200,0.0000,1.4516
none,0,scaling,4.0,1,965,0.3780,0.0000,2.7254
none,0,scaling,4.0,1,966,0.5598,0.0000,2.1931
none,0,scaling,4.0,1,967,-5.5668,0.0000,2.6020
none,0,scaling,4.0,1,968,-6.7627,0.0000,0.9521
none,0,scaling,4.0,1,969,-3.6046,0.0000,1.9945
none,0,scaling,4.0,1,970,-13.1506,0.0000,0.4400
none,0,scaling,4.0,1,971,-9.0763,0.0000,3.3508
none,0,scaling,4.0,1,972,-8.1497,0.0000,2.3186
none,0,scaling,4.0,1,973,-7.3644,0.0000,2.4147
none,0,scaling,4.0,1,974,-5.2327,0.0000,1.8259
none,0,scaling,4.0,1,975,-10.8349,0.0000,0.7661
none,0,scaling,4.0,1,976,3.2335,0.0000,3.3953
none,0,scaling,4.0,1,977,-11.4676,0.0000,0.5969
none,0,scaling,4.0,1,978,-3.2976,0.0000,0.5263
none,0,scaling,4.0,1,979,-7.5450,0.0000,3.6270
none,0,scaling,4.0,1,980,-10.4527,0.0000,2.0539
none,0,scaling,4.0,1,981,-6.6021,0.0000,0.6512
none,0,scaling,4.0,1,982,-5.3307,0.0000,1.9759
none,0,scaling,4.0,1,983,-9.1064,0.0000,1.7342
none,0,scaling,4.0,1,984,-6.9144,0.0000,2.5914
none,0,scaling,4.0,1,985,-13.7211,0.0000,0.1213
none,0,scaling,4.0,1,986,3.5234,0.0000,3.7390
none,0,scaling,4.0,1,987,-13.8720,0.0000,1.6976
none,0,scaling,4.0,1,988,-6.5498,0.0000,1.6967
none,0,scaling,4.0,1,989,-7.3444,0.0000,2.9017
none,0,scaling,4.0,1,990,-6.3022,0.0000,4.4970
none,0,scaling,4.0,1,991,-9.8514,0.0000,1.3960
none,0,scaling,4.0,1,992,-5.6549,0.0000,2.2418
none,0,scaling,4.0,1,993,-11.2610,0.0000,0.0029
none,0,scaling,4.0,1,994,-8.4121,0.0000,1.2952
none,0,scaling,4.0,1,995,-5.0988,0.0000,2.1855
none,0,scaling,4.0,1,996,-5.0575,0.0000,0.1549
none,0,scaling,4.0,1,997,-1.3536,0.0000,2.3622
none,0,scaling,4.0,1,998,-7.1077,0.0000,-0.7499
none,0,scaling,4.0,1,999,-7.8402,0.0000,0.3722
none,0,scaling,4.0,1,1000,-7.7807,0.0000,2.1950
momentum,16,scaling,4.0,1,1,-10.9049,-13.8741,2.6077
momentum,16,scaling,4.0,1,2,2.5638,-1.4393,5.8482
momentum,16,scaling,4.0,1,3,-11.7563,0.6204,-0.9482
momentum,16,scaling,4.0,1,4,-7.4910,-5.5227,2.9695
momentum,16,scaling,4.0,1,5,-12.6907,-18.2450,1.2708
momentum,16,scaling,4.0,1,6,-2.5144,-0.5835,0.8636
momentum,16,scaling,4.0,1,7,1.8662,-5.6545,4.5929
momentum,16,scaling,4.0,1,8,-9.4521,-20.8968,2.7534
momentum,16,scaling,4.0,1,9,-7.2696,-10.1349,2.6898
momentum,16,scaling,4.0,1,10,-5.3572,-24.8166,4.6519
momentum,16,scaling,4.0,1,11,-8.1086,-23.4243,3.2017
momentum,16,scaling,4.0,1,12,3.7536,-6.1046,4.0325
momentum,16,scaling,4.0,1,13,-0.3800,10.3272,2.6132
momentum,16,scaling,4.0,1,14,-14.5833,-18.1890,1.8273
momentum,16,scaling,4.0,1,15,-9.0965,-23.3581,3.0295
momentum,16,scaling,4.0,1,16,-1.7277,9.7401,2.0921
momentum,16,scaling,4.0,1,17,-8.6694,-17.1783,0.5931
momentum,16,scaling,4.0,1,18,-5.3151,-3.3507,-0.6720
momentum,16,scaling,4.0,1,19,-9.0455,-17.2041,2.0928
momentum,16,scaling,4.0,1,20,-8.7135,-4.4026,0.9187
momentum,16,scaling,4.0,1,21,-5.5663,-25.7731,4.0834
momentum,16,scaling,4.0,1,22,-13.4594,-19.5239,0.8833
momentum,16,scaling,4.0,1,23,-7.9374,-4.1488,2.7735
momentum,16,scaling,4.0,1,24,-9.2854,-16.9268,2.8029
momentum,16,scaling,4.0,1,25,-5.5979,-17.8165,2.9459
momentum,16,scaling,4.0,1,26,-0.6714,-17.9476,3.6100
momentum,16,scaling,4.0,1,27,-6.1361,-15.2083,2.8667
momentum,16,scaling,4.0,1,28,-0.6465,-1.1246,3.9910
momentum,16,scaling,4.0,1,29,-6.8249,-17.3597,1.0365
momentum,16,scaling,4.0,1,30,-2.1257,-10.2693,4.8000
momentum,16,scaling,4.0,1,31,-13.2858,-8.5647,1.9427
momentum,16,scaling,4.0,1,32,-15.1819,-14.0357,0.3875
momentum,16,scaling,4.0,1,33,2.0290,26.9054,2.9540
momentum,16,scaling,4.0,1,34,-6.1218,-20.5520,2.1525
momentum,16,scaling,4.0,1,35,-4.7768,-26.0752,3.5054
momentum,16,scaling,4.0,1,36,-8.1876,-23.4635,2.6012
momentum,16,scaling,4.0,1,37,-5.9002,-10.5798,5.3412
momentum,16,scaling,4.0,1,38,-0.6849,-13.6801,4.8382
momentum,16,scaling,4.0,1,39,0.3957,-0.5650,3.3070
momentum,16,scaling,4.0,1,40,-12.6531,-11.0374,1.7886
momentum,16,scaling,4.0,1,41,-2.1887,-7.2745,3.3206
momentum,16,scaling,4.0,1,42,-14.2929,-3.2417,2.0026
momentum,16,scaling,4.0,1,43,-1.7905,-3.5320,3.9057
momentum,16,scaling,4.0,1,44,1.4080,-10.3956,2.6742
momentum,16,scaling,4.0,1,45,-7.1112,-9.6081,0.7900
momentum,16,scaling,4.0,1,46,-8.7627,-19.0732,1.1463
momentum,16,scaling,4.0,1,47,-8.9822,-15.7309,1.6228
momentum,16,scaling,4.0,1,48,-2.0001,-18.0564,4.2961
momentum,16,scaling,4.0,1,49,-1.7641,-13.4027,4.5778
momentum,16,scaling,4.0,1,50,-5.1263,-0.8410,1.3891
momentum,16,scaling,4.0,1,51,-0.4133,-8.4353,1.5271
momentum,16,scaling,4.0,1,52,-0.6882,-14.3848,4.9181
momentum,16,scaling,4.0,1,53,-4.4533,-18.0909,2.6394
momentum,16,scaling,4.0,1,54,-7.4698,-11.6617,2.1135
momentum,16,scaling,4.0,1,55,-2.6175,-15.3732,3.5581
momentum,16,scaling,4.0,1,56,-2.6410,-5.1902,4.7350
momentum,16,scaling,4.0,1,57,-0.8081,-10.8615,4.7624
momentum,16,scaling,4.0,1,58,-10.0624,-20.7660,4.3330
momentum,16,scaling,4.0,1,59,-2.6927,-27.0453,3.6975
momentum,16,scaling,4.0,1,60,-6.6204,-6.6231,3.6658
momentum,16,scaling,4.0,1,61,-2.2747,-14.6551,5.0003
momentum,16,scaling,4.0,1,62,-6.7191,-14.8169,2.8314
momentum,16,scaling,4.0,1,63,-3.0724,-21.3733,3.8228
momentum,16,scaling,4.0,1,64,-7.4153,-7.5501,0.8370
momentum,16,scaling,4.0,1,65,-1.0251,-3.8650,4.2137
momentum,16,scaling,4.0,1,66,-4.0101,-17.8867,1.4258
momentum,16,scaling,4.0,1,67,-11.7615,-13.5851,0.7608
momentum,16,scaling,4.0,1,68,-10.4874,-28.1493,3.3153
momentum,16,scaling,4.0,1,69,-4.1921,-4.3979,3.5672
momentum,16,scaling,4.0,1,70,4.5084,-3.5120,2.8248
momentum,16,scaling,4.0,1,71,-1.1748,-15.7453,6.4768
momentum,16,scaling,4.0,1,72,-7.4187,-6.8664,3.4940
momentum,16,scaling,4.0,1,73,-9.2233,0.0856,0.8556
momentum,16,scaling,4.0,1,74,-15.0445,-19.2467,1.7540
momentum,16,scaling,4.0,1,75,-1.2294,-16.0288,3.1517
momentum,16,scaling,4.0,1,76,-9.0196,-16.5244,2.4133
momentum,16,scaling,4.0,1,77,-3.9645,-7.2921,4.9387
momentum,16,scaling,4.0,1,78,-2.3769,-2.3635,2.0505
momentum,16,scaling,4.0,1,79,-14.3702,-6.8500,0.1933
momentum,16,scaling,4.0,1,80,-8.0278,-14.1374,0.8191
momentum,16,scaling,4.0,1,81,-8.9283,-11.7009,1.9645
momentum,16,scaling,4.0,1,82,-2.2002,1.0472,5.2976
momentum,16,scaling,4.0,1,83,-4.4165,-1.1932,3.0621
momentum,16,scaling,4.0,1,84,0.1068,-14.5077,4.0543
momentum,16,scaling,4.0,1,85,-1.1720,-16.3999,3.9836
momentum,16,scaling,4.0,1,86,-5.4203,-9.5892,3.5357
momentum,16,scaling,4.0,1,87,-13.3380,-24.8324,2.6522
momentum,16,scaling,4.0,1,88,-7.4908,-17.7132,2.6210
momentum,16,scaling,4.0,1,89,-0.6366,-14.7442,4.2514
momentum,16,scaling,4.0,1,90,-4.3183,-15.5438,2.9602
momentum,16,scaling,4.0,1,91,-3.4683,-0.9685,2.3261
momentum,16,scaling,4.0,1,92,-9.8061,-15.5202,1.2566
momentum,16,scaling,4.0,1,93,-5.9379,-15.8092,5.8591
momentum,16,scaling,4.0,1,94,-11.8138,-10.0993,0.9455
momentum,16,scaling,4.0,1,95,-3.0943,-10.4715,0.8809
momentum,16,scaling,4.0,1,96,-6.0297,-22.9615,1.4056
momentum,16,scaling,4.0,1,97,-18.8462,-12.8263,-0.3745
momentum,16,scaling,4.0,1,98,-14.9444,-15.8350,0.8062
momentum,16,scaling,4.0,1,99,-0.5173,1.0978,4.0796
momentum,16,scaling,4.0,1,100,2.2147,-8.9171,2.8626
momentum,16,scaling,4.0,1,101,-4.0251,-10.6927,3.3617
momentum,16,scaling,4.0,1,102,-5.6736,-10.2023,2.8973
momentum,16,scaling,4.0,1,103,-11.0848,2.2710,1.5505
momentum,16,scaling,4.0,1,104,-6.7352,-14.6510,2.2162
momentum,16,scaling,4.0,1,105,-1.9986,-12.1977,3.4630
momentum,16,scaling,4.0,1,106,-7.0425,0.2369,2.0700
momentum,16,scaling,4.0,1,107,-8.8529,-27.7043,3.1976
momentum,16,scaling,4.0,1,108,-5.5702,-9.4653,4.2426
momentum,16,scaling,4.0,1,109,-5.8528,-8.8512,1.0475
momentum,16,scaling,4.0,1,110,-2.5218,2.4954,3.1064
momentum,16,scaling,4.0,1,111,-7.3534,-7.7036,3.1862
momentum,16,scaling,4.0,1,112,-8.4044,-11.6538,1.6322
momentum,16,scaling,4.0,1,113,-10.5962,-21.5542,0.4898
momentum,16,scaling,4.0,1,114,-10.7952,-21.3275,4.8139
momentum,16,scaling,4.0,1,115,-5.5185,11.3157,1.2824
momentum,16,scaling,4.0,1,116,-5.8331,4.8475,-1.9394
momentum,16,scaling,4.0,1,117,-4.4619,-18.7594,3.2268
momentum,16,scaling,4.0,1,118,-4.2005,-15.5597,3.2694
momentum,16,scaling,4.0,1,119,-5.9153,-2.9188,2.1959
momentum,16,scaling,4.0,1,120,-7.0964,-20.7557,3.1221
momentum,16,scaling,4.0,1,121,1.6419,-12.6059,3.9627
momentum,16,scaling,4.0,1,122,-9.1688,-1.3144,1.2799
momentum,16,scaling,4.0,1,123,-1.7881,7.3258,3.4742
momentum,16,scaling,4.0,1,124,-2.6025,-15.6005,4.4511
momentum,16,scaling,4.0,1,125,-3.6844,-12.7301,2.9576
momentum,16,scaling,4.0,1,126,2.5028,-10.1409,3.0140
momentum,16,scaling,4.0,1,127,-0.1525,-27.1447,6.4040
momentum,16,scaling,4.0,1,128,-8.7993,-18.6662,3.5990
momentum,16,scaling,4.0,1,129,-4.1782,-16.0695,5.3754
momentum,16,scaling,4.0,1,130,1.2374,-12.9013,4.6648
momentum,16,scaling,4.0,1,131,-6.2004,-3.7019,2.8074
momentum,16,scaling,4.0,1,132,-4.0668,3.5485,1.5928
momentum,16,scaling,4.0,1,133,-0.8000,-4.6314,4.0430
momentum,16,scaling,4.0,1,134,5.7854,0.0195,4.7371
momentum,16,scaling,4.0,1,135,-2.6754,-6.8311,3.1461
momentum,16,scaling,4.0,1,136,-0.7433,-4.0485,4.1190
momentum,16,scaling,4.0,1,137,-6.2923,-1.0395,0.8216
momentum,16,scaling,4.0,1,138,-2.7084,-9.2481,3.5852
momentum,16,scaling,4.0,1,139,-1.4729,0.2053,1.5663
momentum,16,scaling,4.0,1,140,-6.8462,-13.6697,0.8796
momentum,16,scaling,4.0,1,141,-3.2179,-4.3763,2.9989
momentum,16,scaling,4.0,1,142,-9.4934,-15.6663,1.5193
momentum,16,scaling,4.0,1,143,-9.9929,-4.1705,0.6963
momentum,16,scaling,4.0,1,144,-8.9643,-20.2004,1.7823
momentum,16,scaling,4.0,1,145,-10.8667,-9.4819,0.2685
momentum,16,scaling,4.0,1,146,0.3246,-8.2093,3.3705
momentum,16,scaling,4.0,1,147,-2.0089,-8.8917,3.1155
momentum,16,scaling,4.0,1,148,-7.7904,-3.8343,0.3633
momentum,16,scaling,4.0,1,149,-4.3723,1.2148,2.3881
momentum,16,scaling,4.0,1,150,-8.9113,-15.8315,0.6525
momentum,16,scaling,4.0,1,151,-10.7417,-15.1938,2.2951
momentum,16,scaling,4.0,1,152,-10.6052,-21.3303,3.5002
momentum,16,scaling,4.0,1,153,-2.0692,-18.6922,2.9598
momentum,16,scaling,4.0,1,154,-14.3533,-0.9751,2.0957
momentum,16,scaling,4.0,1,155,-2.1718,-11.9891,2.8760
momentum,16,scaling,4.0,1,156,-8.6039,-16.9980,0.5863
momentum,16,scaling,4.0,1,157,-2.7230,-10.7014,0.7219
momentum,16,scaling,4.0,1,158,-4.7924,-24.9197,3.5658
momentum,16,scaling,4.0,1,159,-23.0724,-16.1430,-0.7418
momentum,16,scaling,4.0,1,160,-12.1534,-19.7871,2.6830
momentum,16,scaling,4.0,1,161,-5.4460,16.4918,1.2701
momentum,16,scaling,4.0,1,162,-0.1027,9.6919,1.3811
momentum,16,scaling,4.0,1,163,-8.9204,-6.8849,0.9507
momentum,16,scaling,4.0,1,164,-7.4154,-2.3722,3.9753
momentum,16,scaling,4.0,1,165,-7.6265,-13.5066,0.4044
momentum,16,scaling,4.0,1,166,0.6557,-13.4311,4.5088
momentum,16,scaling,4.0,1,167,-2.4990,-2.6907,0.6539
momentum,16,scaling,4.0,1,168,-0.4444,-2.7320,1.6388
momentum,16,scaling,4.0,1,169,-1.2441,2.9140,1.4441
momentum,16,scaling,4.0,1,170,-2.9264,-19.1485,4.1360
momentum,16,scaling,4.0,1,171,-4.3147,-12.8288,0.0920
momentum,16,scaling,4.0,1,172,-1.1307,-4.1424,3.8505
momentum,16,scaling,4.0,1,173,-0.7006,-3.5256,2.2754
momentum,16,scaling,4.0,1,174,-8.0426,-17.4427,2.9171
momentum,16,scaling,4.0,1,175,-4.9310,6.7610,1.1289
momentum,16,scaling,4.0,1,176,-7.8078,-17.9349,1.3225
momentum,16,scaling,4.0,1,177,-5.3171,-1.8871,0.5667
momentum,16,scaling,4.0,1,178,-6.5713,-20.9356,4.4342
momentum,16,scaling,4.0,1,179,-5.4534,-22.2743,4.0634
momentum,16,scaling,4.0,1,180,-4.0553,-8.7006,2.8793
momentum,16,scaling,4.0,1,181,-7.8577,-12.9252,4.1053
momentum,16,scaling,4.0,1,182,-1.2774,2.3456,3.2419
momentum,16,scaling,4.0,1,183,2.9975,-7.0487,5.6418
momentum,16,scaling,4.0,1,184,-1.1059,-7.7692,2.3462
momentum,16,scaling,4.0,1,185,-6.1342,-5.8827,1.7092
momentum,16,scaling,4.0,1,186,-8.8752,-17.8673,1.8553
momentum,16,scaling,4.0,1,187,-8.5524,-26.4478,4.2013
momentum,16,scaling,4.0,1,188,-7.3656,-16.1578,2.8474
momentum,16,scaling,4.0,1,189,-6.3099,-1.5627,3.3622
momentum,16,scaling,4.0,1,190,-2.8750,-17.7823,3.9216
momentum,16,scaling,4.0,1,191,-2.2449,-6.9524,3.9876
momentum,16,scaling,4.0,1,192,-4.3910,-23.1118,2.7017
momentum,16,scaling,4.0,1,193,-4.3259,-14.6583,3.4014
momentum,16,scaling,4.0,1,194,-8.3990,-17.0058,3.1531
momentum,16,scaling,4.0,1,195,1.4887,-12.1271,4.0398
momentum,16,scaling,4.0,1,196,5.7499,1.8845,5.1943
momentum,16,scaling,4.0,1,197,-6.2602,-11.2239,1.0012
momentum,16,scaling,4.0,1,198,0.7434,-11.3437,3.3847
momentum,16,scaling,4.0,1,199,-9.8497,-15.5997,1.4755
momentum,16,scaling,4.0,1,200,-7.9206,-15.2235,2.5922
momentum,16,scaling,4.0,1,201,-3.5645,-0.7922,1.6428
momentum,16,scaling,4.0,1,202,-1.1548,-3.6598,2.9213
momentum,16,scaling,4.0,1,203,-3.2883,-19.1754,4.6032
momentum,16,scaling,4.0,1,204,-7.6067,-27.3889,3.3066
momentum,16,scaling,4.0,1,205,-13.9360,-22.5502,3.0900
momentum,16,scaling,4.0,1,206,-6.8835,-16.7247,2.3145
momentum,16,scaling,4.0,1,207,3.3694,-11.0736,5.8626
momentum,16,scaling,4.0,1,208,-9.9737,-16.6724,0.5664
momentum,16,scaling,4.0,1,209,-22.6651,-19.6608,-0.4831
momentum,16,scaling,4.0,1,210,-17.9879,-17.1804,-0.3238
momentum,16,scaling,4.0,1,211,-0.1980,-16.2900,3.3648
momentum,16,scaling,4.0,1,212,1.9328,-0.7342,2.7301
momentum,16,scaling,4.0,1,213,-4.9486,-4.5636,0.7517
momentum,16,scaling,4.0,1,214,-5.4784,-5.5526,2.4038
momentum,16,scaling,4.0,1,215,-7.1009,-5.3816,1.9341
momentum,16,scaling,4.0,1,216,-6.4216,5.1249,1.9244
momentum,16,scaling,4.0,1,217,-3.9235,-9.1707,2.5275
momentum,16,scaling,4.0,1,218,-6.8335,-13.0916,2.2690
momentum,16,scaling,4.0,1,219,-4.3656,-19.1826,3.4678
momentum,16,scaling,4.0,1,220,-10.3576,-23.1899,3.1118
momentum,16,scaling,4.0,1,221,-7.3646,-6.0304,3.3563
momentum,16,scaling,4.0,1,222,-0.5361,-23.2023,5.2039
momentum,16,scaling,4.0,1,223,-7.6307,-19.9910,2.1984
momentum,16,scaling,4.0,1,224,-0.6072,-11.9195,4.5594
momentum,16,scaling,4.0,1,225,-1.7499,-13.8918,3.5018
momentum,16,scaling,4.0,1,226,-9.5223,-21.7095,3.7500
momentum,16,scaling,4.0,1,227,0.1276,-9.6941,2.3649
momentum,16,scaling,4.0,1,228,-1.9021,-8.7189,5.5683
momentum,16,scaling,4.0,1,229,-5.3364,-9.4626,2.9628
momentum,16,scaling,4.0,1,230,-5.5969,-7.7833,1.6474
momentum,16,scaling,4.0,1,231,-1.5823,-11.3919,3.6924
momentum,16,scaling,4.0,1,232,-8.4511,-15.9291,0.5246
momentum,16,scaling,4.0,1,233,-3.6053,-21.4884,2.8835
momentum,16,scaling,4.0,1,234,-11.9624,-22.5030,1.5192
momentum,16,scaling,4.0,1,235,-8.2856,-17.2394,5.1992
momentum,16,scaling,4.0,1,236,-14.3912,-11.1312,0.1112
momentum,16,scaling,4.0,1,237,1.6985,-0.9776,2.2502
momentum,16,scaling,4.0,1,238,-2.7427,-17.8756,4.2673
momentum,16,scaling,4.0,1,239,-5.1688,-7.1216,2.7945
momentum,16,scaling,4.0,1,240,-3.7680,-9.1398,2.0928
momentum,16,scaling,4.0,1,241,-7.4710,-21.2574,1.6480
momentum,16,scaling,4.0,1,242,1.4963,-15.5633,3.1440
momentum,16,scaling,4.0,1,243,1.6676,0.3595,2.3712
momentum,16,scaling,4.0,1,244,-2.7355,-4.3404,3.7190
momentum,16,scaling,4.0,1,245,-5.0066,-5.6288,0.3204
momentum,16,scaling,4.0,1,246,1.0637,-14.5652,5.1601
momentum,16,scaling,4.0,1,247,-8.1187,-10.9692,4.0241
momentum,16,scaling,4.0,1,248,-9.1354,-19.6709,1.3358
momentum,16,scaling,4.0,1,249,-1.1842,0.8280,1.2390
momentum,16,scaling,4.0,1,250,1.3454,0.4058,2.5059
momentum,16,scaling,4.0,1,251,-1.0264,7.0245,2.1428
momentum,16,scaling,4.0,1,252,-11.2972,-21.2572,3.0331
momentum,16,scaling,4.0,1,253,-5.6307,-14.0505,3.2928
momentum,16,scaling,4.0,1,254,-13.2828,-19.9815,1.9681
momentum,16,scaling,4.0,1,255,0.4414,-13.8588,1.5670
momentum,16,scaling,4.0,1,256,1.5841,-2.2175,2.4854
momentum,16,scaling,4.0,1,257,-9.4583,-9.3982,0.6955
momentum,16,scaling,4.0,1,258,-7.2190,-18.1424,4.1809
momentum,16,scaling,4.0,1,259,-14.2168,-4.0774,-0.2659
momentum,16,scaling,4.0,1,260,-3.0375,-6.6443,3.4049
momentum,16,scaling,4.0,1,261,-4.3521,-18.1405,3.2910
momentum,16,scaling,4.0,1,262,-10.5111,-15.9500,1.5401
momentum,16,scaling,4.0,1,263,-13.5510,-21.4843,1.1298
momentum,16,scaling,4.0,1,264,-1.2180,-11.8564,1.4870
momentum,16,scaling,4.0,1,265,-17.5375,-28.3733,1.2092
momentum,16,scaling,4.0,1,266,-12.3675,-13.2007,1.0798
momentum,16,scaling,4.0,1,267,-5.1025,5.4751,1.6199
momentum,16,scaling,4.0,1,268,-10.5780,-18.5474,0.4856
momentum,16,scaling,4.0,1,269,-7.5731,-20.9791,2.0872
momentum,16,scaling,4.0,1,270,-4.8873,-8.1152,1.9499
momentum,16,scaling,4.0,1,271,-7.3709,5.9667,-0.4572
momentum,16,scaling,4.0,1,272,2.9401,-5.9916,4.3054
momentum,16,scaling,4.0,1,273,-1.1565,-0.6836,4.5008
momentum,16,scaling,4.0,1,274,-8.8773,-13.4698,1.6986
momentum,16,scaling,4.0,1,275,-4.8344,-13.6639,1.7454
momentum,16,scaling,4.0,1,276,-3.3853,1.6243,3.7599
momentum,16,scaling,4.0,1,277,0.9818,-3.8863,3.5970
momentum,16,scaling,4.0,1,278,-6.9939,-5.7463,2.5021
momentum,16,scaling,4.0,1,279,-6.6956,-17.9712,1.6621
momentum,16,scaling,4.0,1,280,-8.1765,-9.1672,1.9912
momentum,16,scaling,4.0,1,281,-0.8671,-9.0385,3.1026
momentum,16,scaling,4.0,1,282,-9.5435,-24.1126,1.9983
momentum,16,scaling,4.0,1,283,-3.2525,-12.1100,0.6121
momentum,16,scaling,4.0,1,284,-19.9569,-12.7064,2.7003
momentum,16,scaling,4.0,1,285,-7.5589,-22.6954,2.1712
momentum,16,scaling,4.0,1,286,-10.2914,-9.6999,1.6911
momentum,16,scaling,4.0,1,287,-5.7919,-19.8116,2.7454
momentum,16,scaling,4.0,1,288,-1.5633,-13.8003,3.7486
momentum,16,scaling,4.0,1,289,-5.9894,-12.5880,4.3425
momentum,16,scaling,4.0,1,290,-7.3827,-17.1077,3.7996
momentum,16,scaling,4.0,1,291,-9.2255,-10.1246,-1.1807
momentum,16,scaling,4.0,1,292,-12.0923,-15.8755,0.7651
momentum,16,scaling,4.0,1,293,-17.0482,-18.1959,0.1764
momentum,16,scaling,4.0,1,294,-0.5161,-5.0651,1.2844
momentum,16,scaling,4.0,1,295,-7.0392,-12.6262,2.1401
momentum,16,scaling,4.0,1,296,-2.7233,-7.8519,2.7430
momentum,16,scaling,4.0,1,297,3.8199,-5.8117,3.8305
momentum,16,scaling,4.0,1,298,-1.6768,14.3998,1.8133
momentum,16,scaling,4.0,1,299,-4.7725,-6.4554,1.6921
momentum,16,scaling,4.0,1,300,-8.3141,-17.1718,3.1459
momentum,16,scaling,4.0,1,301,-7.4594,-16.1613,2.5401
momentum,16,scaling,4.0,1,302,-5.6795,7.5575,2.1263
momentum,16,scaling,4.0,1,303,-0.2031,4.1650,2.1214
momentum,16,scaling,4.0,1,304,1.0453,-5.8778,4.6411
momentum,16,scaling,4.0,1,305,-3.2497,-16.4557,2.6741
momentum,16,scaling,4.0,1,306,-10.3455,-11.6988,-1.0803
momentum,16,scaling,4.0,1,307,-4.9216,-22.3490,1.7586
momentum,16,scaling,4.0,1,308,0.9241,-2.4819,1.0636
momentum,16,scaling,4.0,1,309,-4.8441,8.7383,1.5117
momentum,16,scaling,4.0,1,310,-5.5969,-22.8113,4.8825
momentum,16,scaling,4.0,1,311,-8.6967,-9.7769,1.9917
momentum,16,scaling,4.0,1,312,-10.6027,-1.2738,2.2512
momentum,16,scaling,4.0,1,313,-7.7275,-19.5957,2.8077
momentum,16,scaling,4.0,1,314,-7.6747,11.1607,1.0969
momentum,16,scaling,4.0,1,315,-2.1253,-20.0648,4.9894
momentum,16,scaling,4.0,1,316,-6.5943,-4.3242,0.2145
momentum,16,scaling,4.0,1,317,-9.5247,-18.2588,0.3949
momentum,16,scaling,4.0,1,318,-0.3941,4.0813,7.1648
momentum,16,scaling,4.0,1,319,-13.0972,-12.4584,1.8904
momentum,16,scaling,4.0,1,320,-0.3457,-15.1365,2.8222
momentum,16,scaling,4.0,1,321,-3.8577,-9.1643,4.1388
momentum,16,scaling,4.0,1,322,0.2868,-7.0003,2.5827
momentum,16,scaling,4.0,1,323,-2.1671,-13.7781,2.8975
momentum,16,scaling,4.0,1,324,0.6973,-18.4232,4.3562
momentum,16,scaling,4.0,1,325,-6.0318,-11.9300,1.8667
momentum,16,scaling,4.0,1,326,-8.9112,-5.0774,2.5443
momentum,16,scaling,4.0,1,327,2.7109,-10.1336,3.2395
momentum,16,scaling,4.0,1,328,-0.9808,-15.9049,2.4160
momentum,16,scaling,4.0,1,329,-6.6992,-15.5807,2.8431
momentum,16,scaling,4.0,1,330,-12.5373,-14.3507,0.7456
momentum,16,scaling,4.0,1,331,3.0956,8.4932,4.6571
momentum,16,scaling,4.0,1,332,-6.4377,-9.2509,3.0777
momentum,16,scaling,4.0,1,333,-14.5125,-18.2769,1.2287
momentum,16,scaling,4.0,1,334,-3.2715,-13.0592,4.7790
momentum,16,scaling,4.0,1,335,-1.7482,-5.8373,5.1098
momentum,16,scaling,4.0,1,336,-6.2111,-9.5109,1.7719
momentum,16,scaling,4.0,1,337,-7.8530,-18.2092,-0.2898
momentum,16,scaling,4.0,1,338,-10.4423,-16.9133,1.1784
momentum,16,scaling,4.0,1,339,2.7082,-8.1653,4.4960
momentum,16,scaling,4.0,1,340,-5.0818,-16.5595,3.7523
momentum,16,scaling,4.0,1,341,1.8804,-7.0238,2.3048
momentum,16,scaling,4.0,1,342,-2.6938,-15.7585,1.9807
momentum,16,scaling,4.0,1,343,-9.3255,-6.4949,1.1088
momentum,16,scaling,4.0,1,344,-2.5830,-7.3965,2.3867
momentum,16,scaling,4.0,1,345,-1.6589,-9.0402,2.7422
momentum,16,scaling,4.0,1,346,-0.0636,2.3561,3.2246
momentum,16,scaling,4.0,1,347,-18.1108,-27.0272,0.2299
momentum,16,scaling,4.0,1,348,-14.9147,-7.9372,-0.2795
momentum,16,scaling,4.0,1,349,-1.7152,-9.6480,2.3345
momentum,16,scaling,4.0,1,350,3.8499,-2.4405,3.7924
momentum,16,scaling,4.0,1,351,-11.3440,-20.6671,2.5695
momentum,16,scaling,4.0,1,352,-6.6012,-19.7259,2.0289
momentum,16,scaling,4.0,1,353,-1.1209,1.2677,-0.1565
momentum,16,scaling,4.0,1,354,-8.1207,-8.5902,2.9959
momentum,16,scaling,4.0,1,355,-1.8549,0.5816,3.3010
momentum,16,scaling,4.0,1,356,3.4080,-0.6681,2.3353
momentum,16,scaling,4.0,1,357,-7.1988,1.4879,1.1601
momentum,16,scaling,4.0,1,358,-5.0278,-7.5277,1.9213
momentum,16,scaling,4.0,1,359,-7.9564,-20.1449,3.4690
momentum,16,scaling,4.0,1,360,-9.6404,-12.5035,4.8133
momentum,16,scaling,4.0,1,361,-1.1804,-11.7303,2.8905
momentum,16,scaling,4.0,1,362,-10.1015,-15.5227,-0.3626
momentum,16,scaling,4.0,1,363,-4.0807,-3.9473,2.4065
momentum,16,scaling,4.0,1,364,-0.7999,-20.6123,6.9734
momentum,16,scaling,4.0,1,365,-11.0528,-23.5832,2.3356
momentum,16,scaling,4.0,1,366,-5.6069,-13.8134,2.5747
momentum,16,scaling,4.0,1,367,4.5824,2.5158,4.9982
momentum,16,scaling,4.0,1,368,-4.4912,-13.4353,2.6430
momentum,16,scaling,4.0,1,369,-6.6419,-23.2638,3.9806
momentum,16,scaling,4.0,1,370,-7.1731,-14.9554,1.4069
momentum,16,scaling,4.0,1,371,-2.9343,-12.9671,4.1798
momentum,16,scaling,4.0,1,372,-8.4598,-20.5802,3.3081
momentum,16,scaling,4.0,1,373,-15.3442,-20.7131,0.7892
momentum,16,scaling,4.0,1,374,-1.0063,-6.8514,2.1925
momentum,16,scaling,4.0,1,375,-10.5668,-14.6594,2.1745
momentum,16,scaling,4.0,1,376,-14.9638,-8.5484,-2.4940
momentum,16,scaling,4.0,1,377,-8.2906,-17.6607,3.3973
momentum,16,scaling,4.0,1,378,-7.2475,8.9748,1.8522
momentum,16,scaling,4.0,1,379,-3.3112,8.1714,2.8950
momentum,16,scaling,4.0,1,380,-4.1075,-10.4193,2.2162
momentum,16,scaling,4.0,1,381,-7.5444,-1.2685,1.5718
momentum,16,scaling,4.0,1,382,-9.1579,-10.0141,2.2681
momentum,16,scaling,4.0,1,383,-2.0829,-16.3475,2.8609
momentum,16,scaling,4.0,1,384,2.1216,-2.5681,3.1788
momentum,16,scaling,4.0,1,385,-3.5364,-17.7548,4.0321
momentum,16,scaling,4.0,1,386,-11.0242,-9.0633,-0.2560
momentum,16,scaling,4.0,1,387,-10.2348,-17.6301,2.3711
momentum,16,scaling,4.0,1,388,-15.2732,-8.2676,-0.1602
momentum,16,scaling,4.0,1,389,-13.0951,-6.7205,1.2722
momentum,16,scaling,4.0,1,390,-9.6842,-2.6364,0.6446
momentum,16,scaling,4.0,1,391,0.3171,-12.7586,4.6498
momentum,16,scaling,4.0,1,392,-9.9469,-13.0911,3.3534
momentum,16,scaling,4.0,1,393,-6.8196,-13.5021,3.9064
momentum,16,scaling,4.0,1,394,-11.8711,-2.5918,0.6861
momentum,16,scaling,4.0,1,395,-14.9904,-18.6192,1.1814
momentum,16,scaling,4.0,1,396,-19.5222,-25.4799,1.4135
momentum,16,scaling,4.0,1,397,-1.9621,-19.4987,5.7665
momentum,16,scaling,4.0,1,398,-5.0503,-14.3383,3.4845
momentum,16,scaling,4.0,1,399,-4.7043,-21.2873,4.2054
momentum,16,scaling,4.0,1,400,-5.4105,-9.7899,-0.1967
momentum,16,scaling,4.0,1,401,-11.0593,-24.1898,1.8964
momentum,16,scaling,4.0,1,402,-4.7772,-10.9173,-0.8273
momentum,16,scaling,4.0,1,403,-8.8063,-16.2270,1.8062
momentum,16,scaling,4.0,1,404,-11.7421,17.9914,-0.2752
momentum,16,scaling,4.0,1,405,-8.9742,-13.5368,1.0119
momentum,16,scaling,4.0,1,406,-0.8372,-4.1209,1.1582
momentum,16,scaling,4.0,1,407,-3.9711,-18.0754,3.2293
momentum,16,scaling,4.0,1,408,-10.5933,-11.6872,2.3709
momentum,16,scaling,4.0,1,409,-4.7340,-7.8770,2.6986
momentum,16,scaling,4.0,1,410,-10.1330,-9.5197,0.6341
momentum,16,scaling,4.0,1,411,1.5225,-1.9973,1.4624
momentum,16,scaling,4.0,1,412,-1.5902,-5.4050,1.5277
momentum,16,scaling,4.0,1,413,-6.3268,-3.1935,2.1175
momentum,16,scaling,4.0,1,414,-10.1752,-12.2625,2.0903
momentum,16,scaling,4.0,1,415,-0.6747,-11.6129,3.6031
momentum,16,scaling,4.0,1,416,-6.1058,-0.8060,1.5797
momentum,16,scaling,4.0,1,417,-4.8752,-6.1095,1.7096
momentum,16,scaling,4.0,1,418,-5.3587,-17.1757,1.8616
momentum,16,scaling,4.0,1,419,0.7150,-1.1388,4.0723
momentum,16,scaling,4.0,1,420,-9.2826,-7.0019,2.1896
momentum,16,scaling,4.0,1,421,-3.3998,-18.6032,1.2323
momentum,16,scaling,4.0,1,422,-7.3883,-17.5431,3.5147
momentum,16,scaling,4.0,1,423,-3.9509,7.0380,2.3699
momentum,16,scaling,4.0,1,424,-3.5631,-18.9402,2.6287
momentum,16,scaling,4.0,1,425,-11.4165,-24.4069,2.3171
momentum,16,scaling,4.0,1,426,-5.0034,-10.9401,2.3780
momentum,16,scaling,4.0,1,427,0.2490,-10.6044,4.9458
momentum,16,scaling,4.0,1,428,-19.3061,-21.6154,-0.1714
momentum,16,scaling,4.0,1,429,-11.5718,-8.2699,1.6908
momentum,16,scaling,4.0,1,430,-1.5893,-7.5605,2.9479
momentum,16,scaling,4.0,1,431,-9.7776,-10.5133,0.8667
momentum,16,scaling,4.0,1,432,-7.2059,-9.6402,0.8933
momentum,16,scaling,4.0,1,433,-6.7440,-20.2269,3.6717
momentum,16,scaling,4.0,1,434,-5.2699,-10.8650,4.4080
momentum,16,scaling,4.0,1,435,-2.1520,-12.1166,4.0819
momentum,16,scaling,4.0,1,436,-4.0800,-15.8988,1.2484
momentum,16,scaling,4.0,1,437,-7.6762,-4.4286,2.6414
momentum,16,scaling,4.0,1,438,-3.3449,-0.7881,3.8782
momentum,16,scaling,4.0,1,439,-14.2958,10.0057,0.0301
momentum,16,scaling,4.0,1,440,-7.6048,-17.3623,0.8021
momentum,16,scaling,4.0,1,441,-8.9492,-8.7780,1.8224
momentum,16,scaling,4.0,1,442,-15.0530,-11.6412,-1.3083
momentum,16,scaling,4.0,1,443,-8.9709,-16.9183,2.9576
momentum,16,scaling,4.0,1,444,-6.1427,-14.0650,3.2273
momentum,16,scaling,4.0,1,445,-4.4540,-19.4737,2.9501
momentum,16,scaling,4.0,1,446,-6.8476,-14.5927,0.8278
momentum,16,scaling,4.0,1,447,-0.6400,-7.6543,2.4918
momentum,16,scaling,4.0,1,448,-15.1157,-6.1608,-0.5771
momentum,16,scaling,4.0,1,449,-7.5808,-0.1090,0.5973
momentum,16,scaling,4.0,1,450,-12.4229,-25.8533,3.0555
momentum,16,scaling,4.0,1,451,-6.8029,-14.1043,4.6778
momentum,16,scaling,4.0,1,452,-6.6505,-17.9209,1.2853
momentum,16,scaling,4.0,1,453,-13.1993,-25.8262,4.8328
momentum,16,scaling,4.0,1,454,-0.3675,-4.8415,4.3748
momentum,16,scaling,4.0,1,455,-12.7305,-16.3716,0.0841
momentum,16,scaling,4.0,1,456,-15.4164,-24.7168,1.7830
momentum,16,scaling,4.0,1,457,-7.8080,5.1292,-0.3914
momentum,16,scaling,4.0,1,458,-6.2377,-15.5305,2.8528
momentum,16,scaling,4.0,1,459,-11.3276,-3.8843,1.5990
momentum,16,scaling,4.0,1,460,-5.7891,-19.9110,1.5622
momentum,16,scaling,4.0,1,461,-2.6564,-18.9253,5.3287
momentum,16,scaling,4.0,1,462,-5.5366,-8.8599,2.7650
momentum,16,scaling,4.0,1,463,6.5305,3.8834,2.3158
momentum,16,scaling,4.0,1,464,-6.1864,-11.4779,-0.8942
momentum,16,scaling,4.0,1,465,-7.6100,-6.4869,2.7892
momentum,16,scaling,4.0,1,466,-4.3425,16.2725,-0.4302
momentum,16,scaling,4.0,1,467,-8.2485,-9.0789,0.4041
momentum,16,scaling,4.0,1,468,-5.6280,-12.2248,2.7775
momentum,16,scaling,4.0,1,469,-4.4104,-9.4048,1.8539
momentum,16,scaling,4.0,1,470,-9.6920,-5.0535,0.2121
momentum,16,scaling,4.0,1,471,-15.7965,-26.7640,1.4770
momentum,16,scaling,4.0,1,472,-4.7520,-13.7462,3.0210
momentum,16,scaling,4.0,1,473,-5.4394,-15.7881,2.2227
momentum,16,scaling,4.0,1,474,-10.5368,-11.1845,-0.9471
momentum,16,scaling,4.0,1,475,-14.5139,-26.4465,3.2039
momentum,16,scaling,4.0,1,476,-14.1273,-19.5146,0.6864
momentum,16,scaling,4.0,1,477,-2.7512,-3.5719,1.5797
momentum,16,scaling,4.0,1,478,-3.0071,-18.4455,3.4877
momentum,16,scaling,4.0,1,479,0.7687,-19.3935,3.2864
momentum,16,scaling,4.0,1,480,-9.7151,-9.8080,1.0496
momentum,16,scaling,4.0,1,481,-4.2552,-8.2884,0.9131
momentum,16,scaling,4.0,1,482,-11.1195,-10.3917,-0.8521
momentum,16,scaling,4.0,1,483,3.5255,-7.2647,3.6984
momentum,16,scaling,4.0,1,484,-10.8184,-14.9690,0.8116
momentum,16,scaling,4.0,1,485,-2.3349,-14.1750,2.3974
momentum,16,scaling,4.0,1,486,-13.2748,-20.5975,1.6274
momentum,16,scaling,4.0,1,487,-4.9986,-22.8005,3.3847
momentum,16,scaling,4.0,1,488,-1.9355,-9.4417,2.2052
momentum,16,scaling,4.0,1,489,0.4337,-13.5748,5.4351
momentum,16,scaling,4.0,1,490,-14.2445,2.3275,-0.8888
momentum,16,scaling,4.0,1,491,-8.8176,-17.0662,1.1748
momentum,16,scaling,4.0,1,492,-12.9246,-20.2487,2.2320
momentum,16,scaling,4.0,1,493,7.0068,3.9300,0.5887
momentum,16,scaling,4.0,1,494,-6.0059,-23.3297,1.9168
momentum,16,scaling,4.0,1,495,-13.4605,-17.0511,1.7380
momentum,16,scaling,4.0,1,496,-1.4427,-7.1655,2.1939
momentum,16,scaling,4.0,1,497,-7.4885,-14.5616,4.1770
momentum,16,scaling,4.0,1,498,1.4840,-19.5294,4.6547
momentum,16,scaling,4.0,1,499,-7.7074,-12.4665,1.9639
momentum,16,scaling,4.0,1,500,-3.5103,-18.1580,4.0233
momentum,16,scaling,4.0,1,501,-8.8691,-20.7811,2.7513
momentum,16,scaling,4.0,1,502,0.2195,-10.0440,4.2390
momentum,16,scaling,4.0,1,503,-7.3150,-28.5426,3.8228
momentum,16,scaling,4.0,1,504,-8.3764,-19.1422,1.6848
momentum,16,scaling,4.0,1,505,-4.9966,-6.6277,6.2285
momentum,16,scaling,4.0,1,506,-3.6908,-14.9606,2.0579
momentum,16,scaling,4.0,1,507,-9.2457,-17.5245,2.4795
momentum,16,scaling,4.0,1,508,-20.4587,-12.5986,-1.9875
momentum,16,scaling,4.0,1,509,-3.1198,-21.4654,3.6161
momentum,16,scaling,4.0,1,510,-3.6893,-11.2275,2.5951
momentum,16,scaling,4.0,1,511,-12.6961,-12.5046,1.7315
momentum,16,scaling,4.0,1,512,1.8342,-3.6507,3.3146
momentum,16,scaling,4.0,1,513,-0.4504,-9.8667,2.8959
momentum,16,scaling,4.0,1,514,-1.7657,-22.9302,2.8465
momentum,16,scaling,4.0,1,515,0.1027,-9.6289,4.2101
momentum,16,scaling,4.0,1,516,-9.0354,-9.2157,0.7723
momentum,16,scaling,4.0,1,517,-3.8374,-0.2504,0.1115
momentum,16,scaling,4.0,1,518,-6.9146,-11.2205,4.0856
momentum,16,scaling,4.0,1,519,-9.9457,-20.4036,2.1211
momentum,16,scaling,4.0,1,520,-9.5431,-17.4367,0.7669
momentum,16,scaling,4.0,1,521,-10.7212,-15.1561,0.4932
momentum,16,scaling,4.0,1,522,-0.4652,-17.7637,5.5685
momentum,16,scaling,4.0,1,523,-8.6690,-10.2639,1.6388
momentum,16,scaling,4.0,1,524,-7.0692,-24.7947,2.6970
momentum,16,scaling,4.0,1,525,-7.0359,-7.2874,3.0694
momentum,16,scaling,4.0,1,526,-7.9764,-21.0076,2.8799
momentum,16,scaling,4.0,1,527,-9.4197,-22.4897,2.1457
momentum,16,scaling,4.0,1,528,-2.0292,-18.5757,4.3158
momentum,16,scaling,4.0,1,529,-2.5101,1.2974,3.0454
momentum,16,scaling,4.0,1,530,-8.9421,10.9475,2.3623
momentum,16,scaling,4.0,1,531,-5.7277,-15.8963,3.3849
momentum,16,scaling,4.0,1,532,-4.1707,-11.2122,1.8907
momentum,16,scaling,4.0,1,533,-3.0379,-19.8408,3.1328
momentum,16,scaling,4.0,1,534,-13.4801,-11.9462,1.6424
momentum,16,scaling,4.0,1,535,-7.9301,-21.2371,1.7287
momentum,16,scaling,4.0,1,536,-6.6687,-0.2907,1.6730
momentum,16,scaling,4.0,1,537,-12.0409,-22.8343,2.3354
momentum,16,scaling,4.0,1,538,0.0506,-2.7172,2.8615
momentum,16,scaling,4.0,1,539,-6.7148,-18.8444,2.3467
momentum,16,scaling,4.0,1,540,-3.1756,-10.5165,2.3396
momentum,16,scaling,4.0,1,541,-10.4381,-21.6636,1.2911
momentum,16,scaling,4.0,1,542,-2.5190,-20.4921,5.7187
momentum,16,scaling,4.0,1,543,-9.3649,-9.2081,2.0061
momentum,16,scaling,4.0,1,544,-10.1305,-19.3248,2.1927
momentum,16,scaling,4.0,1,545,-6.8357,-19.9362,1.8671
momentum,16,scaling,4.0,1,546,-6.0581,-15.2765,3.3198
momentum,16,scaling,4.0,1,547,-3.2294,-15.5149,6.4782
momentum,16,scaling,4.0,1,548,-4.9161,-9.1954,0.8568
momentum,16,scaling,4.0,1,549,-0.0275,-19.9662,4.1729
momentum,16,scaling,4.0,1,550,-1.5442,-12.8317,3.3523
momentum,16,scaling,4.0,1,551,-4.6379,-11.3473,1.7270
momentum,16,scaling,4.0,1,552,0.7119,-10.5374,5.9164
momentum,16,scaling,4.0,1,553,-0.1146,-5.5091,1.8239
momentum,16,scaling,4.0,1,554,-0.2059,-14.9236,2.4725
momentum,16,scaling,4.0,1,555,-6.7289,-9.9840,1.6215
momentum,16,scaling,4.0,1,556,-4.2381,-8.1484,3.8343
momentum,16,scaling,4.0,1,557,-4.0482,-4.7497,0.5224
momentum,16,scaling,4.0,1,558,-7.6811,-4.1059,2.9257
momentum,16,scaling,4.0,1,559,0.7841,-3.1851,3.0541
momentum,16,scaling,4.0,1,560,-20.2975,-27.0679,0.7940
momentum,16,scaling,4.0,1,561,-10.0251,-14.2472,3.4583
momentum,16,scaling,4.0,1,562,4.5041,-6.0534,5.1400
momentum,16,scaling,4.0,1,563,-7.5066,-13.7631,2.7109
momentum,16,scaling,4.0,1,564,-4.0337,-17.1296,4.4991
momentum,16,scaling,4.0,1,565,-15.7907,-9.9586,0.7770
momentum,16,scaling,4.0,1,566,-10.4358,-23.3669,1.5309
momentum,16,scaling,4.0,1,567,-4.3456,-18.5047,3.7020
momentum,16,scaling,4.0,1,568,-1.5548,-3.5836,4.6992
momentum,16,scaling,4.0,1,569,-4.9916,-7.1609,1.2576
momentum,16,scaling,4.0,1,570,-13.6086,-15.2501,1.8509
momentum,16,scaling,4.0,1,571,-6.3518,-5.8266,1.8950
momentum,16,scaling,4.0,1,572,-7.4470,-15.9014,3.8585
momentum,16,scaling,4.0,1,573,-2.8846,-18.8165,3.9377
momentum,16,scaling,4.0,1,574,-8.2859,-5.4888,0.1125
momentum,16,scaling,4.0,1,575,-7.4732,-19.5569,1.8813
momentum,16,scaling,4.0,1,576,-1.7355,-6.6191,0.8600
momentum,16,scaling,4.0,1,577,-7.3323,-1.2833,0.8903
momentum,16,scaling,4.0,1,578,-6.2562,-15.7785,4.7011
momentum,16,scaling,4.0,1,579,-6.4427,1.9845,2.7040
momentum,16,scaling,4.0,1,580,-9.5460,-22.2387,3.2693
momentum,16,scaling,4.0,1,581,-24.6727,-16.6579,-2.8448
momentum,16,scaling,4.0,1,582,-8.8799,-24.6210,5.3003
momentum,16,scaling,4.0,1,583,-17.3010,-22.1452,0.4923
momentum,16,scaling,4.0,1,584,-2.6311,-15.0339,4.0603
momentum,16,scaling,4.0,1,585,0.4547,-6.5345,2.3424
momentum,16,scaling,4.0,1,586,-5.7252,1.6636,2.8477
momentum,16,scaling,4.0,1,587,-1.1676,-11.9701,3.2638
momentum,16,scaling,4.0,1,588,-11.8029,-14.2920,2.3775
momentum,16,scaling,4.0,1,589,-6.1454,-21.1144,1.5638
momentum,16,scaling,4.0,1,590,-15.5134,-21.4066,1.9258
momentum,16,scaling,4.0,1,591,-8.7212,-6.9902,1.5781
momentum,16,scaling,4.0,1,592,-3.2787,-13.1222,3.3473
momentum,16,scaling,4.0,1,593,4.0068,4.0252,6.8724
momentum,16,scaling,4.0,1,594,-6.8607,-14.2786,2.4490
momentum,16,scaling,4.0,1,595,-11.4434,-20.4278,0.7837
momentum,16,scaling,4.0,1,596,-8.6950,-9.1592,4.6302
momentum,16,scaling,4.0,1,597,-15.1065,-34.2781,1.0612
momentum,16,scaling,4.0,1,598,-10.3430,-13.0223,1.4261
momentum,16,scaling,4.0,1,599,-9.9459,-18.4475,1.3216
momentum,16,scaling,4.0,1,600,-7.4661,-22.3034,2.1221
momentum,16,scaling,4.0,1,601,-11.5731,-17.8325,0.9672
momentum,16,scaling,4.0,1,602,-6.3312,3.9577,5.0771
momentum,16,scaling,4.0,1,603,-9.2919,-17.2158,1.6719
momentum,16,scaling,4.0,1,604,-14.6930,-25.2401,1.5743
momentum,16,scaling,4.0,1,605,-7.5796,10.5583,-0.7987
momentum,16,scaling,4.0,1,606,-10.2335,-26.7286,1.6802
momentum,16,scaling,4.0,1,607,-0.5394,-8.7624,5.6542
momentum,16,scaling,4.0,1,608,1.6020,-15.0647,5.2454
momentum,16,scaling,4.0,1,609,-0.7691,-13.3536,4.8205
momentum,16,scaling,4.0,1,610,-3.7081,-10.9097,5.6759
momentum,16,scaling,4.0,1,611,-14.8815,-14.7338,4.6064
momentum,16,scaling,4.0,1,612,-10.5730,-6.8283,1.5861
momentum,16,scaling,4.0,1,613,-8.7748,-1.7028,-1.4400
momentum,16,scaling,4.0,1,614,-10.6388,-7.1983,0.4145
momentum,16,scaling,4.0,1,615,-7.1790,-6.6536,2.5414
momentum,16,scaling,4.0,1,616,-4.4157,-6.0873,4.0802
momentum,16,scaling,4.0,1,617,-7.6833,-17.1823,3.3072
momentum,16,scaling,4.0,1,618,0.4307,-14.6108,6.5423
momentum,16,scaling,4.0,1,619,-11.6641,-25.7748,0.8329
momentum,16,scaling,4.0,1,620,-19.3585,-15.1560,-1.0724
momentum,16,scaling,4.0,1,621,-12.9080,-21.7437,1.9242
momentum,16,scaling,4.0,1,622,-3.5179,-23.4883,4.2123
momentum,16,scaling,4.0,1,623,-7.6211,8.5134,0.6572
momentum,16,scaling,4.0,1,624,-7.6220,5.7839,2.5828
momentum,16,scaling,4.0,1,625,-9.5429,-2.9948,1.2729
momentum,16,scaling,4.0,1,626,-1.4783,-8.6074,4.6399
momentum,16,scaling,4.0,1,627,-7.8202,-7.7243,0.7298
momentum,16,scaling,4.0,1,628,-11.9818,-11.4912,0.2763
momentum,16,scaling,4.0,1,629,-12.0971,-19.2521,-0.7997
momentum,16,scaling,4.0,1,630,-9.8765,-15.2920,2.1746
momentum,16,scaling,4.0,1,631,-2.7277,-8.4658,1.9590
momentum,16,scaling,4.0,1,632,-1.3028,-3.4142,4.7864
momentum,16,scaling,4.0,1,633,-14.6725,-25.6833,1.4841
momentum,16,scaling,4.0,1,634,-2.8299,-14.2500,5.7754
momentum,16,scaling,4.0,1,635,0.0503,-15.6816,4.3838
momentum,16,scaling,4.0,1,636,-1.8484,-9.2103,3.4920
momentum,16,scaling,4.0,1,637,-10.0663,-11.6175,1.7651
momentum,16,scaling,4.0,1,638,-8.1752,-12.5711,1.1891
momentum,16,scaling,4.0,1,639,-5.1452,-11.1192,0.6689
momentum,16,scaling,4.0,1,640,-2.4714,-10.6636,3.2668
momentum,16,scaling,4.0,1,641,-6.7007,-14.6838,3.9807
momentum,16,scaling,4.0,1,642,1.4807,-10.0547,6.6860
momentum,16,scaling,4.0,1,643,-4.3230,7.1076,3.1623
momentum,16,scaling,4.0,1,644,-5.6360,-2.2570,2.5490
momentum,16,scaling,4.0,1,645,-3.9304,-16.0012,4.8639
momentum,16,scaling,4.0,1,646,-1.2912,-12.9907,5.1158
momentum,16,scaling,4.0,1,647,-8.4584,-25.0999,2.5423
momentum,16,scaling,4.0,1,648,7.6895,3.2123,1.3230
momentum,16,scaling,4.0,1,649,-7.4718,-11.2655,0.6982
momentum,16,scaling,4.0,1,650,0.1131,-6.1680,4.1740
momentum,16,scaling,4.0,1,651,-2.3517,-11.4044,6.0208
momentum,16,scaling,4.0,1,652,-8.3346,-19.4001,2.5711
momentum,16,scaling,4.0,1,653,-5.2198,-5.8212,1.6637
momentum,16,scaling,4.0,1,654,-4.2748,-19.4257,2.7586
momentum,16,scaling,4.0,1,655,-5.1242,-9.5675,3.0208
momentum,16,scaling,4.0,1,656,-12.0345,-22.1508,1.7806
momentum,16,scaling,4.0,1,657,-3.5445,-20.6882,2.3553
momentum,16,scaling,4.0,1,658,-4.9114,-18.1166,3.8821
momentum,16,scaling,4.0,1,659,-2.1265,-8.2261,5.1481
momentum,16,scaling,4.0,1,660,-12.6316,-11.1110,1.8560
momentum,16,scaling,4.0,1,661,-0.4063,-12.1724,1.3933
momentum,16,scaling,4.0,1,662,-6.0522,-5.9652,1.7083
momentum,16,scaling,4.0,1,663,-0.7848,0.4667,1.1471
momentum,16,scaling,4.0,1,664,-10.5101,-23.3140,2.0011
momentum,16,scaling,4.0,1,665,-7.2565,-19.8917,3.4649
momentum,16,scaling,4.0,1,666,-5.9115,-12.7026,1.8178
momentum,16,scaling,4.0,1,667,-11.5386,-21.3701,1.3762
momentum,16,scaling,4.0,1,668,-3.9003,-15.5239,2.9123
momentum,16,scaling,4.0,1,669,-4.5696,-1.5219,1.2773
momentum,16,scaling,4.0,1,670,6.0586,-5.1128,6.8232
momentum,16,scaling,4.0,1,671,-2.0711,9.5377,5.2994
momentum,16,scaling,4.0,1,672,-5.9307,-12.7786,4.1048
momentum,16,scaling,4.0,1,673,-2.9855,-15.5197,3.2566
momentum,16,scaling,4.0,1,674,-5.3033,-5.8117,1.5951
momentum,16,scaling,4.0,1,675,-9.2595,-21.0826,3.1947
momentum,16,scaling,4.0,1,676,-3.7900,-21.5971,2.5587
momentum,16,scaling,4.0,1,677,-13.4596,-8.6173,2.4039
momentum,16,scaling,4.0,1,678,4.3818,-14.5858,2.6217
momentum,16,scaling,4.0,1,679,-6.7154,-14.5333,1.6342
momentum,16,scaling,4.0,1,680,-4.9448,-8.6288,2.3869
momentum,16,scaling,4.0,1,681,-1.6379,-2.1719,2.0233
momentum,16,scaling,4.0,1,682,1.3880,-14.6760,4.5940
momentum,16,scaling,4.0,1,683,-9.5922,-14.1301,0.8190
momentum,16,scaling,4.0,1,684,-0.6375,-3.0504,3.6588
momentum,16,scaling,4.0,1,685,-7.9581,-18.4304,3.1897
momentum,16,scaling,4.0,1,686,-5.7821,-8.9205,2.8858
momentum,16,scaling,4.0,1,687,-13.3550,-5.1586,1.7512
momentum,16,scaling,4.0,1,688,-4.3127,-17.7404,2.7848
momentum,16,scaling,4.0,1,689,-9.8739,-17.7525,3.3882
momentum,16,scaling,4.0,1,690,-8.5638,-2.6115,2.2379
momentum,16,scaling,4.0,1,691,-7.0302,-6.1661,2.0067
momentum,16,scaling,4.0,1,692,-5.4400,-14.0220,0.9199
momentum,16,scaling,4.0,1,693,-3.9593,-6.2903,2.2100
momentum,16,scaling,4.0,1,694,-7.8930,-16.4087,2.6854
momentum,16,scaling,4.0,1,695,4.0092,3.5184,0.9703
momentum,16,scaling,4.0,1,696,-2.2040,-18.5862,4.9240
momentum,16,scaling,4.0,1,697,-8.4731,-18.2852,2.8049
momentum,16,scaling,4.0,1,698,-1.5518,-0.1134,2.9650
momentum,16,scaling,4.0,1,699,-7.0999,1.9858,3.4730
momentum,16,scaling,4.0,1,700,-8.5213,-14.2501,1.6360
momentum,16,scaling,4.0,1,701,4.0865,-3.6727,3.1581
momentum,16,scaling,4.0,1,702,-13.1791,-23.0377,-0.3547
momentum,16,scaling,4.0,1,703,-6.3396,-7.4917,1.3704
momentum,16,scaling,4.0,1,704,-7.2770,-14.8390,3.7909
momentum,16,scaling,4.0,1,705,-14.0786,-15.5570,1.0086
momentum,16,scaling,4.0,1,706,-14.4315,-15.9691,1.3832
momentum,16,scaling,4.0,1,707,-7.6754,-8.1347,2.7501
momentum,16,scaling,4.0,1,708,0.9003,-15.8692,7.4086
momentum,16,scaling,4.0,1,709,-9.4119,-5.0765,0.8918
momentum,16,scaling,4.0,1,710,-4.8370,-10.5303,1.6829
momentum,16,scaling,4.0,1,711,5.6918,-3.5034,7.2443
momentum,16,scaling,4.0,1,712,2.9085,-0.2053,4.1556
momentum,16,scaling,4.0,1,713,-5.9182,-13.8516,2.0980
momentum,16,scaling,4.0,1,714,-19.4755,-21.1542,1.4492
momentum,16,scaling,4.0,1,715,-3.9880,-7.1884,1.1857
momentum,16,scaling,4.0,1,716,-1.2757,2.4239,4.1552
momentum,16,scaling,4.0,1,717,-0.9080,-10.6592,3.3435
momentum,16,scaling,4.0,1,718,-4.2824,-12.4409,0.2333
momentum,16,scaling,4.0,1,719,-9.5784,-7.8130,0.8969
momentum,16,scaling,4.0,1,720,-4.6881,1.4008,0.3215
momentum,16,scaling,4.0,1,721,0.6868,-10.0486,4.1616
momentum,16,scaling,4.0,1,722,3.6284,-8.0593,3.8464
momentum,16,scaling,4.0,1,723,-7.1012,-12.8800,1.9046
momentum,16,scaling,4.0,1,724,-7.4284,-15.8880,3.3502
momentum,16,scaling,4.0,1,725,-11.4211,-21.5223,1.5658
momentum,16,scaling,4.0,1,726,-6.8153,-7.4547,-0.8525
momentum,16,scaling,4.0,1,727,-4.1820,-14.5296,2.9104
momentum,16,scaling,4.0,1,728,-7.0520,-11.8980,1.4082
momentum,16,scaling,4.0,1,729,1.0144,-4.1567,3.5610
momentum,16,scaling,4.0,1,730,-8.3976,-12.1993,2.3714
momentum,16,scaling,4.0,1,731,-6.9733,-12.0058,1.9182
momentum,16,scaling,4.0,1,732,-5.8436,-13.8717,4.4162
momentum,16,scaling,4.0,1,733,-4.5783,-7.6947,2.9195
momentum,16,scaling,4.0,1,734,-10.6259,-19.1849,2.6004
momentum,16,scaling,4.0,1,735,-14.0370,-2.1930,2.0955
momentum,16,scaling,4.0,1,736,-0.6247,-11.0873,3.6563
momentum,16,scaling,4.0,1,737,-3.5853,-7.6943,2.1363
momentum,16,scaling,4.0,1,738,-9.2269,-13.3412,-0.1342
momentum,16,scaling,4.0,1,739,-5.8529,-13.4612,3.7850
momentum,16,scaling,4.0,1,740,-10.8675,-10.8886,3.0907
momentum,16,scaling,4.0,1,741,-4.7495,-8.3811,2.3802
momentum,16,scaling,4.0,1,742,-3.9104,-9.4478,1.9859
momentum,16,scaling,4.0,1,743,-9.5826,1.5307,3.0114
momentum,16,scaling,4.0,1,744,-16.6011,-22.0924,0.6616
momentum,16,scaling,4.0,1,745,-7.3148,-10.8038,2.3335
momentum,16,scaling,4.0,1,746,-15.0210,-16.2117,-0.6964
momentum,16,scaling,4.0,1,747,-3.4013,-9.0801,1.9521
momentum,16,scaling,4.0,1,748,-1.2947,-14.0830,3.5362
momentum,16,scaling,4.0,1,749,-3.5734,-8.8384,4.7076
momentum,16,scaling,4.0,1,750,-10.6171,-26.1175,2.7473
momentum,16,scaling,4.0,1,751,-8.7893,-4.0341,1.2348
momentum,16,scaling,4.0,1,752,-11.5651,-14.8480,1.3959
momentum,16,scaling,4.0,1,753,-5.1175,-17.5950,4.2182
momentum,16,scaling,4.0,1,754,-4.9400,-11.5207,4.4053
momentum,16,scaling,4.0,1,755,-14.6299,-22.2814,1.7367
momentum,16,scaling,4.0,1,756,1.6452,-4.6033,6.2630
momentum,16,scaling,4.0,1,757,-3.4790,-16.8887,2.7569
momentum,16,scaling,4.0,1,758,-1.3737,0.5405,2.8059
momentum,16,scaling,4.0,1,759,-7.6296,-14.2743,1.2783
momentum,16,scaling,4.0,1,760,-3.3055,-12.8651,2.9059
momentum,16,scaling,4.0,1,761,-6.3656,-14.6157,3.1493
momentum,16,scaling,4.0,1,762,-8.1901,-18.4843,1.7220
momentum,16,scaling,4.0,1,763,-5.2010,-17.6164,1.0091
momentum,16,scaling,4.0,1,764,-0.5453,-11.2504,2.8049
momentum,16,scaling,4.0,1,765,-6.0975,-13.1451,2.8507
momentum,16,scaling,4.0,1,766,-3.2737,-12.3739,3.2528
momentum,16,scaling,4.0,1,767,-13.9988,-13.7166,-1.7051
momentum,16,scaling,4.0,1,768,-0.1236,-20.7750,6.7549
momentum,16,scaling,4.0,1,769,-14.4822,-10.4182,1.3182
momentum,16,scaling,4.0,1,770,-11.9617,-17.7154,1.3427
momentum,16,scaling,4.0,1,771,-10.5248,-10.1556,2.7187
momentum,16,scaling,4.0,1,772,-12.3536,-14.1154,1.5778
momentum,16,scaling,4.0,1,773,-7.8777,-18.8823,2.5235
momentum,16,scaling,4.0,1,774,4.2770,7.9193,2.7410
momentum,16,scaling,4.0,1,775,-10.1555,-16.1167,2.1597
momentum,16,scaling,4.0,1,776,-4.9520,-12.8198,3.8741
momentum,16,scaling,4.0,1,777,5.6656,3.7362,6.2962
momentum,16,scaling,4.0,1,778,-4.7815,-7.2881,2.3394
momentum,16,scaling,4.0,1,779,-9.5528,-23.4392,3.4014
momentum,16,scaling,4.0,1,780,-3.8061,0.0149,0.5995
momentum,16,scaling,4.0,1,781,-6.4968,-14.6069,3.0222
momentum,16,scaling,4.0,1,782,-7.2023,-14.4658,4.4303
momentum,16,scaling,4.0,1,783,-0.9747,-11.6840,3.2968
momentum,16,scaling,4.0,1,784,0.6243,-5.8010,3.8881
momentum,16,scaling,4.0,1,785,-3.2252,-10.8719,3.3883
momentum,16,scaling,4.0,1,786,0.8124,-8.2329,5.1591
momentum,16,scaling,4.0,1,787,0.1777,-5.2135,0.9974
momentum,16,scaling,4.0,1,788,-2.7680,-24.1610,3.1357
momentum,16,scaling,4.0,1,789,-7.7189,-18.9803,3.4801
momentum,16,scaling,4.0,1,790,-3.8963,-1.9281,2.5241
momentum,16,scaling,4.0,1,791,-4.7077,-16.4730,3.5419
momentum,16,scaling,4.0,1,792,-6.9167,-11.4697,0.1168
momentum,16,scaling,4.0,1,793,3.0386,-1.1619,5.2731
momentum,16,scaling,4.0,1,794,6.5960,-2.5388,5.8144
momentum,16,scaling,4.0,1,795,-6.4378,-16.4500,5.3162
momentum,16,scaling,4.0,1,796,-2.1735,2.9572,1.9164
momentum,16,scaling,4.0,1,797,-5.4552,-22.6010,3.0382
momentum,16,scaling,4.0,1,798,-4.2747,-3.4894,3.6505
momentum,16,scaling,4.0,1,799,-5.1892,-9.9678,1.3694
momentum,16,scaling,4.0,1,800,-5.6070,-9.9530,3.4126
momentum,16,scaling,4.0,1,801,-1.4123,-5.1514,2.8876
momentum,16,scaling,4.0,1,802,-1.6759,-15.0397,2.8504
momentum,16,scaling,4.0,1,803,-8.5037,-15.5672,0.2217
momentum,16,scaling,4.0,1,804,3.7809,-0.1713,2.4615
momentum,16,scaling,4.0,1,805,2.2392,-18.0346,6.8170
momentum,16,scaling,4.0,1,806,-8.4511,-27.5482,2.6142
momentum,16,scaling,4.0,1,807,-0.5647,-6.1094,0.7509
momentum,16,scaling,4.0,1,808,-12.1677,-17.3351,0.5581
momentum,16,scaling,4.0,1,809,-9.5048,-2.6075,2.7870
momentum,16,scaling,4.0,1,810,-12.0053,-14.5184,3.1648
momentum,16,scaling,4.0,1,811,-2.7656,-4.4826,4.6707
momentum,16,scaling,4.0,1,812,-3.2328,-4.1202,1.1941
momentum,16,scaling,4.0,1,813,-5.9008,-11.5103,2.9551
momentum,16,scaling,4.0,1,814,-5.5207,-19.4467,3.0624
momentum,16,scaling,4.0,1,815,-4.0895,-12.3507,2.8317
momentum,16,scaling,4.0,1,816,-6.0795,-23.1694,3.9029
momentum,16,scaling,4.0,1,817,-5.9709,8.9809,5.8707
momentum,16,scaling,4.0,1,818,-7.5424,-20.3770,2.9235
momentum,16,scaling,4.0,1,819,-8.2409,-24.6013,2.9747
momentum,16,scaling,4.0,1,820,-3.4329,-9.8833,4.8237
momentum,16,scaling,4.0,1,821,-9.7720,-16.6512,1.6036
momentum,16,scaling,4.0,1,822,-3.5194,-7.5791,3.3442
momentum,16,scaling,4.0,1,823,-7.3153,-14.1167,1.3978
momentum,16,scaling,4.0,1,824,-0.9580,-7.5136,3.0326
momentum,16,scaling,4.0,1,825,3.4979,-17.9475,4.5342
momentum,16,scaling,4.0,1,826,2.5987,-13.8756,6.5290
momentum,16,scaling,4.0,1,827,-11.5896,-12.6457,-0.7963
momentum,16,scaling,4.0,1,828,-13.0820,-18.9743,0.6934
momentum,16,scaling,4.0,1,829,-3.7901,-7.8728,1.4853
momentum,16,scaling,4.0,1,830,-6.0204,-15.5238,2.8117
momentum,16,scaling,4.0,1,831,-12.0283,-1.7180,-0.2416
momentum,16,scaling,4.0,1,832,-5.2640,-9.9351,2.3164
momentum,16,scaling,4.0,1,833,-11.3239,-9.2518,-0.0410
momentum,16,scaling,4.0,1,834,-4.1777,-16.3373,3.7952
momentum,16,scaling,4.0,1,835,-10.8935,-14.9644,0.4186
momentum,16,scaling,4.0,1,836,-9.0933,-6.0923,1.7893
momentum,16,scaling,4.0,1,837,-6.0839,-9.9426,3.3329
momentum,16,scaling,4.0,1,838,-1.6733,-13.2644,2.5104
momentum,16,scaling,4.0,1,839,-4.9733,-23.4274,3.1797
momentum,16,scaling,4.0,1,840,-4.4750,-14.5463,2.7788
momentum,16,scaling,4.0,1,841,-2.7028,-10.4201,4.1825
momentum,16,scaling,4.0,1,842,-6.9322,-15.5486,3.1453
momentum,16,scaling,4.0,1,843,-10.9254,1.2826,4.2757
momentum,16,scaling,4.0,1,844,-1.5476,-19.4934,4.3909
momentum,16,scaling,4.0,1,845,-7.5893,-17.1081,2.2360
momentum,16,scaling,4.0,1,846,-13.1109,-7.5993,1.7271
momentum,16,scaling,4.0,1,847,-16.0668,-29.7306,0.6987
momentum,16,scaling,4.0,1,848,2.2160,-1.2732,4.4922
momentum,16,scaling,4.0,1,849,-11.5621,-17.6701,3.4249
momentum,16,scaling,4.0,1,850,-1.2946,-7.6298,3.4016
momentum,16,scaling,4.0,1,851,2.3134,-10.7616,4.3019
momentum,16,scaling,4.0,1,852,-7.7327,-14.8367,1.3489
momentum,16,scaling,4.0,1,853,-2.5773,-13.9545,2.9631
momentum,16,scaling,4.0,1,854,-7.0196,-18.4085,3.5425
momentum,16,scaling,4.0,1,855,-13.3057,-18.0431,2.0193
momentum,16,scaling,4.0,1,856,4.7887,10.7075,4.1578
momentum,16,scaling,4.0,1,857,-3.3732,-6.4245,2.8831
momentum,16,scaling,4.0,1,858,-6.7559,-12.2881,0.0388
momentum,16,scaling,4.0,1,859,-5.4453,-4.8355,0.4950
momentum,16,scaling,4.0,1,860,-4.3176,-12.3152,2.4776
momentum,16,scaling,4.0,1,861,-13.7414,-8.1797,0.0822
momentum,16,scaling,4.0,1,862,-9.5117,-22.4709,3.2471
momentum,16,scaling,4.0,1,863,-9.0805,-10.8644,1.7941
momentum,16,scaling,4.0,1,864,-6.0874,-15.7741,2.3520
momentum,16,scaling,4.0,1,865,-12.8311,-21.9206,0.0505
momentum,16,scaling,4.0,1,866,-12.6352,-10.7369,1.4090
momentum,16,scaling,4.0,1,867,-5.9565,-23.0878,2.4660
momentum,16,scaling,4.0,1,868,-12.1915,-14.5114,0.3649
momentum,16,scaling,4.0,1,869,-8.1553,11.6445,1.9606
momentum,16,scaling,4.0,1,870,-4.0302,-20.3876,2.7345
momentum,16,scaling,4.0,1,871,-5.3220,-16.3897,3.0016
momentum,16,scaling,4.0,1,872,-5.8936,-11.2678,2.6772
momentum,16,scaling,4.0,1,873,-1.8598,-21.4325,4.0047
momentum,16,scaling,4.0,1,874,-8.3313,-0.8679,3.1693
momentum,16,scaling,4.0,1,875,-5.7693,-14.1843,-0.0472
momentum,16,scaling,4.0,1,876,-1.8744,-21.1602,4.9296
momentum,16,scaling,4.0,1,877,-15.6509,-25.8785,0.6327
momentum,16,scaling,4.0,1,878,-6.0901,-21.4868,3.7044
momentum,16,scaling,4.0,1,879,2.7072,5.9826,1.2436
momentum,16,scaling,4.0,1,880,-3.0565,-10.7360,1.6923
momentum,16,scaling,4.0,1,881,-10.3815,-18.5096,-0.2821
momentum,16,scaling,4.0,1,882,-7.7672,-16.6594,2.7334
momentum,16,scaling,4.0,1,883,-7.7257,-21.5438,2.3761
momentum,16,scaling,4.0,1,884,1.0687,4.5386,1.3792
momentum,16,scaling,4.0,1,885,-6.7493,-7.2613,1.5146
momentum,16,scaling,4.0,1,886,-1.4178,-14.1949,3.0973
momentum,16,scaling,4.0,1,887,-2.0046,-15.2513,2.5796
momentum,16,scaling,4.0,1,888,-7.6342,-13.1255,2.4357
momentum,16,scaling,4.0,1,889,-15.7512,-20.4092,2.3507
momentum,16,scaling,4.0,1,890,-4.8436,-2.5101,3.1616
momentum,16,scaling,4.0,1,891,-3.3676,-2.5226,1.7394
momentum,16,scaling,4.0,1,892,-7.6213,-19.5486,4.6805
momentum,16,scaling,4.0,1,893,-1.0625,-13.0019,3.3668
momentum,16,scaling,4.0,1,894,-1.6552,-5.2717,3.0911
momentum,16,scaling,4.0,1,895,-8.7387,-22.3630,2.9917
momentum,16,scaling,4.0,1,896,-8.3877,-18.2544,3.3627
momentum,16,scaling,4.0,1,897,-9.8557,-12.5964,1.1040
momentum,16,scaling,4.0,1,898,-7.9154,-12.7220,3.1101
momentum,16,scaling,4.0,1,899,-11.9568,-25.9534,2.4925
momentum,16,scaling,4.0,1,900,6.0232,4.8272,4.2421
momentum,16,scaling,4.0,1,901,-12.8067,-19.3615,1.7855
momentum,16,scaling,4.0,1,902,-3.3623,-14.8048,2.7547
momentum,16,scaling,4.0,1,903,-7.8072,-19.3203,3.1343
momentum,16,scaling,4.0,1,904,-1.5512,-0.5532,6.5914
momentum,16,scaling,4.0,1,905,-1.1790,-11.2162,3.3710
momentum,16,scaling,4.0,1,906,-4.6622,-13.9964,4.0475
momentum,16,scaling,4.0,1,907,-12.7920,-22.4057,0.5219
momentum,16,scaling,4.0,1,908,-12.5410,-11.2020,0.9073
momentum,16,scaling,4.0,1,909,0.0438,-19.0952,5.1568
momentum,16,scaling,4.0,1,910,-10.1107,0.4378,-0.2069
momentum,16,scaling,4.0,1,911,-4.7070,-18.7559,3.0944
momentum,16,scaling,4.0,1,912,-10.5050,-24.0335,3.2832
momentum,16,scaling,4.0,1,913,0.8497,-8.9993,2.6716
momentum,16,scaling,4.0,1,914,0.7331,-15.9722,5.7698
momentum,16,scaling,4.0,1,915,-8.7712,-14.2551,2.7446
momentum,16,scaling,4.0,1,916,-2.1926,-12.5308,4.6174
momentum,16,scaling,4.0,1,917,-3.2980,-14.1474,3.0877
momentum,16,scaling,4.0,1,918,-8.4427,-17.2778,0.8519
momentum,16,scaling,4.0,1,919,-6.9825,-15.1715,3.8356
momentum,16,scaling,4.0,1,920,-10.8337,-10.0060,1.5860
momentum,16,scaling,4.0,1,921,0.7541,-3.1679,2.4194
momentum,16,scaling,4.0,1,922,-6.6892,-3.9408,1.6208
momentum,16,scaling,4.0,1,923,-3.5048,-14.3617,3.3151
momentum,16,scaling,4.0,1,924,-6.4194,-13.7236,1.1351
momentum,16,scaling,4.0,1,925,-12.4219,-20.6603,2.6304
momentum,16,scaling,4.0,1,926,-8.7265,-18.5363,2.3800
momentum,16,scaling,4.0,1,927,-5.3990,-13.1957,3.9033
momentum,16,scaling,4.0,1,928,-7.4353,-12.2769,1.4456
momentum,16,scaling,4.0,1,929,-11.5902,-10.5218,-0.8575
momentum,16,scaling,4.0,1,930,0.3707,-4.2075,1.9801
momentum,16,scaling,4.0,1,931,-0.5299,-14.7304,3.0561
momentum,16,scaling,4.0,1,932,-4.0859,-14.4581,2.8335
momentum,16,scaling,4.0,1,933,-4.2862,-12.2694,2.6015
momentum,16,scaling,4.0,1,934,-2.6372,-5.6133,1.7731
momentum,16,scaling,4.0,1,935,-9.5707,-15.7927,1.1497
momentum,16,scaling,4.0,1,936,-5.9509,-15.5143,1.7238
momentum,16,scaling,4.0,1,937,-11.3441,-9.4659,0.1649
momentum,16,scaling,4.0,1,938,-12.1210,-13.4090,2.0221
momentum,16,scaling,4.0,1,939,-6.2741,0.5813,1.5277
momentum,16,scaling,4.0,1,940,-0.6633,-6.3947,4.1452
momentum,16,scaling,4.0,1,941,-10.0779,-11.5706,0.6172
momentum,16,scaling,4.0,1,942,-3.9186,0.4380,4.9086
momentum,16,scaling,4.0,1,943,-9.2859,-14.5442,4.1885
momentum,16,scaling,4.0,1,944,2.6463,-13.6809,3.5293
momentum,16,scaling,4.0,1,945,-3.3656,-14.7962,3.0989
momentum,16,scaling,4.0,1,946,-0.8635,-13.5263,3.2118
momentum,16,scaling,4.0,1,947,-8.3974,-14.5593,2.7173
momentum,16,scaling,4.0,1,948,0.5535,-18.8766,2.4648
momentum,16,scaling,4.0,1,949,-5.8582,-20.1839,5.5919
momentum,16,scaling,4.0,1,950,-9.4378,-24.2620,2.0216
momentum,16,scaling,4.0,1,951,-10.7329,3.7861,0.0862
momentum,16,scaling,4.0,1,952,-12.4787,-15.4238,1.9646
momentum,16,scaling,4.0,1,953,0.3540,-17.1321,5.2642
momentum,16,scaling,4.0,1,954,-1.4212,2.8560,-0.1472
momentum,16,scaling,4.0,1,955,-6.5358,-12.4466,3.9950
momentum,16,scaling,4.0,1,956,-4.2358,-12.5305,2.3801
momentum,16,scaling,4.0,1,957,-5.2890,-16.3939,2.8742
momentum,16,scaling,4.0,1,958,1.2819,-15.1909,5.4764
momentum,16,scaling,4.0,1,959,-12.1807,-32.8173,2.6877
momentum,16,scaling,4.0,1,960,-7.8247,1.4255,4.0723
momentum,16,scaling,4.0,1,961,-7.0008,-13.6858,0.7538
momentum,16,scaling,4.0,1,962,-2.0801,3.9586,1.4311
momentum,16,scaling,4.0,1,963,0.5413,-2.5176,3.4865
momentum,16,scaling,4.0,1,964,-5.8741,-14.7674,3.0976
momentum,16,scaling,4.0,1,965,0.8625,-14.4194,4.4022
momentum,16,scaling,4.0,1,966,1.9002,-14.1902,3.4472
momentum,16,scaling,4.0,1,967,-4.8294,-18.4715,4.0682
momentum,16,scaling,4.0,1,968,-4.4891,-11.9260,0.9768
momentum,16,scaling,4.0,1,969,-1.7135,-1.6029,1.8109
momentum,16,scaling,4.0,1,970,-10.8553,-10.3433,-0.1872
momentum,16,scaling,4.0,1,971,-6.6089,4.9501,1.0478
momentum,16,scaling,4.0,1,972,-5.5159,-13.4550,3.1479
momentum,16,scaling,4.0,1,973,-6.5300,-14.3884,3.9318
momentum,16,scaling,4.0,1,974,-3.2659,-7.9990,1.7765
momentum,16,scaling,4.0,1,975,-6.8231,-0.5320,-0.3823
momentum,16,scaling,4.0,1,976,5.1684,-4.7071,4.1151
momentum,16,scaling,4.0,1,977,-11.7454,-24.5070,2.5187
momentum,16,scaling,4.0,1,978,-2.0463,-1.5329,-0.0641
momentum,16,scaling,4.0,1,979,-5.6048,-11.1499,4.0551
momentum,16,scaling,4.0,1,980,-9.3320,-16.3498,3.2315
momentum,16,scaling,4.0,1,981,-6.8073,-27.5650,3.2797
momentum,16,scaling,4.0,1,982,-4.5499,-15.4321,2.9945
momentum,16,scaling,4.0,1,983,-8.9144,-14.9027,2.3233
momentum,16,scaling,4.0,1,984,-4.0553,4.8104,1.5618
momentum,16,scaling,4.0,1,985,-13.4891,-15.2614,0.3451
momentum,16,scaling,4.0,1,986,4.0118,-12.5098,5.8607
momentum,16,scaling,4.0,1,987,-11.7600,-15.1830,2.1753
momentum,16,scaling,4.0,1,988,-4.4613,-7.4210,2.2629
momentum,16,scaling,4.0,1,989,-7.9406,-12.1997,3.6528
momentum,16,scaling,4.0,1,990,-5.5468,-8.7036,5.2669
momentum,16,scaling,4.0,1,991,-12.1134,-15.6818,2.2595
momentum,16,scaling,4.0,1,992,-5.3934,-21.3117,4.1516
momentum,16,scaling,4.0,1,993,-9.0640,-12.4669,0.4780
momentum,16,scaling,4.0,1,994,-8.9730,-1.0940,0.4313
momentum,16,scaling,4.0,1,995,-2.3577,-8.5623,2.7874
momentum,16,scaling,4.0,1,996,-3.6696,-1.6796,-0.9679
momentum,16,scaling,4.0,1,997,0.4377,-15.1107,4.3967
momentum,16,scaling,4.0,1,998,-4.7246,-23.1165,1.5954
momentum,16,scaling,4.0,1,999,-7.5475,-11.2455,1.2604
momentum,16,scaling,4.0,1,1000,-2.9321,-4.3485,0.5990
informed,16,scaling,4.0,1,1,-7.9438,11.5603,-1.1450
informed,16,scaling,4.0,1,2,2.7268,26.1468,1.6952
informed,16,scaling,4.0,1,3,-12.6511,12.6882,-1.7015
informed,16,scaling,4.0,1,4,-6.1457,20.8008,-0.5553
informed,16,scaling,4.0,1,5,-10.8808,3.9573,-1.6704
informed,16,scaling,4.0,1,6,-3.0374,14.4934,-1.2130
informed,16,scaling,4.0,1,7,2.3805,13.7554,1.8980
informed,16,scaling,4.0,1,8,-9.8728,-4.5409,1.2952
informed,16,scaling,4.0,1,9,-6.2741,9.8710,0.0624
informed,16,scaling,4.0,1,10,-3.0450,6.1662,0.6225
informed,16,scaling,4.0,1,11,-5.2392,10.4842,-0.7887
informed,16,scaling,4.0,1,12,2.2970,11.4153,2.6555
informed,16,scaling,4.0,1,13,-3.0306,24.4096,0.8690
informed,16,scaling,4.0,1,14,-13.9061,7.2902,-1.3061
informed,16,scaling,4.0,1,15,-7.0073,0.8202,0.0131
informed,16,scaling,4.0,1,16,-2.8519,39.0153,-2.0274
informed,16,scaling,4.0,1,17,-10.0350,-2.4997,-1.3726
informed,16,scaling,4.0,1,18,-5.9219,6.5834,-1.3342
informed,16,scaling,4.0,1,19,-7.4385,5.6407,-0.2151
informed,16,scaling,4.0,1,20,-10.7925,9.4083,-0.4664
informed,16,scaling,4.0,1,21,-6.8927,-0.5019,0.5056
informed,16,scaling,4.0,1,22,-13.5654,4.2185,-2.1611
informed,16,scaling,4.0,1,23,-10.9062,28.2521,-2.0085
informed,16,scaling,4.0,1,24,-9.7677,2.3311,0.4885
informed,16,scaling,4.0,1,25,-5.3511,6.9717,-0.0499
informed,16,scaling,4.0,1,26,-0.1338,3.3076,0.1251
informed,16,scaling,4.0,1,27,-5.9958,6.8032,-0.1917
informed,16,scaling,4.0,1,28,2.8957,21.3409,0.0459
informed,16,scaling,4.0,1,29,-5.7957,0.9277,-0.7090
informed,16,scaling,4.0,1,30,-1.6609,10.6055,2.1186
informed,16,scaling,4.0,1,31,-12.2314,22.1427,-1.5383
informed,16,scaling,4.0,1,32,-10.8365,8.8527,-1.7446
informed,16,scaling,4.0,1,33,1.3305,25.8042,2.6413
informed,16,scaling,4.0,1,34,-6.3099,3.6893,-1.4621
informed,16,scaling,4.0,1,35,-3.5167,-0.3256,-0.1413
informed,16,scaling,4.0,1,36,-6.7270,12.6891,-2.4243
informed,16,scaling,4.0,1,37,-4.0105,14.9183,0.9163
informed,16,scaling,4.0,1,38,0.6862,12.5621,1.8088
informed,16,scaling,4.0,1,39,-0.6868,18.5430,2.2367
informed,16,scaling,4.0,1,40,-10.1445,9.8281,-1.3392
informed,16,scaling,4.0,1,41,-1.4522,15.2287,-0.2425
informed,16,scaling,4.0,1,42,-12.4137,30.4996,-2.4673
informed,16,scaling,4.0,1,43,-0.6586,19.2321,0.3823
informed,16,scaling,4.0,1,44,1.1297,16.6530,-0.6262
informed,16,scaling,4.0,1,45,-7.7882,10.6118,-1.5048
informed,16,scaling,4.0,1,46,-10.5445,-1.0028,-0.3134
informed,16,scaling,4.0,1,47,-7.8819,14.2971,-2.7947
informed,16,scaling,4.0,1,48,-1.5751,0.5354,1.3473
informed,16,scaling,4.0,1,49,-0.9010,4.7915,2.0488
informed,16,scaling,4.0,1,50,-7.4529,27.9229,-2.6849
informed,16,scaling,4.0,1,51,-1.2325,11.6229,-0.9256
informed,16,scaling,4.0,1,52,0.5556,13.1934,1.6602
informed,16,scaling,4.0,1,53,-2.3036,2.7108,-0.0197
informed,16,scaling,4.0,1,54,-9.6787,8.6895,-1.1702
informed,16,scaling,4.0,1,55,-2.7860,6.1788,0.9196
informed,16,scaling,4.0,1,56,-2.6140,11.4831,2.1520
informed,16,scaling,4.0,1,57,2.0268,26.8274,-0.4518
informed,16,scaling,4.0,1,58,-8.4616,10.5214,-0.3803
informed,16,scaling,4.0,1,59,-1.8792,2.9282,-0.1693
informed,16,scaling,4.0,1,60,-6.2027,7.0573,2.3977
informed,16,scaling,4.0,1,61,0.5752,11.4037,1.4256
informed,16,scaling,4.0,1,62,-5.5476,9.1256,0.0032
informed,16,scaling,4.0,1,63,-2.1713,1.3780,0.8010
informed,16,scaling,4.0,1,64,-6.8875,18.2390,-2.3667
informed,16,scaling,4.0,1,65,-2.3277,13.4618,1.2505
informed,16,scaling,4.0,1,66,-2.5073,8.5529,-2.5195
informed,16,scaling,4.0,1,67,-12.4911,14.4564,-2.5626
informed,16,scaling,4.0,1,68,-9.5639,2.3295,-1.3521
informed,16,scaling,4.0,1,69,-4.3763,11.9004,2.1063
informed,16,scaling,4.0,1,70,3.8175,15.5852,1.3020
informed,16,scaling,4.0,1,71,-1.9776,2.4846,3.9451
informed,16,scaling,4.0,1,72,-7.2424,31.5549,-2.1961
informed,16,scaling,4.0,1,73,-10.2356,17.6272,-0.9952
informed,16,scaling,4.0,1,74,-13.5140,10.2927,-2.0710
informed,16,scaling,4.0,1,75,-1.6117,6.9964,0.2829
informed,16,scaling,4.0,1,76,-8.5880,7.6368,-1.6039
informed,16,scaling,4.0,1,77,-2.3591,28.4824,-0.3132
informed,16,scaling,4.0,1,78,-2.4095,13.4574,0.1149
informed,16,scaling,4.0,1,79,-14.4291,11.2962,-2.2268
informed,16,scaling,4.0,1,80,-6.0352,4.0874,-1.6986
informed,16,scaling,4.0,1,81,-7.6992,3.8571,-0.0599
informed,16,scaling,4.0,1,82,-1.7664,32.1985,0.9417
informed,16,scaling,4.0,1,83,-3.3984,13.6629,0.4067
informed,16,scaling,4.0,1,84,1.4045,10.5098,0.5726
informed,16,scaling,4.0,1,85,1.2866,9.3413,0.5540
informed,16,scaling,4.0,1,86,-4.0429,9.2596,0.9193
informed,16,scaling,4.0,1,87,-11.0177,8.7048,-1.6250
informed,16,scaling,4.0,1,88,-9.1328,3.7291,-0.3783
informed,16,scaling,4.0,1,89,0.5954,14.3875,0.7968
informed,16,scaling,4.0,1,90,-4.5014,-0.3049,1.3553
informed,16,scaling,4.0,1,91,-2.1576,19.6549,-0.5858
informed,16,scaling,4.0,1,92,-8.5246,14.9490,-2.5680
informed,16,scaling,4.0,1,93,-5.7373,12.7829,1.5155
informed,16,scaling,4.0,1,94,-8.8577,12.5681,-1.3193
informed,16,scaling,4.0,1,95,-2.0035,8.6253,-1.6022
informed,16,scaling,4.0,1,96,-4.6180,-0.3204,-0.5953
informed,16,scaling,4.0,1,97,-17.6042,19.1046,-4.1965
informed,16,scaling,4.0,1,98,-10.5908,11.4375,-2.0603
informed,16,scaling,4.0,1,99,-0.6523,21.2205,1.5105
informed,16,scaling,4.0,1,100,-1.0862,11.6599,0.1058
informed,16,scaling,4.0,1,101,-4.9137,14.3404,0.3200
informed,16,scaling,4.0,1,102,-3.4917,21.2659,-1.8475
informed,16,scaling,4.0,1,103,-11.1797,18.5355,-0.3097
informed,16,scaling,4.0,1,104,-7.5459,-1.6355,0.0546
informed,16,scaling,4.0,1,105,0.5016,12.7311,-0.3514
informed,16,scaling,4.0,1,106,-9.1336,25.0012,-1.8909
informed,16,scaling,4.0,1,107,-7.7301,2.6243,-0.7342
informed,16,scaling,4.0,1,108,-5.4858,26.9776,-1.4563
informed,16,scaling,4.0,1,109,-2.7562,16.3468,-2.3154
informed,16,scaling,4.0,1,110,-2.1088,24.6930,0.2748
informed,16,scaling,4.0,1,111,-3.6901,21.1297,-0.6334
informed,16,scaling,4.0,1,112,-9.0415,11.3805,-1.1133
informed,16,scaling,4.0,1,113,-8.7854,-1.4417,-1.7416
informed,16,scaling,4.0,1,114,-9.0987,12.4127,-0.1583
informed,16,scaling,4.0,1,115,-6.7633,29.5036,-1.6238
informed,16,scaling,4.0,1,116,-6.8966,11.3406,-2.5251
informed,16,scaling,4.0,1,117,-4.2778,4.7411,0.7139
informed,16,scaling,4.0,1,118,-0.7476,16.9913,-1.3918
informed,16,scaling,4.0,1,119,-5.8904,12.5278,-0.6864
informed,16,scaling,4.0,1,120,-4.0847,11.0342,-1.3585
informed,16,scaling,4.0,1,121,1.2849,9.1966,0.3341
informed,16,scaling,4.0,1,122,-7.7073,24.2078,-1.7919
informed,16,scaling,4.0,1,123,-2.8983,34.5107,-0.8641
informed,16,scaling,4.0,1,124,-2.5814,14.1796,0.5202
informed,16,scaling,4.0,1,125,-4.8141,6.8307,0.0220
informed,16,scaling,4.0,1,126,2.0195,9.2963,0.7182
informed,16,scaling,4.0,1,127,1.7218,7.2247,1.5217
informed,16,scaling,4.0,1,128,-8.2439,9.7596,-0.1680
informed,16,scaling,4.0,1,129,-4.9538,8.2259,2.4295
informed,16,scaling,4.0,1,130,0.6980,7.3519,1.7646
informed,16,scaling,4.0,1,131,-6.7043,19.9341,0.2064
informed,16,scaling,4.0,1,132,-3.2104,28.0737,-1.6480
informed,16,scaling,4.0,1,133,-1.5550,15.5141,0.7170
informed,16,scaling,4.0,1,134,4.7745,26.7200,1.6642
informed,16,scaling,4.0,1,135,-2.1481,20.1712,-0.7203
informed,16,scaling,4.0,1,136,-2.6706,10.1993,1.7731
informed,16,scaling,4.0,1,137,-3.8557,31.0166,-3.8153
informed,16,scaling,4.0,1,138,-2.1519,15.3215,0.7651
informed,16,scaling,4.0,1,139,-2.4317,27.4113,-1.1747
informed,16,scaling,4.0,1,140,-8.5063,7.2562,-1.9682
informed,16,scaling,4.0,1,141,-2.7993,23.5608,-0.9760
informed,16,scaling,4.0,1,142,-9.2592,0.2728,-0.8230
informed,16,scaling,4.0,1,143,-8.3058,20.7811,-2.2859
informed,16,scaling,4.0,1,144,-6.4513,2.4730,-1.1875
informed,16,scaling,4.0,1,145,-9.8832,11.7666,-2.5043
informed,16,scaling,4.0,1,146,1.2635,19.6213,-0.8846
informed,16,scaling,4.0,1,147,-0.3147,6.5887,1.5447
informed,16,scaling,4.0,1,148,-7.6725,10.7652,-0.3760
informed,16,scaling,4.0,1,149,-1.2906,20.4899,0.4775
informed,16,scaling,4.0,1,150,-6.4212,8.6630,-1.0152
informed,16,scaling,4.0,1,151,-12.0859,4.6376,-0.1549
informed,16,scaling,4.0,1,152,-10.8026,8.1271,-0.4119
informed,16,scaling,4.0,1,153,-1.2538,9.5335,-0.9286
informed,16,scaling,4.0,1,154,-9.8540,30.0676,-1.4164
informed,16,scaling,4.0,1,155,-3.0320,13.3029,0.1895
informed,16,scaling,4.0,1,156,-11.2553,0.3890,-1.6887
informed,16,scaling,4.0,1,157,-2.7141,1.7561,-0.8859
informed,16,scaling,4.0,1,158,-6.0206,4.3192,-0.3091
informed,16,scaling,4.0,1,159,-20.4028,6.5108,-3.0353
informed,16,scaling,4.0,1,160,-10.1713,-1.4143,0.2781
informed,16,scaling,4.0,1,161,-4.4043,35.0300,-1.3227
informed,16,scaling,4.0,1,162,-1.1360,34.0204,-2.8425
informed,16,scaling,4.0,1,163,-8.6136,10.1740,-1.6373
informed,16,scaling,4.0,1,164,-5.0244,29.7527,-0.8154
informed,16,scaling,4.0,1,165,-7.5670,4.0738,-1.4014
informed,16,scaling,4.0,1,166,-0.8060,11.1042,1.6383
informed,16,scaling,4.0,1,167,-3.4538,20.1671,-2.1744
informed,16,scaling,4.0,1,168,2.7968,16.4743,-0.3750
informed,16,scaling,4.0,1,169,-4.6483,14.1200,-0.5615
informed,16,scaling,4.0,1,170,0.6107,6.7572,0.9549
informed,16,scaling,4.0,1,171,-5.2800,-1.0492,-0.3396
informed,16,scaling,4.0,1,172,-0.6266,15.5154,1.5711
informed,16,scaling,4.0,1,173,-0.2407,26.9387,-1.8137
informed,16,scaling,4.0,1,174,-7.4222,10.4488,-1.1927
informed,16,scaling,4.0,1,175,-3.9623,22.9624,-0.8283
informed,16,scaling,4.0,1,176,-7.6304,6.7313,-2.0365
informed,16,scaling,4.0,1,177,-5.5667,22.6393,-2.6404
informed,16,scaling,4.0,1,178,-4.1416,4.5831,1.0516
informed,16,scaling,4.0,1,179,-4.5784,4.0762,0.5432
informed,16,scaling,4.0,1,180,-3.5975,21.5062,-1.1814
informed,16,scaling,4.0,1,181,-7.3970,16.9850,0.0315
informed,16,scaling,4.0,1,182,-2.1821,22.9687,0.1826
informed,16,scaling,4.0,1,183,1.8478,5.4086,3.7027
informed,16,scaling,4.0,1,184,-2.7472,7.6399,0.6033
informed,16,scaling,4.0,1,185,-6.0171,9.2046,-0.1474
informed,16,scaling,4.0,1,186,-7.5275,-1.6491,0.1236
informed,16,scaling,4.0,1,187,-6.5515,14.6219,-1.2174
informed,16,scaling,4.0,1,188,-1.5864,21.8560,-1.7233
informed,16,scaling,4.0,1,189,-3.4757,23.0880,-0.2683
informed,16,scaling,4.0,1,190,-3.2642,14.1232,-0.0261
informed,16,scaling,4.0,1,191,-1.7383,13.4381,1.0931
informed,16,scaling,4.0,1,192,-5.3096,-3.0755,0.2522
informed,16,scaling,4.0,1,193,-3.7002,11.5476,-0.5898
informed,16,scaling,4.0,1,194,-8.4817,10.9903,-0.4085
informed,16,scaling,4.0,1,195,1.4706,10.4656,1.8233
informed,16,scaling,4.0,1,196,5.5719,14.7694,3.4551
informed,16,scaling,4.0,1,197,-7.3265,7.1656,-1.2527
informed,16,scaling,4.0,1,198,0.6581,7.3254,1.6903
informed,16,scaling,4.0,1,199,-9.2423,1.1229,-0.6815
informed,16,scaling,4.0,1,200,-5.9498,7.0814,-0.1536
informed,16,scaling,4.0,1,201,-2.4022,17.7109,-1.0158
informed,16,scaling,4.0,1,202,-1.7671,13.4839,0.7732
informed,16,scaling,4.0,1,203,-1.4429,7.2062,0.6354
informed,16,scaling,4.0,1,204,-7.6437,-1.8730,0.0557
informed,16,scaling,4.0,1,205,-12.0207,4.4021,-0.9992
informed,16,scaling,4.0,1,206,-4.3532,6.9492,-0.4862
informed,16,scaling,4.0,1,207,4.7363,17.5371,2.0102
informed,16,scaling,4.0,1,208,-11.5318,3.4363,-1.6300
informed,16,scaling,4.0,1,209,-22.2742,-0.2689,-2.2914
informed,16,scaling,4.0,1,210,-15.3887,7.0401,-3.4548
informed,16,scaling,4.0,1,211,-3.9557,-0.0757,1.3622
informed,16,scaling,4.0,1,212,-0.2571,14.5697,1.0544
informed,16,scaling,4.0,1,213,-4.4223,12.0349,-0.7819
informed,16,scaling,4.0,1,214,-5.4165,19.5868,-1.2632
informed,16,scaling,4.0,1,215,-6.9225,5.0653,0.6590
informed,16,scaling,4.0,1,216,-6.8997,27.4927,-1.7901
informed,16,scaling,4.0,1,217,-1.7100,21.5068,-1.9498
informed,16,scaling,4.0,1,218,-5.8204,6.5497,-0.2345
informed,16,scaling,4.0,1,219,-3.7207,1.2598,0.6574
informed,16,scaling,4.0,1,220,-6.5465,5.3407,-0.8497
informed,16,scaling,4.0,1,221,-8.1665,26.6600,-1.4939
informed,16,scaling,4.0,1,222,-0.2018,0.5837,1.8151
informed,16,scaling,4.0,1,223,-6.6899,8.9979,-2.4796
informed,16,scaling,4.0,1,224,1.7143,16.1282,0.5631
informed,16,scaling,4.0,1,225,-0.3671,4.6363,0.5021
informed,16,scaling,4.0,1,226,-9.3028,-1.0318,0.2356
informed,16,scaling,4.0,1,227,-3.3039,4.1748,0.8983
informed,16,scaling,4.0,1,228,-0.3281,23.8284,0.9443
informed,16,scaling,4.0,1,229,-3.5944,10.4776,-0.1603
informed,16,scaling,4.0,1,230,-5.6353,10.0916,-1.2751
informed,16,scaling,4.0,1,231,-1.2301,5.9079,1.1084
informed,16,scaling,4.0,1,232,-9.7641,2.8132,-2.0754
informed,16,scaling,4.0,1,233,-4.1199,7.8740,-1.0908
informed,16,scaling,4.0,1,234,-14.5243,-5.5922,-0.5149
informed,16,scaling,4.0,1,235,-5.0419,20.0006,0.1019
informed,16,scaling,4.0,1,236,-11.1505,16.7794,-2.5118
informed,16,scaling,4.0,1,237,-0.8253,13.0841,1.1771
informed,16,scaling,4.0,1,238,-2.6417,7.4308,0.4436
informed,16,scaling,4.0,1,239,-2.6368,15.8225,0.0456
informed,16,scaling,4.0,1,240,-4.8546,8.2542,-1.2270
informed,16,scaling,4.0,1,241,-7.1116,8.5634,-2.1279
informed,16,scaling,4.0,1,242,1.4988,11.0250,-0.1562
informed,16,scaling,4.0,1,243,-0.9938,17.1650,-0.1521
informed,16,scaling,4.0,1,244,-1.0402,15.9704,0.6487
informed,16,scaling,4.0,1,245,-7.2255,18.6768,-2.6501
informed,16,scaling,4.0,1,246,0.6874,12.6043,1.6568
informed,16,scaling,4.0,1,247,-5.9445,6.4927,0.6098
informed,16,scaling,4.0,1,248,-11.8566,-14.1370,0.5479
informed,16,scaling,4.0,1,249,-2.9549,7.8700,0.1119
informed,16,scaling,4.0,1,250,1.0294,16.1538,0.5825
informed,16,scaling,4.0,1,251,-2.0629,26.2880,-0.5886
informed,16,scaling,4.0,1,252,-10.3341,3.4247,-0.2293
informed,16,scaling,4.0,1,253,-5.5955,3.1499,0.4626
informed,16,scaling,4.0,1,254,-14.0521,0.9092,-1.1201
informed,16,scaling,4.0,1,255,-1.7326,10.3785,-1.4837
informed,16,scaling,4.0,1,256,0.1837,24.4093,-0.7503
informed,16,scaling,4.0,1,257,-7.1251,12.7258,-2.0587
informed,16,scaling,4.0,1,258,-6.8794,0.3507,1.1590
informed,16,scaling,4.0,1,259,-13.6676,18.5891,-2.3319
informed,16,scaling,4.0,1,260,-3.2911,15.2806,0.3394
informed,16,scaling,4.0,1,261,-3.0433,7.9133,0.1724
informed,16,scaling,4.0,1,262,-6.9354,0.3292,-0.2495
informed,16,scaling,4.0,1,263,-9.4389,0.3673,-1.3266
informed,16,scaling,4.0,1,264,-2.0051,5.4365,-0.3995
informed,16,scaling,4.0,1,265,-15.7239,2.8703,-2.8967
informed,16,scaling,4.0,1,266,-11.3679,1.8743,-0.5404
informed,16,scaling,4.0,1,267,-4.3332,22.6236,-0.8959
informed,16,scaling,4.0,1,268,-9.5226,5.5156,-2.6659
informed,16,scaling,4.0,1,269,-5.9481,1.0285,-0.7006
informed,16,scaling,4.0,1,270,-2.5826,12.4284,-1.6731
informed,16,scaling,4.0,1,271,-9.7116,24.6099,-3.2670
informed,16,scaling,4.0,1,272,0.2453,9.7049,2.0450
informed,16,scaling,4.0,1,273,-1.8819,23.4236,1.0731
informed,16,scaling,4.0,1,274,-8.8113,9.4309,-1.0190
informed,16,scaling,4.0,1,275,-4.4692,6.7498,0.5498
informed,16,scaling,4.0,1,276,-5.0777,28.4259,0.8757
informed,16,scaling,4.0,1,277,2.7242,17.1937,1.0332
informed,16,scaling,4.0,1,278,-6.2302,15.6819,-0.8071
informed,16,scaling,4.0,1,279,-5.6359,7.2074,-0.8380
informed,16,scaling,4.0,1,280,-7.3796,6.0807,-0.2458
informed,16,scaling,4.0,1,281,-1.3311,0.7264,1.5669
informed,16,scaling,4.0,1,282,-9.5481,0.3609,-1.1901
informed,16,scaling,4.0,1,283,-5.1573,9.5457,-1.5389
informed,16,scaling,4.0,1,284,-19.1937,31.6003,-2.7990
informed,16,scaling,4.0,1,285,-7.0838,-1.6957,-0.4518
informed,16,scaling,4.0,1,286,-7.9601,9.3898,-0.8962
informed,16,scaling,4.0,1,287,-0.9830,12.8430,-1.2361
informed,16,scaling,4.0,1,288,-0.8067,14.4060,0.2638
informed,16,scaling,4.0,1,289,-6.0465,11.1045,1.4991
informed,16,scaling,4.0,1,290,-7.9683,12.9071,-0.2001
informed,16,scaling,4.0,1,291,-10.9429,5.2519,-2.8989
informed,16,scaling,4.0,1,292,-13.4323,3.8834,-2.3730
informed,16,scaling,4.0,1,293,-17.0986,-3.7939,-1.6381
informed,16,scaling,4.0,1,294,-0.8343,19.0280,-1.9615
informed,16,scaling,4.0,1,295,-4.6574,9.4856,-1.3105
informed,16,scaling,4.0,1,296,-1.6181,16.0159,0.2544
informed,16,scaling,4.0,1,297,3.8615,18.6917,1.1997
informed,16,scaling,4.0,1,298,-1.6402,29.3981,0.0572
informed,16,scaling,4.0,1,299,-4.1681,6.5154,-0.0822
informed,16,scaling,4.0,1,300,-7.9622,2.9963,0.2631
informed,16,scaling,4.0,1,301,-8.1863,5.4066,-0.5100
informed,16,scaling,4.0,1,302,-5.1582,21.9241,0.0627
informed,16,scaling,4.0,1,303,-0.4133,27.6721,-0.3301
informed,16,scaling,4.0,1,304,4.1137,17.1349,1.2196
informed,16,scaling,4.0,1,305,-4.3474,1.7144,-0.4251
informed,16,scaling,4.0,1,306,-9.6760,26.8810,-5.5364
informed,16,scaling,4.0,1,307,-6.5945,6.6351,-2.0376
informed,16,scaling,4.0,1,308,-0.7436,0.3254,1.3240
informed,16,scaling,4.0,1,309,-4.9026,25.1505,-1.1552
informed,16,scaling,4.0,1,310,-2.3997,13.9950,-0.2907
informed,16,scaling,4.0,1,311,-6.5237,17.4832,-1.6294
informed,16,scaling,4.0,1,312,-8.4959,25.0872,-1.1837
informed,16,scaling,4.0,1,313,-7.5344,6.7085,0.0950
informed,16,scaling,4.0,1,314,-8.4441,36.7243,-2.8057
informed,16,scaling,4.0,1,315,0.9090,7.8461,1.0623
informed,16,scaling,4.0,1,316,-6.0312,23.1815,-2.5761
informed,16,scaling,4.0,1,317,-7.6040,2.9756,-1.7203
informed,16,scaling,4.0,1,318,1.4206,32.4717,2.1039
informed,16,scaling,4.0,1,319,-12.7074,13.6847,-1.0020
informed,16,scaling,4.0,1,320,0.4726,9.2058,-0.3681
informed,16,scaling,4.0,1,321,-3.8558,23.7123,-0.4094
informed,16,scaling,4.0,1,322,0.1096,8.1297,1.0152
informed,16,scaling,4.0,1,323,-0.1248,26.7497,-2.4668
informed,16,scaling,4.0,1,324,-0.9155,2.4200,2.1284
informed,16,scaling,4.0,1,325,-6.9429,-0.2720,0.5265
informed,16,scaling,4.0,1,326,-8.7818,24.4242,-1.1417
informed,16,scaling,4.0,1,327,-1.1619,3.0649,2.4871
informed,16,scaling,4.0,1,328,-2.8915,-2.1286,1.2637
informed,16,scaling,4.0,1,329,-4.0716,8.2014,-0.1133
informed,16,scaling,4.0,1,330,-10.5059,3.5043,-1.7368
informed,16,scaling,4.0,1,331,1.0082,41.8624,0.2027
informed,16,scaling,4.0,1,332,-3.1231,20.2381,-1.5575
informed,16,scaling,4.0,1,333,-12.9044,12.5324,-2.5258
informed,16,scaling,4.0,1,334,-4.1055,4.5860,2.2027
informed,16,scaling,4.0,1,335,2.1847,22.9396,1.5382
informed,16,scaling,4.0,1,336,-7.4982,5.1953,-0.4362
informed,16,scaling,4.0,1,337,-4.2125,8.4601,-3.2536
informed,16,scaling,4.0,1,338,-10.8737,6.8251,-2.7330
informed,16,scaling,4.0,1,339,2.0799,15.1928,1.0862
informed,16,scaling,4.0,1,340,-5.3978,4.7159,0.8623
informed,16,scaling,4.0,1,341,-0.7400,13.0142,-0.0994
informed,16,scaling,4.0,1,342,-5.4525,-1.7665,0.9464
informed,16,scaling,4.0,1,343,-8.3710,13.1985,-1.5901
informed,16,scaling,4.0,1,344,-3.1956,12.9139,0.0141
informed,16,scaling,4.0,1,345,-2.8473,8.0810,0.5779
informed,16,scaling,4.0,1,346,0.4698,23.4224,0.9109
informed,16,scaling,4.0,1,347,-17.1555,-8.1924,-2.0155
informed,16,scaling,4.0,1,348,-15.4219,2.0775,-1.3923
informed,16,scaling,4.0,1,349,-0.2380,9.3809,0.4081
informed,16,scaling,4.0,1,350,2.2912,18.6709,0.4543
informed,16,scaling,4.0,1,351,-8.8819,-1.6737,0.2939
informed,16,scaling,4.0,1,352,-5.4433,4.4730,-1.0403
informed,16,scaling,4.0,1,353,-3.1772,24.0560,-2.5401
informed,16,scaling,4.0,1,354,-6.7163,25.8233,-1.7746
informed,16,scaling,4.0,1,355,-0.8077,27.6687,-0.6805
informed,16,scaling,4.0,1,356,1.8363,15.6434,0.6380
informed,16,scaling,4.0,1,357,-2.5984,15.3583,-1.3319
informed,16,scaling,4.0,1,358,-4.4363,18.8351,-1.4354
informed,16,scaling,4.0,1,359,-6.9229,5.2669,-0.0238
informed,16,scaling,4.0,1,360,-6.5645,16.4852,0.9610
informed,16,scaling,4.0,1,361,-1.5768,7.9067,0.5694
informed,16,scaling,4.0,1,362,-11.5192,7.0621,-3.9614
informed,16,scaling,4.0,1,363,-4.5535,19.4162,0.0024
informed,16,scaling,4.0,1,364,0.0303,10.0199,2.7005
informed,16,scaling,4.0,1,365,-8.4748,7.4210,-2.0581
informed,16,scaling,4.0,1,366,-6.9706,5.0057,0.9715
informed,16,scaling,4.0,1,367,4.6381,37.3421,1.5021
informed,16,scaling,4.0,1,368,-5.1264,16.3843,-1.1920
informed,16,scaling,4.0,1,369,-7.0258,5.8174,0.1925
informed,16,scaling,4.0,1,370,-11.0190,11.9423,-1.3844
informed,16,scaling,4.0,1,371,-1.9087,14.8723,-0.2718
informed,16,scaling,4.0,1,372,-6.7433,10.8521,-1.0403
informed,16,scaling,4.0,1,373,-14.0206,1.3773,-2.1616
informed,16,scaling,4.0,1,374,0.5423,5.9477,0.9153
informed,16,scaling,4.0,1,375,-10.1241,8.8502,-1.0774
informed,16,scaling,4.0,1,376,-15.1661,9.0135,-5.1240
informed,16,scaling,4.0,1,377,-6.6272,6.6037,0.3780
informed,16,scaling,4.0,1,378,-4.9201,45.7995,-3.2993
informed,16,scaling,4.0,1,379,-2.2490,40.5817,-1.7752
informed,16,scaling,4.0,1,380,-1.5092,20.5121,-2.3291
informed,16,scaling,4.0,1,381,-6.2702,11.8785,-0.0890
informed,16,scaling,4.0,1,382,-10.3439,16.6166,-0.6778
informed,16,scaling,4.0,1,383,-0.4405,10.0063,-0.7439
informed,16,scaling,4.0,1,384,2.5332,26.8840,-0.5507
informed,16,scaling,4.0,1,385,-4.6258,1.2437,0.6520
informed,16,scaling,4.0,1,386,-10.0007,14.9982,-2.9290
informed,16,scaling,4.0,1,387,-9.0332,5.9533,-0.2178
informed,16,scaling,4.0,1,388,-16.6754,9.8834,-2.7079
informed,16,scaling,4.0,1,389,-11.9629,12.6729,-1.3776
informed,16,scaling,4.0,1,390,-12.4061,28.3137,-3.3425
informed,16,scaling,4.0,1,391,1.7477,10.4699,1.4362
informed,16,scaling,4.0,1,392,-7.2966,18.2041,-1.3447
informed,16,scaling,4.0,1,393,-6.6273,9.4579,0.8963
informed,16,scaling,4.0,1,394,-11.3749,15.0913,-2.0502
informed,16,scaling,4.0,1,395,-9.8322,6.1902,-1.6934
informed,16,scaling,4.0,1,396,-16.1711,-2.7422,-1.5982
informed,16,scaling,4.0,1,397,2.6151,6.7153,1.3938
informed,16,scaling,4.0,1,398,-4.7470,10.5629,-0.1791
informed,16,scaling,4.0,1,399,-4.2874,0.7714,1.0042
informed,16,scaling,4.0,1,400,-7.8678,15.0764,-4.7307
informed,16,scaling,4.0,1,401,-12.6140,2.1947,-1.5532
informed,16,scaling,4.0,1,402,-8.9091,-0.6191,-1.1140
informed,16,scaling,4.0,1,403,-7.2753,7.6063,-1.3945
informed,16,scaling,4.0,1,404,-9.7333,34.7753,-3.5558
informed,16,scaling,4.0,1,405,-10.2012,9.5047,-1.3317
informed,16,scaling,4.0,1,406,-3.6910,11.3348,0.3974
informed,16,scaling,4.0,1,407,-2.3664,3.6792,0.7810
informed,16,scaling,4.0,1,408,-7.5563,12.5592,-1.2978
informed,16,scaling,4.0,1,409,-4.1252,9.3686,0.5122
informed,16,scaling,4.0,1,410,-11.5746,16.1710,-2.7255
informed,16,scaling,4.0,1,411,-1.8458,11.6518,0.1839
informed,16,scaling,4.0,1,412,-4.7758,7.4598,0.3332
informed,16,scaling,4.0,1,413,-9.1850,0.5343,1.4408
informed,16,scaling,4.0,1,414,-9.6098,7.3403,-0.1899
informed,16,scaling,4.0,1,415,-1.0325,22.3859,-0.7255
informed,16,scaling,4.0,1,416,-1.4287,20.7264,-1.7774
informed,16,scaling,4.0,1,417,-4.1216,13.9858,-1.1142
informed,16,scaling,4.0,1,418,-7.3018,2.6964,-1.0044
informed,16,scaling,4.0,1,419,2.1545,15.8638,1.7825
informed,16,scaling,4.0,1,420,-6.1509,21.1665,-0.9428
informed,16,scaling,4.0,1,421,-5.0766,-2.5511,-0.2494
informed,16,scaling,4.0,1,422,-5.6082,17.9836,-0.9128
informed,16,scaling,4.0,1,423,-4.7887,19.8706,0.0925
informed,16,scaling,4.0,1,424,-4.4801,1.0583,-0.4512
informed,16,scaling,4.0,1,425,-9.6806,3.6849,-1.5377
informed,16,scaling,4.0,1,426,-8.2712,2.5248,0.0792
informed,16,scaling,4.0,1,427,-0.3389,14.2274,1.5472
informed,16,scaling,4.0,1,428,-20.4014,-11.3199,-1.6447
informed,16,scaling,4.0,1,429,-10.4556,11.8743,-0.2704
informed,16,scaling,4.0,1,430,-0.9918,17.2414,-0.0668
informed,16,scaling,4.0,1,431,-10.3755,10.9715,-1.8958
informed,16,scaling,4.0,1,432,-8.8722,8.8224,-1.5812
informed,16,scaling,4.0,1,433,-6.7554,-1.6907,1.4754
informed,16,scaling,4.0,1,434,-1.8488,15.6130,-0.6746
informed,16,scaling,4.0,1,435,-2.0301,10.1637,1.4404
informed,16,scaling,4.0,1,436,-6.7422,4.6705,-1.1460
informed,16,scaling,4.0,1,437,-6.8566,7.0979,1.0500
informed,16,scaling,4.0,1,438,-3.2706,19.7059,0.2891
informed,16,scaling,4.0,1,439,-17.0894,38.7506,-4.2865
informed,16,scaling,4.0,1,440,-10.2878,4.9180,-1.9520
informed,16,scaling,4.0,1,441,-10.0861,20.2206,-2.0272
informed,16,scaling,4.0,1,442,-12.4672,5.9561,-3.4062
informed,16,scaling,4.0,1,443,-7.5002,1.6942,0.4435
informed,16,scaling,4.0,1,444,-6.1845,10.8260,0.3335
informed,16,scaling,4.0,1,445,-3.9677,3.6420,0.1821
informed,16,scaling,4.0,1,446,-6.5926,10.2934,-2.3732
informed,16,scaling,4.0,1,447,-0.9424,13.4546,-0.2052
informed,16,scaling,4.0,1,448,-8.6536,23.7211,-3.1492
informed,16,scaling,4.0,1,449,-5.0554,25.0315,-2.2849
informed,16,scaling,4.0,1,450,-10.9420,-2.8780,0.4930
informed,16,scaling,4.0,1,451,-6.8026,19.9609,-0.9036
informed,16,scaling,4.0,1,452,-7.4508,3.8901,-0.8984
informed,16,scaling,4.0,1,453,-9.4276,7.0456,0.0678
informed,16,scaling,4.0,1,454,1.9911,26.3239,0.1319
informed,16,scaling,4.0,1,455,-11.9494,3.1737,-1.9854
informed,16,scaling,4.0,1,456,-13.6909,-0.1167,-1.1650
informed,16,scaling,4.0,1,457,-7.4909,21.3376,-2.8084
informed,16,scaling,4.0,1,458,-4.3710,10.8868,-0.3252
informed,16,scaling,4.0,1,459,-10.4922,21.0778,-1.0078
informed,16,scaling,4.0,1,460,-5.9598,5.0445,-0.8048
informed,16,scaling,4.0,1,461,-2.8850,4.8988,1.6162
informed,16,scaling,4.0,1,462,-6.2126,13.2135,-0.3161
informed,16,scaling,4.0,1,463,2.4909,14.5841,0.9010
informed,16,scaling,4.0,1,464,-4.0429,6.7919,-2.3819
informed,16,scaling,4.0,1,465,-9.6334,8.7817,0.7136
informed,16,scaling,4.0,1,466,-4.7371,27.7072,-1.8229
informed,16,scaling,4.0,1,467,-7.2933,18.6212,-3.1633
informed,16,scaling,4.0,1,468,-6.5169,3.8196,1.6375
informed,16,scaling,4.0,1,469,-4.7775,4.8976,0.1350
informed,16,scaling,4.0,1,470,-7.7487,12.1899,-1.2996
informed,16,scaling,4.0,1,471,-11.8867,-1.4953,-2.0494
informed,16,scaling,4.0,1,472,-4.7251,3.6314,1.6115
informed,16,scaling,4.0,1,473,-3.2226,8.6085,-0.9327
informed,16,scaling,4.0,1,474,-11.1309,5.7794,-2.7082
informed,16,scaling,4.0,1,475,-14.4961,-5.3678,0.0737
informed,16,scaling,4.0,1,476,-10.3397,8.6269,-2.2297
informed,16,scaling,4.0,1,477,-4.2884,8.1222,0.7958
informed,16,scaling,4.0,1,478,-2.5342,3.2020,0.5045
informed,16,scaling,4.0,1,479,-1.1595,1.9546,0.8770
informed,16,scaling,4.0,1,480,-9.1504,6.5994,-1.0919
informed,16,scaling,4.0,1,481,-4.8582,8.5086,-0.8504
informed,16,scaling,4.0,1,482,-13.2964,9.7473,-3.4009
informed,16,scaling,4.0,1,483,-1.0334,17.6333,1.8565
informed,16,scaling,4.0,1,484,-9.1665,18.7955,-3.6861
informed,16,scaling,4.0,1,485,-5.1275,6.9265,-0.3150
informed,16,scaling,4.0,1,486,-11.1322,6.0565,-2.2951
informed,16,scaling,4.0,1,487,-2.7544,2.2540,-0.1531
informed,16,scaling,4.0,1,488,-3.1900,10.1874,-0.0553
informed,16,scaling,4.0,1,489,0.8437,7.7722,2.8328
informed,16,scaling,4.0,1,490,-14.8866,26.2894,-3.4933
informed,16,scaling,4.0,1,491,-8.0066,0.3973,-0.5783
informed,16,scaling,4.0,1,492,-12.3090,15.2886,-2.3863
informed,16,scaling,4.0,1,493,3.7150,26.1670,-1.0563
informed,16,scaling,4.0,1,494,-4.6104,8.8384,-1.6073
informed,16,scaling,4.0,1,495,-10.7914,14.0570,-2.6385
informed,16,scaling,4.0,1,496,-2.7413,20.0156,-1.0359
informed,16,scaling,4.0,1,497,-8.6167,14.4080,-0.2453
informed,16,scaling,4.0,1,498,1.4101,7.4559,0.6711
informed,16,scaling,4.0,1,499,-6.9715,10.4571,-0.7839
informed,16,scaling,4.0,1,500,-3.8398,4.9426,0.5394
informed,16,scaling,4.0,1,501,-5.5610,-0.6418,0.1001
informed,16,scaling,4.0,1,502,-0.8257,9.4382,0.8948
informed,16,scaling,4.0,1,503,-6.2593,-0.3739,0.1785
informed,16,scaling,4.0,1,504,-7.0911,6.8978,-1.6215
informed,16,scaling,4.0,1,505,-3.8830,25.5141,0.7494
informed,16,scaling,4.0,1,506,-2.0346,7.8041,-0.8856
informed,16,scaling,4.0,1,507,-6.8493,1.1358,0.5967
informed,16,scaling,4.0,1,508,-17.2677,13.1402,-4.8110
informed,16,scaling,4.0,1,509,-3.2905,4.9416,0.2599
informed,16,scaling,4.0,1,510,-3.5148,8.2417,0.3639
informed,16,scaling,4.0,1,511,-12.2947,14.0527,-1.9095
informed,16,scaling,4.0,1,512,0.6589,12.7463,1.3734
informed,16,scaling,4.0,1,513,0.0941,14.9447,-0.2154
informed,16,scaling,4.0,1,514,-1.7469,4.3040,-0.7417
informed,16,scaling,4.0,1,515,0.8728,11.1971,1.2968
informed,16,scaling,4.0,1,516,-10.6166,16.6249,-2.1782
informed,16,scaling,4.0,1,517,-5.7687,19.9553,-2.2872
informed,16,scaling,4.0,1,518,-3.9701,20.0101,0.0387
informed,16,scaling,4.0,1,519,-8.8090,-0.3774,-0.4558
informed,16,scaling,4.0,1,520,-10.9042,0.4694,-1.8460
informed,16,scaling,4.0,1,521,-11.1260,9.3374,-2.7900
informed,16,scaling,4.0,1,522,1.4068,14.7409,1.0014
informed,16,scaling,4.0,1,523,-10.1092,15.9753,-1.5779
informed,16,scaling,4.0,1,524,-8.4290,-0.3893,-0.2756
informed,16,scaling,4.0,1,525,-7.0829,10.7885,0.2454
informed,16,scaling,4.0,1,526,-7.8069,-1.0298,0.1025
informed,16,scaling,4.0,1,527,-7.2694,1.0819,-0.9186
informed,16,scaling,4.0,1,528,-0.2406,9.5974,0.8887
informed,16,scaling,4.0,1,529,-2.6669,26.1231,-0.9063
informed,16,scaling,4.0,1,530,-7.8207,46.9324,-2.4507
informed,16,scaling,4.0,1,531,-2.2542,6.7698,1.3399
informed,16,scaling,4.0,1,532,-4.1152,1.9089,0.3515
informed,16,scaling,4.0,1,533,-1.8058,5.5221,-0.0447
informed,16,scaling,4.0,1,534,-12.5780,12.2306,-1.6799
informed,16,scaling,4.0,1,535,-8.9073,-1.5718,-1.1060
informed,16,scaling,4.0,1,536,-9.8875,28.8388,-2.1810
informed,16,scaling,4.0,1,537,-12.5634,-5.1610,0.1277
informed,16,scaling,4.0,1,538,-1.5164,20.1355,-0.1806
informed,16,scaling,4.0,1,539,-4.8473,8.0943,-1.2355
informed,16,scaling,4.0,1,540,-3.8379,6.3912,0.2630
informed,16,scaling,4.0,1,541,-11.6502,-10.1470,-0.6022
informed,16,scaling,4.0,1,542,-0.9855,14.2183,1.0875
informed,16,scaling,4.0,1,543,-10.3954,8.5304,-0.5399
informed,16,scaling,4.0,1,544,-11.9794,20.5363,-3.3283
informed,16,scaling,4.0,1,545,-6.1537,5.0379,-0.7278
informed,16,scaling,4.0,1,546,-6.1795,12.6206,-0.1637
informed,16,scaling,4.0,1,547,-1.9227,11.8795,2.8642
informed,16,scaling,4.0,1,548,-1.4616,9.5801,-0.9043
informed,16,scaling,4.0,1,549,-0.4093,3.4820,0.6890
informed,16,scaling,4.0,1,550,-0.3347,7.9715,1.2357
informed,16,scaling,4.0,1,551,-2.6124,12.8478,-1.4023
informed,16,scaling,4.0,1,552,2.1935,16.7873,1.9123
informed,16,scaling,4.0,1,553,0.3571,11.4850,-0.4254
informed,16,scaling,4.0,1,554,-3.9867,-1.1346,0.4109
informed,16,scaling,4.0,1,555,-4.5767,11.5861,-1.7201
informed,16,scaling,4.0,1,556,-6.7457,9.1443,1.8095
informed,16,scaling,4.0,1,557,-4.1515,23.3755,-3.2538
informed,16,scaling,4.0,1,558,-5.8421,25.2630,-0.6763
informed,16,scaling,4.0,1,559,0.3489,27.2201,-1.1576
informed,16,scaling,4.0,1,560,-19.1836,-0.0799,-2.7518
informed,16,scaling,4.0,1,561,-7.3108,16.9957,-0.7081
informed,16,scaling,4.0,1,562,2.8233,14.6887,2.9031
informed,16,scaling,4.0,1,563,-7.3983,18.3533,-1.1552
informed,16,scaling,4.0,1,564,-2.2089,13.6580,-0.0633
informed,16,scaling,4.0,1,565,-16.1802,2.8431,-0.7037
informed,16,scaling,4.0,1,566,-6.9204,0.3624,-0.9920
informed,16,scaling,4.0,1,567,-4.1002,9.0903,0.2272
informed,16,scaling,4.0,1,568,-1.2797,32.9812,-0.4092
informed,16,scaling,4.0,1,569,-3.8445,11.5425,-0.8331
informed,16,scaling,4.0,1,570,-12.8108,9.2281,-1.7479
informed,16,scaling,4.0,1,571,-5.4337,18.0426,-1.2457
informed,16,scaling,4.0,1,572,-6.8010,11.4772,-0.0833
informed,16,scaling,4.0,1,573,-1.1701,2.0871,0.9755
informed,16,scaling,4.0,1,574,-10.2582,17.9204,-3.0671
informed,16,scaling,4.0,1,575,-6.8907,1.1912,-0.8041
informed,16,scaling,4.0,1,576,-1.9857,9.5553,-0.7347
informed,16,scaling,4.0,1,577,-6.6942,26.2472,-2.2550
informed,16,scaling,4.0,1,578,-3.6744,28.0062,-1.5648
informed,16,scaling,4.0,1,579,-7.1012,23.3090,-0.1058
informed,16,scaling,4.0,1,580,-6.1631,13.3768,-1.6916
informed,16,scaling,4.0,1,581,-19.9830,0.3416,-4.2316
informed,16,scaling,4.0,1,582,-7.5704,3.6008,1.3680
informed,16,scaling,4.0,1,583,-15.9082,7.4569,-2.6675
informed,16,scaling,4.0,1,584,-3.7705,1.4863,2.0939
informed,16,scaling,4.0,1,585,1.0913,7.6385,0.3414
informed,16,scaling,4.0,1,586,-6.4945,37.7189,-1.3984
informed,16,scaling,4.0,1,587,-3.3138,8.1313,0.8500
informed,16,scaling,4.0,1,588,-10.7394,12.8955,-0.8999
informed,16,scaling,4.0,1,589,-7.1753,-5.4452,-0.1341
informed,16,scaling,4.0,1,590,-12.4611,8.5797,-1.9917
informed,16,scaling,4.0,1,591,-11.3563,7.7771,-1.0986
informed,16,scaling,4.0,1,592,-3.8367,13.9386,-0.5569
informed,16,scaling,4.0,1,593,3.8179,35.6244,2.8364
informed,16,scaling,4.0,1,594,-5.1199,11.7441,-0.9115
informed,16,scaling,4.0,1,595,-13.3336,-7.6439,-0.5970
informed,16,scaling,4.0,1,596,-7.4901,24.5967,0.4151
informed,16,scaling,4.0,1,597,-11.5648,-3.4408,-2.8149
informed,16,scaling,4.0,1,598,-9.7719,11.7271,-1.0783
informed,16,scaling,4.0,1,599,-9.0218,9.5850,-1.8374
informed,16,scaling,4.0,1,600,-4.7465,8.5529,-1.9817
informed,16,scaling,4.0,1,601,-10.5039,7.3641,-2.1737
informed,16,scaling,4.0,1,602,-6.7692,40.3049,0.4113
informed,16,scaling,4.0,1,603,-6.6828,7.3553,-1.4720
informed,16,scaling,4.0,1,604,-13.3025,-6.1116,-0.8023
informed,16,scaling,4.0,1,605,-7.8111,30.9498,-2.9906
informed,16,scaling,4.0,1,606,-12.1141,-9.0328,-0.6826
informed,16,scaling,4.0,1,607,-1.9621,11.8960,2.7107
informed,16,scaling,4.0,1,608,1.4450,12.6828,0.9952
informed,16,scaling,4.0,1,609,-2.1767,12.2545,1.0145
informed,16,scaling,4.0,1,610,-0.5929,27.8623,-0.1642
informed,16,scaling,4.0,1,611,-14.2686,13.8182,-0.0593
informed,16,scaling,4.0,1,612,-9.8235,17.8962,-1.5333
informed,16,scaling,4.0,1,613,-9.1573,17.5864,-3.2962
informed,16,scaling,4.0,1,614,-14.4323,29.0788,-3.7611
informed,16,scaling,4.0,1,615,-6.4345,20.7849,-0.9428
informed,16,scaling,4.0,1,616,-2.2490,12.3012,1.7086
informed,16,scaling,4.0,1,617,-7.6581,12.2401,-0.4074
informed,16,scaling,4.0,1,618,1.4785,11.5905,2.4814
informed,16,scaling,4.0,1,619,-11.6342,0.7915,-2.0723
informed,16,scaling,4.0,1,620,-19.1591,5.0642,-3.5946
informed,16,scaling,4.0,1,621,-11.8804,3.1951,-1.3545
informed,16,scaling,4.0,1,622,-2.1314,5.1402,0.0445
informed,16,scaling,4.0,1,623,-8.3222,31.7691,-2.3034
informed,16,scaling,4.0,1,624,-10.8997,33.6371,-1.3142
informed,16,scaling,4.0,1,625,-11.0602,-4.3641,0.7335
informed,16,scaling,4.0,1,626,0.3075,24.3190,-0.0589
informed,16,scaling,4.0,1,627,-9.9369,7.6882,-1.2676
informed,16,scaling,4.0,1,628,-11.5682,6.1092,-1.8599
informed,16,scaling,4.0,1,629,-13.3068,0.8419,-2.7184
informed,16,scaling,4.0,1,630,-9.8081,4.9587,-0.9943
informed,16,scaling,4.0,1,631,-1.4943,12.6945,-1.0556
informed,16,scaling,4.0,1,632,-3.4428,21.9503,1.0926
informed,16,scaling,4.0,1,633,-13.8083,-1.0623,-1.8304
informed,16,scaling,4.0,1,634,-0.9800,13.1767,1.9337
informed,16,scaling,4.0,1,635,2.0516,-4.2451,3.3018
informed,16,scaling,4.0,1,636,-1.7628,10.7548,0.5490
informed,16,scaling,4.0,1,637,-8.2866,3.5110,-0.5646
informed,16,scaling,4.0,1,638,-11.2813,5.6514,-1.2674
informed,16,scaling,4.0,1,639,-3.0839,1.7359,-1.3361
informed,16,scaling,4.0,1,640,-2.8530,4.4142,0.8825
informed,16,scaling,4.0,1,641,-5.9475,8.8463,0.1769
informed,16,scaling,4.0,1,642,3.1926,11.1160,3.3360
informed,16,scaling,4.0,1,643,-4.2865,28.2631,-0.4755
informed,16,scaling,4.0,1,644,-3.8390,26.5320,-1.1066
informed,16,scaling,4.0,1,645,-5.5711,10.4970,1.0806
informed,16,scaling,4.0,1,646,-0.9235,10.6641,1.8503
informed,16,scaling,4.0,1,647,-10.6701,-10.8092,0.6724
informed,16,scaling,4.0,1,648,3.5721,14.5797,-0.2906
informed,16,scaling,4.0,1,649,-8.2121,7.9984,-1.7446
informed,16,scaling,4.0,1,650,-0.6839,32.0425,-0.3076
informed,16,scaling,4.0,1,651,-1.7224,11.6192,2.2344
informed,16,scaling,4.0,1,652,-7.0497,5.5326,-0.8102
informed,16,scaling,4.0,1,653,-6.4514,16.7808,-1.1914
informed,16,scaling,4.0,1,654,-5.0255,5.1430,-0.7026
informed,16,scaling,4.0,1,655,-3.6124,12.4268,0.1491
informed,16,scaling,4.0,1,656,-10.1967,5.7757,-2.3330
informed,16,scaling,4.0,1,657,-5.4028,-3.0997,0.5580
informed,16,scaling,4.0,1,658,-4.5467,2.7996,0.7950
informed,16,scaling,4.0,1,659,0.5674,16.3794,1.3941
informed,16,scaling,4.0,1,660,-9.6388,13.1670,-1.0414
informed,16,scaling,4.0,1,661,-2.3156,3.9545,-0.0833
informed,16,scaling,4.0,1,662,-2.6877,16.3594,-1.4357
informed,16,scaling,4.0,1,663,-2.4754,16.0347,0.0590
informed,16,scaling,4.0,1,664,-9.6478,-9.5568,-0.3715
informed,16,scaling,4.0,1,665,-6.7218,4.9629,0.1052
informed,16,scaling,4.0,1,666,-4.4008,8.4042,-1.4227
informed,16,scaling,4.0,1,667,-7.5622,2.3460,-1.3823
informed,16,scaling,4.0,1,668,-4.6178,4.6896,0.7243
informed,16,scaling,4.0,1,669,-3.8688,11.2045,-0.7295
informed,16,scaling,4.0,1,670,4.7093,16.4417,4.1010
informed,16,scaling,4.0,1,671,-2.8705,49.4646,-0.0558
informed,16,scaling,4.0,1,672,-5.5602,12.2304,0.0072
informed,16,scaling,4.0,1,673,-4.2829,14.5459,-0.4168
informed,16,scaling,4.0,1,674,-4.9670,16.4367,-1.3442
informed,16,scaling,4.0,1,675,-7.7092,2.8540,0.2191
informed,16,scaling,4.0,1,676,-4.4441,9.9239,-1.0372
informed,16,scaling,4.0,1,677,-12.6315,19.2490,-1.4166
informed,16,scaling,4.0,1,678,-1.3804,8.0903,0.0070
informed,16,scaling,4.0,1,679,-5.9195,7.4696,-1.1196
informed,16,scaling,4.0,1,680,-7.3711,11.4404,-1.1964
informed,16,scaling,4.0,1,681,-0.0882,19.6791,-0.9942
informed,16,scaling,4.0,1,682,-0.0003,4.0704,2.3170
informed,16,scaling,4.0,1,683,-7.4954,1.2409,-0.9538
informed,16,scaling,4.0,1,684,-1.8033,25.5539,-0.0012
informed,16,scaling,4.0,1,685,-6.3417,12.9496,-0.4964
informed,16,scaling,4.0,1,686,-4.3059,3.0090,1.4123
informed,16,scaling,4.0,1,687,-11.2961,27.5202,-2.9844
informed,16,scaling,4.0,1,688,-4.6335,1.4332,0.5417
informed,16,scaling,4.0,1,689,-9.2994,11.5781,0.0632
informed,16,scaling,4.0,1,690,-3.8208,18.8830,0.1587
informed,16,scaling,4.0,1,691,-7.6201,17.5612,-1.3522
informed,16,scaling,4.0,1,692,-6.5667,-1.5602,-0.7103
informed,16,scaling,4.0,1,693,-3.4625,11.5545,0.0244
informed,16,scaling,4.0,1,694,-4.9739,2.3209,0.4087
informed,16,scaling,4.0,1,695,2.0870,22.7466,-1.2202
informed,16,scaling,4.0,1,696,-0.9633,9.1566,0.7262
informed,16,scaling,4.0,1,697,-6.8077,5.3039,-0.7534
informed,16,scaling,4.0,1,698,-2.4907,24.0399,0.4952
informed,16,scaling,4.0,1,699,-7.4612,25.8465,0.0153
informed,16,scaling,4.0,1,700,-7.0386,7.7796,-1.8988
informed,16,scaling,4.0,1,701,2.1037,13.7459,0.8352
informed,16,scaling,4.0,1,702,-14.9961,-5.4849,-2.2175
informed,16,scaling,4.0,1,703,-5.4367,12.3396,-0.6360
informed,16,scaling,4.0,1,704,-5.3600,22.7567,-1.4498
informed,16,scaling,4.0,1,705,-14.3641,4.7293,-1.6188
informed,16,scaling,4.0,1,706,-15.3152,8.3939,-1.8287
informed,16,scaling,4.0,1,707,-8.7553,6.2948,0.5659
informed,16,scaling,4.0,1,708,3.1126,24.8896,2.6880
informed,16,scaling,4.0,1,709,-11.3048,11.4554,-1.4580
informed,16,scaling,4.0,1,710,-2.5240,7.3983,-0.4121
informed,16,scaling,4.0,1,711,7.6570,20.6379,4.1200
informed,16,scaling,4.0,1,712,1.9700,2.9902,3.8636
informed,16,scaling,4.0,1,713,-5.7331,9.0545,-1.2174
informed,16,scaling,4.0,1,714,-15.8819,5.6537,-1.3921
informed,16,scaling,4.0,1,715,-6.2322,16.3000,-1.4182
informed,16,scaling,4.0,1,716,-1.0699,26.1745,0.5075
informed,16,scaling,4.0,1,717,-1.3083,4.5578,1.2281
informed,16,scaling,4.0,1,718,-2.1533,7.8906,-1.8464
informed,16,scaling,4.0,1,719,-9.3039,19.3832,-1.9612
informed,16,scaling,4.0,1,720,-6.0744,13.7735,-1.4085
informed,16,scaling,4.0,1,721,-1.7603,8.2399,2.0064
informed,16,scaling,4.0,1,722,1.8959,17.6393,1.4168
informed,16,scaling,4.0,1,723,-6.3734,5.7308,-0.4094
informed,16,scaling,4.0,1,724,-7.4441,3.7874,0.0986
informed,16,scaling,4.0,1,725,-9.0409,-0.1965,-0.5876
informed,16,scaling,4.0,1,726,-11.0760,6.9856,-3.3491
informed,16,scaling,4.0,1,727,-4.7762,4.3128,0.9663
informed,16,scaling,4.0,1,728,-4.3746,9.0239,-1.3471
informed,16,scaling,4.0,1,729,0.7711,21.7674,-0.3417
informed,16,scaling,4.0,1,730,-6.1205,16.2284,-1.7994
informed,16,scaling,4.0,1,731,-6.2384,9.5537,-0.4792
informed,16,scaling,4.0,1,732,-3.6920,20.8287,0.4744
informed,16,scaling,4.0,1,733,-3.3121,12.4697,-0.0365
informed,16,scaling,4.0,1,734,-9.3697,8.6038,-1.4813
informed,16,scaling,4.0,1,735,-13.4993,23.2005,-1.2015
informed,16,scaling,4.0,1,736,-0.7319,13.6981,-0.0451
informed,16,scaling,4.0,1,737,-1.9641,14.5670,-1.2838
informed,16,scaling,4.0,1,738,-8.1388,-0.2327,-0.4861
informed,16,scaling,4.0,1,739,-6.4743,12.1217,0.3222
informed,16,scaling,4.0,1,740,-8.8626,12.1286,0.5203
informed,16,scaling,4.0,1,741,-2.2352,18.3806,-1.3129
informed,16,scaling,4.0,1,742,-4.7095,13.0990,-0.1843
informed,16,scaling,4.0,1,743,-5.7535,31.1492,-0.4041
informed,16,scaling,4.0,1,744,-16.2176,-3.9709,-1.7813
informed,16,scaling,4.0,1,745,-5.9661,20.6267,-2.1478
informed,16,scaling,4.0,1,746,-13.1467,3.6105,-3.7051
informed,16,scaling,4.0,1,747,-3.5642,0.3920,0.9842
informed,16,scaling,4.0,1,748,-1.8863,5.2980,-0.0506
informed,16,scaling,4.0,1,749,-2.1454,22.1487,0.3742
informed,16,scaling,4.0,1,750,-9.3131,-4.6910,-0.4400
informed,16,scaling,4.0,1,751,-4.9683,16.3417,-0.7687
informed,16,scaling,4.0,1,752,-7.7096,1.4042,-0.3002
informed,16,scaling,4.0,1,753,-3.9831,3.3341,0.8913
informed,16,scaling,4.0,1,754,-3.5168,10.1304,1.1249
informed,16,scaling,4.0,1,755,-13.6367,5.1458,-2.5151
informed,16,scaling,4.0,1,756,4.1823,24.8984,2.4177
informed,16,scaling,4.0,1,757,-5.1433,3.9118,0.5083
informed,16,scaling,4.0,1,758,-1.2391,21.6914,0.7005
informed,16,scaling,4.0,1,759,-6.2500,6.7635,-1.5652
informed,16,scaling,4.0,1,760,-4.9422,4.9609,1.4017
informed,16,scaling,4.0,1,761,-3.6708,17.2755,-0.9895
informed,16,scaling,4.0,1,762,-6.0388,1.2848,0.0140
informed,16,scaling,4.0,1,763,-5.1456,1.8623,-0.9000
informed,16,scaling,4.0,1,764,-0.6823,9.2480,0.7960
informed,16,scaling,4.0,1,765,-8.5390,6.1576,-0.4559
informed,16,scaling,4.0,1,766,-4.9445,13.9445,0.0597
informed,16,scaling,4.0,1,767,-14.8441,9.7672,-3.9868
informed,16,scaling,4.0,1,768,1.1039,15.8170,1.6778
informed,16,scaling,4.0,1,769,-16.1341,-9.6358,1.2560
informed,16,scaling,4.0,1,770,-12.0800,10.4160,-2.4408
informed,16,scaling,4.0,1,771,-10.0344,6.2293,-0.3409
informed,16,scaling,4.0,1,772,-11.6214,9.9456,-1.3983
informed,16,scaling,4.0,1,773,-7.1890,10.8105,-0.9481
informed,16,scaling,4.0,1,774,0.3425,23.9740,0.5355
informed,16,scaling,4.0,1,775,-9.4245,11.6578,-1.4727
informed,16,scaling,4.0,1,776,-5.0606,4.1495,0.6572
informed,16,scaling,4.0,1,777,4.9876,23.1186,4.1835
informed,16,scaling,4.0,1,778,-5.4133,9.6619,0.1040
informed,16,scaling,4.0,1,779,-11.5681,4.8079,-0.7749
informed,16,scaling,4.0,1,780,-5.6486,30.5008,-2.6477
informed,16,scaling,4.0,1,781,-6.8406,10.0484,-0.9366
informed,16,scaling,4.0,1,782,-6.0511,18.1228,-0.7902
informed,16,scaling,4.0,1,783,-0.7213,8.7863,0.6803
informed,16,scaling,4.0,1,784,1.4228,18.2240,0.6398
informed,16,scaling,4.0,1,785,-1.9502,17.7153,-1.1291
informed,16,scaling,4.0,1,786,2.0966,22.9696,0.7330
informed,16,scaling,4.0,1,787,-4.4260,7.8644,-0.7745
informed,16,scaling,4.0,1,788,-2.0236,0.0718,0.2550
informed,16,scaling,4.0,1,789,-7.8009,9.0930,-0.4485
informed,16,scaling,4.0,1,790,-3.3984,28.2545,-1.1599
informed,16,scaling,4.0,1,791,-3.4599,7.4804,-0.0127
informed,16,scaling,4.0,1,792,-7.6399,1.4973,-0.2691
informed,16,scaling,4.0,1,793,3.0113,24.3567,0.9033
informed,16,scaling,4.0,1,794,6.8421,28.1781,2.5046
informed,16,scaling,4.0,1,795,-5.9270,15.1643,0.5712
informed,16,scaling,4.0,1,796,-2.4879,23.9400,-0.3280
informed,16,scaling,4.0,1,797,-3.5683,-0.3051,-0.2513
informed,16,scaling,4.0,1,798,-3.8331,32.0641,-0.8418
informed,16,scaling,4.0,1,799,-4.4097,11.3892,-2.0375
informed,16,scaling,4.0,1,800,-4.6105,20.1229,-0.6472
informed,16,scaling,4.0,1,801,-0.1517,18.7531,-0.2521
informed,16,scaling,4.0,1,802,-2.0715,7.4933,0.4074
informed,16,scaling,4.0,1,803,-8.0377,1.7418,-1.7880
informed,16,scaling,4.0,1,804,0.6797,17.1581,-0.5396
informed,16,scaling,4.0,1,805,-0.0996,13.3682,2.7834
informed,16,scaling,4.0,1,806,-8.5968,-1.6583,-0.3203
informed,16,scaling,4.0,1,807,-2.8846,19.0049,-1.8482
informed,16,scaling,4.0,1,808,-13.0167,9.9978,-2.9488
informed,16,scaling,4.0,1,809,-10.7735,24.5410,-0.4993
informed,16,scaling,4.0,1,810,-9.9136,13.5817,-0.5294
informed,16,scaling,4.0,1,811,-3.8487,16.1126,1.2233
informed,16,scaling,4.0,1,812,-4.5282,8.8929,-1.1316
informed,16,scaling,4.0,1,813,-1.2522,9.6399,0.4827
informed,16,scaling,4.0,1,814,-5.7300,9.4512,-0.7687
informed,16,scaling,4.0,1,815,-5.1981,2.9992,0.3348
informed,16,scaling,4.0,1,816,-3.8424,11.9339,-0.6957
informed,16,scaling,4.0,1,817,-6.0258,41.2005,0.7103
informed,16,scaling,4.0,1,818,-4.9881,1.3788,0.1609
informed,16,scaling,4.0,1,819,-3.8365,7.1356,-1.6576
informed,16,scaling,4.0,1,820,-2.7117,8.7283,2.1610
informed,16,scaling,4.0,1,821,-10.4053,3.0122,-0.7163
informed,16,scaling,4.0,1,822,-2.7139,5.8670,1.2970
informed,16,scaling,4.0,1,823,-6.8619,11.1816,-1.9126
informed,16,scaling,4.0,1,824,-1.8474,19.2082,0.0319
informed,16,scaling,4.0,1,825,1.0810,3.7973,2.2955
informed,16,scaling,4.0,1,826,2.5409,3.4343,4.0843
informed,16,scaling,4.0,1,827,-10.4803,-0.1123,-1.9257
informed,16,scaling,4.0,1,828,-11.2794,-0.5296,-1.2265
informed,16,scaling,4.0,1,829,-2.7128,13.8926,-0.8199
informed,16,scaling,4.0,1,830,-5.2875,11.4715,-0.6123
informed,16,scaling,4.0,1,831,-10.7124,17.0068,-2.9303
informed,16,scaling,4.0,1,832,-4.5087,0.1718,0.9309
informed,16,scaling,4.0,1,833,-14.8268,7.3383,-2.7756
informed,16,scaling,4.0,1,834,-1.5535,9.0443,-0.1649
informed,16,scaling,4.0,1,835,-9.5171,1.5426,-1.8451
informed,16,scaling,4.0,1,836,-4.3580,20.2296,-1.9324
informed,16,scaling,4.0,1,837,-7.5183,17.7206,0.0024
informed,16,scaling,4.0,1,838,-3.4819,11.1276,-0.3951
informed,16,scaling,4.0,1,839,-2.2109,13.3952,-1.6490
informed,16,scaling,4.0,1,840,-4.2867,12.4373,-1.0797
informed,16,scaling,4.0,1,841,-4.3655,3.3043,2.6191
informed,16,scaling,4.0,1,842,-4.7734,9.8688,-0.2166
informed,16,scaling,4.0,1,843,-8.4279,27.8616,-0.2991
informed,16,scaling,4.0,1,844,-2.5198,4.8593,1.3360
informed,16,scaling,4.0,1,845,-7.0973,8.9666,-0.3556
informed,16,scaling,4.0,1,846,-12.5089,6.7999,-0.6259
informed,16,scaling,4.0,1,847,-15.8002,-5.5948,-3.3033
informed,16,scaling,4.0,1,848,1.2322,15.6449,1.8696
informed,16,scaling,4.0,1,849,-9.1674,17.7259,-1.6345
informed,16,scaling,4.0,1,850,-0.7474,18.7970,-0.0309
informed,16,scaling,4.0,1,851,0.3208,18.5425,0.8180
informed,16,scaling,4.0,1,852,-7.1209,3.3174,-1.0510
informed,16,scaling,4.0,1,853,-7.1614,21.1086,-1.0953
informed,16,scaling,4.0,1,854,-5.0521,14.4282,-0.2984
informed,16,scaling,4.0,1,855,-8.5263,6.6149,-0.5440
informed,16,scaling,4.0,1,856,3.5417,33.0822,2.4983
informed,16,scaling,4.0,1,857,-3.4762,11.3394,0.3358
informed,16,scaling,4.0,1,858,-8.2060,2.9068,-1.0034
informed,16,scaling,4.0,1,859,-4.9952,15.1950,-1.9010
informed,16,scaling,4.0,1,860,-2.1449,7.0619,0.3296
informed,16,scaling,4.0,1,861,-13.2277,1.8534,-1.1783
informed,16,scaling,4.0,1,862,-9.9092,0.5781,-0.4021
informed,16,scaling,4.0,1,863,-7.3002,10.6429,-0.5226
informed,16,scaling,4.0,1,864,-5.1671,7.7588,-0.1284
informed,16,scaling,4.0,1,865,-13.7972,-3.4940,-2.1729
informed,16,scaling,4.0,1,866,-12.6588,16.8148,-2.4081
informed,16,scaling,4.0,1,867,-4.7235,5.2520,-1.2199
informed,16,scaling,4.0,1,868,-8.6903,4.1784,-1.7928
informed,16,scaling,4.0,1,869,-6.8885,24.3814,-0.1594
informed,16,scaling,4.0,1,870,-3.7123,-0.1077,0.3971
informed,16,scaling,4.0,1,871,-4.9548,14.3891,-0.8886
informed,16,scaling,4.0,1,872,-5.9688,7.0323,-0.4395
informed,16,scaling,4.0,1,873,-2.9289,3.2524,0.5236
informed,16,scaling,4.0,1,874,-7.6715,33.5759,-1.3940
informed,16,scaling,4.0,1,875,-5.0801,-0.4916,-1.3876
informed,16,scaling,4.0,1,876,0.1348,25.8253,-1.0631
informed,16,scaling,4.0,1,877,-15.6852,0.9381,-2.5329
informed,16,scaling,4.0,1,878,-5.3956,2.0277,0.4606
informed,16,scaling,4.0,1,879,0.6072,18.6797,0.4611
informed,16,scaling,4.0,1,880,-2.8034,3.9917,1.0963
informed,16,scaling,4.0,1,881,-10.7192,4.0838,-1.9352
informed,16,scaling,4.0,1,882,-4.7258,7.8535,-1.1938
informed,16,scaling,4.0,1,883,-6.2012,9.3830,-1.5848
informed,16,scaling,4.0,1,884,-1.1486,19.9129,-1.1398
informed,16,scaling,4.0,1,885,-5.7608,9.0370,-0.4161
informed,16,scaling,4.0,1,886,-1.4208,9.7301,0.8812
informed,16,scaling,4.0,1,887,-3.2865,9.4235,0.0481
informed,16,scaling,4.0,1,888,-6.5562,6.7678,0.0539
informed,16,scaling,4.0,1,889,-13.4171,27.7157,-4.1265
informed,16,scaling,4.0,1,890,-2.8502,22.8639,-0.6422
informed,16,scaling,4.0,1,891,-5.7056,8.7014,0.3301
informed,16,scaling,4.0,1,892,-4.9478,19.8898,-0.9337
informed,16,scaling,4.0,1,893,0.8012,11.3863,-0.1507
informed,16,scaling,4.0,1,894,-3.3070,15.4195,-0.2663
informed,16,scaling,4.0,1,895,-6.4459,10.9179,-1.6242
informed,16,scaling,4.0,1,896,-5.9163,9.6669,-0.7017
informed,16,scaling,4.0,1,897,-8.9316,3.4606,-0.4237
informed,16,scaling,4.0,1,898,-8.7112,19.1391,-0.4214
informed,16,scaling,4.0,1,899,-12.9537,-6.1688,-0.0696
informed,16,scaling,4.0,1,900,2.8509,8.7539,3.5018
informed,16,scaling,4.0,1,901,-9.6474,6.1563,-1.7492
informed,16,scaling,4.0,1,902,-2.8855,4.7079,-0.5244
informed,16,scaling,4.0,1,903,-7.2877,8.0530,-0.0574
informed,16,scaling,4.0,1,904,0.4830,27.8858,2.3570
informed,16,scaling,4.0,1,905,-3.5662,11.9031,0.9646
informed,16,scaling,4.0,1,906,-4.2718,10.9974,-0.3637
informed,16,scaling,4.0,1,907,-12.5610,6.5630,-2.6334
informed,16,scaling,4.0,1,908,-10.9282,10.0469,-1.7007
informed,16,scaling,4.0,1,909,-0.8564,2.3726,2.5053
informed,16,scaling,4.0,1,910,-7.1929,19.2906,-1.8520
informed,16,scaling,4.0,1,911,-4.5177,7.5912,-0.2249
informed,16,scaling,4.0,1,912,-8.6429,-1.6878,0.6490
informed,16,scaling,4.0,1,913,-3.2694,7.7218,0.2384
informed,16,scaling,4.0,1,914,1.7098,12.9122,1.9068
informed,16,scaling,4.0,1,915,-8.9717,16.1921,-2.2910
informed,16,scaling,4.0,1,916,-1.3190,3.7047,1.8198
informed,16,scaling,4.0,1,917,-2.9060,9.2581,0.2535
informed,16,scaling,4.0,1,918,-8.9795,1.8508,-1.0566
informed,16,scaling,4.0,1,919,-7.0960,10.9807,0.7746
informed,16,scaling,4.0,1,920,-8.7001,6.2757,0.3556
informed,16,scaling,4.0,1,921,-0.0231,20.3710,-0.5017
informed,16,scaling,4.0,1,922,-7.0464,18.6482,-1.1260
informed,16,scaling,4.0,1,923,-3.5823,9.0266,0.3674
informed,16,scaling,4.0,1,924,-5.8986,9.7563,-0.8072
informed,16,scaling,4.0,1,925,-11.5416,5.6120,-1.0360
informed,16,scaling,4.0,1,926,-5.7805,7.5870,-1.1377
informed,16,scaling,4.0,1,927,-2.9684,13.2531,0.6751
informed,16,scaling,4.0,1,928,-9.4333,3.9999,-1.0239
informed,16,scaling,4.0,1,929,-12.8194,1.9855,-2.5424
informed,16,scaling,4.0,1,930,-2.6885,8.3446,0.6357
informed,16,scaling,4.0,1,931,-0.5479,-1.6668,1.7228
informed,16,scaling,4.0,1,932,-4.4923,6.9364,0.9975
informed,16,scaling,4.0,1,933,-2.9690,6.6805,-0.3864
informed,16,scaling,4.0,1,934,-3.9599,18.6161,-1.3229
informed,16,scaling,4.0,1,935,-9.2403,3.9565,-1.2707
informed,16,scaling,4.0,1,936,-4.2350,5.8527,-0.7523
informed,16,scaling,4.0,1,937,-9.8539,22.4685,-3.0966
informed,16,scaling,4.0,1,938,-12.1929,11.9946,-1.0522
informed,16,scaling,4.0,1,939,-5.5770,21.6317,-1.5140
informed,16,scaling,4.0,1,940,0.8692,18.4343,0.8564
informed,16,scaling,4.0,1,941,-8.4979,8.3897,-1.9415
informed,16,scaling,4.0,1,942,-5.6514,21.2875,1.1442
informed,16,scaling,4.0,1,943,-6.3749,10.6129,1.0414
informed,16,scaling,4.0,1,944,2.6845,19.1810,-1.0301
informed,16,scaling,4.0,1,945,-4.7211,5.0526,0.8271
informed,16,scaling,4.0,1,946,-3.4024,10.4328,0.1493
informed,16,scaling,4.0,1,947,-7.3428,9.7632,-0.6700
informed,16,scaling,4.0,1,948,-3.0176,-2.7491,0.7220
informed,16,scaling,4.0,1,949,-2.4886,8.5706,0.8721
informed,16,scaling,4.0,1,950,-6.4363,3.9117,-1.5196
informed,16,scaling,4.0,1,951,-10.3657,28.2270,-1.8392
informed,16,scaling,4.0,1,952,-12.4596,8.1560,-0.9420
informed,16,scaling,4.0,1,953,1.5333,8.9302,1.8427
informed,16,scaling,4.0,1,954,-8.0205,16.1982,-1.7358
informed,16,scaling,4.0,1,955,-6.6610,6.3401,1.4256
informed,16,scaling,4.0,1,956,-3.8423,7.1045,-1.1882
informed,16,scaling,4.0,1,957,-4.4605,-1.8816,0.8624
informed,16,scaling,4.0,1,958,3.5286,15.5189,1.2974
informed,16,scaling,4.0,1,959,-10.2044,-5.9767,-0.8284
informed,16,scaling,4.0,1,960,-9.4570,28.6359,0.2602
informed,16,scaling,4.0,1,961,-6.0970,-3.4997,-0.8206
informed,16,scaling,4.0,1,962,-2.5770,28.9028,-1.7731
informed,16,scaling,4.0,1,963,-1.2175,13.7864,0.6789
informed,16,scaling,4.0,1,964,-6.7010,4.1469,0.0492
informed,16,scaling,4.0,1,965,1.1890,2.9284,2.0706
informed,16,scaling,4.0,1,966,0.4939,11.5842,0.4603
informed,16,scaling,4.0,1,967,-4.7851,13.0920,0.0892
informed,16,scaling,4.0,1,968,-4.6572,1.2940,-0.1727
informed,16,scaling,4.0,1,969,-1.8096,11.6855,0.2268
informed,16,scaling,4.0,1,970,-12.4081,10.4789,-2.1272
informed,16,scaling,4.0,1,971,-2.5777,40.4865,-2.1061
informed,16,scaling,4.0,1,972,-7.9685,9.2605,0.7899
informed,16,scaling,4.0,1,973,-3.6679,12.9804,-0.4502
informed,16,scaling,4.0,1,974,-4.0025,-2.1697,2.0115
informed,16,scaling,4.0,1,975,-9.8980,14.5959,-2.4843
informed,16,scaling,4.0,1,976,1.7326,16.7167,1.4910
informed,16,scaling,4.0,1,977,-9.5826,3.0127,-0.7576
informed,16,scaling,4.0,1,978,-2.8554,7.9039,-1.0476
informed,16,scaling,4.0,1,979,-5.4381,14.4662,0.6740
informed,16,scaling,4.0,1,980,-7.5494,13.3306,-0.7403
informed,16,scaling,4.0,1,981,-3.9257,-1.9137,0.0469
informed,16,scaling,4.0,1,982,-3.0659,1.2584,1.2927
informed,16,scaling,4.0,1,983,-7.3424,11.6014,-1.4421
informed,16,scaling,4.0,1,984,-4.9601,34.6485,-2.8963
informed,16,scaling,4.0,1,985,-10.9464,6.3515,-2.2327
informed,16,scaling,4.0,1,986,4.9232,11.9156,2.5717
informed,16,scaling,4.0,1,987,-9.2335,6.6386,-0.4194
informed,16,scaling,4.0,1,988,-3.9203,14.3650,-0.1734
informed,16,scaling,4.0,1,989,-7.0786,9.2438,0.7415
informed,16,scaling,4.0,1,990,-5.3362,20.1922,1.1400
informed,16,scaling,4.0,1,991,-9.6909,3.5647,-0.4347
informed,16,scaling,4.0,1,992,-5.6002,5.0028,0.7726
informed,16,scaling,4.0,1,993,-9.5215,1.7369,-0.9940
informed,16,scaling,4.0,1,994,-6.9806,16.6206,-2.2916
informed,16,scaling,4.0,1,995,-5.2134,11.8673,0.0692
informed,16,scaling,4.0,1,996,-4.3385,21.7837,-3.8855
informed,16,scaling,4.0,1,997,-1.0164,6.5573,1.6417
informed,16,scaling,4.0,1,998,-2.8938,5.5861,-2.3678
informed,16,scaling,4.0,1,999,-6.0427,2.7744,-0.9236
informed,16,scaling,4.0,1,1000,-7.2698,12.0676,-0.2342
random,16,scaling,4.0,1,1,-8.5668,-12.2791,2.2001
random,16,scaling,4.0,1,2,1.9631,-1.4368,5.3543
random,16,scaling,4.0,1,3,-14.1142,-13.6224,1.4964
random,16,scaling,4.0,1,4,-7.2163,-8.0992,2.9548
random,16,scaling,4.0,1,5,-11.8842,-15.0431,1.0225
random,16,scaling,4.0,1,6,-3.6469,-8.5033,2.1261
random,16,scaling,4.0,1,7,1.0199,-4.1276,4.1742
random,16,scaling,4.0,1,8,-10.2991,-14.4931,1.9411
random,16,scaling,4.0,1,9,-7.3075,-10.7285,2.5662
random,16,scaling,4.0,1,10,-5.3249,-9.6972,2.3167
random,16,scaling,4.0,1,11,-7.9470,-10.6218,1.6008
random,16,scaling,4.0,1,12,2.6167,-2.7060,4.1972
random,16,scaling,4.0,1,13,-4.2511,-3.4668,5.0815
random,16,scaling,4.0,1,14,-15.7166,-14.4944,1.1979
random,16,scaling,4.0,1,15,-6.9678,-12.4485,1.5766
random,16,scaling,4.0,1,16,-3.4397,-3.6563,3.7923
random,16,scaling,4.0,1,17,-9.8221,-12.8760,0.0777
random,16,scaling,4.0,1,18,-8.0888,-11.9014,1.1034
random,16,scaling,4.0,1,19,-9.9165,-12.4442,1.6290
random,16,scaling,4.0,1,20,-10.8114,-10.4508,2.2497
random,16,scaling,4.0,1,21,-5.5062,-10.9346,2.0454
random,16,scaling,4.0,1,22,-13.2123,-16.2509,0.6607
random,16,scaling,4.0,1,23,-12.3836,-10.6044,3.3213
random,16,scaling,4.0,1,24,-8.9305,-9.8345,2.0114
random,16,scaling,4.0,1,25,-6.9201,-9.6093,2.1432
random,16,scaling,4.0,1,26,-1.0119,-7.5466,1.9675
random,16,scaling,4.0,1,27,-7.6201,-11.7283,2.1583
random,16,scaling,4.0,1,28,-0.8937,-3.1686,4.7150
random,16,scaling,4.0,1,29,-7.0918,-13.4056,0.8636
random,16,scaling,4.0,1,30,-3.4511,-6.3417,4.1056
random,16,scaling,4.0,1,31,-12.7205,-9.7759,2.2227
random,16,scaling,4.0,1,32,-13.6035,-14.4501,0.5517
random,16,scaling,4.0,1,33,0.6784,1.1927,5.9765
random,16,scaling,4.0,1,34,-7.2694,-11.6561,0.9389
random,16,scaling,4.0,1,35,-4.4456,-11.5252,1.2424
random,16,scaling,4.0,1,36,-9.3179,-13.1103,1.6255
random,16,scaling,4.0,1,37,-3.9740,-4.5383,4.3357
random,16,scaling,4.0,1,38,0.6350,-3.1539,3.7350
random,16,scaling,4.0,1,39,-0.3245,-3.8553,4.4946
random,16,scaling,4.0,1,40,-12.6949,-13.8277,1.1954
random,16,scaling,4.0,1,41,-3.1478,-6.7589,2.9451
random,16,scaling,4.0,1,42,-14.9603,-11.1340,3.3289
random,16,scaling,4.0,1,43,-1.0734,-1.8786,3.5743
random,16,scaling,4.0,1,44,-1.6195,-5.6727,2.7135
random,16,scaling,4.0,1,45,-6.7702,-11.2167,1.0584
random,16,scaling,4.0,1,46,-9.8373,-14.3308,0.9651
random,16,scaling,4.0,1,47,-7.5194,-12.4422,1.4247
random,16,scaling,4.0,1,48,-2.3332,-8.4018,2.7496
random,16,scaling,4.0,1,49,-1.7567,-6.3108,3.4763
random,16,scaling,4.0,1,50,-8.9730,-10.2282,2.0533
random,16,scaling,4.0,1,51,-4.4789,-8.2193,2.3172
random,16,scaling,4.0,1,52,-2.6165,-4.9965,4.4966
random,16,scaling,4.0,1,53,-4.1009,-10.2904,1.5996
random,16,scaling,4.0,1,54,-8.6167,-12.4696,1.4824
random,16,scaling,4.0,1,55,-3.8403,-7.6395,2.7905
random,16,scaling,4.0,1,56,-3.4801,-4.8990,4.4122
random,16,scaling,4.0,1,57,-1.2215,-4.5268,3.6719
random,16,scaling,4.0,1,58,-8.9172,-12.0991,2.6975
random,16,scaling,4.0,1,59,-3.5733,-11.4418,1.8854
random,16,scaling,4.0,1,60,-7.1602,-9.3111,4.2363
random,16,scaling,4.0,1,61,-0.9204,-5.3259,3.7213
random,16,scaling,4.0,1,62,-7.4843,-12.0275,2.2575
random,16,scaling,4.0,1,63,-3.4494,-8.0429,1.8261
random,16,scaling,4.0,1,64,-8.8823,-11.1733,1.4144
random,16,scaling,4.0,1,65,-2.9874,-4.7405,4.2521
random,16,scaling,4.0,1,66,-4.2768,-11.0651,0.0477
random,16,scaling,4.0,1,67,-13.6766,-14.4322,0.8105
random,16,scaling,4.0,1,68,-10.7752,-14.4328,1.2082
random,16,scaling,4.0,1,69,-4.8438,-6.7809,4.2827
random,16,scaling,4.0,1,70,1.4807,-4.7559,4.0805
random,16,scaling,4.0,1,71,-1.6994,-4.6016,4.9375
random,16,scaling,4.0,1,72,-9.0441,-5.4902,3.2347
random,16,scaling,4.0,1,73,-13.0968,-14.2007,2.3810
random,16,scaling,4.0,1,74,-13.6422,-14.4292,1.2466
random,16,scaling,4.0,1,75,-2.3658,-8.5282,1.8683
random,16,scaling,4.0,1,76,-9.9827,-14.3397,1.7192
random,16,scaling,4.0,1,77,-4.6713,-7.2854,4.9933
random,16,scaling,4.0,1,78,-2.8510,-8.2526,3.1500
random,16,scaling,4.0,1,79,-14.4407,-14.9598,1.3977
random,16,scaling,4.0,1,80,-7.1185,-12.7194,0.9268
random,16,scaling,4.0,1,81,-7.5396,-11.6008,2.1273
random,16,scaling,4.0,1,82,-3.7215,-2.4004,5.4238
random,16,scaling,4.0,1,83,-5.1519,-9.4060,3.5658
random,16,scaling,4.0,1,84,-0.6289,-6.8202,3.0616
random,16,scaling,4.0,1,85,-1.1044,-6.7878,2.3020
random,16,scaling,4.0,1,86,-5.3841,-8.5025,3.7679
random,16,scaling,4.0,1,87,-14.0579,-16.1699,1.3129
random,16,scaling,4.0,1,88,-10.7149,-13.4620,2.3908
random,16,scaling,4.0,1,89,-1.6097,-4.7914,3.0794
random,16,scaling,4.0,1,90,-4.9540,-9.6670,2.7668
random,16,scaling,4.0,1,91,-2.7889,-6.8054,3.1485
random,16,scaling,4.0,1,92,-9.2049,-10.7644,1.1001
random,16,scaling,4.0,1,93,-5.5188,-7.0846,4.3226
random,16,scaling,4.0,1,94,-11.5321,-12.6653,1.4256
random,16,scaling,4.0,1,95,-3.0358,-8.3024,0.9964
random,16,scaling,4.0,1,96,-7.5328,-11.7646,0.4410
random,16,scaling,4.0,1,97,-18.9445,-18.9736,0.6131
random,16,scaling,4.0,1,98,-15.9419,-16.1731,1.0342
random,16,scaling,4.0,1,99,-1.2827,-6.5850,5.2805
random,16,scaling,4.0,1,100,-1.0189,-5.9739,2.4902
random,16,scaling,4.0,1,101,-6.0573,-7.7458,3.3588
random,16,scaling,4.0,1,102,-6.1622,-6.0950,2.7485
random,16,scaling,4.0,1,103,-12.0134,-10.4495,2.7355
random,16,scaling,4.0,1,104,-8.5295,-10.7718,1.6007
random,16,scaling,4.0,1,105,-0.8287,-7.9764,2.9167
random,16,scaling,4.0,1,106,-11.2697,-9.9771,3.5087
random,16,scaling,4.0,1,107,-8.4191,-12.9418,0.9638
random,16,scaling,4.0,1,108,-6.3797,-7.2004,4.2196
random,16,scaling,4.0,1,109,-6.4581,-8.6179,1.3129
random,16,scaling,4.0,1,110,-4.0832,-7.2303,5.1730
random,16,scaling,4.0,1,111,-9.2407,-9.7383,2.9890
random,16,scaling,4.0,1,112,-7.8058,-10.1833,1.6046
random,16,scaling,4.0,1,113,-10.0572,-15.4898,-0.0968
random,16,scaling,4.0,1,114,-11.1139,-12.0985,3.3070
random,16,scaling,4.0,1,115,-8.3573,-7.0240,3.9747
random,16,scaling,4.0,1,116,-6.9651,-9.5928,0.1834
random,16,scaling,4.0,1,117,-5.7372,-10.6395,2.2254
random,16,scaling,4.0,1,118,-1.8719,-9.0290,2.2825
random,16,scaling,4.0,1,119,-7.4773,-9.9161,2.8070
random,16,scaling,4.0,1,120,-8.7662,-12.2744,1.7872
random,16,scaling,4.0,1,121,-0.0785,-6.6768,3.2237
random,16,scaling,4.0,1,122,-7.9790,-6.6239,2.1155
random,16,scaling,4.0,1,123,-4.4723,-3.3199,4.9301
random,16,scaling,4.0,1,124,-3.9479,-7.0780,3.4802
random,16,scaling,4.0,1,125,-5.8401,-9.2646,2.3198
random,16,scaling,4.0,1,126,1.9664,-5.6876,2.7539
random,16,scaling,4.0,1,127,0.7215,-7.0845,3.3407
random,16,scaling,4.0,1,128,-9.0616,-11.6083,2.9524
random,16,scaling,4.0,1,129,-5.1145,-7.0584,4.3780
random,16,scaling,4.0,1,130,-0.9269,-7.3663,3.8826
random,16,scaling,4.0,1,131,-6.5716,-9.3140,3.9608
random,16,scaling,4.0,1,132,-4.2273,-6.4010,3.0888
random,16,scaling,4.0,1,133,-2.8479,-6.5186,3.8899
random,16,scaling,4.0,1,134,4.2014,0.2430,5.0746
random,16,scaling,4.0,1,135,-4.5945,-8.0389,3.1619
random,16,scaling,4.0,1,136,-2.2065,-5.8038,3.9904
random,16,scaling,4.0,1,137,-6.2617,-10.0823,1.6044
random,16,scaling,4.0,1,138,-4.0753,-9.4226,3.2282
random,16,scaling,4.0,1,139,-2.0880,-5.8818,2.9458
random,16,scaling,4.0,1,140,-10.1366,-13.2435,0.5046
random,16,scaling,4.0,1,141,-3.5585,-5.3784,3.4866
random,16,scaling,4.0,1,142,-11.9865,-14.0023,0.6844
random,16,scaling,4.0,1,143,-9.8567,-12.6456,2.0062
random,16,scaling,4.0,1,144,-7.1086,-12.2241,0.7503
random,16,scaling,4.0,1,145,-9.5052,-11.7268,0.8068
random,16,scaling,4.0,1,146,-0.0124,-5.2904,2.8184
random,16,scaling,4.0,1,147,-2.9403,-5.4189,3.1149
random,16,scaling,4.0,1,148,-11.2520,-9.2317,2.1528
random,16,scaling,4.0,1,149,-4.5567,-5.6445,3.3912
random,16,scaling,4.0,1,150,-9.3423,-12.9350,0.6482
random,16,scaling,4.0,1,151,-9.8145,-11.1173,1.8623
random,16,scaling,4.0,1,152,-12.3461,-12.5550,2.3919
random,16,scaling,4.0,1,153,-2.1506,-7.7821,1.6742
random,16,scaling,4.0,1,154,-13.4342,-8.8363,3.1267
random,16,scaling,4.0,1,155,-6.1547,-7.5725,2.5455
random,16,scaling,4.0,1,156,-11.3032,-15.5162,0.5702
random,16,scaling,4.0,1,157,-4.7494,-9.9867,0.5029
random,16,scaling,4.0,1,158,-6.5376,-12.8818,2.1690
random,16,scaling,4.0,1,159,-23.2839,-21.3316,0.1322
random,16,scaling,4.0,1,160,-11.7161,-13.9637,1.8671
random,16,scaling,4.0,1,161,-4.5343,-3.3883,4.1880
random,16,scaling,4.0,1,162,-1.7305,-5.0301,3.0307
random,16,scaling,4.0,1,163,-9.7063,-12.2110,1.5237
random,16,scaling,4.0,1,164,-7.0823,-6.5307,3.9335
random,16,scaling,4.0,1,165,-10.3334,-13.7219,0.3878
random,16,scaling,4.0,1,166,-1.1004,-4.1385,3.6353
random,16,scaling,4.0,1,167,-5.0586,-9.3928,2.3185
random,16,scaling,4.0,1,168,-1.5585,-7.1548,2.8395
random,16,scaling,4.0,1,169,-3.8812,-8.0968,2.5419
random,16,scaling,4.0,1,170,-2.6822,-9.0177,2.7631
random,16,scaling,4.0,1,171,-6.4857,-11.0179,0.4350
random,16,scaling,4.0,1,172,-1.7844,-4.0531,4.2087
random,16,scaling,4.0,1,173,-1.4635,-3.7864,2.9507
random,16,scaling,4.0,1,174,-10.3454,-12.9839,2.1383
random,16,scaling,4.0,1,175,-7.8239,-7.9304,2.9891
random,16,scaling,4.0,1,176,-7.5742,-10.6348,0.6784
random,16,scaling,4.0,1,177,-6.7658,-10.5764,2.5407
random,16,scaling,4.0,1,178,-6.9314,-10.1697,2.6336
random,16,scaling,4.0,1,179,-6.2953,-11.3783,2.4504
random,16,scaling,4.0,1,180,-4.5496,-7.8386,3.1452
random,16,scaling,4.0,1,181,-7.4258,-11.7613,4.2628
random,16,scaling,4.0,1,182,-3.2253,-7.8829,4.3396
random,16,scaling,4.0,1,183,2.1322,-1.8371,4.7620
random,16,scaling,4.0,1,184,-2.5678,-7.9274,2.2501
random,16,scaling,4.0,1,185,-5.8564,-10.1023,2.4005
random,16,scaling,4.0,1,186,-8.4111,-12.0060,1.4730
random,16,scaling,4.0,1,187,-5.9508,-10.8668,2.0485
random,16,scaling,4.0,1,188,-7.4176,-9.6854,1.8554
random,16,scaling,4.0,1,189,-5.3689,-4.5983,3.7953
random,16,scaling,4.0,1,190,-4.0902,-6.8979,2.9584
random,16,scaling,4.0,1,191,-3.0622,-5.2410,3.7040
random,16,scaling,4.0,1,192,-6.1049,-11.3591,1.2069
random,16,scaling,4.0,1,193,-4.6196,-7.8255,2.7509
random,16,scaling,4.0,1,194,-9.6713,-11.2741,2.1119
random,16,scaling,4.0,1,195,1.0529,-4.6033,3.5902
random,16,scaling,4.0,1,196,3.9800,0.8553,5.6119
random,16,scaling,4.0,1,197,-8.6443,-13.5424,0.6656
random,16,scaling,4.0,1,198,-1.0653,-7.0774,3.4171
random,16,scaling,4.0,1,199,-10.4158,-12.8371,1.1130
random,16,scaling,4.0,1,200,-6.9806,-11.5448,1.8423
random,16,scaling,4.0,1,201,-5.7843,-7.9617,2.4561
random,16,scaling,4.0,1,202,-1.4647,-4.1646,3.6164
random,16,scaling,4.0,1,203,-1.8259,-7.3979,2.3252
random,16,scaling,4.0,1,204,-7.6815,-12.2947,1.6369
random,16,scaling,4.0,1,205,-14.0339,-13.8936,2.0619
random,16,scaling,4.0,1,206,-7.1087,-9.7969,1.8706
random,16,scaling,4.0,1,207,3.5095,-2.2666,4.9997
random,16,scaling,4.0,1,208,-12.0813,-14.3960,0.9433
random,16,scaling,4.0,1,209,-23.3593,-22.8359,0.1145
random,16,scaling,4.0,1,210,-18.4859,-17.5758,0.0559
random,16,scaling,4.0,1,211,-1.3672,-8.3709,2.3467
random,16,scaling,4.0,1,212,-0.2700,-4.9488,3.6400
random,16,scaling,4.0,1,213,-7.1066,-9.9018,2.0963
random,16,scaling,4.0,1,214,-8.7938,-8.0059,2.7015
random,16,scaling,4.0,1,215,-6.8636,-7.7778,2.3796
random,16,scaling,4.0,1,216,-7.9906,-8.5637,3.1442
random,16,scaling,4.0,1,217,-4.4750,-8.3602,2.4725
random,16,scaling,4.0,1,218,-8.9731,-11.5067,2.2251
random,16,scaling,4.0,1,219,-3.5783,-9.0881,2.2556
random,16,scaling,4.0,1,220,-8.9177,-12.0147,1.0388
random,16,scaling,4.0,1,221,-9.8070,-10.4190,3.7252
random,16,scaling,4.0,1,222,-1.8313,-9.0251,3.1447
random,16,scaling,4.0,1,223,-9.5876,-12.8364,1.1974
random,16,scaling,4.0,1,224,0.6603,-3.3891,3.7116
random,16,scaling,4.0,1,225,-3.7189,-9.7776,3.1502
random,16,scaling,4.0,1,226,-9.1249,-12.6946,1.9264
random,16,scaling,4.0,1,227,-1.2899,-7.5530,1.7369
random,16,scaling,4.0,1,228,-2.1609,-5.0216,4.6570
random,16,scaling,4.0,1,229,-4.6213,-8.3808,2.4738
random,16,scaling,4.0,1,230,-7.1570,-9.9835,2.1259
random,16,scaling,4.0,1,231,-1.1235,-7.0135,2.6821
random,16,scaling,4.0,1,232,-8.9455,-13.3981,0.4135
random,16,scaling,4.0,1,233,-3.1879,-10.7654,1.7938
random,16,scaling,4.0,1,234,-14.0504,-16.2848,1.3702
random,16,scaling,4.0,1,235,-7.4152,-7.7840,3.8008
random,16,scaling,4.0,1,236,-14.8039,-13.0176,0.7251
random,16,scaling,4.0,1,237,-1.1557,-5.8982,3.1983
random,16,scaling,4.0,1,238,-2.7332,-8.3586,2.5624
random,16,scaling,4.0,1,239,-7.7267,-6.5882,2.5497
random,16,scaling,4.0,1,240,-6.0295,-11.3483,1.9995
random,16,scaling,4.0,1,241,-8.0401,-12.2317,1.0213
random,16,scaling,4.0,1,242,0.1371,-7.8711,2.0104
random,16,scaling,4.0,1,243,-2.9947,-7.5299,3.6292
random,16,scaling,4.0,1,244,-2.8170,-4.1318,4.3480
random,16,scaling,4.0,1,245,-7.8276,-11.8169,1.2777
random,16,scaling,4.0,1,246,-0.4319,-5.9636,3.9713
random,16,scaling,4.0,1,247,-6.2338,-9.5796,3.1786
random,16,scaling,4.0,1,248,-11.8703,-13.5555,0.2373
random,16,scaling,4.0,1,249,-1.9725,-8.4769,2.0975
random,16,scaling,4.0,1,250,0.2725,-5.1289,3.6622
random,16,scaling,4.0,1,251,-1.9583,-5.0664,3.8039
random,16,scaling,4.0,1,252,-12.2048,-12.6477,2.0147
random,16,scaling,4.0,1,253,-5.0055,-9.4811,2.1191
random,16,scaling,4.0,1,254,-12.8652,-16.8274,1.2236
random,16,scaling,4.0,1,255,-2.7690,-8.3989,1.0755
random,16,scaling,4.0,1,256,-0.3373,-3.2053,3.5991
random,16,scaling,4.0,1,257,-11.0264,-13.2370,1.4879
random,16,scaling,4.0,1,258,-6.7451,-10.3767,2.9062
random,16,scaling,4.0,1,259,-16.1924,-14.0146,1.2054
random,16,scaling,4.0,1,260,-3.8396,-7.1848,3.1883
random,16,scaling,4.0,1,261,-4.5513,-10.3449,2.3404
random,16,scaling,4.0,1,262,-9.8629,-11.8165,1.0870
random,16,scaling,4.0,1,263,-13.2367,-14.2759,0.5220
random,16,scaling,4.0,1,264,-2.8610,-8.7756,1.5433
random,16,scaling,4.0,1,265,-16.8273,-18.1279,0.1349
random,16,scaling,4.0,1,266,-11.9660,-14.6647,1.2977
random,16,scaling,4.0,1,267,-3.9882,-5.5545,3.2740
random,16,scaling,4.0,1,268,-10.3134,-14.2392,0.2826
random,16,scaling,4.0,1,269,-6.4005,-10.3090,0.5791
random,16,scaling,4.0,1,270,-4.6771,-10.4127,1.8963
random,16,scaling,4.0,1,271,-10.2482,-11.5725,1.3911
random,16,scaling,4.0,1,272,1.3022,-2.2012,3.7275
random,16,scaling,4.0,1,273,-2.4229,-5.7986,5.6499
random,16,scaling,4.0,1,274,-10.4704,-12.4995,1.4379
random,16,scaling,4.0,1,275,-6.2121,-9.8514,1.7694
random,16,scaling,4.0,1,276,-5.2456,-5.9311,5.3677
random,16,scaling,4.0,1,277,1.1299,-3.2437,3.8022
random,16,scaling,4.0,1,278,-6.4328,-6.7552,2.5099
random,16,scaling,4.0,1,279,-7.2225,-13.0952,1.5228
random,16,scaling,4.0,1,280,-8.8159,-9.2889,1.7624
random,16,scaling,4.0,1,281,-1.7165,-6.8665,2.6494
random,16,scaling,4.0,1,282,-8.3319,-12.4690,0.6197
random,16,scaling,4.0,1,283,-7.1017,-13.1636,0.8115
random,16,scaling,4.0,1,284,-19.7359,-16.0029,3.1571
random,16,scaling,4.0,1,285,-8.0171,-12.9214,1.0294
random,16,scaling,4.0,1,286,-8.7033,-10.5602,1.4872
random,16,scaling,4.0,1,287,-4.5437,-9.5501,1.6696
random,16,scaling,4.0,1,288,-2.8920,-7.0604,2.8200
random,16,scaling,4.0,1,289,-7.7074,-10.3163,4.0759
random,16,scaling,4.0,1,290,-7.7078,-11.0999,2.8667
random,16,scaling,4.0,1,291,-11.5331,-14.2438,-0.0593
random,16,scaling,4.0,1,292,-13.7696,-15.7871,0.2331
random,16,scaling,4.0,1,293,-16.8366,-17.1138,0.0977
random,16,scaling,4.0,1,294,-2.2811,-7.0450,1.9196
random,16,scaling,4.0,1,295,-5.0341,-10.0450,1.6328
random,16,scaling,4.0,1,296,-4.6443,-9.4869,3.7328
random,16,scaling,4.0,1,297,1.0665,-0.8204,3.9488
random,16,scaling,4.0,1,298,-2.3036,-4.6935,4.6486
random,16,scaling,4.0,1,299,-6.1515,-8.7900,2.2549
random,16,scaling,4.0,1,300,-8.6119,-11.0368,2.0419
random,16,scaling,4.0,1,301,-9.0576,-13.3801,1.7921
random,16,scaling,4.0,1,302,-8.7766,-7.5546,4.0696
random,16,scaling,4.0,1,303,-2.7648,-7.6864,3.7632
random,16,scaling,4.0,1,304,3.6194,-1.9602,4.0060
random,16,scaling,4.0,1,305,-3.0167,-7.9205,1.0952
random,16,scaling,4.0,1,306,-14.3963,-16.9489,0.0433
random,16,scaling,4.0,1,307,-7.0750,-13.6989,0.5398
random,16,scaling,4.0,1,308,-0.3793,-8.0943,2.3104
random,16,scaling,4.0,1,309,-7.7886,-7.2980,3.5654
random,16,scaling,4.0,1,310,-4.4852,-9.3679,2.4624
random,16,scaling,4.0,1,311,-9.9006,-11.2062,1.5635
random,16,scaling,4.0,1,312,-9.3109,-10.6937,3.6915
random,16,scaling,4.0,1,313,-6.7930,-12.3787,1.7705
random,16,scaling,4.0,1,314,-11.0988,-9.3631,3.5009
random,16,scaling,4.0,1,315,-1.1465,-5.9440,2.6374
random,16,scaling,4.0,1,316,-7.5533,-10.3491,1.4172
random,16,scaling,4.0,1,317,-10.3217,-15.4689,0.3464
random,16,scaling,4.0,1,318,1.3327,0.7033,6.8378
random,16,scaling,4.0,1,319,-14.5910,-13.3492,2.1882
random,16,scaling,4.0,1,320,-1.5393,-8.7418,1.8765
random,16,scaling,4.0,1,321,-5.1399,-9.0331,3.8168
random,16,scaling,4.0,1,322,-0.1841,-5.6159,2.8685
random,16,scaling,4.0,1,323,-3.2737,-9.7022,2.1346
random,16,scaling,4.0,1,324,-1.8647,-5.7124,2.9249
random,16,scaling,4.0,1,325,-6.1693,-10.7621,1.9376
random,16,scaling,4.0,1,326,-9.6644,-9.8489,3.4445
random,16,scaling,4.0,1,327,0.1766,-6.4655,3.4910
random,16,scaling,4.0,1,328,-1.7203,-9.7313,2.0277
random,16,scaling,4.0,1,329,-6.6834,-10.5871,2.3826
random,16,scaling,4.0,1,330,-10.5196,-12.0862,0.2710
random,16,scaling,4.0,1,331,-0.1410,0.0442,5.7742
random,16,scaling,4.0,1,332,-5.8716,-7.6898,3.0910
random,16,scaling,4.0,1,333,-13.1069,-14.1213,0.8409
random,16,scaling,4.0,1,334,-4.2238,-6.5691,3.7990
random,16,scaling,4.0,1,335,-1.3279,-2.7900,4.9563
random,16,scaling,4.0,1,336,-8.6349,-9.5286,2.1259
random,16,scaling,4.0,1,337,-8.7133,-14.1762,-0.2608
random,16,scaling,4.0,1,338,-11.6567,-13.7110,0.3706
random,16,scaling,4.0,1,339,-0.4669,-4.5690,4.0922
random,16,scaling,4.0,1,340,-5.1403,-9.7041,2.8081
random,16,scaling,4.0,1,341,1.3497,-5.8125,2.6188
random,16,scaling,4.0,1,342,-6.6722,-11.7768,1.6040
random,16,scaling,4.0,1,343,-9.6269,-9.1200,1.9163
random,16,scaling,4.0,1,344,-4.5548,-7.1483,2.7871
random,16,scaling,4.0,1,345,-2.3796,-6.7384,2.8521
random,16,scaling,4.0,1,346,-0.2635,-1.8416,4.2900
random,16,scaling,4.0,1,347,-18.2367,-18.7869,-0.5086
random,16,scaling,4.0,1,348,-14.3129,-15.8769,0.8477
random,16,scaling,4.0,1,349,-4.2138,-6.0199,2.6664
random,16,scaling,4.0,1,350,3.4814,-2.8793,3.3413
random,16,scaling,4.0,1,351,-9.9425,-12.5704,1.4483
random,16,scaling,4.0,1,352,-5.7104,-11.5942,1.1508
random,16,scaling,4.0,1,353,-4.9526,-6.9391,1.7962
random,16,scaling,4.0,1,354,-8.1409,-7.9854,3.4046
random,16,scaling,4.0,1,355,-2.0433,-4.8822,4.4379
random,16,scaling,4.0,1,356,2.5237,-4.0490,3.2956
random,16,scaling,4.0,1,357,-7.5263,-8.6098,1.7622
random,16,scaling,4.0,1,358,-5.2521,-10.4532,2.5761
random,16,scaling,4.0,1,359,-9.1262,-12.0714,2.2292
random,16,scaling,4.0,1,360,-7.9194,-6.7321,3.7513
random,16,scaling,4.0,1,361,-3.3484,-9.4938,2.6965
random,16,scaling,4.0,1,362,-13.0457,-14.7386,-0.8605
random,16,scaling,4.0,1,363,-5.3003,-7.6745,3.4124
random,16,scaling,4.0,1,364,-0.2570,-4.2865,5.1895
random,16,scaling,4.0,1,365,-10.6514,-14.7335,0.9231
random,16,scaling,4.0,1,366,-7.3052,-10.9551,2.6211
random,16,scaling,4.0,1,367,3.2418,1.1658,6.0678
random,16,scaling,4.0,1,368,-6.2780,-8.7120,2.0456
random,16,scaling,4.0,1,369,-8.2601,-13.1817,2.7370
random,16,scaling,4.0,1,370,-10.0278,-11.6946,1.5372
random,16,scaling,4.0,1,371,-3.6600,-10.1801,3.4498
random,16,scaling,4.0,1,372,-8.6738,-10.4576,2.1765
random,16,scaling,4.0,1,373,-15.9203,-19.2544,0.4090
random,16,scaling,4.0,1,374,-0.9665,-8.1969,2.6339
random,16,scaling,4.0,1,375,-12.9699,-14.2784,1.7985
random,16,scaling,4.0,1,376,-16.9778,-18.5554,-0.6905
random,16,scaling,4.0,1,377,-8.0005,-10.2776,2.3171
random,16,scaling,4.0,1,378,-6.8367,-6.7112,4.0921
random,16,scaling,4.0,1,379,-5.9796,-6.5016,4.3707
random,16,scaling,4.0,1,380,-3.0874,-8.3474,1.6723
random,16,scaling,4.0,1,381,-8.0439,-9.3485,2.9139
random,16,scaling,4.0,1,382,-10.7969,-10.6222,2.5034
random,16,scaling,4.0,1,383,-3.9841,-9.0779,1.7730
random,16,scaling,4.0,1,384,-1.2367,-6.4739,3.8109
random,16,scaling,4.0,1,385,-3.7086,-8.5709,2.3903
random,16,scaling,4.0,1,386,-13.5717,-12.6765,0.4096
random,16,scaling,4.0,1,387,-12.0041,-14.0794,1.9156
random,16,scaling,4.0,1,388,-18.3945,-17.6060,0.4341
random,16,scaling,4.0,1,389,-13.9552,-13.0196,1.4419
random,16,scaling,4.0,1,390,-13.9196,-13.6248,2.2395
random,16,scaling,4.0,1,391,-1.5042,-3.1534,4.1099
random,16,scaling,4.0,1,392,-9.5736,-11.6102,3.0117
random,16,scaling,4.0,1,393,-5.9876,-10.4082,3.0422
random,16,scaling,4.0,1,394,-13.5185,-14.1578,1.8627
random,16,scaling,4.0,1,395,-12.6414,-15.1239,0.5563
random,16,scaling,4.0,1,396,-17.7830,-18.6505,0.1631
random,16,scaling,4.0,1,397,-0.7682,-6.4681,3.6229
random,16,scaling,4.0,1,398,-5.6421,-9.1454,2.4279
random,16,scaling,4.0,1,399,-4.8605,-9.2985,2.5417
random,16,scaling,4.0,1,400,-9.1493,-13.8938,0.1008
random,16,scaling,4.0,1,401,-13.1158,-16.7778,1.0543
random,16,scaling,4.0,1,402,-9.2944,-14.1973,0.7413
random,16,scaling,4.0,1,403,-9.8424,-11.3796,1.3617
random,16,scaling,4.0,1,404,-13.3283,-10.1516,3.4687
random,16,scaling,4.0,1,405,-10.4594,-13.7704,1.5689
random,16,scaling,4.0,1,406,-4.0358,-9.2195,2.7434
random,16,scaling,4.0,1,407,-3.7033,-7.7564,2.2601
random,16,scaling,4.0,1,408,-8.6398,-11.2717,2.1941
random,16,scaling,4.0,1,409,-2.7775,-6.4075,2.6227
random,16,scaling,4.0,1,410,-12.8465,-13.5886,1.6501
random,16,scaling,4.0,1,411,-0.3307,-6.2564,2.8136
random,16,scaling,4.0,1,412,-5.8534,-9.5034,1.9235
random,16,scaling,4.0,1,413,-8.6066,-10.6179,2.7366
random,16,scaling,4.0,1,414,-11.4186,-12.7488,2.3167
random,16,scaling,4.0,1,415,-3.2785,-6.8796,2.9876
random,16,scaling,4.0,1,416,-8.5177,-8.8107,2.5409
random,16,scaling,4.0,1,417,-3.6550,-6.1778,1.8919
random,16,scaling,4.0,1,418,-7.7971,-11.3901,1.1424
random,16,scaling,4.0,1,419,-0.0903,-4.7130,4.1772
random,16,scaling,4.0,1,420,-7.6855,-9.3459,2.4257
random,16,scaling,4.0,1,421,-5.6410,-12.0125,0.7835
random,16,scaling,4.0,1,422,-6.7520,-9.0049,2.5583
random,16,scaling,4.0,1,423,-5.2895,-5.5990,3.5223
random,16,scaling,4.0,1,424,-5.2104,-9.5877,1.3482
random,16,scaling,4.0,1,425,-10.9546,-13.4957,0.9525
random,16,scaling,4.0,1,426,-7.2818,-10.4311,1.9598
random,16,scaling,4.0,1,427,1.1955,-3.6824,3.5931
random,16,scaling,4.0,1,428,-18.7809,-18.7921,-0.3040
random,16,scaling,4.0,1,429,-11.3525,-11.0509,2.1967
random,16,scaling,4.0,1,430,-0.2665,-6.7895,2.8299
random,16,scaling,4.0,1,431,-11.9342,-13.2242,1.0918
random,16,scaling,4.0,1,432,-8.9683,-12.9443,0.9144
random,16,scaling,4.0,1,433,-8.9504,-13.4335,2.4972
random,16,scaling,4.0,1,434,-4.7359,-5.9542,3.2132
random,16,scaling,4.0,1,435,-3.2438,-4.9876,3.1427
random,16,scaling,4.0,1,436,-7.2665,-10.9792,1.1034
random,16,scaling,4.0,1,437,-7.9032,-8.2650,3.3781
random,16,scaling,4.0,1,438,-3.1687,-6.5909,4.0685
random,16,scaling,4.0,1,439,-16.7519,-13.3932,2.4234
random,16,scaling,4.0,1,440,-11.4546,-14.8426,0.6877
random,16,scaling,4.0,1,441,-9.8672,-9.9159,2.4787
random,16,scaling,4.0,1,442,-15.4774,-18.3348,-0.2540
random,16,scaling,4.0,1,443,-8.9454,-13.2929,2.0244
random,16,scaling,4.0,1,444,-5.7269,-9.2832,2.9073
random,16,scaling,4.0,1,445,-2.8541,-10.2280,1.9748
random,16,scaling,4.0,1,446,-8.0122,-12.5284,1.2685
random,16,scaling,4.0,1,447,-0.3062,-5.9237,2.5061
random,16,scaling,4.0,1,448,-15.5153,-14.8095,0.6609
random,16,scaling,4.0,1,449,-9.7526,-12.9880,2.2370
random,16,scaling,4.0,1,450,-11.4333,-14.1731,1.6988
random,16,scaling,4.0,1,451,-7.1057,-7.5469,3.3511
random,16,scaling,4.0,1,452,-8.7771,-12.3768,0.8220
random,16,scaling,4.0,1,453,-9.5873,-10.6586,2.4352
random,16,scaling,4.0,1,454,0.0311,-1.3726,4.1797
random,16,scaling,4.0,1,455,-12.5381,-15.9212,0.2769
random,16,scaling,4.0,1,456,-15.6755,-16.9035,0.3906
random,16,scaling,4.0,1,457,-8.2782,-12.1027,2.0754
random,16,scaling,4.0,1,458,-7.1363,-9.4431,2.3360
random,16,scaling,4.0,1,459,-10.8980,-12.6423,2.9421
random,16,scaling,4.0,1,460,-7.4300,-13.1976,1.0053
random,16,scaling,4.0,1,461,-2.8732,-6.9128,3.3440
random,16,scaling,4.0,1,462,-7.0711,-9.4824,2.7301
random,16,scaling,4.0,1,463,1.2661,-2.6455,3.5492
random,16,scaling,4.0,1,464,-6.1530,-12.3711,-0.3371
random,16,scaling,4.0,1,465,-9.7422,-10.9538,3.3703
random,16,scaling,4.0,1,466,-6.0602,-7.7490,3.6862
random,16,scaling,4.0,1,467,-8.2374,-11.5324,1.1026
random,16,scaling,4.0,1,468,-8.2774,-10.6638,3.3260
random,16,scaling,4.0,1,469,-4.9031,-9.9683,2.5364
random,16,scaling,4.0,1,470,-10.9321,-13.0102,1.6947
random,16,scaling,4.0,1,471,-13.9204,-16.9791,0.1078
random,16,scaling,4.0,1,472,-5.3807,-10.3952,2.8107
random,16,scaling,4.0,1,473,-6.2695,-11.2059,2.0538
random,16,scaling,4.0,1,474,-13.2405,-18.0297,-0.0216
random,16,scaling,4.0,1,475,-12.8692,-16.2146,1.5744
random,16,scaling,4.0,1,476,-13.9533,-14.7848,0.0844
random,16,scaling,4.0,1,477,-3.4293,-6.5846,2.5584
random,16,scaling,4.0,1,478,-2.9714,-9.0441,2.4536
random,16,scaling,4.0,1,479,-3.1197,-9.3127,2.3061
random,16,scaling,4.0,1,480,-10.7541,-11.7352,0.7581
random,16,scaling,4.0,1,481,-7.6783,-11.0983,1.3782
random,16,scaling,4.0,1,482,-13.0122,-16.0130,0.5270
random,16,scaling,4.0,1,483,0.6128,-5.8443,4.2174
random,16,scaling,4.0,1,484,-11.6443,-14.6080,0.2284
random,16,scaling,4.0,1,485,-6.1022,-8.9782,2.1042
random,16,scaling,4.0,1,486,-13.1840,-14.5660,0.9035
random,16,scaling,4.0,1,487,-3.9762,-9.9431,0.9595
random,16,scaling,4.0,1,488,-3.5954,-6.6448,2.7072
random,16,scaling,4.0,1,489,0.4735,-4.7199,4.8237
random,16,scaling,4.0,1,490,-15.3833,-15.5614,1.6909
random,16,scaling,4.0,1,491,-8.6185,-14.7112,1.0249
random,16,scaling,4.0,1,492,-14.8615,-15.7562,1.1392
random,16,scaling,4.0,1,493,0.6213,-3.0632,2.1196
random,16,scaling,4.0,1,494,-7.3236,-11.8071,0.7877
random,16,scaling,4.0,1,495,-13.0837,-14.4452,0.8699
random,16,scaling,4.0,1,496,-2.5196,-7.9279,2.7535
random,16,scaling,4.0,1,497,-7.8345,-7.4060,2.4675
random,16,scaling,4.0,1,498,1.5895,-5.5917,2.6093
random,16,scaling,4.0,1,499,-10.0877,-12.6479,1.7653
random,16,scaling,4.0,1,500,-5.1533,-8.1566,2.6537
random,16,scaling,4.0,1,501,-9.4948,-12.6617,1.4828
random,16,scaling,4.0,1,502,-0.2624,-6.4904,3.5475
random,16,scaling,4.0,1,503,-7.2317,-13.6347,1.6000
random,16,scaling,4.0,1,504,-8.3907,-13.1040,1.1891
random,16,scaling,4.0,1,505,-4.4853,-3.1695,5.2945
random,16,scaling,4.0,1,506,-3.8003,-9.5095,1.5841
random,16,scaling,4.0,1,507,-8.4149,-11.8238,1.9868
random,16,scaling,4.0,1,508,-24.6735,-20.4746,-0.9004
random,16,scaling,4.0,1,509,-3.0503,-8.8926,1.9596
random,16,scaling,4.0,1,510,-5.0686,-7.8285,2.4924
random,16,scaling,4.0,1,511,-13.1002,-14.6846,1.4916
random,16,scaling,4.0,1,512,-0.4784,-4.5907,3.6417
random,16,scaling,4.0,1,513,0.4089,-4.8309,2.3415
random,16,scaling,4.0,1,514,-2.5137,-9.3236,1.5244
random,16,scaling,4.0,1,515,-0.5103,-5.5872,3.4448
random,16,scaling,4.0,1,516,-11.5448,-12.5106,2.0150
random,16,scaling,4.0,1,517,-7.1592,-11.1743,1.5235
random,16,scaling,4.0,1,518,-5.8837,-8.1697,3.5037
random,16,scaling,4.0,1,519,-11.7913,-14.2635,1.1305
random,16,scaling,4.0,1,520,-12.3649,-15.5588,0.5179
random,16,scaling,4.0,1,521,-12.3472,-13.5764,0.6124
random,16,scaling,4.0,1,522,0.5353,-4.2660,3.6013
random,16,scaling,4.0,1,523,-13.7745,-14.6288,2.2801
random,16,scaling,4.0,1,524,-8.2235,-12.7671,1.7547
random,16,scaling,4.0,1,525,-8.0754,-10.1568,3.3601
random,16,scaling,4.0,1,526,-9.5571,-12.1152,1.5573
random,16,scaling,4.0,1,527,-9.4551,-13.8597,1.1368
random,16,scaling,4.0,1,528,-1.9100,-7.6014,3.1780
random,16,scaling,4.0,1,529,-6.4345,-7.5515,4.0424
random,16,scaling,4.0,1,530,-8.7826,-3.4672,3.8922
random,16,scaling,4.0,1,531,-3.1925,-7.1831,2.3064
random,16,scaling,4.0,1,532,-5.2997,-8.9846,1.5652
random,16,scaling,4.0,1,533,-4.5552,-9.8104,1.6380
random,16,scaling,4.0,1,534,-12.5988,-11.8695,1.9493
random,16,scaling,4.0,1,535,-7.9694,-13.0611,0.6073
random,16,scaling,4.0,1,536,-10.3941,-8.6895,2.7891
random,16,scaling,4.0,1,537,-11.9289,-14.3593,1.5003
random,16,scaling,4.0,1,538,-3.8263,-4.3326,3.3256
random,16,scaling,4.0,1,539,-7.0697,-10.6988,1.1681
random,16,scaling,4.0,1,540,-3.3241,-8.4396,2.4895
random,16,scaling,4.0,1,541,-12.1599,-15.4756,0.1462
random,16,scaling,4.0,1,542,-3.4805,-5.0241,3.7157
random,16,scaling,4.0,1,543,-10.0790,-12.0682,2.1704
random,16,scaling,4.0,1,544,-12.6290,-13.6656,1.2767
random,16,scaling,4.0,1,545,-7.1917,-13.0854,1.4094
random,16,scaling,4.0,1,546,-6.7761,-9.4857,2.3520
random,16,scaling,4.0,1,547,-2.2098,-5.4565,5.2727
random,16,scaling,4.0,1,548,-4.4501,-8.5504,1.1999
random,16,scaling,4.0,1,549,-1.4584,-8.0025,2.6731
random,16,scaling,4.0,1,550,-1.7225,-5.9644,2.8105
random,16,scaling,4.0,1,551,-4.8665,-7.6198,1.7191
random,16,scaling,4.0,1,552,1.9092,-2.5610,4.5200
random,16,scaling,4.0,1,553,-1.3914,-7.5347,2.2646
random,16,scaling,4.0,1,554,-3.7718,-9.5113,1.8171
random,16,scaling,4.0,1,555,-8.8929,-12.7667,1.7519
random,16,scaling,4.0,1,556,-5.3845,-6.4038,3.7174
random,16,scaling,4.0,1,557,-4.8522,-8.7466,1.3633
random,16,scaling,4.0,1,558,-6.1860,-5.9385,3.0692
random,16,scaling,4.0,1,559,-2.4716,-3.8879,3.1286
random,16,scaling,4.0,1,560,-19.4581,-19.4922,-0.1358
random,16,scaling,4.0,1,561,-10.2839,-11.4195,3.0595
random,16,scaling,4.0,1,562,3.0014,-0.5899,4.7554
random,16,scaling,4.0,1,563,-8.7876,-10.7364,2.4505
random,16,scaling,4.0,1,564,-4.4146,-8.0680,3.1248
random,16,scaling,4.0,1,565,-14.5795,-14.7247,1.6932
random,16,scaling,4.0,1,566,-9.7669,-13.8468,0.4434
random,16,scaling,4.0,1,567,-3.9634,-6.9501,2.3435
random,16,scaling,4.0,1,568,-2.3755,-3.0936,4.5212
random,16,scaling,4.0,1,569,-5.2752,-9.5736,1.8644
random,16,scaling,4.0,1,570,-12.7090,-12.3834,1.5324
random,16,scaling,4.0,1,571,-6.2268,-7.4436,2.4624
random,16,scaling,4.0,1,572,-7.5120,-9.5532,2.6699
random,16,scaling,4.0,1,573,-3.8525,-7.1875,2.2565
random,16,scaling,4.0,1,574,-11.3913,-13.2908,1.1206
random,16,scaling,4.0,1,575,-7.6777,-12.1932,1.1310
random,16,scaling,4.0,1,576,-2.9185,-8.0793,1.0205
random,16,scaling,4.0,1,577,-6.7801,-8.8059,1.6599
random,16,scaling,4.0,1,578,-5.7260,-8.4564,3.8257
random,16,scaling,4.0,1,579,-8.4548,-7.1869,3.8298
random,16,scaling,4.0,1,580,-8.0138,-12.4052,1.8697
random,16,scaling,4.0,1,581,-25.4651,-24.5064,-1.5895
random,16,scaling,4.0,1,582,-6.6177,-10.6836,3.3258
random,16,scaling,4.0,1,583,-17.7865,-18.7656,0.2954
random,16,scaling,4.0,1,584,-4.0109,-8.6495,3.6295
random,16,scaling,4.0,1,585,-1.2649,-6.2918,2.1421
random,16,scaling,4.0,1,586,-7.8674,-6.1535,3.8511
random,16,scaling,4.0,1,587,-2.8990,-7.3423,2.4931
random,16,scaling,4.0,1,588,-13.7201,-14.1840,2.0319
random,16,scaling,4.0,1,589,-7.8443,-12.5177,1.1231
random,16,scaling,4.0,1,590,-14.4768,-16.1313,1.0373
random,16,scaling,4.0,1,591,-10.9886,-11.0534,1.6925
random,16,scaling,4.0,1,592,-5.5342,-7.5833,2.7755
random,16,scaling,4.0,1,593,4.5340,2.8634,7.3623
random,16,scaling,4.0,1,594,-6.3292,-8.4642,1.9010
random,16,scaling,4.0,1,595,-13.9739,-15.6399,0.3727
random,16,scaling,4.0,1,596,-9.3655,-8.1897,4.7957
random,16,scaling,4.0,1,597,-13.2682,-19.5195,-0.8716
random,16,scaling,4.0,1,598,-10.7605,-12.0082,1.5667
random,16,scaling,4.0,1,599,-12.0608,-15.0146,0.7687
random,16,scaling,4.0,1,600,-6.5997,-11.5598,0.9672
random,16,scaling,4.0,1,601,-11.8650,-14.3802,0.8346
random,16,scaling,4.0,1,602,-8.7989,-5.3695,6.7250
random,16,scaling,4.0,1,603,-8.0656,-10.8776,0.9368
random,16,scaling,4.0,1,604,-12.6789,-14.7090,0.2369
random,16,scaling,4.0,1,605,-9.6788,-11.1493,2.7798
random,16,scaling,4.0,1,606,-10.1113,-15.5592,0.3185
random,16,scaling,4.0,1,607,-2.0317,-4.1823,5.1263
random,16,scaling,4.0,1,608,0.8751,-4.6199,3.5990
random,16,scaling,4.0,1,609,-1.5912,-6.4411,3.6485
random,16,scaling,4.0,1,610,-1.8769,-5.0537,4.8476
random,16,scaling,4.0,1,611,-15.8522,-11.6566,4.0111
random,16,scaling,4.0,1,612,-11.8331,-12.7566,2.0382
random,16,scaling,4.0,1,613,-11.5998,-12.0335,0.0219
random,16,scaling,4.0,1,614,-14.0211,-13.8640,2.3270
random,16,scaling,4.0,1,615,-6.3459,-9.0413,2.8350
random,16,scaling,4.0,1,616,-5.0859,-7.6441,3.6351
random,16,scaling,4.0,1,617,-8.5902,-10.2178,2.0670
random,16,scaling,4.0,1,618,0.6280,-3.9376,4.6993
random,16,scaling,4.0,1,619,-12.6097,-16.4797,-0.0834
random,16,scaling,4.0,1,620,-19.5864,-18.4396,-0.2669
random,16,scaling,4.0,1,621,-12.6662,-14.9866,0.5353
random,16,scaling,4.0,1,622,-2.5288,-9.2566,2.0529
random,16,scaling,4.0,1,623,-10.4326,-7.7405,2.6732
random,16,scaling,4.0,1,624,-10.8987,-7.8730,4.2074
random,16,scaling,4.0,1,625,-10.0944,-11.9209,1.9205
random,16,scaling,4.0,1,626,-0.7822,-1.3664,3.9275
random,16,scaling,4.0,1,627,-9.9997,-11.0753,0.9683
random,16,scaling,4.0,1,628,-12.4862,-14.4575,0.9414
random,16,scaling,4.0,1,629,-16.3581,-20.3942,-0.6985
random,16,scaling,4.0,1,630,-11.2173,-11.6354,1.4648
random,16,scaling,4.0,1,631,-2.4929,-7.5818,1.9687
random,16,scaling,4.0,1,632,-3.5373,-3.3089,4.4670
random,16,scaling,4.0,1,633,-15.0624,-17.8832,0.2893
random,16,scaling,4.0,1,634,-1.4225,-3.9142,4.5290
random,16,scaling,4.0,1,635,-0.0499,-4.2928,3.3111
random,16,scaling,4.0,1,636,-1.7445,-6.0464,2.9232
random,16,scaling,4.0,1,637,-9.3920,-11.9893,1.6880
random,16,scaling,4.0,1,638,-11.1099,-12.9143,1.1490
random,16,scaling,4.0,1,639,-6.9883,-12.3117,0.6715
random,16,scaling,4.0,1,640,-4.0424,-8.6712,2.7943
random,16,scaling,4.0,1,641,-6.7965,-8.4733,2.5570
random,16,scaling,4.0,1,642,1.9360,-1.3755,5.6574
random,16,scaling,4.0,1,643,-5.2450,-4.5060,4.5746
random,16,scaling,4.0,1,644,-8.8023,-10.7258,3.4499
random,16,scaling,4.0,1,645,-4.5670,-7.6158,3.5188
random,16,scaling,4.0,1,646,-0.9914,-3.7098,3.6982
random,16,scaling,4.0,1,647,-10.9175,-14.1103,1.0030
random,16,scaling,4.0,1,648,3.4741,-3.6486,2.4945
random,16,scaling,4.0,1,649,-9.7256,-13.3492,0.9101
random,16,scaling,4.0,1,650,-2.0117,-4.1424,4.5796
random,16,scaling,4.0,1,651,-2.3353,-6.3063,4.8506
random,16,scaling,4.0,1,652,-7.7596,-12.6113,1.7107
random,16,scaling,4.0,1,653,-4.8930,-8.1270,2.3050
random,16,scaling,4.0,1,654,-5.1053,-10.9790,1.3224
random,16,scaling,4.0,1,655,-5.5430,-6.6066,2.8282
random,16,scaling,4.0,1,656,-10.9114,-12.2446,0.5576
random,16,scaling,4.0,1,657,-4.9571,-10.1959,1.2963
random,16,scaling,4.0,1,658,-4.8564,-9.0531,2.4337
random,16,scaling,4.0,1,659,-2.6487,-4.8969,4.2424
random,16,scaling,4.0,1,660,-11.9404,-12.6085,2.2099
random,16,scaling,4.0,1,661,-3.9014,-7.9547,1.8524
random,16,scaling,4.0,1,662,-4.6084,-8.5397,2.1698
random,16,scaling,4.0,1,663,-4.6173,-7.8169,3.1873
random,16,scaling,4.0,1,664,-10.8712,-14.7040,0.4170
random,16,scaling,4.0,1,665,-8.2875,-12.2472,2.7472
random,16,scaling,4.0,1,666,-7.2601,-11.5417,1.2614
random,16,scaling,4.0,1,667,-11.0760,-13.9851,0.3058
random,16,scaling,4.0,1,668,-3.9322,-7.6151,2.3184
random,16,scaling,4.0,1,669,-4.6111,-11.3855,2.0658
random,16,scaling,4.0,1,670,4.5266,0.7054,5.6958
random,16,scaling,4.0,1,671,-3.5606,-0.0805,7.2155
random,16,scaling,4.0,1,672,-5.2629,-7.1142,3.1100
random,16,scaling,4.0,1,673,-4.9395,-8.5164,3.0035
random,16,scaling,4.0,1,674,-6.1690,-10.0435,2.5898
random,16,scaling,4.0,1,675,-8.3038,-10.2364,1.8252
random,16,scaling,4.0,1,676,-6.5918,-12.6875,1.5923
random,16,scaling,4.0,1,677,-16.0139,-15.7109,2.8193
random,16,scaling,4.0,1,678,-0.8640,-8.5110,2.2668
random,16,scaling,4.0,1,679,-8.0291,-11.5078,1.8108
random,16,scaling,4.0,1,680,-9.1750,-10.5756,2.2269
random,16,scaling,4.0,1,681,-1.6252,-5.5553,2.7934
random,16,scaling,4.0,1,682,0.5035,-5.0673,3.7549
random,16,scaling,4.0,1,683,-9.8241,-13.7747,0.8940
random,16,scaling,4.0,1,684,-2.2626,-3.7813,4.0884
random,16,scaling,4.0,1,685,-7.6215,-10.2190,2.2767
random,16,scaling,4.0,1,686,-7.2987,-8.4589,3.2081
random,16,scaling,4.0,1,687,-12.6273,-12.1897,1.9859
random,16,scaling,4.0,1,688,-6.7297,-12.0616,1.6914
random,16,scaling,4.0,1,689,-9.5470,-9.4344,2.5369
random,16,scaling,4.0,1,690,-8.8027,-8.8816,3.5591
random,16,scaling,4.0,1,691,-9.9304,-10.4998,2.6285
random,16,scaling,4.0,1,692,-6.3777,-10.2881,0.0781
random,16,scaling,4.0,1,693,-6.0949,-8.9687,2.5248
random,16,scaling,4.0,1,694,-7.3415,-9.0764,1.6788
random,16,scaling,4.0,1,695,1.9421,-4.6498,2.8521
random,16,scaling,4.0,1,696,-1.1714,-6.8029,3.0148
random,16,scaling,4.0,1,697,-7.2380,-10.5364,1.6791
random,16,scaling,4.0,1,698,-3.4336,-6.2624,4.0041
random,16,scaling,4.0,1,699,-6.1711,-6.8439,4.3556
random,16,scaling,4.0,1,700,-9.1566,-13.3400,1.1185
random,16,scaling,4.0,1,701,0.8414,-4.2481,3.1560
random,16,scaling,4.0,1,702,-14.6222,-16.9626,-0.6266
random,16,scaling,4.0,1,703,-6.7096,-10.9294,2.2038
random,16,scaling,4.0,1,704,-9.2426,-8.9538,3.1063
random,16,scaling,4.0,1,705,-13.0175,-15.7612,1.0687
random,16,scaling,4.0,1,706,-15.2882,-15.2988,1.0915
random,16,scaling,4.0,1,707,-8.1717,-10.7566,2.4252
random,16,scaling,4.0,1,708,2.4300,-1.6046,5.6724
random,16,scaling,4.0,1,709,-12.8996,-13.4473,1.5941
random,16,scaling,4.0,1,710,-3.8061,-7.8329,1.3924
random,16,scaling,4.0,1,711,6.0257,-0.3540,6.3241
random,16,scaling,4.0,1,712,2.8467,-1.8133,4.8051
random,16,scaling,4.0,1,713,-8.9435,-12.2762,1.8398
random,16,scaling,4.0,1,714,-18.7318,-16.6078,0.8735
random,16,scaling,4.0,1,715,-5.0814,-10.2411,2.1634
random,16,scaling,4.0,1,716,-2.2737,-3.3020,4.7542
random,16,scaling,4.0,1,717,-2.8490,-8.2672,3.2644
random,16,scaling,4.0,1,718,-5.2164,-10.0554,0.1819
random,16,scaling,4.0,1,719,-9.6599,-10.2428,1.8231
random,16,scaling,4.0,1,720,-8.3119,-11.7637,1.9752
random,16,scaling,4.0,1,721,-1.0491,-6.5781,3.3455
random,16,scaling,4.0,1,722,-0.5884,-4.3961,4.6806
random,16,scaling,4.0,1,723,-5.9686,-10.0645,1.7591
random,16,scaling,4.0,1,724,-7.8026,-10.6502,2.0789
random,16,scaling,4.0,1,725,-10.3835,-14.5819,0.8517
random,16,scaling,4.0,1,726,-11.3067,-13.8801,-0.4299
random,16,scaling,4.0,1,727,-4.7417,-10.1511,3.0182
random,16,scaling,4.0,1,728,-7.1773,-11.4979,1.7624
random,16,scaling,4.0,1,729,-1.3450,-5.3511,3.5443
random,16,scaling,4.0,1,730,-7.6108,-8.6881,1.7640
random,16,scaling,4.0,1,731,-7.1735,-9.9180,2.0312
random,16,scaling,4.0,1,732,-3.9114,-8.2614,3.6786
random,16,scaling,4.0,1,733,-3.7560,-7.0720,3.1848
random,16,scaling,4.0,1,734,-10.0730,-12.1557,1.0885
random,16,scaling,4.0,1,735,-15.1436,-13.6997,4.1840
random,16,scaling,4.0,1,736,-2.4165,-8.1123,3.1280
random,16,scaling,4.0,1,737,-2.8315,-8.1462,2.1147
random,16,scaling,4.0,1,738,-10.5522,-13.9106,0.4706
random,16,scaling,4.0,1,739,-5.3514,-8.2568,2.7593
random,16,scaling,4.0,1,740,-9.9502,-10.0943,3.1250
random,16,scaling,4.0,1,741,-4.8273,-7.8683,1.7168
random,16,scaling,4.0,1,742,-5.6470,-8.7172,2.5030
random,16,scaling,4.0,1,743,-8.0963,-7.5712,3.9321
random,16,scaling,4.0,1,744,-18.8037,-17.0227,-0.3278
random,16,scaling,4.0,1,745,-6.3134,-10.2347,2.4346
random,16,scaling,4.0,1,746,-14.4706,-16.5830,-0.2915
random,16,scaling,4.0,1,747,-3.5663,-7.4217,2.0586
random,16,scaling,4.0,1,748,-2.5712,-8.3900,2.3260
random,16,scaling,4.0,1,749,-3.9420,-4.9621,3.7959
random,16,scaling,4.0,1,750,-10.3118,-14.0087,1.4545
random,16,scaling,4.0,1,751,-8.9998,-10.2714,2.4466
random,16,scaling,4.0,1,752,-9.4837,-11.8210,0.9418
random,16,scaling,4.0,1,753,-5.6492,-7.1533,2.5377
random,16,scaling,4.0,1,754,-4.8045,-6.7626,4.0434
random,16,scaling,4.0,1,755,-15.3311,-16.9604,0.6675
random,16,scaling,4.0,1,756,0.2635,-1.0154,5.4885
random,16,scaling,4.0,1,757,-6.6555,-9.6208,1.8390
random,16,scaling,4.0,1,758,-1.1883,-4.7236,3.8992
random,16,scaling,4.0,1,759,-6.3616,-13.8619,1.3190
random,16,scaling,4.0,1,760,-6.4668,-9.0700,2.8758
random,16,scaling,4.0,1,761,-6.2010,-8.3788,2.3999
random,16,scaling,4.0,1,762,-8.7412,-12.3816,1.3297
random,16,scaling,4.0,1,763,-7.0230,-12.6342,0.8010
random,16,scaling,4.0,1,764,-1.2402,-6.9812,2.6361
random,16,scaling,4.0,1,765,-8.4807,-11.6727,2.5463
random,16,scaling,4.0,1,766,-4.4947,-6.8174,2.9584
random,16,scaling,4.0,1,767,-20.2760,-21.0852,-0.8502
random,16,scaling,4.0,1,768,0.6530,-5.3378,4.9103
random,16,scaling,4.0,1,769,-14.6811,-11.6984,1.7565
random,16,scaling,4.0,1,770,-12.0192,-13.8936,1.0425
random,16,scaling,4.0,1,771,-11.8247,-11.0696,2.5538
random,16,scaling,4.0,1,772,-11.0482,-14.7274,1.7476
random,16,scaling,4.0,1,773,-8.7488,-9.9036,1.7519
random,16,scaling,4.0,1,774,0.8693,-3.5163,4.4886
random,16,scaling,4.0,1,775,-11.1451,-13.1591,1.3369
random,16,scaling,4.0,1,776,-6.1427,-8.6010,2.8596
random,16,scaling,4.0,1,777,4.2862,3.8232,6.9383
random,16,scaling,4.0,1,778,-5.5315,-8.9772,2.2218
random,16,scaling,4.0,1,779,-10.9102,-13.1418,1.7823
random,16,scaling,4.0,1,780,-7.4820,-7.7243,2.9130
random,16,scaling,4.0,1,781,-7.9072,-11.1151,2.1493
random,16,scaling,4.0,1,782,-5.5550,-8.4316,3.2274
random,16,scaling,4.0,1,783,-2.8953,-7.2671,2.6183
random,16,scaling,4.0,1,784,-1.9354,-6.1169,3.8971
random,16,scaling,4.0,1,785,-4.9311,-8.5802,2.7326
random,16,scaling,4.0,1,786,0.7153,-1.1997,4.6942
random,16,scaling,4.0,1,787,-3.1529,-8.7852,1.8665
random,16,scaling,4.0,1,788,-5.9656,-12.9346,1.2145
random,16,scaling,4.0,1,789,-8.0175,-10.5157,2.5402
random,16,scaling,4.0,1,790,-3.3320,-4.8011,3.1217
random,16,scaling,4.0,1,791,-6.3781,-8.5383,2.5427
random,16,scaling,4.0,1,792,-9.8837,-11.7235,0.8271
random,16,scaling,4.0,1,793,1.8951,-1.8578,4.8835
random,16,scaling,4.0,1,794,4.6102,0.2382,5.4798
random,16,scaling,4.0,1,795,-7.2290,-8.6780,4.0138
random,16,scaling,4.0,1,796,-4.0948,-4.8574,3.3351
random,16,scaling,4.0,1,797,-7.0635,-12.5023,1.6412
random,16,scaling,4.0,1,798,-4.8401,-5.5069,4.3400
random,16,scaling,4.0,1,799,-5.3562,-9.9009,1.1114
random,16,scaling,4.0,1,800,-6.3750,-9.7909,2.8318
random,16,scaling,4.0,1,801,-0.6945,-5.3530,3.0233
random,16,scaling,4.0,1,802,-3.6302,-8.1956,2.4094
random,16,scaling,4.0,1,803,-8.8550,-13.4925,0.2977
random,16,scaling,4.0,1,804,-1.1886,-5.9079,3.2271
random,16,scaling,4.0,1,805,1.6538,-4.1588,5.1955
random,16,scaling,4.0,1,806,-8.8410,-13.7513,1.3174
random,16,scaling,4.0,1,807,-3.3606,-8.4508,1.9298
random,16,scaling,4.0,1,808,-13.1754,-16.0087,1.0174
random,16,scaling,4.0,1,809,-9.5506,-8.4348,4.0907
random,16,scaling,4.0,1,810,-10.4361,-10.5403,2.6820
random,16,scaling,4.0,1,811,-4.9583,-6.5856,5.0548
random,16,scaling,4.0,1,812,-6.0400,-10.0338,1.9996
random,16,scaling,4.0,1,813,-3.7105,-7.0518,2.5635
random,16,scaling,4.0,1,814,-5.0799,-10.3853,2.0395
random,16,scaling,4.0,1,815,-5.7961,-9.0094,2.1309
random,16,scaling,4.0,1,816,-5.4757,-11.8402,2.4159
random,16,scaling,4.0,1,817,-6.5947,-2.9498,7.1191
random,16,scaling,4.0,1,818,-5.6415,-10.5770,1.6498
random,16,scaling,4.0,1,819,-8.1555,-12.7300,1.0965
random,16,scaling,4.0,1,820,-3.3324,-5.9847,4.6105
random,16,scaling,4.0,1,821,-10.6612,-14.0474,1.1395
random,16,scaling,4.0,1,822,-4.4884,-7.5526,3.1889
random,16,scaling,4.0,1,823,-7.6725,-13.3121,1.3790
random,16,scaling,4.0,1,824,-2.4756,-4.8209,3.2103
random,16,scaling,4.0,1,825,-0.2612,-6.4117,3.4898
random,16,scaling,4.0,1,826,2.3781,-1.8593,5.0738
random,16,scaling,4.0,1,827,-13.0191,-15.5396,-0.2835
random,16,scaling,4.0,1,828,-12.1772,-16.3550,0.6960
random,16,scaling,4.0,1,829,-5.2449,-11.6878,2.5777
random,16,scaling,4.0,1,830,-6.7340,-8.3811,2.5553
random,16,scaling,4.0,1,831,-12.8414,-11.7722,1.3424
random,16,scaling,4.0,1,832,-6.7403,-9.5596,2.0135
random,16,scaling,4.0,1,833,-15.5719,-14.4623,0.9378
random,16,scaling,4.0,1,834,-1.7454,-7.4187,2.3616
random,16,scaling,4.0,1,835,-11.1279,-13.7611,0.7461
random,16,scaling,4.0,1,836,-7.5237,-9.8576,2.3781
random,16,scaling,4.0,1,837,-7.2340,-8.1394,3.6885
random,16,scaling,4.0,1,838,-4.7274,-8.5507,2.0097
random,16,scaling,4.0,1,839,-5.1338,-11.2172,1.3136
random,16,scaling,4.0,1,840,-5.2953,-8.8415,1.7437
random,16,scaling,4.0,1,841,-4.4070,-8.5261,4.1699
random,16,scaling,4.0,1,842,-7.4838,-9.0523,2.4522
random,16,scaling,4.0,1,843,-9.6305,-5.8707,4.3267
random,16,scaling,4.0,1,844,-1.1589,-6.9767,3.0381
random,16,scaling,4.0,1,845,-8.2564,-12.0594,2.0823
random,16,scaling,4.0,1,846,-12.0419,-12.8946,1.7783
random,16,scaling,4.0,1,847,-18.4220,-20.9552,-0.6385
random,16,scaling,4.0,1,848,0.7512,-2.2561,4.6034
random,16,scaling,4.0,1,849,-10.3838,-12.2392,2.5392
random,16,scaling,4.0,1,850,-0.6587,-7.1377,3.6110
random,16,scaling,4.0,1,851,0.8850,-1.9213,3.5646
random,16,scaling,4.0,1,852,-7.0575,-11.0578,1.0275
random,16,scaling,4.0,1,853,-7.7680,-8.8506,2.8730
random,16,scaling,4.0,1,854,-6.8687,-9.0022,2.5281
random,16,scaling,4.0,1,855,-12.0613,-13.5018,1.3759
random,16,scaling,4.0,1,856,1.9522,-0.3131,6.5871
random,16,scaling,4.0,1,857,-4.1735,-5.9802,2.8655
random,16,scaling,4.0,1,858,-8.9595,-12.9723,0.8439
random,16,scaling,4.0,1,859,-7.2304,-9.5949,1.9560
random,16,scaling,4.0,1,860,-3.5148,-9.2426,2.0845
random,16,scaling,4.0,1,861,-12.9980,-14.3632,0.8630
random,16,scaling,4.0,1,862,-10.2061,-12.8131,1.5423
random,16,scaling,4.0,1,863,-11.3300,-12.4423,2.0979
random,16,scaling,4.0,1,864,-7.6772,-11.8982,1.8853
random,16,scaling,4.0,1,865,-13.3296,-16.6989,-0.4788
random,16,scaling,4.0,1,866,-12.9461,-14.1099,2.4088
random,16,scaling,4.0,1,867,-5.7415,-10.8639,1.1206
random,16,scaling,4.0,1,868,-12.3962,-15.7356,0.8622
random,16,scaling,4.0,1,869,-7.7279,-6.3701,3.8012
random,16,scaling,4.0,1,870,-5.2623,-10.1298,1.6867
random,16,scaling,4.0,1,871,-6.7030,-9.6851,2.7279
random,16,scaling,4.0,1,872,-7.0132,-9.2103,2.0561
random,16,scaling,4.0,1,873,-2.8754,-9.6000,2.2628
random,16,scaling,4.0,1,874,-7.9939,-9.0012,4.3822
random,16,scaling,4.0,1,875,-7.7760,-12.6085,-0.1525
random,16,scaling,4.0,1,876,-0.6757,-6.7241,2.9420
random,16,scaling,4.0,1,877,-19.5038,-19.3306,-0.1714
random,16,scaling,4.0,1,878,-5.2556,-8.8322,2.0921
random,16,scaling,4.0,1,879,-0.3627,-0.8390,3.2165
random,16,scaling,4.0,1,880,-6.8041,-9.4589,2.4023
random,16,scaling,4.0,1,881,-12.7994,-16.8902,-0.0716
random,16,scaling,4.0,1,882,-7.5807,-10.1659,1.7979
random,16,scaling,4.0,1,883,-8.0836,-13.9368,1.2363
random,16,scaling,4.0,1,884,-3.4844,-6.4567,3.0531
random,16,scaling,4.0,1,885,-8.0901,-10.3995,2.3151
random,16,scaling,4.0,1,886,-1.6941,-7.6138,2.5512
random,16,scaling,4.0,1,887,-3.2530,-8.7367,2.3873
random,16,scaling,4.0,1,888,-7.9895,-9.1816,1.6476
random,16,scaling,4.0,1,889,-15.1405,-15.5020,1.7287
random,16,scaling,4.0,1,890,-5.4217,-6.2313,4.2888
random,16,scaling,4.0,1,891,-6.1597,-6.7865,2.2201
random,16,scaling,4.0,1,892,-6.5990,-11.4110,3.0772
random,16,scaling,4.0,1,893,-0.0810,-6.9944,2.4780
random,16,scaling,4.0,1,894,-3.6895,-6.3555,2.9195
random,16,scaling,4.0,1,895,-8.1852,-11.0265,1.7277
random,16,scaling,4.0,1,896,-7.2793,-10.7332,2.2713
random,16,scaling,4.0,1,897,-11.4340,-13.7643,1.8296
random,16,scaling,4.0,1,898,-9.9895,-11.7681,3.5762
random,16,scaling,4.0,1,899,-11.0518,-15.6651,1.2517
random,16,scaling,4.0,1,900,3.6391,-0.8784,4.7233
random,16,scaling,4.0,1,901,-12.2632,-15.3229,0.8359
random,16,scaling,4.0,1,902,-3.6953,-9.8251,1.9572
random,16,scaling,4.0,1,903,-9.7176,-12.0771,1.9284
random,16,scaling,4.0,1,904,-0.3834,-2.5179,6.5085
random,16,scaling,4.0,1,905,-5.1034,-10.0796,3.1967
random,16,scaling,4.0,1,906,-2.6264,-5.7515,2.7420
random,16,scaling,4.0,1,907,-14.3106,-15.0201,0.0062
random,16,scaling,4.0,1,908,-15.0450,-16.3731,1.5032
random,16,scaling,4.0,1,909,-0.1524,-7.2328,3.8995
random,16,scaling,4.0,1,910,-8.2216,-9.3099,1.1368
random,16,scaling,4.0,1,911,-6.9422,-10.6055,1.8789
random,16,scaling,4.0,1,912,-9.7699,-12.5470,1.5685
random,16,scaling,4.0,1,913,-1.2293,-7.1391,2.2561
random,16,scaling,4.0,1,914,1.3256,-2.3224,4.2653
random,16,scaling,4.0,1,915,-9.6279,-11.2168,1.8325
random,16,scaling,4.0,1,916,-2.5708,-4.3614,3.3397
random,16,scaling,4.0,1,917,-5.0522,-8.8638,2.9065
random,16,scaling,4.0,1,918,-10.1344,-13.4582,1.0209
random,16,scaling,4.0,1,919,-7.4361,-9.4856,3.4917
random,16,scaling,4.0,1,920,-11.5752,-11.5187,2.1472
random,16,scaling,4.0,1,921,-2.1302,-3.8948,3.3488
random,16,scaling,4.0,1,922,-7.4533,-8.5838,2.8372
random,16,scaling,4.0,1,923,-4.8642,-9.3438,2.2706
random,16,scaling,4.0,1,924,-8.1299,-10.5617,1.4970
random,16,scaling,4.0,1,925,-13.1992,-14.5160,1.6707
random,16,scaling,4.0,1,926,-10.1963,-13.0742,1.2938
random,16,scaling,4.0,1,927,-6.4037,-7.6652,3.5452
random,16,scaling,4.0,1,928,-9.4850,-12.3651,1.0757
random,16,scaling,4.0,1,929,-15.1520,-17.0062,0.0420
random,16,scaling,4.0,1,930,-1.6046,-7.4460,2.5029
random,16,scaling,4.0,1,931,-1.7977,-7.6760,2.5899
random,16,scaling,4.0,1,932,-5.3793,-9.8410,2.7766
random,16,scaling,4.0,1,933,-3.8715,-8.1372,2.2099
random,16,scaling,4.0,1,934,-4.3644,-6.6125,2.5831
random,16,scaling,4.0,1,935,-11.7919,-14.7816,0.7383
random,16,scaling,4.0,1,936,-4.8677,-10.8660,1.0244
random,16,scaling,4.0,1,937,-13.0153,-11.5635,1.1133
random,16,scaling,4.0,1,938,-13.7290,-12.2353,2.4497
random,16,scaling,4.0,1,939,-5.4816,-7.3167,2.8446
random,16,scaling,4.0,1,940,-0.8847,-2.9050,4.0196
random,16,scaling,4.0,1,941,-12.1377,-14.0742,0.7534
random,16,scaling,4.0,1,942,-6.2443,-4.1445,5.4769
random,16,scaling,4.0,1,943,-7.3529,-7.9826,3.3589
random,16,scaling,4.0,1,944,1.7064,-4.5052,2.2127
random,16,scaling,4.0,1,945,-6.1919,-10.2765,2.6119
random,16,scaling,4.0,1,946,-3.2258,-7.5017,2.6736
random,16,scaling,4.0,1,947,-7.9633,-11.1980,2.6299
random,16,scaling,4.0,1,948,-3.0430,-9.8364,1.5246
random,16,scaling,4.0,1,949,-4.5568,-8.3381,3.3972
random,16,scaling,4.0,1,950,-9.8887,-14.5221,0.8407
random,16,scaling,4.0,1,951,-10.8802,-12.4979,2.3812
random,16,scaling,4.0,1,952,-12.3030,-12.0531,1.9043
random,16,scaling,4.0,1,953,-0.9169,-4.6940,3.5816
random,16,scaling,4.0,1,954,-7.8561,-10.3154,1.7282
random,16,scaling,4.0,1,955,-7.2113,-9.2115,3.6004
random,16,scaling,4.0,1,956,-6.5665,-9.6172,1.5882
random,16,scaling,4.0,1,957,-4.7791,-10.0798,1.7048
random,16,scaling,4.0,1,958,3.1634,-1.8253,3.8027
random,16,scaling,4.0,1,959,-11.4718,-15.9488,0.3330
random,16,scaling,4.0,1,960,-8.6851,-7.5739,4.9087
random,16,scaling,4.0,1,961,-7.9213,-13.1365,1.1375
random,16,scaling,4.0,1,962,-3.2343,-5.2418,3.1437
random,16,scaling,4.0,1,963,-0.1362,-3.9157,3.5961
random,16,scaling,4.0,1,964,-6.7779,-10.9352,2.3285
random,16,scaling,4.0,1,965,0.9748,-5.7108,3.5234
random,16,scaling,4.0,1,966,0.2368,-5.7803,3.0068
random,16,scaling,4.0,1,967,-5.8582,-8.2245,3.2879
random,16,scaling,4.0,1,968,-5.7801,-10.9782,1.4872
random,16,scaling,4.0,1,969,-3.1039,-8.4732,2.6059
random,16,scaling,4.0,1,970,-11.9387,-14.2333,1.0032
random,16,scaling,4.0,1,971,-8.1696,-6.5988,3.0979
random,16,scaling,4.0,1,972,-8.4073,-10.9609,3.0264
random,16,scaling,4.0,1,973,-6.7342,-10.8645,3.1337
random,16,scaling,4.0,1,974,-4.1421,-7.9494,2.2713
random,16,scaling,4.0,1,975,-10.8106,-12.4069,1.3249
random,16,scaling,4.0,1,976,3.1960,-1.4376,4.1039
random,16,scaling,4.0,1,977,-11.6773,-14.3117,1.3704
random,16,scaling,4.0,1,978,-3.0719,-8.4205,1.2887
random,16,scaling,4.0,1,979,-6.2036,-8.3021,3.8422
random,16,scaling,4.0,1,980,-9.3336,-11.0740,2.3641
random,16,scaling,4.0,1,981,-5.6114,-11.5400,1.2802
random,16,scaling,4.0,1,982,-4.3094,-7.9903,2.3012
random,16,scaling,4.0,1,983,-8.9019,-10.3822,2.0468
random,16,scaling,4.0,1,984,-6.7745,-7.4824,2.8820
random,16,scaling,4.0,1,985,-12.9772,-15.2175,0.4666
random,16,scaling,4.0,1,986,3.5148,-1.8526,4.4968
random,16,scaling,4.0,1,987,-13.2211,-11.4135,1.6945
random,16,scaling,4.0,1,988,-7.0055,-7.4550,2.2332
random,16,scaling,4.0,1,989,-7.2296,-8.7182,3.3923
random,16,scaling,4.0,1,990,-5.7242,-7.4450,4.6961
random,16,scaling,4.0,1,991,-9.8935,-11.1008,1.6628
random,16,scaling,4.0,1,992,-5.4720,-8.4966,2.8094
random,16,scaling,4.0,1,993,-11.2075,-13.7799,0.8216
random,16,scaling,4.0,1,994,-8.5734,-10.9007,1.8311
random,16,scaling,4.0,1,995,-4.2768,-9.2504,2.6564
random,16,scaling,4.0,1,996,-5.1775,-9.0219,0.5562
random,16,scaling,4.0,1,997,-0.7452,-6.5658,3.0143
random,16,scaling,4.0,1,998,-5.7434,-14.3359,0.1807
random,16,scaling,4.0,1,999,-7.2880,-11.8755,1.0440
random,16,scaling,4.0,1,1000,-6.8607,-8.7953,2.4728
rl_homogeneous,16,scaling,4.0,1,1,-7.1075,7.3599,-0.5387
rl_homogeneous,16,scaling,4.0,1,2,1.4895,0.0000,5.2169
rl_homogeneous,16,scaling,4.0,1,3,-14.0965,-7.1543,0.7328
rl_homogeneous,16,scaling,4.0,1,4,-7.7909,7.8792,0.9874
rl_homogeneous,16,scaling,4.0,1,5,-10.0321,-3.5311,-0.4006
rl_homogeneous,16,scaling,4.0,1,6,-3.3815,10.9652,-0.3532
rl_homogeneous,16,scaling,4.0,1,7,1.9844,11.3852,2.1371
rl_homogeneous,16,scaling,4.0,1,8,-7.7878,0.0598,0.6329
rl_homogeneous,16,scaling,4.0,1,9,-8.3233,3.3084,1.0026
rl_homogeneous,16,scaling,4.0,1,10,-4.8211,2.4346,0.7628
rl_homogeneous,16,scaling,4.0,1,11,-7.2923,-1.4998,0.3369
rl_homogeneous,16,scaling,4.0,1,12,3.0189,0.0000,3.7944
rl_homogeneous,16,scaling,4.0,1,13,-2.8045,24.2662,0.9536
rl_homogeneous,16,scaling,4.0,1,14,-14.9373,-0.8922,-0.4797
rl_homogeneous,16,scaling,4.0,1,15,-7.0936,0.9464,-0.1705
rl_homogeneous,16,scaling,4.0,1,16,-0.8209,30.5673,-1.1522
rl_homogeneous,16,scaling,4.0,1,17,-8.2963,-7.2185,-0.4074
rl_homogeneous,16,scaling,4.0,1,18,-4.2575,9.2384,-1.3980
rl_homogeneous,16,scaling,4.0,1,19,-8.1313,-1.7853,0.5936
rl_homogeneous,16,scaling,4.0,1,20,-10.3511,0.1610,0.8408
rl_homogeneous,16,scaling,4.0,1,21,-4.2124,0.6576,0.4939
rl_homogeneous,16,scaling,4.0,1,22,-13.0611,-3.6633,-0.4612
rl_homogeneous,16,scaling,4.0,1,23,-12.1949,11.8596,0.4382
rl_homogeneous,16,scaling,4.0,1,24,-8.8202,0.2179,0.8993
rl_homogeneous,16,scaling,4.0,1,25,-4.8401,1.0050,0.4437
rl_homogeneous,16,scaling,4.0,1,26,-0.4403,8.7185,-0.2469
rl_homogeneous,16,scaling,4.0,1,27,-4.5531,6.3808,0.5126
rl_homogeneous,16,scaling,4.0,1,28,0.1988,12.1412,1.8772
rl_homogeneous,16,scaling,4.0,1,29,-6.7350,-5.3109,-0.3170
rl_homogeneous,16,scaling,4.0,1,30,-3.7896,0.8186,3.2760
rl_homogeneous,16,scaling,4.0,1,31,-12.4927,17.3121,-1.1123
rl_homogeneous,16,scaling,4.0,1,32,-12.9577,-6.9075,0.1758
rl_homogeneous,16,scaling,4.0,1,33,1.6848,23.6469,2.6502
rl_homogeneous,16,scaling,4.0,1,34,-6.1391,-2.9449,-0.4736
rl_homogeneous,16,scaling,4.0,1,35,-5.0611,-2.0121,-0.0311
rl_homogeneous,16,scaling,4.0,1,36,-8.1261,0.2213,-0.2260
rl_homogeneous,16,scaling,4.0,1,37,-3.9628,9.9884,2.1564
rl_homogeneous,16,scaling,4.0,1,38,-0.4572,9.7993,1.7736
rl_homogeneous,16,scaling,4.0,1,39,1.8325,17.4568,1.3055
rl_homogeneous,16,scaling,4.0,1,40,-10.9784,4.3453,-0.6373
rl_homogeneous,16,scaling,4.0,1,41,-2.1733,17.3340,-0.0813
rl_homogeneous,16,scaling,4.0,1,42,-15.0135,-0.9989,2.0011
rl_homogeneous,16,scaling,4.0,1,43,0.5703,16.5041,0.1291
rl_homogeneous,16,scaling,4.0,1,44,0.2883,8.3912,0.4284
rl_homogeneous,16,scaling,4.0,1,45,-4.9766,5.6166,-0.7640
rl_homogeneous,16,scaling,4.0,1,46,-10.6361,1.4755,-0.8640
rl_homogeneous,16,scaling,4.0,1,47,-4.9359,7.4927,-0.9591
rl_homogeneous,16,scaling,4.0,1,48,-1.7450,1.9724,1.2901
rl_homogeneous,16,scaling,4.0,1,49,-1.8547,3.0147,2.1679
rl_homogeneous,16,scaling,4.0,1,50,-5.7376,12.5297,-0.6247
rl_homogeneous,16,scaling,4.0,1,51,-1.3448,8.8824,-0.2182
rl_homogeneous,16,scaling,4.0,1,52,-2.0423,15.5913,1.2620
rl_homogeneous,16,scaling,4.0,1,53,-4.4071,2.0487,0.2536
rl_homogeneous,16,scaling,4.0,1,54,-7.1414,-1.2324,-0.0801
rl_homogeneous,16,scaling,4.0,1,55,-2.5623,2.9130,1.1545
rl_homogeneous,16,scaling,4.0,1,56,-1.4390,19.4831,0.4464
rl_homogeneous,16,scaling,4.0,1,57,-2.5599,16.7250,0.7124
rl_homogeneous,16,scaling,4.0,1,58,-9.2300,2.0129,0.8768
rl_homogeneous,16,scaling,4.0,1,59,-3.4323,3.2992,-0.0421
rl_homogeneous,16,scaling,4.0,1,60,-5.7786,10.6502,0.8114
rl_homogeneous,16,scaling,4.0,1,61,-1.9372,0.8995,3.1314
rl_homogeneous,16,scaling,4.0,1,62,-6.3541,1.1155,0.6788
rl_homogeneous,16,scaling,4.0,1,63,-1.6770,7.9435,0.2851
rl_homogeneous,16,scaling,4.0,1,64,-6.0360,8.6519,-0.0981
rl_homogeneous,16,scaling,4.0,1,65,-3.0476,0.2632,3.6163
rl_homogeneous,16,scaling,4.0,1,66,-5.3992,-1.3718,-0.9954
rl_homogeneous,16,scaling,4.0,1,67,-14.1069,-6.7293,-0.2827
rl_homogeneous,16,scaling,4.0,1,68,-9.6838,-1.1852,-0.2817
rl_homogeneous,16,scaling,4.0,1,69,-3.7488,14.1782,0.6920
rl_homogeneous,16,scaling,4.0,1,70,3.3404,14.0050,0.9946
rl_homogeneous,16,scaling,4.0,1,71,-1.9253,0.0000,4.3897
rl_homogeneous,16,scaling,4.0,1,72,-8.6893,10.9142,1.0618
rl_homogeneous,16,scaling,4.0,1,73,-11.4494,10.9309,-0.5779
rl_homogeneous,16,scaling,4.0,1,74,-13.7987,2.3648,-0.8852
rl_homogeneous,16,scaling,4.0,1,75,-1.8904,6.1184,-0.2708
rl_homogeneous,16,scaling,4.0,1,76,-10.6430,-2.9057,0.1679
rl_homogeneous,16,scaling,4.0,1,77,-3.3831,19.4158,0.8016
rl_homogeneous,16,scaling,4.0,1,78,-2.7616,4.8644,1.4946
rl_homogeneous,16,scaling,4.0,1,79,-12.7393,-0.1663,-0.0330
rl_homogeneous,16,scaling,4.0,1,80,-5.7710,5.2078,-1.5709
rl_homogeneous,16,scaling,4.0,1,81,-7.4770,0.0000,0.6245
rl_homogeneous,16,scaling,4.0,1,82,-2.2843,16.7488,2.3502
rl_homogeneous,16,scaling,4.0,1,83,-4.1651,8.1443,1.1869
rl_homogeneous,16,scaling,4.0,1,84,-0.3142,0.1319,2.0959
rl_homogeneous,16,scaling,4.0,1,85,-1.3734,0.0000,1.4129
rl_homogeneous,16,scaling,4.0,1,86,-3.9892,10.0165,0.6017
rl_homogeneous,16,scaling,4.0,1,87,-11.0027,-2.0969,-0.2511
rl_homogeneous,16,scaling,4.0,1,88,-8.0537,-1.0527,0.4046
rl_homogeneous,16,scaling,4.0,1,89,-1.1304,7.7834,0.9250
rl_homogeneous,16,scaling,4.0,1,90,-3.6983,3.5779,0.7700
rl_homogeneous,16,scaling,4.0,1,91,-0.6661,14.4794,-0.1121
rl_homogeneous,16,scaling,4.0,1,92,-8.4002,5.8083,-0.5270
rl_homogeneous,16,scaling,4.0,1,93,-5.1870,7.4083,1.5193
rl_homogeneous,16,scaling,4.0,1,94,-9.4545,0.0099,-0.1029
rl_homogeneous,16,scaling,4.0,1,95,-2.3433,7.3468,-0.9682
rl_homogeneous,16,scaling,4.0,1,96,-7.3593,-4.4670,-0.4226
rl_homogeneous,16,scaling,4.0,1,97,-17.9910,-11.3172,-0.9424
rl_homogeneous,16,scaling,4.0,1,98,-12.3869,-0.7857,-1.5428
rl_homogeneous,16,scaling,4.0,1,99,-1.5449,0.0000,4.3594
rl_homogeneous,16,scaling,4.0,1,100,0.1371,9.5266,0.1804
rl_homogeneous,16,scaling,4.0,1,101,-4.1556,8.3601,0.8865
rl_homogeneous,16,scaling,4.0,1,102,-4.2563,14.1150,-0.3911
rl_homogeneous,16,scaling,4.0,1,103,-10.6519,7.8467,0.3042
rl_homogeneous,16,scaling,4.0,1,104,-6.6250,-1.3909,0.5851
rl_homogeneous,16,scaling,4.0,1,105,-1.9625,0.0265,2.1761
rl_homogeneous,16,scaling,4.0,1,106,-10.2334,6.5796,1.1900
rl_homogeneous,16,scaling,4.0,1,107,-8.8114,-1.3429,-0.3681
rl_homogeneous,16,scaling,4.0,1,108,-5.6312,8.5383,1.3836
rl_homogeneous,16,scaling,4.0,1,109,-5.7609,7.0468,-0.6909
rl_homogeneous,16,scaling,4.0,1,110,-3.0542,20.7321,0.7847
rl_homogeneous,16,scaling,4.0,1,111,-3.6072,15.3600,-0.0777
rl_homogeneous,16,scaling,4.0,1,112,-7.8061,3.2051,-0.0195
rl_homogeneous,16,scaling,4.0,1,113,-10.3769,-10.6986,-0.4797
rl_homogeneous,16,scaling,4.0,1,114,-11.2175,8.4682,0.5562
rl_homogeneous,16,scaling,4.0,1,115,-6.3697,20.9097,0.2063
rl_homogeneous,16,scaling,4.0,1,116,-5.1076,8.5695,-1.5437
rl_homogeneous,16,scaling,4.0,1,117,-4.8754,3.8212,0.4287
rl_homogeneous,16,scaling,4.0,1,118,-2.9455,1.0578,1.1704
rl_homogeneous,16,scaling,4.0,1,119,-5.5792,5.7571,0.5687
rl_homogeneous,16,scaling,4.0,1,120,-4.5725,4.4225,-0.2766
rl_homogeneous,16,scaling,4.0,1,121,-0.6458,6.6078,1.2228
rl_homogeneous,16,scaling,4.0,1,122,-6.1210,10.7904,0.0783
rl_homogeneous,16,scaling,4.0,1,123,-4.0617,22.8790,1.0873
rl_homogeneous,16,scaling,4.0,1,124,-2.4823,5.6413,1.1632
rl_homogeneous,16,scaling,4.0,1,125,-6.0092,0.0000,1.2348
rl_homogeneous,16,scaling,4.0,1,126,1.8126,0.0000,2.0858
rl_homogeneous,16,scaling,4.0,1,127,0.2173,6.3350,1.6076
rl_homogeneous,16,scaling,4.0,1,128,-8.8726,0.4949,1.4057
rl_homogeneous,16,scaling,4.0,1,129,-4.0974,9.5592,1.7091
rl_homogeneous,16,scaling,4.0,1,130,-0.0762,7.8564,1.8245
rl_homogeneous,16,scaling,4.0,1,131,-7.0597,7.9906,1.3230
rl_homogeneous,16,scaling,4.0,1,132,-3.5612,19.7429,-0.3424
rl_homogeneous,16,scaling,4.0,1,133,-1.1562,17.1974,0.3200
rl_homogeneous,16,scaling,4.0,1,134,4.4850,0.0000,5.0540
rl_homogeneous,16,scaling,4.0,1,135,-3.2887,11.4706,0.5543
rl_homogeneous,16,scaling,4.0,1,136,-2.3390,0.0000,3.4704
rl_homogeneous,16,scaling,4.0,1,137,-4.5242,3.5786,0.5635
rl_homogeneous,16,scaling,4.0,1,138,-3.3788,0.2658,1.8556
rl_homogeneous,16,scaling,4.0,1,139,-3.8447,17.7154,-0.2758
rl_homogeneous,16,scaling,4.0,1,140,-8.4995,1.7112,-1.3847
rl_homogeneous,16,scaling,4.0,1,141,-1.8298,22.4847,-0.4779
rl_homogeneous,16,scaling,4.0,1,142,-8.5719,-0.3607,-0.4858
rl_homogeneous,16,scaling,4.0,1,143,-10.1903,5.9290,-0.8662
rl_homogeneous,16,scaling,4.0,1,144,-7.0940,-4.2185,-0.5174
rl_homogeneous,16,scaling,4.0,1,145,-9.6129,-0.7094,-0.7031
rl_homogeneous,16,scaling,4.0,1,146,1.8140,16.6064,-0.4789
rl_homogeneous,16,scaling,4.0,1,147,-2.4288,0.0000,2.3757
rl_homogeneous,16,scaling,4.0,1,148,-10.0696,8.7439,-0.3305
rl_homogeneous,16,scaling,4.0,1,149,-5.3996,0.9475,2.6709
rl_homogeneous,16,scaling,4.0,1,150,-5.7016,1.4362,-0.8404
rl_homogeneous,16,scaling,4.0,1,151,-9.0419,1.7355,0.2573
rl_homogeneous,16,scaling,4.0,1,152,-11.6653,1.4560,0.5291
rl_homogeneous,16,scaling,4.0,1,153,-2.5878,5.4372,0.1547
rl_homogeneous,16,scaling,4.0,1,154,-12.5362,14.0657,0.4216
rl_homogeneous,16,scaling,4.0,1,155,-5.8332,16.3876,-0.4623
rl_homogeneous,16,scaling,4.0,1,156,-11.5416,-6.2422,-0.3813
rl_homogeneous,16,scaling,4.0,1,157,-5.5546,-2.2906,-0.5035
rl_homogeneous,16,scaling,4.0,1,158,-5.3413,3.5684,-0.1781
rl_homogeneous,16,scaling,4.0,1,159,-21.0641,-12.9044,-0.9547
rl_homogeneous,16,scaling,4.0,1,160,-12.1825,-0.4348,0.6186
rl_homogeneous,16,scaling,4.0,1,161,-4.9308,22.8720,0.3734
rl_homogeneous,16,scaling,4.0,1,162,-1.2268,23.6537,-0.8871
rl_homogeneous,16,scaling,4.0,1,163,-7.9061,9.5417,-0.7749
rl_homogeneous,16,scaling,4.0,1,164,-6.6230,8.8543,2.0017
rl_homogeneous,16,scaling,4.0,1,165,-8.6238,-3.4474,-0.6607
rl_homogeneous,16,scaling,4.0,1,166,-0.7422,12.3291,1.2492
rl_homogeneous,16,scaling,4.0,1,167,-4.1263,5.0058,0.3432
rl_homogeneous,16,scaling,4.0,1,168,-0.9717,9.7572,0.3689
rl_homogeneous,16,scaling,4.0,1,169,-4.7300,7.2615,0.5860
rl_homogeneous,16,scaling,4.0,1,170,-2.9285,0.0000,1.4418
rl_homogeneous,16,scaling,4.0,1,171,-4.8481,1.0583,-0.5332
rl_homogeneous,16,scaling,4.0,1,172,-1.7796,1.8628,3.4825
rl_homogeneous,16,scaling,4.0,1,173,0.0385,26.7813,-1.4671
rl_homogeneous,16,scaling,4.0,1,174,-9.2608,-1.0455,0.3491
rl_homogeneous,16,scaling,4.0,1,175,-6.4255,16.4085,-0.0222
rl_homogeneous,16,scaling,4.0,1,176,-4.5424,2.3337,-1.0361
rl_homogeneous,16,scaling,4.0,1,177,-4.1797,14.2129,-0.8266
rl_homogeneous,16,scaling,4.0,1,178,-6.9794,0.6858,1.3264
rl_homogeneous,16,scaling,4.0,1,179,-6.0106,0.0332,1.0043
rl_homogeneous,16,scaling,4.0,1,180,-3.9513,15.9187,-0.1558
rl_homogeneous,16,scaling,4.0,1,181,-7.0898,7.3660,1.4109
rl_homogeneous,16,scaling,4.0,1,182,-3.3268,0.0000,3.4523
rl_homogeneous,16,scaling,4.0,1,183,2.6126,0.0000,4.4857
rl_homogeneous,16,scaling,4.0,1,184,-1.5156,8.9456,0.4186
rl_homogeneous,16,scaling,4.0,1,185,-5.1784,6.4692,0.2979
rl_homogeneous,16,scaling,4.0,1,186,-8.4598,0.8515,-0.0451
rl_homogeneous,16,scaling,4.0,1,187,-6.5258,4.6798,0.0324
rl_homogeneous,16,scaling,4.0,1,188,-4.1183,11.9538,-0.7870
rl_homogeneous,16,scaling,4.0,1,189,-4.4239,25.3044,-0.5909
rl_homogeneous,16,scaling,4.0,1,190,-3.4004,7.6323,1.0100
rl_homogeneous,16,scaling,4.0,1,191,-3.2739,15.0271,0.9838
rl_homogeneous,16,scaling,4.0,1,192,-6.1039,-2.7935,-0.0736
rl_homogeneous,16,scaling,4.0,1,193,-3.9162,17.5901,-0.8808
rl_homogeneous,16,scaling,4.0,1,194,-7.7121,12.8487,-0.1233
rl_homogeneous,16,scaling,4.0,1,195,-0.0125,5.6875,2.3294
rl_homogeneous,16,scaling,4.0,1,196,4.9945,22.1364,2.3605
rl_homogeneous,16,scaling,4.0,1,197,-5.3263,1.7601,-0.4690
rl_homogeneous,16,scaling,4.0,1,198,-0.6265,0.0000,2.4677
rl_homogeneous,16,scaling,4.0,1,199,-9.2375,-4.3482,0.0050
rl_homogeneous,16,scaling,4.0,1,200,-7.1775,-1.1345,0.5517
rl_homogeneous,16,scaling,4.0,1,201,-5.3975,6.8271,0.5689
rl_homogeneous,16,scaling,4.0,1,202,-0.5786,17.0349,0.4364
rl_homogeneous,16,scaling,4.0,1,203,-1.8449,0.3014,1.4095
rl_homogeneous,16,scaling,4.0,1,204,-6.4366,-2.8020,0.2165
rl_homogeneous,16,scaling,4.0,1,205,-13.0106,-0.8039,0.0683
rl_homogeneous,16,scaling,4.0,1,206,-7.1632,2.2868,0.2396
rl_homogeneous,16,scaling,4.0,1,207,3.6121,0.1946,4.6729
rl_homogeneous,16,scaling,4.0,1,208,-9.8367,-2.8893,-0.0163
rl_homogeneous,16,scaling,4.0,1,209,-21.6198,-5.9983,-1.4814
rl_homogeneous,16,scaling,4.0,1,210,-17.0179,-12.6825,-0.4890
rl_homogeneous,16,scaling,4.0,1,211,0.4183,10.0116,-0.4865
rl_homogeneous,16,scaling,4.0,1,212,0.5904,11.1509,1.2900
rl_homogeneous,16,scaling,4.0,1,213,-3.5073,10.2263,-0.8876
rl_homogeneous,16,scaling,4.0,1,214,-7.1468,10.4625,-0.0454
rl_homogeneous,16,scaling,4.0,1,215,-5.8021,7.4711,0.1908
rl_homogeneous,16,scaling,4.0,1,216,-6.3332,20.7125,-0.3773
rl_homogeneous,16,scaling,4.0,1,217,-1.8872,10.0861,-0.3943
rl_homogeneous,16,scaling,4.0,1,218,-9.4516,0.2819,0.8066
rl_homogeneous,16,scaling,4.0,1,219,-3.7799,1.3106,0.9182
rl_homogeneous,16,scaling,4.0,1,220,-6.9130,0.3108,-0.3979
rl_homogeneous,16,scaling,4.0,1,221,-8.3375,18.3331,0.1594
rl_homogeneous,16,scaling,4.0,1,222,-1.3561,0.0000,2.0388
rl_homogeneous,16,scaling,4.0,1,223,-9.5313,-4.6061,0.2791
rl_homogeneous,16,scaling,4.0,1,224,0.5677,0.1113,3.2693
rl_homogeneous,16,scaling,4.0,1,225,-3.2376,9.0131,0.8552
rl_homogeneous,16,scaling,4.0,1,226,-7.9234,-0.0874,0.5122
rl_homogeneous,16,scaling,4.0,1,227,-1.2289,0.0424,0.7395
rl_homogeneous,16,scaling,4.0,1,228,-0.9086,21.7453,0.4623
rl_homogeneous,16,scaling,4.0,1,229,-3.4171,13.6355,-0.4910
rl_homogeneous,16,scaling,4.0,1,230,-4.2535,9.0272,-0.3626
rl_homogeneous,16,scaling,4.0,1,231,-1.0326,1.7801,1.4577
rl_homogeneous,16,scaling,4.0,1,232,-6.7413,-2.8313,-0.6758
rl_homogeneous,16,scaling,4.0,1,233,-3.4515,0.0000,0.4034
rl_homogeneous,16,scaling,4.0,1,234,-14.0125,-8.3141,0.4567
rl_homogeneous,16,scaling,4.0,1,235,-6.2920,7.9920,1.5343
rl_homogeneous,16,scaling,4.0,1,236,-13.5195,-2.8301,-0.2581
rl_homogeneous,16,scaling,4.0,1,237,-0.9815,8.9773,0.6651
rl_homogeneous,16,scaling,4.0,1,238,-2.5169,-0.2873,1.4622
rl_homogeneous,16,scaling,4.0,1,239,-7.5149,0.0000,1.6171
rl_homogeneous,16,scaling,4.0,1,240,-6.1085,1.1658,0.4736
rl_homogeneous,16,scaling,4.0,1,241,-7.2012,0.3894,-0.7515
rl_homogeneous,16,scaling,4.0,1,242,0.3065,8.0953,-0.2827
rl_homogeneous,16,scaling,4.0,1,243,-1.6198,13.7748,0.5173
rl_homogeneous,16,scaling,4.0,1,244,-2.1288,10.8303,1.6824
rl_homogeneous,16,scaling,4.0,1,245,-7.3866,10.5349,-1.4453
rl_homogeneous,16,scaling,4.0,1,246,-0.7389,0.0000,3.3309
rl_homogeneous,16,scaling,4.0,1,247,-5.8685,5.6763,1.3699
rl_homogeneous,16,scaling,4.0,1,248,-10.4946,-8.4679,-0.1578
rl_homogeneous,16,scaling,4.0,1,249,-2.1851,4.3296,0.2201
rl_homogeneous,16,scaling,4.0,1,250,1.5224,16.9689,0.6355
rl_homogeneous,16,scaling,4.0,1,251,-2.6801,7.0321,2.2402
rl_homogeneous,16,scaling,4.0,1,252,-10.3013,-0.1516,0.3577
rl_homogeneous,16,scaling,4.0,1,253,-4.1418,4.6603,-0.0315
rl_homogeneous,16,scaling,4.0,1,254,-11.7879,-5.7267,0.4746
rl_homogeneous,16,scaling,4.0,1,255,-0.2496,4.9726,-0.9011
rl_homogeneous,16,scaling,4.0,1,256,-0.7889,7.3884,2.3526
rl_homogeneous,16,scaling,4.0,1,257,-9.4661,4.9199,-0.9205
rl_homogeneous,16,scaling,4.0,1,258,-6.9206,4.4508,0.7289
rl_homogeneous,16,scaling,4.0,1,259,-13.4466,5.1401,-0.9234
rl_homogeneous,16,scaling,4.0,1,260,-2.7159,8.0534,0.8595
rl_homogeneous,16,scaling,4.0,1,261,-3.4606,5.4451,0.0176
rl_homogeneous,16,scaling,4.0,1,262,-9.4857,0.1069,-0.2434
rl_homogeneous,16,scaling,4.0,1,263,-10.5304,-4.2595,-0.6420
rl_homogeneous,16,scaling,4.0,1,264,-2.4783,4.7059,-0.2906
rl_homogeneous,16,scaling,4.0,1,265,-15.2022,-10.3125,-0.9169
rl_homogeneous,16,scaling,4.0,1,266,-12.2759,-6.1289,0.2548
rl_homogeneous,16,scaling,4.0,1,267,-2.3051,21.3205,-0.8847
rl_homogeneous,16,scaling,4.0,1,268,-8.7922,-2.9233,-0.6973
rl_homogeneous,16,scaling,4.0,1,269,-4.0410,-0.4032,-0.4902
rl_homogeneous,16,scaling,4.0,1,270,-5.0431,7.2245,-0.2930
rl_homogeneous,16,scaling,4.0,1,271,-6.2672,12.3220,-1.1275
rl_homogeneous,16,scaling,4.0,1,272,1.3343,0.1116,3.3442
rl_homogeneous,16,scaling,4.0,1,273,-0.6736,29.6289,0.7152
rl_homogeneous,16,scaling,4.0,1,274,-11.4533,-4.0115,0.4878
rl_homogeneous,16,scaling,4.0,1,275,-6.2404,2.3209,0.2077
rl_homogeneous,16,scaling,4.0,1,276,-5.1246,8.6531,3.4081
rl_homogeneous,16,scaling,4.0,1,277,1.6906,18.5706,0.8950
rl_homogeneous,16,scaling,4.0,1,278,-6.8156,3.4069,1.0722
rl_homogeneous,16,scaling,4.0,1,279,-7.4071,-0.7362,-0.0963
rl_homogeneous,16,scaling,4.0,1,280,-7.3777,1.3826,0.7446
rl_homogeneous,16,scaling,4.0,1,281,-1.7828,0.1687,1.7462
rl_homogeneous,16,scaling,4.0,1,282,-7.1972,-3.3881,-0.5359
rl_homogeneous,16,scaling,4.0,1,283,-6.9478,-4.9535,-0.1167
rl_homogeneous,16,scaling,4.0,1,284,-18.6795,4.8594,0.3889
rl_homogeneous,16,scaling,4.0,1,285,-8.6294,-3.7528,-0.0342
rl_homogeneous,16,scaling,4.0,1,286,-7.4384,10.3596,-1.0955
rl_homogeneous,16,scaling,4.0,1,287,-2.7521,10.0863,-0.7760
rl_homogeneous,16,scaling,4.0,1,288,-2.7902,0.3307,1.8544
rl_homogeneous,16,scaling,4.0,1,289,-6.4350,5.2475,1.5970
rl_homogeneous,16,scaling,4.0,1,290,-5.1727,13.6008,-0.5476
rl_homogeneous,16,scaling,4.0,1,291,-11.2121,-5.4278,-1.2825
rl_homogeneous,16,scaling,4.0,1,292,-13.6409,-7.5845,-0.3702
rl_homogeneous,16,scaling,4.0,1,293,-16.1726,-6.4865,-0.7229
rl_homogeneous,16,scaling,4.0,1,294,-3.3477,15.5107,-0.6083
rl_homogeneous,16,scaling,4.0,1,295,-5.4396,5.4963,-0.4571
rl_homogeneous,16,scaling,4.0,1,296,-3.4083,9.8746,0.4922
rl_homogeneous,16,scaling,4.0,1,297,0.4010,9.9042,2.1574
rl_homogeneous,16,scaling,4.0,1,298,-1.3900,9.0690,2.6614
rl_homogeneous,16,scaling,4.0,1,299,-2.0265,9.9408,-0.3969
rl_homogeneous,16,scaling,4.0,1,300,-8.3691,0.5292,0.3807
rl_homogeneous,16,scaling,4.0,1,301,-7.5010,-1.5848,0.4850
rl_homogeneous,16,scaling,4.0,1,302,-7.3354,9.6286,1.3175
rl_homogeneous,16,scaling,4.0,1,303,-1.9924,13.7624,0.5975
rl_homogeneous,16,scaling,4.0,1,304,2.4514,0.0000,4.1147
rl_homogeneous,16,scaling,4.0,1,305,-2.4406,5.5731,-0.4429
rl_homogeneous,16,scaling,4.0,1,306,-14.6945,-13.4712,-0.5611
rl_homogeneous,16,scaling,4.0,1,307,-6.5400,-2.4306,-0.9218
rl_homogeneous,16,scaling,4.0,1,308,-0.8541,0.0000,1.3707
rl_homogeneous,16,scaling,4.0,1,309,-8.2827,0.0000,2.7248
rl_homogeneous,16,scaling,4.0,1,310,-3.2507,6.4040,0.7319
rl_homogeneous,16,scaling,4.0,1,311,-6.1417,8.8838,-0.1950
rl_homogeneous,16,scaling,4.0,1,312,-8.1758,16.2043,-0.1945
rl_homogeneous,16,scaling,4.0,1,313,-6.6006,5.4434,-0.1326
rl_homogeneous,16,scaling,4.0,1,314,-9.8561,33.6206,-2.3192
rl_homogeneous,16,scaling,4.0,1,315,-0.8287,-0.0645,1.7731
rl_homogeneous,16,scaling,4.0,1,316,-6.6036,11.1215,-1.5206
rl_homogeneous,16,scaling,4.0,1,317,-9.1452,-6.6873,-0.9329
rl_homogeneous,16,scaling,4.0,1,318,1.0763,11.8703,5.3509
rl_homogeneous,16,scaling,4.0,1,319,-14.9579,-4.1473,1.0920
rl_homogeneous,16,scaling,4.0,1,320,-1.5036,7.0834,-0.2993
rl_homogeneous,16,scaling,4.0,1,321,-3.4999,9.7408,1.0755
rl_homogeneous,16,scaling,4.0,1,322,-0.7308,11.7481,0.5356
rl_homogeneous,16,scaling,4.0,1,323,-1.6111,9.6911,-0.6521
rl_homogeneous,16,scaling,4.0,1,324,0.4497,6.8700,0.6882
rl_homogeneous,16,scaling,4.0,1,325,-5.4734,1.3468,0.1790
rl_homogeneous,16,scaling,4.0,1,326,-9.0546,10.5648,0.6694
rl_homogeneous,16,scaling,4.0,1,327,0.8262,0.0000,2.6166
rl_homogeneous,16,scaling,4.0,1,328,-2.1430,5.2842,-0.0647
rl_homogeneous,16,scaling,4.0,1,329,-6.4822,0.0000,0.9377
rl_homogeneous,16,scaling,4.0,1,330,-8.5415,-4.5410,-0.3110
rl_homogeneous,16,scaling,4.0,1,331,0.0413,21.3568,2.6998
rl_homogeneous,16,scaling,4.0,1,332,-4.7791,17.0620,-0.2797
rl_homogeneous,16,scaling,4.0,1,333,-12.8423,-7.5078,0.0073
rl_homogeneous,16,scaling,4.0,1,334,-3.7472,6.9401,1.4856
rl_homogeneous,16,scaling,4.0,1,335,-0.5577,14.4165,2.2873
rl_homogeneous,16,scaling,4.0,1,336,-6.9900,1.2921,0.4533
rl_homogeneous,16,scaling,4.0,1,337,-7.5317,-5.3408,-1.3381
rl_homogeneous,16,scaling,4.0,1,338,-10.2675,0.0359,-1.3090
rl_homogeneous,16,scaling,4.0,1,339,0.6404,6.1589,2.5271
rl_homogeneous,16,scaling,4.0,1,340,-5.2720,0.0000,1.6742
rl_homogeneous,16,scaling,4.0,1,341,1.4558,0.3954,1.6843
rl_homogeneous,16,scaling,4.0,1,342,-4.4083,1.0459,0.3221
rl_homogeneous,16,scaling,4.0,1,343,-8.6274,7.7093,-0.4384
rl_homogeneous,16,scaling,4.0,1,344,-4.3708,5.7256,0.9211
rl_homogeneous,16,scaling,4.0,1,345,-2.0366,6.9820,0.8885
rl_homogeneous,16,scaling,4.0,1,346,0.6624,19.5147,0.7493
rl_homogeneous,16,scaling,4.0,1,347,-14.4147,-4.6137,-1.3531
rl_homogeneous,16,scaling,4.0,1,348,-12.3549,4.1088,-1.6231
rl_homogeneous,16,scaling,4.0,1,349,-3.1642,8.9918,0.4865
rl_homogeneous,16,scaling,4.0,1,350,3.4045,3.8590,2.4170
rl_homogeneous,16,scaling,4.0,1,351,-8.8493,0.7544,-0.4318
rl_homogeneous,16,scaling,4.0,1,352,-5.8939,3.7010,-0.9040
rl_homogeneous,16,scaling,4.0,1,353,-6.6234,11.8420,-0.3012
rl_homogeneous,16,scaling,4.0,1,354,-8.2244,3.0082,2.0258
rl_homogeneous,16,scaling,4.0,1,355,-2.7494,12.6908,1.8940
rl_homogeneous,16,scaling,4.0,1,356,1.0316,0.0000,3.0003
rl_homogeneous,16,scaling,4.0,1,357,-4.4353,17.9630,-1.6743
rl_homogeneous,16,scaling,4.0,1,358,-2.8556,10.4266,-0.5845
rl_homogeneous,16,scaling,4.0,1,359,-7.2960,2.5412,0.3152
rl_homogeneous,16,scaling,4.0,1,360,-7.4091,11.4980,0.9911
rl_homogeneous,16,scaling,4.0,1,361,-3.6846,0.0000,1.5612
rl_homogeneous,16,scaling,4.0,1,362,-12.0103,-11.7047,-1.1293
rl_homogeneous,16,scaling,4.0,1,363,-5.2437,0.2490,2.4345
rl_homogeneous,16,scaling,4.0,1,364,0.1690,0.0000,4.5535
rl_homogeneous,16,scaling,4.0,1,365,-9.1363,-3.2888,-1.1123
rl_homogeneous,16,scaling,4.0,1,366,-6.6823,0.8810,0.8418
rl_homogeneous,16,scaling,4.0,1,367,2.5253,17.3469,3.4273
rl_homogeneous,16,scaling,4.0,1,368,-4.5599,9.8335,-0.3742
rl_homogeneous,16,scaling,4.0,1,369,-7.5004,0.0000,1.0576
rl_homogeneous,16,scaling,4.0,1,370,-8.9765,6.5962,-0.6689
rl_homogeneous,16,scaling,4.0,1,371,-4.4053,0.4969,2.0965
rl_homogeneous,16,scaling,4.0,1,372,-6.6492,7.5861,-0.3895
rl_homogeneous,16,scaling,4.0,1,373,-14.5892,-13.2058,-0.7335
rl_homogeneous,16,scaling,4.0,1,374,-1.6543,0.0000,1.6339
rl_homogeneous,16,scaling,4.0,1,375,-10.9467,1.7181,0.3188
rl_homogeneous,16,scaling,4.0,1,376,-15.3591,-9.2571,-1.3047
rl_homogeneous,16,scaling,4.0,1,377,-7.9329,0.0000,0.9160
rl_homogeneous,16,scaling,4.0,1,378,-5.6445,21.6322,0.0090
rl_homogeneous,16,scaling,4.0,1,379,-5.4746,24.1557,0.3948
rl_homogeneous,16,scaling,4.0,1,380,-2.0659,9.5906,-0.7637
rl_homogeneous,16,scaling,4.0,1,381,-7.4222,17.0756,-0.5388
rl_homogeneous,16,scaling,4.0,1,382,-9.3285,15.4425,-1.2729
rl_homogeneous,16,scaling,4.0,1,383,-0.6216,9.0405,-0.3004
rl_homogeneous,16,scaling,4.0,1,384,0.1209,4.9591,1.8686
rl_homogeneous,16,scaling,4.0,1,385,-3.5280,10.5675,-0.1005
rl_homogeneous,16,scaling,4.0,1,386,-11.6457,-1.1661,-0.8531
rl_homogeneous,16,scaling,4.0,1,387,-11.6182,-0.1918,1.1286
rl_homogeneous,16,scaling,4.0,1,388,-15.9181,-5.8271,-0.2593
rl_homogeneous,16,scaling,4.0,1,389,-13.5607,-4.1695,0.5697
rl_homogeneous,16,scaling,4.0,1,390,-12.7766,3.5237,-0.0474
rl_homogeneous,16,scaling,4.0,1,391,-0.9507,11.3062,1.7915
rl_homogeneous,16,scaling,4.0,1,392,-9.5629,0.7281,1.3449
rl_homogeneous,16,scaling,4.0,1,393,-7.2879,-0.3738,2.1158
rl_homogeneous,16,scaling,4.0,1,394,-11.5228,-4.9263,0.0925
rl_homogeneous,16,scaling,4.0,1,395,-10.5072,0.0128,-0.8713
rl_homogeneous,16,scaling,4.0,1,396,-17.3709,-9.2943,-0.7720
rl_homogeneous,16,scaling,4.0,1,397,-0.6110,0.0000,2.7687
rl_homogeneous,16,scaling,4.0,1,398,-5.0750,3.1471,0.7340
rl_homogeneous,16,scaling,4.0,1,399,-3.8293,3.7509,0.7508
rl_homogeneous,16,scaling,4.0,1,400,-9.3230,-4.9644,-0.7066
rl_homogeneous,16,scaling,4.0,1,401,-12.4701,-7.8416,-0.4025
rl_homogeneous,16,scaling,4.0,1,402,-8.6435,-0.9638,-0.7564
rl_homogeneous,16,scaling,4.0,1,403,-6.7589,7.6668,-1.2946
rl_homogeneous,16,scaling,4.0,1,404,-12.0083,15.8986,-0.1244
rl_homogeneous,16,scaling,4.0,1,405,-10.0141,0.9165,0.0538
rl_homogeneous,16,scaling,4.0,1,406,-2.3091,11.1256,-0.3689
rl_homogeneous,16,scaling,4.0,1,407,-3.0164,4.7218,0.3308
rl_homogeneous,16,scaling,4.0,1,408,-8.2380,8.8104,-0.0316
rl_homogeneous,16,scaling,4.0,1,409,-2.1051,4.3444,0.9307
rl_homogeneous,16,scaling,4.0,1,410,-12.8792,2.7963,-0.2764
rl_homogeneous,16,scaling,4.0,1,411,0.0872,8.9651,0.4657
rl_homogeneous,16,scaling,4.0,1,412,-4.9851,9.2524,-0.9930
rl_homogeneous,16,scaling,4.0,1,413,-9.2624,2.7836,1.1412
rl_homogeneous,16,scaling,4.0,1,414,-9.7483,8.7538,-0.7494
rl_homogeneous,16,scaling,4.0,1,415,-2.7515,10.4921,0.5401
rl_homogeneous,16,scaling,4.0,1,416,-4.6192,24.0736,-1.5830
rl_homogeneous,16,scaling,4.0,1,417,-3.4712,7.8128,0.0107
rl_homogeneous,16,scaling,4.0,1,418,-7.7379,-2.3279,0.0164
rl_homogeneous,16,scaling,4.0,1,419,-1.0635,20.3996,0.5274
rl_homogeneous,16,scaling,4.0,1,420,-7.7988,10.1246,-0.2882
rl_homogeneous,16,scaling,4.0,1,421,-5.9800,0.3003,-0.7690
rl_homogeneous,16,scaling,4.0,1,422,-5.9842,10.9557,-0.1199
rl_homogeneous,16,scaling,4.0,1,423,-6.1945,0.5989,2.9675
rl_homogeneous,16,scaling,4.0,1,424,-4.3797,3.3914,-0.4072
rl_homogeneous,16,scaling,4.0,1,425,-10.1926,-6.2526,-0.0876
rl_homogeneous,16,scaling,4.0,1,426,-6.2307,0.7463,0.0870
rl_homogeneous,16,scaling,4.0,1,427,1.2282,10.1216,1.7901
rl_homogeneous,16,scaling,4.0,1,428,-19.0378,-18.4829,-0.5295
rl_homogeneous,16,scaling,4.0,1,429,-9.6515,13.4735,-0.8187
rl_homogeneous,16,scaling,4.0,1,430,-0.7738,0.0000,2.0916
rl_homogeneous,16,scaling,4.0,1,431,-11.2648,-6.7795,-0.0310
rl_homogeneous,16,scaling,4.0,1,432,-7.6817,3.0437,-0.9001
rl_homogeneous,16,scaling,4.0,1,433,-4.4377,9.0049,-0.2069
rl_homogeneous,16,scaling,4.0,1,434,-5.0638,7.3936,0.9425
rl_homogeneous,16,scaling,4.0,1,435,-3.1690,14.4597,0.4504
rl_homogeneous,16,scaling,4.0,1,436,-7.1508,0.2004,-0.3218
rl_homogeneous,16,scaling,4.0,1,437,-7.7900,13.4781,0.2283
rl_homogeneous,16,scaling,4.0,1,438,-3.3396,8.7323,1.8118
rl_homogeneous,16,scaling,4.0,1,439,-15.7816,13.0051,-0.4917
rl_homogeneous,16,scaling,4.0,1,440,-10.4093,-8.9965,-0.4700
rl_homogeneous,16,scaling,4.0,1,441,-8.1186,14.5554,-0.7877
rl_homogeneous,16,scaling,4.0,1,442,-16.4734,-10.3549,-0.9848
rl_homogeneous,16,scaling,4.0,1,443,-6.9392,0.0544,0.6247
rl_homogeneous,16,scaling,4.0,1,444,-6.6942,0.0000,1.8651
rl_homogeneous,16,scaling,4.0,1,445,-3.4028,4.1840,0.1796
rl_homogeneous,16,scaling,4.0,1,446,-7.9528,-3.1936,0.1702
rl_homogeneous,16,scaling,4.0,1,447,-0.3630,0.4711,1.7269
rl_homogeneous,16,scaling,4.0,1,448,-13.3982,2.5757,-1.5208
rl_homogeneous,16,scaling,4.0,1,449,-10.4867,0.0153,0.7024
rl_homogeneous,16,scaling,4.0,1,450,-10.5827,-2.2120,-0.1736
rl_homogeneous,16,scaling,4.0,1,451,-5.2063,11.3744,0.2968
rl_homogeneous,16,scaling,4.0,1,452,-8.0952,-0.7632,-0.1643
rl_homogeneous,16,scaling,4.0,1,453,-11.0516,0.0000,1.2832
rl_homogeneous,16,scaling,4.0,1,454,-0.1593,13.2654,2.2623
rl_homogeneous,16,scaling,4.0,1,455,-9.2816,-6.8897,-0.3309
rl_homogeneous,16,scaling,4.0,1,456,-15.9205,-12.5867,-0.0812
rl_homogeneous,16,scaling,4.0,1,457,-6.3379,15.9689,-1.7181
rl_homogeneous,16,scaling,4.0,1,458,-4.9983,3.2742,0.2476
rl_homogeneous,16,scaling,4.0,1,459,-11.0771,0.1051,1.2817
rl_homogeneous,16,scaling,4.0,1,460,-6.5612,-0.0381,-0.8540
rl_homogeneous,16,scaling,4.0,1,461,-2.6473,0.0000,2.4184
rl_homogeneous,16,scaling,4.0,1,462,-7.3963,2.0921,1.1347
rl_homogeneous,16,scaling,4.0,1,463,3.2004,17.6694,0.4760
rl_homogeneous,16,scaling,4.0,1,464,-7.8105,-3.3093,-1.0364
rl_homogeneous,16,scaling,4.0,1,465,-9.1621,8.4666,0.8723
rl_homogeneous,16,scaling,4.0,1,466,-5.5872,12.3545,0.5055
rl_homogeneous,16,scaling,4.0,1,467,-5.4486,5.8079,-1.0331
rl_homogeneous,16,scaling,4.0,1,468,-5.4242,7.7910,0.4071
rl_homogeneous,16,scaling,4.0,1,469,-5.2589,0.0000,1.0628
rl_homogeneous,16,scaling,4.0,1,470,-10.7406,0.1972,0.0852
rl_homogeneous,16,scaling,4.0,1,471,-11.1962,-11.7477,-0.4443
rl_homogeneous,16,scaling,4.0,1,472,-5.1615,0.9680,1.4203
rl_homogeneous,16,scaling,4.0,1,473,-5.1089,3.3256,-0.0331
rl_homogeneous,16,scaling,4.0,1,474,-11.9442,-1.0468,-2.2028
rl_homogeneous,16,scaling,4.0,1,475,-12.2493,-6.0853,0.0265
rl_homogeneous,16,scaling,4.0,1,476,-11.5046,-2.7715,-0.7922
rl_homogeneous,16,scaling,4.0,1,477,-4.2255,6.1739,0.7666
rl_homogeneous,16,scaling,4.0,1,478,-1.6561,7.6960,0.0589
rl_homogeneous,16,scaling,4.0,1,479,-2.7588,0.1223,0.9333
rl_homogeneous,16,scaling,4.0,1,480,-8.9380,1.2083,-0.5683
rl_homogeneous,16,scaling,4.0,1,481,-8.1417,-1.5387,0.0210
rl_homogeneous,16,scaling,4.0,1,482,-11.1590,-4.1507,-1.0039
rl_homogeneous,16,scaling,4.0,1,483,-0.0425,11.0309,1.7411
rl_homogeneous,16,scaling,4.0,1,484,-8.4945,1.1424,-1.0265
rl_homogeneous,16,scaling,4.0,1,485,-5.6960,5.8475,-0.0121
rl_homogeneous,16,scaling,4.0,1,486,-12.2921,-6.0059,-0.4272
rl_homogeneous,16,scaling,4.0,1,487,-2.9853,2.7436,-0.4245
rl_homogeneous,16,scaling,4.0,1,488,-3.0215,16.2802,-0.6307
rl_homogeneous,16,scaling,4.0,1,489,0.0799,0.0000,4.2440
rl_homogeneous,16,scaling,4.0,1,490,-13.0632,11.1152,-1.4646
rl_homogeneous,16,scaling,4.0,1,491,-8.0698,-5.3669,0.1556
rl_homogeneous,16,scaling,4.0,1,492,-10.9228,7.4579,-0.8860
rl_homogeneous,16,scaling,4.0,1,493,1.7938,6.5388,0.7010
rl_homogeneous,16,scaling,4.0,1,494,-5.4681,2.9058,-0.7894
rl_homogeneous,16,scaling,4.0,1,495,-12.9097,0.3207,-1.1612
rl_homogeneous,16,scaling,4.0,1,496,-3.5214,0.0000,2.0544
rl_homogeneous,16,scaling,4.0,1,497,-9.1656,0.0000,1.7125
rl_homogeneous,16,scaling,4.0,1,498,1.7526,9.4082,0.5445
rl_homogeneous,16,scaling,4.0,1,499,-6.6955,5.3604,-0.2965
rl_homogeneous,16,scaling,4.0,1,500,-5.9924,4.8645,1.2714
rl_homogeneous,16,scaling,4.0,1,501,-8.3387,-1.9080,0.1441
rl_homogeneous,16,scaling,4.0,1,502,-0.0591,0.0456,2.6352
rl_homogeneous,16,scaling,4.0,1,503,-7.2975,-2.8907,0.1797
rl_homogeneous,16,scaling,4.0,1,504,-9.1188,-3.2522,-0.0835
rl_homogeneous,16,scaling,4.0,1,505,-2.9111,16.0062,1.8847
rl_homogeneous,16,scaling,4.0,1,506,-2.9362,3.6578,-0.0487
rl_homogeneous,16,scaling,4.0,1,507,-7.4802,4.5294,-0.3744
rl_homogeneous,16,scaling,4.0,1,508,-22.0961,-2.0585,-2.6992
rl_homogeneous,16,scaling,4.0,1,509,-2.6051,0.0000,0.7281
rl_homogeneous,16,scaling,4.0,1,510,-4.3741,7.2429,0.4208
rl_homogeneous,16,scaling,4.0,1,511,-12.8787,-3.4450,0.1116
rl_homogeneous,16,scaling,4.0,1,512,-1.0091,0.0000,3.1720
rl_homogeneous,16,scaling,4.0,1,513,0.4080,0.0000,1.7853
rl_homogeneous,16,scaling,4.0,1,514,-2.7354,1.6113,0.0907
rl_homogeneous,16,scaling,4.0,1,515,-0.6602,0.0000,2.7788
rl_homogeneous,16,scaling,4.0,1,516,-8.1517,16.9527,-2.0047
rl_homogeneous,16,scaling,4.0,1,517,-7.5003,4.0142,-0.4775
rl_homogeneous,16,scaling,4.0,1,518,-6.1143,8.6848,0.9524
rl_homogeneous,16,scaling,4.0,1,519,-9.5972,-6.1959,0.2104
rl_homogeneous,16,scaling,4.0,1,520,-9.6886,0.6631,-0.6926
rl_homogeneous,16,scaling,4.0,1,521,-8.5403,6.0442,-1.0027
rl_homogeneous,16,scaling,4.0,1,522,0.0721,0.1731,3.1715
rl_homogeneous,16,scaling,4.0,1,523,-11.7487,0.2752,0.4082
rl_homogeneous,16,scaling,4.0,1,524,-6.5822,1.7471,-0.0567
rl_homogeneous,16,scaling,4.0,1,525,-7.0712,11.7422,0.4163
rl_homogeneous,16,scaling,4.0,1,526,-8.2379,-2.9942,0.3286
rl_homogeneous,16,scaling,4.0,1,527,-4.3363,1.7342,-0.9633
rl_homogeneous,16,scaling,4.0,1,528,0.7025,13.8720,-0.0400
rl_homogeneous,16,scaling,4.0,1,529,-4.3586,18.4758,0.0091
rl_homogeneous,16,scaling,4.0,1,530,-8.7901,15.7674,1.4266
rl_homogeneous,16,scaling,4.0,1,531,-3.1301,0.0000,1.4107
rl_homogeneous,16,scaling,4.0,1,532,-5.7172,0.5322,0.5244
rl_homogeneous,16,scaling,4.0,1,533,-1.7814,9.0112,-0.8035
rl_homogeneous,16,scaling,4.0,1,534,-13.0112,2.5909,-0.1678
rl_homogeneous,16,scaling,4.0,1,535,-7.0404,1.5127,-0.9709
rl_homogeneous,16,scaling,4.0,1,536,-6.5777,19.4458,-0.6317
rl_homogeneous,16,scaling,4.0,1,537,-9.0750,-1.7244,-0.0637
rl_homogeneous,16,scaling,4.0,1,538,-2.9253,7.9272,1.1434
rl_homogeneous,16,scaling,4.0,1,539,-7.0534,1.8187,-0.3318
rl_homogeneous,16,scaling,4.0,1,540,-4.2315,0.0000,1.4928
rl_homogeneous,16,scaling,4.0,1,541,-11.8347,-10.2408,-0.4624
rl_homogeneous,16,scaling,4.0,1,542,-3.4014,7.5309,1.6457
rl_homogeneous,16,scaling,4.0,1,543,-9.4434,-1.8927,0.5231
rl_homogeneous,16,scaling,4.0,1,544,-9.6784,4.3822,-0.3332
rl_homogeneous,16,scaling,4.0,1,545,-7.4680,0.0000,-0.2290
rl_homogeneous,16,scaling,4.0,1,546,-5.5924,2.1630,0.5615
rl_homogeneous,16,scaling,4.0,1,547,-2.0854,0.0000,4.5344
rl_homogeneous,16,scaling,4.0,1,548,-4.5310,11.1821,-1.3847
rl_homogeneous,16,scaling,4.0,1,549,-0.8027,0.0662,1.5541
rl_homogeneous,16,scaling,4.0,1,550,-0.6100,4.9624,1.1444
rl_homogeneous,16,scaling,4.0,1,551,-3.6441,13.5864,-1.2773
rl_homogeneous,16,scaling,4.0,1,552,1.1665,0.8773,4.1960
rl_homogeneous,16,scaling,4.0,1,553,-1.5666,12.8866,-0.4013
rl_homogeneous,16,scaling,4.0,1,554,-3.4058,6.8506,-0.2020
rl_homogeneous,16,scaling,4.0,1,555,-7.2548,1.6711,-0.4091
rl_homogeneous,16,scaling,4.0,1,556,-4.5908,6.8474,1.8325
rl_homogeneous,16,scaling,4.0,1,557,-4.6332,4.7528,-0.5858
rl_homogeneous,16,scaling,4.0,1,558,-6.9808,5.2080,1.6263
rl_homogeneous,16,scaling,4.0,1,559,-2.2897,12.9703,0.4736
rl_homogeneous,16,scaling,4.0,1,560,-17.3040,-13.4969,-0.6863
rl_homogeneous,16,scaling,4.0,1,561,-8.9562,7.8438,0.4282
rl_homogeneous,16,scaling,4.0,1,562,3.2291,5.6448,3.9113
rl_homogeneous,16,scaling,4.0,1,563,-8.5462,6.7799,0.0860
rl_homogeneous,16,scaling,4.0,1,564,-5.1933,0.0000,2.2058
rl_homogeneous,16,scaling,4.0,1,565,-12.3932,3.5720,-0.5957
rl_homogeneous,16,scaling,4.0,1,566,-6.4708,-1.6058,-0.8663
rl_homogeneous,16,scaling,4.0,1,567,-4.5889,0.0000,1.6330
rl_homogeneous,16,scaling,4.0,1,568,-2.9511,14.3384,2.3288
rl_homogeneous,16,scaling,4.0,1,569,-4.9802,9.3604,-0.4058
rl_homogeneous,16,scaling,4.0,1,570,-11.4608,9.2324,-1.5195
rl_homogeneous,16,scaling,4.0,1,571,-4.4489,12.0990,-0.1139
rl_homogeneous,16,scaling,4.0,1,572,-6.3886,14.1407,-0.3421
rl_homogeneous,16,scaling,4.0,1,573,-2.0820,7.5097,0.2248
rl_homogeneous,16,scaling,4.0,1,574,-11.4758,0.9182,-0.5463
rl_homogeneous,16,scaling,4.0,1,575,-6.8012,-0.1506,-0.3702
rl_homogeneous,16,scaling,4.0,1,576,-2.4070,4.6766,-0.7193
rl_homogeneous,16,scaling,4.0,1,577,-6.2542,11.6997,-1.0597
rl_homogeneous,16,scaling,4.0,1,578,-4.4626,12.9279,0.5677
rl_homogeneous,16,scaling,4.0,1,579,-8.3833,4.5970,1.7097
rl_homogeneous,16,scaling,4.0,1,580,-6.8969,1.9412,-0.1916
rl_homogeneous,16,scaling,4.0,1,581,-23.3138,-12.6367,-2.2292
rl_homogeneous,16,scaling,4.0,1,582,-6.4702,6.4056,1.1935
rl_homogeneous,16,scaling,4.0,1,583,-14.4596,-5.9598,-1.0890
rl_homogeneous,16,scaling,4.0,1,584,-3.2156,7.1994,1.1819
rl_homogeneous,16,scaling,4.0,1,585,-0.6901,7.0564,0.4268
rl_homogeneous,16,scaling,4.0,1,586,-7.0511,20.5178,0.5954
rl_homogeneous,16,scaling,4.0,1,587,-2.3012,5.2487,0.7442
rl_homogeneous,16,scaling,4.0,1,588,-12.1998,1.3539,0.3577
rl_homogeneous,16,scaling,4.0,1,589,-6.0137,6.1127,-1.4565
rl_homogeneous,16,scaling,4.0,1,590,-13.2615,-1.7472,-1.0990
rl_homogeneous,16,scaling,4.0,1,591,-10.3517,2.0247,0.0259
rl_homogeneous,16,scaling,4.0,1,592,-5.6046,0.0000,1.6701
rl_homogeneous,16,scaling,4.0,1,593,4.6212,9.6970,6.2772
rl_homogeneous,16,scaling,4.0,1,594,-6.5883,0.0436,0.8398
rl_homogeneous,16,scaling,4.0,1,595,-13.0440,-10.9747,-0.3713
rl_homogeneous,16,scaling,4.0,1,596,-8.2900,22.3517,0.7184
rl_homogeneous,16,scaling,4.0,1,597,-14.9498,-16.6411,-0.8365
rl_homogeneous,16,scaling,4.0,1,598,-9.7915,-1.4342,0.4581
rl_homogeneous,16,scaling,4.0,1,599,-11.6639,-7.2147,-0.3372
rl_homogeneous,16,scaling,4.0,1,600,-6.9082,-3.0538,-0.0275
rl_homogeneous,16,scaling,4.0,1,601,-8.6404,7.8729,-1.6301
rl_homogeneous,16,scaling,4.0,1,602,-7.1532,17.6454,2.9870
rl_homogeneous,16,scaling,4.0,1,603,-9.6523,-1.8567,-0.0279
rl_homogeneous,16,scaling,4.0,1,604,-13.4163,-5.9290,-0.9603
rl_homogeneous,16,scaling,4.0,1,605,-7.0472,23.0770,-1.6628
rl_homogeneous,16,scaling,4.0,1,606,-11.2452,-9.8738,-0.2981
rl_homogeneous,16,scaling,4.0,1,607,-0.6899,11.5738,2.3718
rl_homogeneous,16,scaling,4.0,1,608,1.2600,7.0815,2.0163
rl_homogeneous,16,scaling,4.0,1,609,-1.6528,0.3143,2.8686
rl_homogeneous,16,scaling,4.0,1,610,-1.4558,14.4092,2.3971
rl_homogeneous,16,scaling,4.0,1,611,-15.2850,4.0111,1.9243
rl_homogeneous,16,scaling,4.0,1,612,-11.7224,-1.8997,0.8833
rl_homogeneous,16,scaling,4.0,1,613,-11.1581,3.3129,-1.9596
rl_homogeneous,16,scaling,4.0,1,614,-12.6334,11.8958,-1.1434
rl_homogeneous,16,scaling,4.0,1,615,-5.2998,12.9898,-0.0394
rl_homogeneous,16,scaling,4.0,1,616,-4.8451,0.0000,2.8377
rl_homogeneous,16,scaling,4.0,1,617,-9.3736,0.1951,0.7806
rl_homogeneous,16,scaling,4.0,1,618,0.1861,0.0000,4.4027
rl_homogeneous,16,scaling,4.0,1,619,-13.4019,-13.1173,-0.3329
rl_homogeneous,16,scaling,4.0,1,620,-18.9729,-14.9428,-0.2552
rl_homogeneous,16,scaling,4.0,1,621,-12.8226,-10.9248,0.1086
rl_homogeneous,16,scaling,4.0,1,622,-2.2944,4.6342,-0.1255
rl_homogeneous,16,scaling,4.0,1,623,-10.0746,7.6868,0.7886
rl_homogeneous,16,scaling,4.0,1,624,-11.1500,21.9799,0.5545
rl_homogeneous,16,scaling,4.0,1,625,-9.6949,3.5075,0.3086
rl_homogeneous,16,scaling,4.0,1,626,0.3578,16.3707,1.1683
rl_homogeneous,16,scaling,4.0,1,627,-10.2128,-1.4302,-0.4622
rl_homogeneous,16,scaling,4.0,1,628,-9.8090,2.3425,-0.9259
rl_homogeneous,16,scaling,4.0,1,629,-15.4102,-14.4551,-1.3407
rl_homogeneous,16,scaling,4.0,1,630,-9.9573,-2.0085,0.4572
rl_homogeneous,16,scaling,4.0,1,631,-3.7109,6.1922,0.2534
rl_homogeneous,16,scaling,4.0,1,632,-3.0718,15.2934,1.7560
rl_homogeneous,16,scaling,4.0,1,633,-14.8396,-11.7467,-0.6511
rl_homogeneous,16,scaling,4.0,1,634,-1.2141,5.4827,3.2587
rl_homogeneous,16,scaling,4.0,1,635,0.2129,0.1660,2.6909
rl_homogeneous,16,scaling,4.0,1,636,-2.1533,-0.1696,2.3584
rl_homogeneous,16,scaling,4.0,1,637,-9.6258,-0.7793,0.2985
rl_homogeneous,16,scaling,4.0,1,638,-9.1915,0.9988,-0.2000
rl_homogeneous,16,scaling,4.0,1,639,-4.5863,0.2558,-0.3955
rl_homogeneous,16,scaling,4.0,1,640,-3.5901,4.4326,0.6652
rl_homogeneous,16,scaling,4.0,1,641,-6.1590,6.3529,0.6098
rl_homogeneous,16,scaling,4.0,1,642,3.2448,7.5611,4.3460
rl_homogeneous,16,scaling,4.0,1,643,-3.6786,22.5860,0.4264
rl_homogeneous,16,scaling,4.0,1,644,-8.3277,4.7631,1.3281
rl_homogeneous,16,scaling,4.0,1,645,-5.3080,9.5820,1.1159
rl_homogeneous,16,scaling,4.0,1,646,-1.6452,0.5974,3.2693
rl_homogeneous,16,scaling,4.0,1,647,-9.8882,-5.4823,0.1743
rl_homogeneous,16,scaling,4.0,1,648,2.7524,10.6020,0.6510
rl_homogeneous,16,scaling,4.0,1,649,-11.5030,-6.1158,0.1330
rl_homogeneous,16,scaling,4.0,1,650,-2.4855,13.0293,1.9617
rl_homogeneous,16,scaling,4.0,1,651,-2.5024,16.1995,1.8641
rl_homogeneous,16,scaling,4.0,1,652,-6.6961,-1.1585,0.7473
rl_homogeneous,16,scaling,4.0,1,653,-3.2762,10.4602,-0.4709
rl_homogeneous,16,scaling,4.0,1,654,-3.5524,1.6869,-0.3261
rl_homogeneous,16,scaling,4.0,1,655,-3.9899,4.8830,0.9288
rl_homogeneous,16,scaling,4.0,1,656,-10.6484,-7.2136,-0.2714
rl_homogeneous,16,scaling,4.0,1,657,-3.5485,-0.3391,0.0788
rl_homogeneous,16,scaling,4.0,1,658,-4.7153,0.0847,1.3302
rl_homogeneous,16,scaling,4.0,1,659,-1.6945,7.8290,2.5477
rl_homogeneous,16,scaling,4.0,1,660,-10.3690,-0.6641,0.9308
rl_homogeneous,16,scaling,4.0,1,661,-2.4187,10.0385,-0.7158
rl_homogeneous,16,scaling,4.0,1,662,-4.9850,0.0000,1.0870
rl_homogeneous,16,scaling,4.0,1,663,-4.2958,5.6672,0.7323
rl_homogeneous,16,scaling,4.0,1,664,-10.3610,-8.5430,-0.5749
rl_homogeneous,16,scaling,4.0,1,665,-7.8329,1.1495,1.0337
rl_homogeneous,16,scaling,4.0,1,666,-6.7591,-0.1880,0.4880
rl_homogeneous,16,scaling,4.0,1,667,-10.2764,-6.0513,-0.7505
rl_homogeneous,16,scaling,4.0,1,668,-5.1338,0.0000,1.4791
rl_homogeneous,16,scaling,4.0,1,669,-5.6836,0.6999,0.4153
rl_homogeneous,16,scaling,4.0,1,670,5.0370,0.0000,5.7167
rl_homogeneous,16,scaling,4.0,1,671,-4.7596,20.6021,4.1676
rl_homogeneous,16,scaling,4.0,1,672,-4.2368,12.5284,0.3454
rl_homogeneous,16,scaling,4.0,1,673,-4.5276,9.2436,0.5254
rl_homogeneous,16,scaling,4.0,1,674,-6.4423,1.7533,1.0199
rl_homogeneous,16,scaling,4.0,1,675,-7.6013,3.7902,-0.0730
rl_homogeneous,16,scaling,4.0,1,676,-5.6970,0.8725,-0.1440
rl_homogeneous,16,scaling,4.0,1,677,-15.8033,-2.0831,1.3978
rl_homogeneous,16,scaling,4.0,1,678,-0.3568,1.1564,0.8581
rl_homogeneous,16,scaling,4.0,1,679,-7.7837,0.0277,0.3688
rl_homogeneous,16,scaling,4.0,1,680,-8.8769,0.0438,0.7942
rl_homogeneous,16,scaling,4.0,1,681,-1.1540,16.0340,-0.1645
rl_homogeneous,16,scaling,4.0,1,682,1.1621,0.0000,3.0724
rl_homogeneous,16,scaling,4.0,1,683,-9.1098,-6.9268,-0.1717
rl_homogeneous,16,scaling,4.0,1,684,-2.7588,10.8340,1.6229
rl_homogeneous,16,scaling,4.0,1,685,-6.1822,0.5312,0.6114
rl_homogeneous,16,scaling,4.0,1,686,-6.6942,1.9170,1.4848
rl_homogeneous,16,scaling,4.0,1,687,-12.1997,-3.9458,0.6739
rl_homogeneous,16,scaling,4.0,1,688,-6.6366,0.0000,0.1156
rl_homogeneous,16,scaling,4.0,1,689,-8.7395,11.8793,-0.2177
rl_homogeneous,16,scaling,4.0,1,690,-7.5737,11.7704,0.5101
rl_homogeneous,16,scaling,4.0,1,691,-7.9499,11.0328,-0.7389
rl_homogeneous,16,scaling,4.0,1,692,-5.2283,2.4797,-0.9525
rl_homogeneous,16,scaling,4.0,1,693,-3.7424,10.9133,0.0116
rl_homogeneous,16,scaling,4.0,1,694,-6.0605,9.8229,-0.9355
rl_homogeneous,16,scaling,4.0,1,695,0.4709,0.1040,2.5055
rl_homogeneous,16,scaling,4.0,1,696,-2.2995,9.9237,0.8615
rl_homogeneous,16,scaling,4.0,1,697,-4.9332,4.9394,-0.8806
rl_homogeneous,16,scaling,4.0,1,698,-4.2898,4.1988,1.8968
rl_homogeneous,16,scaling,4.0,1,699,-5.2745,8.3203,2.0794
rl_homogeneous,16,scaling,4.0,1,700,-8.8678,-1.8079,-0.6482
rl_homogeneous,16,scaling,4.0,1,701,0.1038,3.3418,2.3276
rl_homogeneous,16,scaling,4.0,1,702,-15.6582,-15.2385,-0.5780
rl_homogeneous,16,scaling,4.0,1,703,-5.4140,6.9527,-0.0851
rl_homogeneous,16,scaling,4.0,1,704,-6.4342,10.5184,0.7794
rl_homogeneous,16,scaling,4.0,1,705,-11.9863,-1.9057,-0.2987
rl_homogeneous,16,scaling,4.0,1,706,-14.6612,-2.8483,-0.3371
rl_homogeneous,16,scaling,4.0,1,707,-7.6660,5.3414,0.5297
rl_homogeneous,16,scaling,4.0,1,708,2.1940,5.6444,4.8531
rl_homogeneous,16,scaling,4.0,1,709,-10.7466,-0.8313,0.8974
rl_homogeneous,16,scaling,4.0,1,710,-2.8333,0.8012,-0.0360
rl_homogeneous,16,scaling,4.0,1,711,6.3136,0.9289,6.1262
rl_homogeneous,16,scaling,4.0,1,712,1.8164,0.1265,4.7086
rl_homogeneous,16,scaling,4.0,1,713,-5.4511,4.1320,-0.8977
rl_homogeneous,16,scaling,4.0,1,714,-16.0596,-3.7830,0.2156
rl_homogeneous,16,scaling,4.0,1,715,-6.1059,4.8387,0.3602
rl_homogeneous,16,scaling,4.0,1,716,-2.0467,18.7297,1.7178
rl_homogeneous,16,scaling,4.0,1,717,-0.8870,10.3295,0.3888
rl_homogeneous,16,scaling,4.0,1,718,-5.0023,-0.3951,-0.9795
rl_homogeneous,16,scaling,4.0,1,719,-8.4231,12.7751,-1.3237
rl_homogeneous,16,scaling,4.0,1,720,-7.4009,5.6290,-0.2156
rl_homogeneous,16,scaling,4.0,1,721,-1.3291,0.0000,2.5213
rl_homogeneous,16,scaling,4.0,1,722,-0.0072,5.9878,3.2213
rl_homogeneous,16,scaling,4.0,1,723,-6.1262,8.5081,-0.8677
rl_homogeneous,16,scaling,4.0,1,724,-6.9104,0.0827,0.6999
rl_homogeneous,16,scaling,4.0,1,725,-9.4000,-2.5825,-0.4819
rl_homogeneous,16,scaling,4.0,1,726,-12.1879,-6.1356,-1.0968
rl_homogeneous,16,scaling,4.0,1,727,-4.7116,0.0000,1.5207
rl_homogeneous,16,scaling,4.0,1,728,-4.7295,10.5720,-1.1510
rl_homogeneous,16,scaling,4.0,1,729,1.2536,18.7781,-0.0368
rl_homogeneous,16,scaling,4.0,1,730,-6.8703,5.8786,-0.1308
rl_homogeneous,16,scaling,4.0,1,731,-6.8399,2.6078,0.3159
rl_homogeneous,16,scaling,4.0,1,732,-3.0222,4.8682,1.5897
rl_homogeneous,16,scaling,4.0,1,733,-4.3529,5.5801,1.3681
rl_homogeneous,16,scaling,4.0,1,734,-10.4100,-7.2989,0.2969
rl_homogeneous,16,scaling,4.0,1,735,-14.5927,1.2880,2.1153
rl_homogeneous,16,scaling,4.0,1,736,0.0763,17.9554,-0.3012
rl_homogeneous,16,scaling,4.0,1,737,-1.1269,10.3987,-0.5922
rl_homogeneous,16,scaling,4.0,1,738,-7.1489,-2.0666,-0.8626
rl_homogeneous,16,scaling,4.0,1,739,-5.4296,7.6689,0.6320
rl_homogeneous,16,scaling,4.0,1,740,-9.3136,3.0722,1.2192
rl_homogeneous,16,scaling,4.0,1,741,-2.6647,20.5789,-1.3740
rl_homogeneous,16,scaling,4.0,1,742,-4.4046,6.5816,0.1327
rl_homogeneous,16,scaling,4.0,1,743,-7.1051,0.0000,2.6965
rl_homogeneous,16,scaling,4.0,1,744,-16.3245,-8.4137,-1.2898
rl_homogeneous,16,scaling,4.0,1,745,-6.6972,5.8144,0.2012
rl_homogeneous,16,scaling,4.0,1,746,-14.5673,-11.2219,-0.8309
rl_homogeneous,16,scaling,4.0,1,747,-4.5711,0.0000,1.2730
rl_homogeneous,16,scaling,4.0,1,748,-2.1489,0.0000,1.2805
rl_homogeneous,16,scaling,4.0,1,749,-4.3217,4.0621,2.8509
rl_homogeneous,16,scaling,4.0,1,750,-9.6624,0.1255,-0.4276
rl_homogeneous,16,scaling,4.0,1,751,-4.0475,14.1749,-0.3614
rl_homogeneous,16,scaling,4.0,1,752,-8.8740,-1.8542,-0.0025
rl_homogeneous,16,scaling,4.0,1,753,-4.9921,12.0368,-0.5198
rl_homogeneous,16,scaling,4.0,1,754,-4.4223,11.4390,1.0961
rl_homogeneous,16,scaling,4.0,1,755,-12.8748,-1.0546,-1.4724
rl_homogeneous,16,scaling,4.0,1,756,1.2050,2.8406,4.8056
rl_homogeneous,16,scaling,4.0,1,757,-5.9544,1.0891,0.5969
rl_homogeneous,16,scaling,4.0,1,758,-1.8269,9.9491,1.6255
rl_homogeneous,16,scaling,4.0,1,759,-4.8378,0.9676,-0.6077
rl_homogeneous,16,scaling,4.0,1,760,-6.1991,0.0000,1.6817
rl_homogeneous,16,scaling,4.0,1,761,-4.6325,4.9686,0.3647
rl_homogeneous,16,scaling,4.0,1,762,-6.7213,-0.7081,-0.1954
rl_homogeneous,16,scaling,4.0,1,763,-6.6613,6.9958,-1.7417
rl_homogeneous,16,scaling,4.0,1,764,-0.0591,12.1080,0.0313
rl_homogeneous,16,scaling,4.0,1,765,-7.5199,2.6240,0.2707
rl_homogeneous,16,scaling,4.0,1,766,-3.1286,13.6612,-0.4262
rl_homogeneous,16,scaling,4.0,1,767,-19.4938,-14.5540,-1.7293
rl_homogeneous,16,scaling,4.0,1,768,0.7926,9.7472,2.7271
rl_homogeneous,16,scaling,4.0,1,769,-15.4697,-0.1300,0.4932
rl_homogeneous,16,scaling,4.0,1,770,-8.2641,2.5209,-0.4553
rl_homogeneous,16,scaling,4.0,1,771,-11.7089,0.0447,1.0976
rl_homogeneous,16,scaling,4.0,1,772,-11.5618,0.0000,-0.0685
rl_homogeneous,16,scaling,4.0,1,773,-8.1689,-1.2137,0.5422
rl_homogeneous,16,scaling,4.0,1,774,1.8648,15.4570,1.6122
rl_homogeneous,16,scaling,4.0,1,775,-6.3881,7.5354,-0.4082
rl_homogeneous,16,scaling,4.0,1,776,-6.5273,0.0000,1.6813
rl_homogeneous,16,scaling,4.0,1,777,4.3759,0.0000,7.4529
rl_homogeneous,16,scaling,4.0,1,778,-4.9046,8.3902,-0.0279
rl_homogeneous,16,scaling,4.0,1,779,-9.4315,-4.4297,0.5461
rl_homogeneous,16,scaling,4.0,1,780,-5.8684,3.6380,0.8677
rl_homogeneous,16,scaling,4.0,1,781,-8.6995,-0.0128,0.8379
rl_homogeneous,16,scaling,4.0,1,782,-5.1257,10.1918,0.6889
rl_homogeneous,16,scaling,4.0,1,783,-2.7602,6.8766,0.4689
rl_homogeneous,16,scaling,4.0,1,784,-2.0013,2.7969,2.8012
rl_homogeneous,16,scaling,4.0,1,785,-4.0844,13.3058,-0.2820
rl_homogeneous,16,scaling,4.0,1,786,1.6985,11.4639,2.8934
rl_homogeneous,16,scaling,4.0,1,787,-1.7809,15.5537,-1.5915
rl_homogeneous,16,scaling,4.0,1,788,-1.6787,4.2896,-0.0166
rl_homogeneous,16,scaling,4.0,1,789,-7.6973,3.1550,0.5999
rl_homogeneous,16,scaling,4.0,1,790,-1.2524,20.5182,-0.3846
rl_homogeneous,16,scaling,4.0,1,791,-6.2066,4.2053,0.4693
rl_homogeneous,16,scaling,4.0,1,792,-10.3564,0.0000,-0.5251
rl_homogeneous,16,scaling,4.0,1,793,2.2121,15.0887,2.8322
rl_homogeneous,16,scaling,4.0,1,794,3.7166,0.9501,5.6380
rl_homogeneous,16,scaling,4.0,1,795,-6.9478,7.2607,1.8231
rl_homogeneous,16,scaling,4.0,1,796,-4.1124,13.0845,0.8093
rl_homogeneous,16,scaling,4.0,1,797,-6.4190,-2.0425,0.1770
rl_homogeneous,16,scaling,4.0,1,798,-5.2959,0.4714,3.5230
rl_homogeneous,16,scaling,4.0,1,799,-4.3287,4.4293,-0.8803
rl_homogeneous,16,scaling,4.0,1,800,-4.2122,16.8510,-0.0851
rl_homogeneous,16,scaling,4.0,1,801,-1.1572,19.9498,-0.4391
rl_homogeneous,16,scaling,4.0,1,802,-3.1129,5.0829,0.6430
rl_homogeneous,16,scaling,4.0,1,803,-8.5275,-5.5695,-0.6419
rl_homogeneous,16,scaling,4.0,1,804,-1.1910,0.0000,2.4153
rl_homogeneous,16,scaling,4.0,1,805,1.2502,4.1959,4.1009
rl_homogeneous,16,scaling,4.0,1,806,-9.2216,0.0000,-0.4149
rl_homogeneous,16,scaling,4.0,1,807,-2.0955,5.8521,-0.5777
rl_homogeneous,16,scaling,4.0,1,808,-11.3843,-5.5473,-0.2094
rl_homogeneous,16,scaling,4.0,1,809,-8.3701,21.1588,-0.1082
rl_homogeneous,16,scaling,4.0,1,810,-10.3735,4.0085,0.8547
rl_homogeneous,16,scaling,4.0,1,811,-4.1451,17.9250,1.2743
rl_homogeneous,16,scaling,4.0,1,812,-4.9633,3.0464,-0.1990
rl_homogeneous,16,scaling,4.0,1,813,-1.8824,16.5822,-0.8300
rl_homogeneous,16,scaling,4.0,1,814,-5.2762,0.7717,0.6692
rl_homogeneous,16,scaling,4.0,1,815,-4.5778,5.8077,0.2861
rl_homogeneous,16,scaling,4.0,1,816,-5.8199,1.9326,0.7167
rl_homogeneous,16,scaling,4.0,1,817,-7.1891,11.7643,5.0209
rl_homogeneous,16,scaling,4.0,1,818,-6.5378,0.0000,0.3500
rl_homogeneous,16,scaling,4.0,1,819,-6.5310,4.0650,-1.1171
rl_homogeneous,16,scaling,4.0,1,820,-2.1006,9.4303,2.3542
rl_homogeneous,16,scaling,4.0,1,821,-10.4980,-2.0060,-0.3827
rl_homogeneous,16,scaling,4.0,1,822,-3.2745,5.1451,0.8317
rl_homogeneous,16,scaling,4.0,1,823,-5.3597,6.3210,-1.3165
rl_homogeneous,16,scaling,4.0,1,824,-2.2041,7.1130,1.7022
rl_homogeneous,16,scaling,4.0,1,825,0.7113,0.0000,2.5146
rl_homogeneous,16,scaling,4.0,1,826,2.1515,0.4581,4.8993
rl_homogeneous,16,scaling,4.0,1,827,-12.9804,-9.4961,-1.1806
rl_homogeneous,16,scaling,4.0,1,828,-10.6054,-5.5417,-0.8209
rl_homogeneous,16,scaling,4.0,1,829,-3.9168,1.9925,0.3430
rl_homogeneous,16,scaling,4.0,1,830,-6.1411,11.2008,-0.1134
rl_homogeneous,16,scaling,4.0,1,831,-11.0889,15.6900,-1.7685
rl_homogeneous,16,scaling,4.0,1,832,-5.1441,4.0488,0.1289
rl_homogeneous,16,scaling,4.0,1,833,-14.4707,-2.7371,-0.6584
rl_homogeneous,16,scaling,4.0,1,834,-2.1879,0.0000,1.5206
rl_homogeneous,16,scaling,4.0,1,835,-9.9995,-6.0975,-0.2205
rl_homogeneous,16,scaling,4.0,1,836,-7.7830,0.0000,1.1714
rl_homogeneous,16,scaling,4.0,1,837,-5.8600,6.8284,1.0968
rl_homogeneous,16,scaling,4.0,1,838,-3.6474,10.0138,-0.6066
rl_homogeneous,16,scaling,4.0,1,839,-4.6650,1.1275,-0.4281
rl_homogeneous,16,scaling,4.0,1,840,-3.2462,9.1549,-0.7278
rl_homogeneous,16,scaling,4.0,1,841,-5.1282,9.2113,1.6108
rl_homogeneous,16,scaling,4.0,1,842,-6.6216,5.1605,0.4471
rl_homogeneous,16,scaling,4.0,1,843,-10.7327,5.4590,2.9564
rl_homogeneous,16,scaling,4.0,1,844,-0.6660,0.0000,2.0689
rl_homogeneous,16,scaling,4.0,1,845,-8.7593,10.6617,-0.4626
rl_homogeneous,16,scaling,4.0,1,846,-13.4177,5.8889,-0.5590
rl_homogeneous,16,scaling,4.0,1,847,-16.9996,-19.1660,-1.0093
rl_homogeneous,16,scaling,4.0,1,848,0.8102,0.0000,4.2941
rl_homogeneous,16,scaling,4.0,1,849,-8.4946,8.2008,-0.2389
rl_homogeneous,16,scaling,4.0,1,850,-0.1312,3.4959,2.0967
rl_homogeneous,16,scaling,4.0,1,851,0.6626,22.9443,0.3713
rl_homogeneous,16,scaling,4.0,1,852,-5.6424,-0.4344,-0.3873
rl_homogeneous,16,scaling,4.0,1,853,-7.3926,2.0580,0.8349
rl_homogeneous,16,scaling,4.0,1,854,-7.0487,3.7034,0.9470
rl_homogeneous,16,scaling,4.0,1,855,-10.1126,-0.7592,0.5753
rl_homogeneous,16,scaling,4.0,1,856,2.3544,11.7736,4.8794
rl_homogeneous,16,scaling,4.0,1,857,-1.1137,15.1091,-0.4118
rl_homogeneous,16,scaling,4.0,1,858,-8.5460,0.0000,-0.8658
rl_homogeneous,16,scaling,4.0,1,859,-7.5874,0.0000,0.8265
rl_homogeneous,16,scaling,4.0,1,860,-3.3480,6.4628,-0.0837
rl_homogeneous,16,scaling,4.0,1,861,-11.6244,-5.8510,0.3002
rl_homogeneous,16,scaling,4.0,1,862,-7.8000,-0.3817,0.7267
rl_homogeneous,16,scaling,4.0,1,863,-6.5472,12.1463,-0.6572
rl_homogeneous,16,scaling,4.0,1,864,-5.0907,6.3289,-0.4360
rl_homogeneous,16,scaling,4.0,1,865,-13.2776,-13.4938,-0.9283
rl_homogeneous,16,scaling,4.0,1,866,-11.4269,-0.8990,0.4311
rl_homogeneous,16,scaling,4.0,1,867,-4.9489,-2.4542,-0.0452
rl_homogeneous,16,scaling,4.0,1,868,-9.0821,-0.9290,-1.5465
rl_homogeneous,16,scaling,4.0,1,869,-6.8418,19.0638,0.4070
rl_homogeneous,16,scaling,4.0,1,870,-4.8461,1.8519,-0.0032
rl_homogeneous,16,scaling,4.0,1,871,-6.1985,6.6110,0.6612
rl_homogeneous,16,scaling,4.0,1,872,-5.9718,13.8508,-1.0464
rl_homogeneous,16,scaling,4.0,1,873,-2.5893,2.6076,0.5676
rl_homogeneous,16,scaling,4.0,1,874,-8.7316,10.9798,1.7384
rl_homogeneous,16,scaling,4.0,1,875,-6.6059,-4.9513,-0.9909
rl_homogeneous,16,scaling,4.0,1,876,-2.3312,12.3898,0.2211
rl_homogeneous,16,scaling,4.0,1,877,-18.4095,-18.3998,-0.5393
rl_homogeneous,16,scaling,4.0,1,878,-4.7997,1.6368,0.3786
rl_homogeneous,16,scaling,4.0,1,879,0.1619,20.4218,0.1539
rl_homogeneous,16,scaling,4.0,1,880,-6.4281,0.0000,1.0778
rl_homogeneous,16,scaling,4.0,1,881,-10.4632,-6.1991,-1.1230
rl_homogeneous,16,scaling,4.0,1,882,-3.9298,8.9811,-0.8986
rl_homogeneous,16,scaling,4.0,1,883,-7.0008,-2.5773,-0.0786
rl_homogeneous,16,scaling,4.0,1,884,-1.7856,18.3780,-0.5289
rl_homogeneous,16,scaling,4.0,1,885,-6.7575,5.4545,0.2319
rl_homogeneous,16,scaling,4.0,1,886,-1.1444,8.0290,0.3566
rl_homogeneous,16,scaling,4.0,1,887,-3.1388,12.7263,-0.6054
rl_homogeneous,16,scaling,4.0,1,888,-8.8683,1.2660,0.4956
rl_homogeneous,16,scaling,4.0,1,889,-11.5988,10.8308,-1.0095
rl_homogeneous,16,scaling,4.0,1,890,-4.9364,21.3400,0.0805
rl_homogeneous,16,scaling,4.0,1,891,-6.0139,5.4589,0.8436
rl_homogeneous,16,scaling,4.0,1,892,-5.7121,2.5760,0.9426
rl_homogeneous,16,scaling,4.0,1,893,-1.6112,7.7011,0.5781
rl_homogeneous,16,scaling,4.0,1,894,-1.4005,9.8982,0.3327
rl_homogeneous,16,scaling,4.0,1,895,-7.6563,1.3795,0.1824
rl_homogeneous,16,scaling,4.0,1,896,-7.6765,0.0000,1.0765
rl_homogeneous,16,scaling,4.0,1,897,-11.3213,-2.6349,0.2278
rl_homogeneous,16,scaling,4.0,1,898,-8.3200,3.3993,1.1787
rl_homogeneous,16,scaling,4.0,1,899,-10.7466,0.0011,-0.5026
rl_homogeneous,16,scaling,4.0,1,900,3.4064,0.0000,4.6130
rl_homogeneous,16,scaling,4.0,1,901,-11.3080,1.6153,-1.1399
rl_homogeneous,16,scaling,4.0,1,902,-3.8276,1.1311,0.6941
rl_homogeneous,16,scaling,4.0,1,903,-7.0494,1.8211,0.8536
rl_homogeneous,16,scaling,4.0,1,904,-0.4593,11.9483,4.2043
rl_homogeneous,16,scaling,4.0,1,905,-4.5334,11.7245,0.1018
rl_homogeneous,16,scaling,4.0,1,906,-1.9757,12.4648,0.0650
rl_homogeneous,16,scaling,4.0,1,907,-12.4109,-11.1431,-0.1642
rl_homogeneous,16,scaling,4.0,1,908,-14.9698,-3.4622,0.0796
rl_homogeneous,16,scaling,4.0,1,909,0.2139,0.0000,2.9822
rl_homogeneous,16,scaling,4.0,1,910,-8.4953,6.8316,-0.8107
rl_homogeneous,16,scaling,4.0,1,911,-4.0592,4.7190,-0.3058
rl_homogeneous,16,scaling,4.0,1,912,-9.0573,-2.8619,0.2919
rl_homogeneous,16,scaling,4.0,1,913,0.7230,14.4659,-0.3447
rl_homogeneous,16,scaling,4.0,1,914,1.8760,8.1754,2.7882
rl_homogeneous,16,scaling,4.0,1,915,-9.5872,6.6690,-0.4243
rl_homogeneous,16,scaling,4.0,1,916,-2.1965,9.3174,1.1383
rl_homogeneous,16,scaling,4.0,1,917,-4.8602,4.1963,1.1244
rl_homogeneous,16,scaling,4.0,1,918,-9.3568,-4.3608,0.1975
rl_homogeneous,16,scaling,4.0,1,919,-8.2553,0.0000,2.4753
rl_homogeneous,16,scaling,4.0,1,920,-11.0120,7.2117,-0.0143
rl_homogeneous,16,scaling,4.0,1,921,0.1933,19.0580,-0.4632
rl_homogeneous,16,scaling,4.0,1,922,-6.9622,13.0634,-0.1456
rl_homogeneous,16,scaling,4.0,1,923,-5.0005,0.0681,1.0761
rl_homogeneous,16,scaling,4.0,1,924,-7.0071,-2.1793,0.2560
rl_homogeneous,16,scaling,4.0,1,925,-12.4543,-1.1571,-0.0664
rl_homogeneous,16,scaling,4.0,1,926,-8.2356,1.6745,-0.3337
rl_homogeneous,16,scaling,4.0,1,927,-5.4946,4.7187,1.1721
rl_homogeneous,16,scaling,4.0,1,928,-6.9854,3.6331,-0.3722
rl_homogeneous,16,scaling,4.0,1,929,-12.3803,-1.7111,-1.8395
rl_homogeneous,16,scaling,4.0,1,930,-0.4965,11.1620,-0.0969
rl_homogeneous,16,scaling,4.0,1,931,-1.3818,6.7091,0.4679
rl_homogeneous,16,scaling,4.0,1,932,-6.6183,0.0000,1.7157
rl_homogeneous,16,scaling,4.0,1,933,-3.9677,1.6348,0.9748
rl_homogeneous,16,scaling,4.0,1,934,-3.9284,13.1272,-0.3207
rl_homogeneous,16,scaling,4.0,1,935,-12.1899,-8.0814,-0.0678
rl_homogeneous,16,scaling,4.0,1,936,-5.6153,-1.3777,0.0145
rl_homogeneous,16,scaling,4.0,1,937,-11.4771,13.0785,-2.1100
rl_homogeneous,16,scaling,4.0,1,938,-13.5385,0.0000,0.7883
rl_homogeneous,16,scaling,4.0,1,939,-7.2500,7.7132,0.9083
rl_homogeneous,16,scaling,4.0,1,940,-0.2092,0.0000,3.5980
rl_homogeneous,16,scaling,4.0,1,941,-11.2109,-2.1124,-0.7886
rl_homogeneous,16,scaling,4.0,1,942,-5.3338,15.1294,2.1356
rl_homogeneous,16,scaling,4.0,1,943,-6.6606,6.7651,1.1272
rl_homogeneous,16,scaling,4.0,1,944,0.8705,15.5173,-0.1320
rl_homogeneous,16,scaling,4.0,1,945,-5.5675,6.6427,0.4268
rl_homogeneous,16,scaling,4.0,1,946,-2.2290,5.2183,0.5524
rl_homogeneous,16,scaling,4.0,1,947,-7.9766,1.5350,0.8884
rl_homogeneous,16,scaling,4.0,1,948,-2.0548,0.9346,0.0814
rl_homogeneous,16,scaling,4.0,1,949,-3.4064,11.7874,0.7761
rl_homogeneous,16,scaling,4.0,1,950,-9.1512,-5.3345,-0.2830
rl_homogeneous,16,scaling,4.0,1,951,-11.7764,-0.5163,1.2778
rl_homogeneous,16,scaling,4.0,1,952,-11.2720,8.6054,-1.0472
rl_homogeneous,16,scaling,4.0,1,953,-0.9638,0.0000,3.0973
rl_homogeneous,16,scaling,4.0,1,954,-6.6567,7.4665,-0.4209
rl_homogeneous,16,scaling,4.0,1,955,-7.7310,0.0000,2.4363
rl_homogeneous,16,scaling,4.0,1,956,-5.7925,2.8965,-0.0338
rl_homogeneous,16,scaling,4.0,1,957,-4.4352,2.2290,0.4302
rl_homogeneous,16,scaling,4.0,1,958,1.3322,0.0255,3.8133
rl_homogeneous,16,scaling,4.0,1,959,-8.3199,-6.9568,-0.4893
rl_homogeneous,16,scaling,4.0,1,960,-8.7489,13.6420,1.6867
rl_homogeneous,16,scaling,4.0,1,961,-7.7325,-3.1194,-0.3592
rl_homogeneous,16,scaling,4.0,1,962,-1.6541,19.8551,-0.7290
rl_homogeneous,16,scaling,4.0,1,963,1.7024,15.4154,0.2638
rl_homogeneous,16,scaling,4.0,1,964,-5.9601,2.4260,0.5747
rl_homogeneous,16,scaling,4.0,1,965,1.4145,0.0000,2.7013
rl_homogeneous,16,scaling,4.0,1,966,0.5940,6.8609,0.9576
rl_homogeneous,16,scaling,4.0,1,967,-4.3686,6.2536,0.9684
rl_homogeneous,16,scaling,4.0,1,968,-5.2745,-0.5400,0.1861
rl_homogeneous,16,scaling,4.0,1,969,-2.2020,11.5838,-0.1854
rl_homogeneous,16,scaling,4.0,1,970,-12.7441,-3.8835,-0.2713
rl_homogeneous,16,scaling,4.0,1,971,-5.4627,36.8843,-2.5179
rl_homogeneous,16,scaling,4.0,1,972,-8.2128,4.1635,0.9819
rl_homogeneous,16,scaling,4.0,1,973,-6.2733,4.8579,1.0488
rl_homogeneous,16,scaling,4.0,1,974,-2.9199,4.6386,0.5389
rl_homogeneous,16,scaling,4.0,1,975,-10.6641,1.1214,-0.4629
rl_homogeneous,16,scaling,4.0,1,976,3.9538,10.7702,2.2649
rl_homogeneous,16,scaling,4.0,1,977,-8.6443,-2.1435,-0.2700
rl_homogeneous,16,scaling,4.0,1,978,-2.1353,4.0308,-0.4052
rl_homogeneous,16,scaling,4.0,1,979,-7.0545,9.1605,1.2427
rl_homogeneous,16,scaling,4.0,1,980,-5.9838,9.4561,0.2109
rl_homogeneous,16,scaling,4.0,1,981,-5.2512,-1.0588,-0.1799
rl_homogeneous,16,scaling,4.0,1,982,-5.3270,5.2459,0.4558
rl_homogeneous,16,scaling,4.0,1,983,-8.3346,3.0102,0.1922
rl_homogeneous,16,scaling,4.0,1,984,-6.7237,16.6770,-0.2131
rl_homogeneous,16,scaling,4.0,1,985,-11.1099,-2.2658,-0.7089
rl_homogeneous,16,scaling,4.0,1,986,3.5007,0.5784,4.2375
rl_homogeneous,16,scaling,4.0,1,987,-7.8037,0.6391,0.2953
rl_homogeneous,16,scaling,4.0,1,988,-4.3783,6.2477,0.0603
rl_homogeneous,16,scaling,4.0,1,989,-6.5780,5.2678,1.1058
rl_homogeneous,16,scaling,4.0,1,990,-6.8170,0.1927,4.0629
rl_homogeneous,16,scaling,4.0,1,991,-9.3485,4.9471,-0.6552
rl_homogeneous,16,scaling,4.0,1,992,-5.2284,0.0000,1.6955
rl_homogeneous,16,scaling,4.0,1,993,-8.6961,-3.9587,0.0426
rl_homogeneous,16,scaling,4.0,1,994,-6.6393,3.7717,0.3055
rl_homogeneous,16,scaling,4.0,1,995,-4.6738,0.0000,1.5664
rl_homogeneous,16,scaling,4.0,1,996,-4.1287,13.2067,-2.1072
rl_homogeneous,16,scaling,4.0,1,997,-1.0449,4.0080,1.3024
rl_homogeneous,16,scaling,4.0,1,998,-7.5362,-6.4920,-0.6389
rl_homogeneous,16,scaling,4.0,1,999,-6.8706,-2.4262,-0.0765
rl_homogeneous,16,scaling,4.0,1,1000,-6.1008,2.5926,0.6958
rl_heterogeneous,16,scaling,4.0,1,1,-8.3224,6.6234,-0.1644
rl_heterogeneous,16,scaling,4.0,1,2,1.0680,0.9768,5.1830
rl_heterogeneous,16,scaling,4.0,1,3,-13.5164,-2.7618,0.0473
rl_heterogeneous,16,scaling,4.0,1,4,-7.1969,7.6179,1.1495
rl_heterogeneous,16,scaling,4.0,1,5,-10.6809,-7.6169,0.2172
rl_heterogeneous,16,scaling,4.0,1,6,-3.7986,10.1338,-0.2299
rl_heterogeneous,16,scaling,4.0,1,7,1.2053,3.9797,3.2112
rl_heterogeneous,16,scaling,4.0,1,8,-9.3073,-2.9124,1.1280
rl_heterogeneous,16,scaling,4.0,1,9,-9.3714,-2.1973,1.8742
rl_heterogeneous,16,scaling,4.0,1,10,-4.9346,-1.9863,1.2918
rl_heterogeneous,16,scaling,4.0,1,11,-8.1651,-4.5188,0.7434
rl_heterogeneous,16,scaling,4.0,1,12,1.9745,-5.8223,4.5222
rl_heterogeneous,16,scaling,4.0,1,13,-3.4521,11.0973,2.8056
rl_heterogeneous,16,scaling,4.0,1,14,-15.2896,-1.3386,-0.3465
rl_heterogeneous,16,scaling,4.0,1,15,-6.8970,-6.6781,0.7547
rl_heterogeneous,16,scaling,4.0,1,16,-1.4629,22.1406,0.0658
rl_heterogeneous,16,scaling,4.0,1,17,-8.9079,-11.1225,0.1448
rl_heterogeneous,16,scaling,4.0,1,18,-3.6426,2.7890,-0.5853
rl_heterogeneous,16,scaling,4.0,1,19,-7.0475,-0.5967,0.6454
rl_heterogeneous,16,scaling,4.0,1,20,-9.5392,-2.1603,1.3214
rl_heterogeneous,16,scaling,4.0,1,21,-5.1342,-3.8693,1.2434
rl_heterogeneous,16,scaling,4.0,1,22,-13.6255,-10.9294,0.4683
rl_heterogeneous,16,scaling,4.0,1,23,-12.4224,1.3246,1.6935
rl_heterogeneous,16,scaling,4.0,1,24,-9.5757,-3.8639,1.7000
rl_heterogeneous,16,scaling,4.0,1,25,-4.4785,0.8896,0.5242
rl_heterogeneous,16,scaling,4.0,1,26,-0.1944,-0.1308,0.7509
rl_heterogeneous,16,scaling,4.0,1,27,-4.0422,8.5219,0.1791
rl_heterogeneous,16,scaling,4.0,1,28,-1.4194,9.0858,2.5139
rl_heterogeneous,16,scaling,4.0,1,29,-6.6652,-7.7207,-0.0242
rl_heterogeneous,16,scaling,4.0,1,30,-3.0318,5.7127,2.7149
rl_heterogeneous,16,scaling,4.0,1,31,-13.0346,9.6959,-0.1479
rl_heterogeneous,16,scaling,4.0,1,32,-14.2146,-5.6028,-0.4822
rl_heterogeneous,16,scaling,4.0,1,33,0.6167,18.5356,3.6355
rl_heterogeneous,16,scaling,4.0,1,34,-6.7560,-6.0033,0.0478
rl_heterogeneous,16,scaling,4.0,1,35,-5.2071,-6.6059,0.5957
rl_heterogeneous,16,scaling,4.0,1,36,-8.6646,-5.6601,0.6306
rl_heterogeneous,16,scaling,4.0,1,37,-4.9985,5.3849,2.8144
rl_heterogeneous,16,scaling,4.0,1,38,0.4705,4.1065,2.3655
rl_heterogeneous,16,scaling,4.0,1,39,0.0973,5.7407,2.9664
rl_heterogeneous,16,scaling,4.0,1,40,-10.9330,2.1261,-0.0936
rl_heterogeneous,16,scaling,4.0,1,41,-3.8243,5.1029,1.6292
rl_heterogeneous,16,scaling,4.0,1,42,-15.3697,1.1778,1.5613
rl_heterogeneous,16,scaling,4.0,1,43,-1.4060,10.5923,1.5014
rl_heterogeneous,16,scaling,4.0,1,44,0.2077,3.8526,1.0431
rl_heterogeneous,16,scaling,4.0,1,45,-5.7226,-0.3401,-0.6823
rl_heterogeneous,16,scaling,4.0,1,46,-9.0468,0.7278,-0.7677
rl_heterogeneous,16,scaling,4.0,1,47,-6.0944,-1.9977,0.5186
rl_heterogeneous,16,scaling,4.0,1,48,-1.5420,-4.2977,2.1842
rl_heterogeneous,16,scaling,4.0,1,49,-1.6310,0.6631,2.3241
rl_heterogeneous,16,scaling,4.0,1,50,-7.8426,11.1552,-0.4927
rl_heterogeneous,16,scaling,4.0,1,51,-3.4742,0.7699,1.0804
rl_heterogeneous,16,scaling,4.0,1,52,-2.2216,7.0910,2.3418
rl_heterogeneous,16,scaling,4.0,1,53,-4.9291,-3.7522,0.9615
rl_heterogeneous,16,scaling,4.0,1,54,-7.7220,-2.7978,0.5628
rl_heterogeneous,16,scaling,4.0,1,55,-3.9517,1.2122,1.8630
rl_heterogeneous,16,scaling,4.0,1,56,-2.7456,11.5829,1.7326
rl_heterogeneous,16,scaling,4.0,1,57,-2.3522,7.3875,2.0389
rl_heterogeneous,16,scaling,4.0,1,58,-8.1276,-1.4607,1.0771
rl_heterogeneous,16,scaling,4.0,1,59,-3.6863,-3.4744,0.9532
rl_heterogeneous,16,scaling,4.0,1,60,-7.3192,1.2418,2.3428
rl_heterogeneous,16,scaling,4.0,1,61,-1.6938,-1.2500,3.1894
rl_heterogeneous,16,scaling,4.0,1,62,-6.0550,-1.6501,1.1073
rl_heterogeneous,16,scaling,4.0,1,63,-2.2172,1.8235,0.9889
rl_heterogeneous,16,scaling,4.0,1,64,-7.5544,0.7100,0.9802
rl_heterogeneous,16,scaling,4.0,1,65,-3.4892,3.3187,3.1369
rl_heterogeneous,16,scaling,4.0,1,66,-5.7541,-5.2544,-0.3779
rl_heterogeneous,16,scaling,4.0,1,67,-15.0078,-12.5361,0.6307
rl_heterogeneous,16,scaling,4.0,1,68,-10.0692,-7.8261,0.6130
rl_heterogeneous,16,scaling,4.0,1,69,-4.0236,9.8268,1.2650
rl_heterogeneous,16,scaling,4.0,1,70,5.2037,8.9173,1.1727
rl_heterogeneous,16,scaling,4.0,1,71,-2.8685,-2.1564,4.9973
rl_heterogeneous,16,scaling,4.0,1,72,-8.1294,12.6224,0.7844
rl_heterogeneous,16,scaling,4.0,1,73,-10.0245,10.9998,-0.4434
rl_heterogeneous,16,scaling,4.0,1,74,-13.0728,-1.8875,-0.1700
rl_heterogeneous,16,scaling,4.0,1,75,-3.3577,-0.8435,0.9313
rl_heterogeneous,16,scaling,4.0,1,76,-11.0802,-7.1972,0.7365
rl_heterogeneous,16,scaling,4.0,1,77,-4.0993,12.1594,1.8735
rl_heterogeneous,16,scaling,4.0,1,78,-3.7345,1.4759,1.9485
rl_heterogeneous,16,scaling,4.0,1,79,-12.2374,2.5771,-0.5967
rl_heterogeneous,16,scaling,4.0,1,80,-6.6305,-4.3416,-0.1789
rl_heterogeneous,16,scaling,4.0,1,81,-7.7922,3.8188,0.0290
rl_heterogeneous,16,scaling,4.0,1,82,-3.1916,15.9467,2.6422
rl_heterogeneous,16,scaling,4.0,1,83,-4.1616,5.9164,1.7591
rl_heterogeneous,16,scaling,4.0,1,84,0.2695,-4.0607,2.6275
rl_heterogeneous,16,scaling,4.0,1,85,-1.4509,-6.6428,2.4326
rl_heterogeneous,16,scaling,4.0,1,86,-5.3341,1.8199,2.0442
rl_heterogeneous,16,scaling,4.0,1,87,-12.6255,-7.1622,0.7053
rl_heterogeneous,16,scaling,4.0,1,88,-10.0138,-5.3609,1.2744
rl_heterogeneous,16,scaling,4.0,1,89,-0.4774,1.9204,1.5813
rl_heterogeneous,16,scaling,4.0,1,90,-4.4775,-2.1595,1.6085
rl_heterogeneous,16,scaling,4.0,1,91,-1.4065,10.1991,0.5256
rl_heterogeneous,16,scaling,4.0,1,92,-8.5412,-5.2422,0.6244
rl_heterogeneous,16,scaling,4.0,1,93,-5.8912,3.5776,2.1063
rl_heterogeneous,16,scaling,4.0,1,94,-9.4587,-0.4683,0.2254
rl_heterogeneous,16,scaling,4.0,1,95,-2.3525,4.0342,-1.0759
rl_heterogeneous,16,scaling,4.0,1,96,-8.0709,-8.6352,0.0612
rl_heterogeneous,16,scaling,4.0,1,97,-18.8007,-12.7970,-0.5544
rl_heterogeneous,16,scaling,4.0,1,98,-12.4655,-4.7068,-0.3743
rl_heterogeneous,16,scaling,4.0,1,99,-1.6017,3.2098,3.9873
rl_heterogeneous,16,scaling,4.0,1,100,1.0853,2.6625,1.4004
rl_heterogeneous,16,scaling,4.0,1,101,-4.9568,1.8233,2.1050
rl_heterogeneous,16,scaling,4.0,1,102,-4.3328,8.2896,0.1103
rl_heterogeneous,16,scaling,4.0,1,103,-11.0409,7.6559,0.3409
rl_heterogeneous,16,scaling,4.0,1,104,-8.8708,-5.2279,1.3860
rl_heterogeneous,16,scaling,4.0,1,105,-1.9502,1.9695,1.7981
rl_heterogeneous,16,scaling,4.0,1,106,-9.0128,5.6297,1.3751
rl_heterogeneous,16,scaling,4.0,1,107,-8.9732,-7.7422,0.4583
rl_heterogeneous,16,scaling,4.0,1,108,-6.1790,4.3683,2.0827
rl_heterogeneous,16,scaling,4.0,1,109,-5.4980,1.8723,-0.1411
rl_heterogeneous,16,scaling,4.0,1,110,-3.5640,15.8673,1.5287
rl_heterogeneous,16,scaling,4.0,1,111,-5.0171,10.4652,0.8107
rl_heterogeneous,16,scaling,4.0,1,112,-8.4402,0.7560,0.2010
rl_heterogeneous,16,scaling,4.0,1,113,-10.2029,-13.1951,-0.1658
rl_heterogeneous,16,scaling,4.0,1,114,-10.8300,2.8660,1.3066
rl_heterogeneous,16,scaling,4.0,1,115,-6.7182,20.2035,0.0318
rl_heterogeneous,16,scaling,4.0,1,116,-5.5734,5.2389,-1.6167
rl_heterogeneous,16,scaling,4.0,1,117,-4.1686,-2.0449,1.1467
rl_heterogeneous,16,scaling,4.0,1,118,-2.1038,0.1688,1.0093
rl_heterogeneous,16,scaling,4.0,1,119,-4.8851,6.7906,0.4574
rl_heterogeneous,16,scaling,4.0,1,120,-6.7900,-1.9453,0.7665
rl_heterogeneous,16,scaling,4.0,1,121,-1.4476,1.9683,1.9371
rl_heterogeneous,16,scaling,4.0,1,122,-6.8241,12.3336,-0.4127
rl_heterogeneous,16,scaling,4.0,1,123,-2.6669,21.8373,1.0994
rl_heterogeneous,16,scaling,4.0,1,124,-2.0508,1.8379,1.8567
rl_heterogeneous,16,scaling,4.0,1,125,-4.7089,3.6986,0.5071
rl_heterogeneous,16,scaling,4.0,1,126,0.1211,-1.9286,2.3847
rl_heterogeneous,16,scaling,4.0,1,127,0.4802,-3.3162,3.0287
rl_heterogeneous,16,scaling,4.0,1,128,-7.9193,-4.4671,1.5589
rl_heterogeneous,16,scaling,4.0,1,129,-4.5442,4.6943,2.4547
rl_heterogeneous,16,scaling,4.0,1,130,-0.2581,4.6943,2.2101
rl_heterogeneous,16,scaling,4.0,1,131,-8.9725,4.0420,2.2300
rl_heterogeneous,16,scaling,4.0,1,132,-4.1236,17.9476,-0.2785
rl_heterogeneous,16,scaling,4.0,1,133,-1.8727,12.3709,1.1375
rl_heterogeneous,16,scaling,4.0,1,134,5.1050,6.4172,4.1429
rl_heterogeneous,16,scaling,4.0,1,135,-3.3595,6.5396,1.3126
rl_heterogeneous,16,scaling,4.0,1,136,-2.3612,2.5224,2.8724
rl_heterogeneous,16,scaling,4.0,1,137,-4.6477,9.8715,-0.0986
rl_heterogeneous,16,scaling,4.0,1,138,-2.6348,6.7659,1.3236
rl_heterogeneous,16,scaling,4.0,1,139,-4.5628,13.2868,0.4426
rl_heterogeneous,16,scaling,4.0,1,140,-10.5044,-4.7500,-0.5270
rl_heterogeneous,16,scaling,4.0,1,141,0.5713,21.2559,-0.8494
rl_heterogeneous,16,scaling,4.0,1,142,-9.6378,-9.2078,0.8271
rl_heterogeneous,16,scaling,4.0,1,143,-9.5009,3.2100,-0.2734
rl_heterogeneous,16,scaling,4.0,1,144,-6.4067,-6.6779,0.0190
rl_heterogeneous,16,scaling,4.0,1,145,-9.4454,-2.0284,-1.0419
rl_heterogeneous,16,scaling,4.0,1,146,0.8115,12.0110,0.1892
rl_heterogeneous,16,scaling,4.0,1,147,-2.4807,-2.3666,2.4756
rl_heterogeneous,16,scaling,4.0,1,148,-9.4908,1.4441,0.8602
rl_heterogeneous,16,scaling,4.0,1,149,-5.1937,8.5970,1.6386
rl_heterogeneous,16,scaling,4.0,1,150,-8.7141,-0.0540,-0.9900
rl_heterogeneous,16,scaling,4.0,1,151,-10.0545,-2.0116,0.8682
rl_heterogeneous,16,scaling,4.0,1,152,-11.2146,-3.5148,1.0839
rl_heterogeneous,16,scaling,4.0,1,153,-3.5530,0.5441,0.7074
rl_heterogeneous,16,scaling,4.0,1,154,-13.8758,14.5154,0.3063
rl_heterogeneous,16,scaling,4.0,1,155,-5.9668,10.7149,0.0744
rl_heterogeneous,16,scaling,4.0,1,156,-10.9846,-9.0734,-0.0322
rl_heterogeneous,16,scaling,4.0,1,157,-4.9511,-6.0127,-0.1207
rl_heterogeneous,16,scaling,4.0,1,158,-6.7885,-7.7246,1.6021
rl_heterogeneous,16,scaling,4.0,1,159,-22.1983,-20.0692,0.0396
rl_heterogeneous,16,scaling,4.0,1,160,-11.6094,-8.9734,1.7000
rl_heterogeneous,16,scaling,4.0,1,161,-5.5649,17.1915,1.0565
rl_heterogeneous,16,scaling,4.0,1,162,-0.8651,21.9689,-0.6264
rl_heterogeneous,16,scaling,4.0,1,163,-8.2738,4.5727,-0.4872
rl_heterogeneous,16,scaling,4.0,1,164,-8.6902,5.2542,2.6234
rl_heterogeneous,16,scaling,4.0,1,165,-8.9193,-6.1631,-0.2291
rl_heterogeneous,16,scaling,4.0,1,166,-1.2602,3.4848,2.5537
rl_heterogeneous,16,scaling,4.0,1,167,-2.4134,5.5801,-0.4670
rl_heterogeneous,16,scaling,4.0,1,168,0.1157,9.0379,0.2766
rl_heterogeneous,16,scaling,4.0,1,169,-4.6739,1.8028,1.6546
rl_heterogeneous,16,scaling,4.0,1,170,-3.3389,-7.6411,2.7688
rl_heterogeneous,16,scaling,4.0,1,171,-4.8705,-4.6133,0.0259
rl_heterogeneous,16,scaling,4.0,1,172,-1.5359,2.4608,3.1363
rl_heterogeneous,16,scaling,4.0,1,173,-0.2259,21.4986,-0.7442
rl_heterogeneous,16,scaling,4.0,1,174,-9.1998,-5.8724,0.9092
rl_heterogeneous,16,scaling,4.0,1,175,-6.5409,20.2712,-0.5062
rl_heterogeneous,16,scaling,4.0,1,176,-6.5355,-5.9653,0.3121
rl_heterogeneous,16,scaling,4.0,1,177,-5.9467,5.5508,0.1127
rl_heterogeneous,16,scaling,4.0,1,178,-6.5764,-4.9940,2.0626
rl_heterogeneous,16,scaling,4.0,1,179,-5.4565,-2.0941,1.3774
rl_heterogeneous,16,scaling,4.0,1,180,-5.1447,8.8135,0.9582
rl_heterogeneous,16,scaling,4.0,1,181,-7.3672,6.8798,1.3852
rl_heterogeneous,16,scaling,4.0,1,182,-3.0191,0.5403,3.1873
rl_heterogeneous,16,scaling,4.0,1,183,2.1586,-0.0116,4.6303
rl_heterogeneous,16,scaling,4.0,1,184,-2.0622,-0.3710,1.2426
rl_heterogeneous,16,scaling,4.0,1,185,-5.6092,1.4433,0.8653
rl_heterogeneous,16,scaling,4.0,1,186,-7.8777,-4.0220,0.6226
rl_heterogeneous,16,scaling,4.0,1,187,-6.3496,-2.8929,1.2113
rl_heterogeneous,16,scaling,4.0,1,188,-4.2684,5.0157,0.2298
rl_heterogeneous,16,scaling,4.0,1,189,-5.6568,10.9478,1.5992
rl_heterogeneous,16,scaling,4.0,1,190,-3.9107,-0.0635,1.9638
rl_heterogeneous,16,scaling,4.0,1,191,-2.4856,10.8346,1.4376
rl_heterogeneous,16,scaling,4.0,1,192,-6.6903,-6.7303,0.5202
rl_heterogeneous,16,scaling,4.0,1,193,-3.5026,8.0137,0.0420
rl_heterogeneous,16,scaling,4.0,1,194,-9.0560,2.3749,1.2127
rl_heterogeneous,16,scaling,4.0,1,195,0.3137,0.4237,2.9886
rl_heterogeneous,16,scaling,4.0,1,196,4.4431,12.8590,3.7389
rl_heterogeneous,16,scaling,4.0,1,197,-5.9561,-3.2001,0.0860
rl_heterogeneous,16,scaling,4.0,1,198,-0.8987,-3.7328,2.9058
rl_heterogeneous,16,scaling,4.0,1,199,-10.3113,-7.9604,0.5772
rl_heterogeneous,16,scaling,4.0,1,200,-7.2696,-5.0067,0.9644
rl_heterogeneous,16,scaling,4.0,1,201,-3.7862,5.6258,0.7737
rl_heterogeneous,16,scaling,4.0,1,202,0.7806,11.7631,0.8768
rl_heterogeneous,16,scaling,4.0,1,203,-2.2976,-3.4636,1.8410
rl_heterogeneous,16,scaling,4.0,1,204,-6.8567,-7.4955,0.8862
rl_heterogeneous,16,scaling,4.0,1,205,-14.0233,-8.4354,1.2759
rl_heterogeneous,16,scaling,4.0,1,206,-7.0099,0.6204,0.4013
rl_heterogeneous,16,scaling,4.0,1,207,3.3814,5.5981,4.0006
rl_heterogeneous,16,scaling,4.0,1,208,-8.3167,-3.7018,-0.0954
rl_heterogeneous,16,scaling,4.0,1,209,-23.2533,-18.9930,0.1584
rl_heterogeneous,16,scaling,4.0,1,210,-17.7830,-17.3816,0.1805
rl_heterogeneous,16,scaling,4.0,1,211,0.0157,2.4419,0.8136
rl_heterogeneous,16,scaling,4.0,1,212,0.3148,4.5824,2.1963
rl_heterogeneous,16,scaling,4.0,1,213,-4.9597,2.9075,0.1772
rl_heterogeneous,16,scaling,4.0,1,214,-7.8031,4.0317,1.0338
rl_heterogeneous,16,scaling,4.0,1,215,-6.1212,4.2437,0.5642
rl_heterogeneous,16,scaling,4.0,1,216,-6.3254,13.1991,0.6718
rl_heterogeneous,16,scaling,4.0,1,217,-2.9922,4.1407,0.2442
rl_heterogeneous,16,scaling,4.0,1,218,-8.0105,-2.4630,0.9046
rl_heterogeneous,16,scaling,4.0,1,219,-3.8923,-4.7443,1.6220
rl_heterogeneous,16,scaling,4.0,1,220,-8.1940,-8.2896,0.5545
rl_heterogeneous,16,scaling,4.0,1,221,-9.0741,8.1685,1.2663
rl_heterogeneous,16,scaling,4.0,1,222,-0.2729,-4.0965,2.7083
rl_heterogeneous,16,scaling,4.0,1,223,-9.6420,-8.0769,0.8672
rl_heterogeneous,16,scaling,4.0,1,224,-1.2055,-1.2171,3.6800
rl_heterogeneous,16,scaling,4.0,1,225,-2.8494,0.7274,1.9297
rl_heterogeneous,16,scaling,4.0,1,226,-8.1981,-8.4892,1.9805
rl_heterogeneous,16,scaling,4.0,1,227,-1.6973,-1.6764,1.1682
rl_heterogeneous,16,scaling,4.0,1,228,-1.4549,15.5577,1.8943
rl_heterogeneous,16,scaling,4.0,1,229,-4.7531,3.2513,0.8032
rl_heterogeneous,16,scaling,4.0,1,230,-5.1566,6.8459,-0.2107
rl_heterogeneous,16,scaling,4.0,1,231,-1.5323,-2.4833,2.2052
rl_heterogeneous,16,scaling,4.0,1,232,-9.0263,-9.5383,-0.0444
rl_heterogeneous,16,scaling,4.0,1,233,-2.5542,-3.9342,0.6135
rl_heterogeneous,16,scaling,4.0,1,234,-14.5017,-12.1201,1.0339
rl_heterogeneous,16,scaling,4.0,1,235,-6.8440,4.3768,2.1945
rl_heterogeneous,16,scaling,4.0,1,236,-14.3301,-3.4475,-0.5899
rl_heterogeneous,16,scaling,4.0,1,237,-0.3472,7.6606,0.6397
rl_heterogeneous,16,scaling,4.0,1,238,-1.2396,3.8622,1.1709
rl_heterogeneous,16,scaling,4.0,1,239,-6.2843,5.4954,1.3631
rl_heterogeneous,16,scaling,4.0,1,240,-5.3709,-0.9395,0.8032
rl_heterogeneous,16,scaling,4.0,1,241,-4.5867,-2.2832,-0.3519
rl_heterogeneous,16,scaling,4.0,1,242,0.2569,-2.2670,1.1336
rl_heterogeneous,16,scaling,4.0,1,243,-2.0749,6.7028,1.5582
rl_heterogeneous,16,scaling,4.0,1,244,-3.0210,9.0987,1.9200
rl_heterogeneous,16,scaling,4.0,1,245,-8.6477,2.4010,-0.3197
rl_heterogeneous,16,scaling,4.0,1,246,0.1323,1.8614,2.8839
rl_heterogeneous,16,scaling,4.0,1,247,-7.0181,-2.3225,2.4732
rl_heterogeneous,16,scaling,4.0,1,248,-11.7225,-14.3623,0.4370
rl_heterogeneous,16,scaling,4.0,1,249,-1.3712,8.2940,-0.3455
rl_heterogeneous,16,scaling,4.0,1,250,0.2300,10.3042,1.6728
rl_heterogeneous,16,scaling,4.0,1,251,-1.8611,13.0382,1.3293
rl_heterogeneous,16,scaling,4.0,1,252,-11.8554,-3.3958,0.9546
rl_heterogeneous,16,scaling,4.0,1,253,-4.4467,-0.2979,0.9297
rl_heterogeneous,16,scaling,4.0,1,254,-12.4635,-14.4125,1.3953
rl_heterogeneous,16,scaling,4.0,1,255,-1.1709,1.7501,-0.0263
rl_heterogeneous,16,scaling,4.0,1,256,-0.3717,7.4964,2.1891
rl_heterogeneous,16,scaling,4.0,1,257,-10.1083,-1.6226,-0.0594
rl_heterogeneous,16,scaling,4.0,1,258,-7.0954,0.0188,1.7471
rl_heterogeneous,16,scaling,4.0,1,259,-13.6923,-2.7859,0.1065
rl_heterogeneous,16,scaling,4.0,1,260,-3.6774,3.3839,1.3974
rl_heterogeneous,16,scaling,4.0,1,261,-3.8655,-0.2328,1.0579
rl_heterogeneous,16,scaling,4.0,1,262,-10.4097,-5.8275,0.6617
rl_heterogeneous,16,scaling,4.0,1,263,-10.8696,-8.2725,-0.2626
rl_heterogeneous,16,scaling,4.0,1,264,-2.4230,-0.8639,0.3008
rl_heterogeneous,16,scaling,4.0,1,265,-17.1746,-17.1893,-0.2985
rl_heterogeneous,16,scaling,4.0,1,266,-12.1515,-9.4224,0.6530
rl_heterogeneous,16,scaling,4.0,1,267,-3.4790,15.2832,0.1218
rl_heterogeneous,16,scaling,4.0,1,268,-10.2282,-14.5327,0.7507
rl_heterogeneous,16,scaling,4.0,1,269,-5.2541,-4.9127,-0.0156
rl_heterogeneous,16,scaling,4.0,1,270,-4.7041,0.5023,0.7137
rl_heterogeneous,16,scaling,4.0,1,271,-8.5341,5.9262,-0.5824
rl_heterogeneous,16,scaling,4.0,1,272,1.8317,0.5599,3.1750
rl_heterogeneous,16,scaling,4.0,1,273,-1.6389,24.8788,1.4969
rl_heterogeneous,16,scaling,4.0,1,274,-11.2564,-8.8228,1.1545
rl_heterogeneous,16,scaling,4.0,1,275,-5.2399,-0.6790,0.1770
rl_heterogeneous,16,scaling,4.0,1,276,-5.1770,9.4534,3.2981
rl_heterogeneous,16,scaling,4.0,1,277,-0.1300,10.1553,2.3182
rl_heterogeneous,16,scaling,4.0,1,278,-5.6316,6.1552,0.3906
rl_heterogeneous,16,scaling,4.0,1,279,-7.3467,-2.8620,-0.2578
rl_heterogeneous,16,scaling,4.0,1,280,-7.0525,1.1918,0.9193
rl_heterogeneous,16,scaling,4.0,1,281,-2.4336,0.0192,1.8689
rl_heterogeneous,16,scaling,4.0,1,282,-8.1761,-8.6494,0.3194
rl_heterogeneous,16,scaling,4.0,1,283,-7.1853,-9.4415,0.4840
rl_heterogeneous,16,scaling,4.0,1,284,-20.0874,-6.9647,2.0875
rl_heterogeneous,16,scaling,4.0,1,285,-8.7367,-6.9537,0.4006
rl_heterogeneous,16,scaling,4.0,1,286,-7.4135,3.3195,0.0165
rl_heterogeneous,16,scaling,4.0,1,287,-2.5685,1.0614,0.3388
rl_heterogeneous,16,scaling,4.0,1,288,-3.3553,-3.1255,2.5339
rl_heterogeneous,16,scaling,4.0,1,289,-7.1189,5.2182,1.8962
rl_heterogeneous,16,scaling,4.0,1,290,-6.5438,1.8631,1.3305
rl_heterogeneous,16,scaling,4.0,1,291,-11.5266,-8.9018,-0.7813
rl_heterogeneous,16,scaling,4.0,1,292,-13.6312,-11.9111,-0.0059
rl_heterogeneous,16,scaling,4.0,1,293,-17.3555,-15.3416,0.4924
rl_heterogeneous,16,scaling,4.0,1,294,-1.1995,9.2761,-0.5224
rl_heterogeneous,16,scaling,4.0,1,295,-6.5486,-1.4579,0.5551
rl_heterogeneous,16,scaling,4.0,1,296,-3.6169,10.3033,0.3850
rl_heterogeneous,16,scaling,4.0,1,297,-0.8881,6.5746,2.8808
rl_heterogeneous,16,scaling,4.0,1,298,-1.5466,11.1045,2.4154
rl_heterogeneous,16,scaling,4.0,1,299,-4.4443,1.1092,1.0589
rl_heterogeneous,16,scaling,4.0,1,300,-9.3442,-3.7102,1.2202
rl_heterogeneous,16,scaling,4.0,1,301,-7.0850,-4.6525,0.7159
rl_heterogeneous,16,scaling,4.0,1,302,-7.7457,8.8502,1.5711
rl_heterogeneous,16,scaling,4.0,1,303,-1.0304,14.2257,0.4689
rl_heterogeneous,16,scaling,4.0,1,304,2.3311,6.6431,3.0334
rl_heterogeneous,16,scaling,4.0,1,305,-3.4421,-2.5838,0.9586
rl_heterogeneous,16,scaling,4.0,1,306,-12.1240,-10.5179,-1.3338
rl_heterogeneous,16,scaling,4.0,1,307,-7.5051,-9.4557,0.0966
rl_heterogeneous,16,scaling,4.0,1,308,-0.3338,1.4079,0.8410
rl_heterogeneous,16,scaling,4.0,1,309,-6.8457,4.6857,1.9354
rl_heterogeneous,16,scaling,4.0,1,310,-3.9161,-1.1461,1.5819
rl_heterogeneous,16,scaling,4.0,1,311,-9.6173,-0.2150,0.5012
rl_heterogeneous,16,scaling,4.0,1,312,-9.0420,11.1590,0.6431
rl_heterogeneous,16,scaling,4.0,1,313,-8.1459,-0.8390,0.3835
rl_heterogeneous,16,scaling,4.0,1,314,-9.7705,27.7492,-1.6519
rl_heterogeneous,16,scaling,4.0,1,315,-0.8584,-8.0464,2.8850
rl_heterogeneous,16,scaling,4.0,1,316,-6.4415,5.7380,-1.0893
rl_heterogeneous,16,scaling,4.0,1,317,-9.8717,-7.1552,-0.6615
rl_heterogeneous,16,scaling,4.0,1,318,0.8497,6.9094,6.0156
rl_heterogeneous,16,scaling,4.0,1,319,-15.1914,-4.2896,1.1727
rl_heterogeneous,16,scaling,4.0,1,320,-2.1574,0.8750,0.6228
rl_heterogeneous,16,scaling,4.0,1,321,-3.2122,8.4916,1.2806
rl_heterogeneous,16,scaling,4.0,1,322,-1.4679,7.7929,1.1625
rl_heterogeneous,16,scaling,4.0,1,323,-0.8349,6.6042,-0.2413
rl_heterogeneous,16,scaling,4.0,1,324,-0.3020,0.5056,2.0046
rl_heterogeneous,16,scaling,4.0,1,325,-6.1019,-5.7473,1.2352
rl_heterogeneous,16,scaling,4.0,1,326,-9.4801,8.3753,1.0379
rl_heterogeneous,16,scaling,4.0,1,327,-0.8671,-2.7207,3.0824
rl_heterogeneous,16,scaling,4.0,1,328,-2.4891,-0.7564,0.9919
rl_heterogeneous,16,scaling,4.0,1,329,-6.9378,-4.2004,1.6445
rl_heterogeneous,16,scaling,4.0,1,330,-8.2368,-3.8002,-0.2270
rl_heterogeneous,16,scaling,4.0,1,331,-0.6816,16.4935,3.4596
rl_heterogeneous,16,scaling,4.0,1,332,-4.9678,12.8383,-0.0715
rl_heterogeneous,16,scaling,4.0,1,333,-13.5604,-10.3696,0.4758
rl_heterogeneous,16,scaling,4.0,1,334,-3.6663,1.0357,2.4496
rl_heterogeneous,16,scaling,4.0,1,335,-2.0871,11.4595,2.9833
rl_heterogeneous,16,scaling,4.0,1,336,-7.5970,-1.5367,0.8860
rl_heterogeneous,16,scaling,4.0,1,337,-5.9313,-7.0600,-0.7774
rl_heterogeneous,16,scaling,4.0,1,338,-9.5393,-3.3008,-0.7194
rl_heterogeneous,16,scaling,4.0,1,339,0.0285,5.1072,2.6480
rl_heterogeneous,16,scaling,4.0,1,340,-5.4660,0.1346,1.6832
rl_heterogeneous,16,scaling,4.0,1,341,0.7779,-2.1463,2.0763
rl_heterogeneous,16,scaling,4.0,1,342,-5.1693,-5.5554,1.0729
rl_heterogeneous,16,scaling,4.0,1,343,-8.7901,3.7564,0.3154
rl_heterogeneous,16,scaling,4.0,1,344,-4.7092,4.2174,1.2623
rl_heterogeneous,16,scaling,4.0,1,345,-1.6225,3.0828,1.2402
rl_heterogeneous,16,scaling,4.0,1,346,-0.9974,9.3252,2.1850
rl_heterogeneous,16,scaling,4.0,1,347,-16.0954,-17.4941,-0.2329
rl_heterogeneous,16,scaling,4.0,1,348,-11.9247,-3.1847,-0.5596
rl_heterogeneous,16,scaling,4.0,1,349,-3.3230,3.3482,1.1985
rl_heterogeneous,16,scaling,4.0,1,350,2.2380,2.3436,2.9456
rl_heterogeneous,16,scaling,4.0,1,351,-9.0293,-4.3614,0.1960
rl_heterogeneous,16,scaling,4.0,1,352,-6.6307,-5.9202,0.5258
rl_heterogeneous,16,scaling,4.0,1,353,-3.8304,7.2393,0.0332
rl_heterogeneous,16,scaling,4.0,1,354,-8.2711,3.9157,1.7562
rl_heterogeneous,16,scaling,4.0,1,355,-3.8954,8.5410,2.7357
rl_heterogeneous,16,scaling,4.0,1,356,1.0296,5.1628,2.3405
rl_heterogeneous,16,scaling,4.0,1,357,-4.4603,20.1068,-1.5374
rl_heterogeneous,16,scaling,4.0,1,358,-3.4966,6.5037,0.0345
rl_heterogeneous,16,scaling,4.0,1,359,-7.3422,-0.5134,0.7576
rl_heterogeneous,16,scaling,4.0,1,360,-7.9967,3.8329,2.5395
rl_heterogeneous,16,scaling,4.0,1,361,-2.5851,1.8374,1.3769
rl_heterogeneous,16,scaling,4.0,1,362,-11.2098,-13.7415,-1.0678
rl_heterogeneous,16,scaling,4.0,1,363,-3.0148,5.9199,1.2313
rl_heterogeneous,16,scaling,4.0,1,364,0.0985,-5.4675,5.3593
rl_heterogeneous,16,scaling,4.0,1,365,-9.2341,-8.6269,-0.3811
rl_heterogeneous,16,scaling,4.0,1,366,-7.6891,0.7870,1.0424
rl_heterogeneous,16,scaling,4.0,1,367,2.0906,15.5361,3.8323
rl_heterogeneous,16,scaling,4.0,1,368,-5.0790,1.3934,0.8647
rl_heterogeneous,16,scaling,4.0,1,369,-7.8652,-4.5207,1.6991
rl_heterogeneous,16,scaling,4.0,1,370,-9.5463,5.6758,-0.7805
rl_heterogeneous,16,scaling,4.0,1,371,-2.8172,-1.9908,2.5884
rl_heterogeneous,16,scaling,4.0,1,372,-6.6955,-0.7002,0.7269
rl_heterogeneous,16,scaling,4.0,1,373,-14.6668,-16.6376,-0.1855
rl_heterogeneous,16,scaling,4.0,1,374,-2.1159,-8.3883,3.0073
rl_heterogeneous,16,scaling,4.0,1,375,-11.9642,-8.9464,1.6849
rl_heterogeneous,16,scaling,4.0,1,376,-13.3480,-6.5949,-1.9262
rl_heterogeneous,16,scaling,4.0,1,377,-8.3811,-5.5008,1.7962
rl_heterogeneous,16,scaling,4.0,1,378,-5.2846,21.7055,-0.1329
rl_heterogeneous,16,scaling,4.0,1,379,-5.4387,21.6314,0.8959
rl_heterogeneous,16,scaling,4.0,1,380,-1.4001,9.4829,-0.5420
rl_heterogeneous,16,scaling,4.0,1,381,-8.0154,6.7883,0.8477
rl_heterogeneous,16,scaling,4.0,1,382,-9.4389,6.1162,0.1009
rl_heterogeneous,16,scaling,4.0,1,383,-1.8281,0.5652,0.4041
rl_heterogeneous,16,scaling,4.0,1,384,-0.1824,0.7548,2.7178
rl_heterogeneous,16,scaling,4.0,1,385,-2.8208,3.5791,1.0082
rl_heterogeneous,16,scaling,4.0,1,386,-12.8607,-8.1035,0.2182
rl_heterogeneous,16,scaling,4.0,1,387,-12.4848,-5.9766,1.7394
rl_heterogeneous,16,scaling,4.0,1,388,-15.7856,-6.1469,-0.4054
rl_heterogeneous,16,scaling,4.0,1,389,-15.0202,-8.9467,1.3421
rl_heterogeneous,16,scaling,4.0,1,390,-12.4898,10.1290,-0.6847
rl_heterogeneous,16,scaling,4.0,1,391,-1.0547,7.8503,2.2750
rl_heterogeneous,16,scaling,4.0,1,392,-9.1900,-2.5472,2.2178
rl_heterogeneous,16,scaling,4.0,1,393,-6.9131,-0.4184,2.0796
rl_heterogeneous,16,scaling,4.0,1,394,-11.9192,-4.6618,0.1502
rl_heterogeneous,16,scaling,4.0,1,395,-11.0707,-7.7814,0.0021
rl_heterogeneous,16,scaling,4.0,1,396,-18.7991,-21.0329,0.8209
rl_heterogeneous,16,scaling,4.0,1,397,-1.5258,-6.3741,3.8991
rl_heterogeneous,16,scaling,4.0,1,398,-6.0761,-0.1659,1.4829
rl_heterogeneous,16,scaling,4.0,1,399,-4.9291,-2.4947,1.8067
rl_heterogeneous,16,scaling,4.0,1,400,-9.2248,-4.0091,-0.9719
rl_heterogeneous,16,scaling,4.0,1,401,-13.4800,-13.7070,0.5822
rl_heterogeneous,16,scaling,4.0,1,402,-8.9450,-8.4311,0.3639
rl_heterogeneous,16,scaling,4.0,1,403,-7.9108,2.1851,-0.7521
rl_heterogeneous,16,scaling,4.0,1,404,-12.1301,18.0637,-0.2187
rl_heterogeneous,16,scaling,4.0,1,405,-10.6188,-1.4452,-0.1674
rl_heterogeneous,16,scaling,4.0,1,406,-3.4116,7.7750,0.1937
rl_heterogeneous,16,scaling,4.0,1,407,-3.0306,-1.0694,1.3228
rl_heterogeneous,16,scaling,4.0,1,408,-7.3299,3.7249,0.5271
rl_heterogeneous,16,scaling,4.0,1,409,-3.7484,-0.1005,1.5932
rl_heterogeneous,16,scaling,4.0,1,410,-13.8207,-2.4691,0.4183
rl_heterogeneous,16,scaling,4.0,1,411,0.4338,6.8799,0.6205
rl_heterogeneous,16,scaling,4.0,1,412,-3.4248,5.2520,-0.6068
rl_heterogeneous,16,scaling,4.0,1,413,-9.5969,-1.5180,1.8736
rl_heterogeneous,16,scaling,4.0,1,414,-10.6365,6.9640,-0.4730
rl_heterogeneous,16,scaling,4.0,1,415,-1.9503,9.5309,0.8661
rl_heterogeneous,16,scaling,4.0,1,416,-4.0466,17.7599,-0.7395
rl_heterogeneous,16,scaling,4.0,1,417,-2.2504,11.3773,-0.6891
rl_heterogeneous,16,scaling,4.0,1,418,-7.8196,-6.7473,0.5264
rl_heterogeneous,16,scaling,4.0,1,419,-0.7666,6.7897,2.6263
rl_heterogeneous,16,scaling,4.0,1,420,-7.8132,4.2903,0.1805
rl_heterogeneous,16,scaling,4.0,1,421,-5.5063,-4.4822,-0.3002
rl_heterogeneous,16,scaling,4.0,1,422,-6.2559,2.6379,1.0094
rl_heterogeneous,16,scaling,4.0,1,423,-5.3320,6.3035,2.2554
rl_heterogeneous,16,scaling,4.0,1,424,-4.9247,-2.9123,0.8921
rl_heterogeneous,16,scaling,4.0,1,425,-11.0510,-11.6161,0.7200
rl_heterogeneous,16,scaling,4.0,1,426,-6.6566,-4.4364,0.8610
rl_heterogeneous,16,scaling,4.0,1,427,0.4796,7.6186,2.2054
rl_heterogeneous,16,scaling,4.0,1,428,-19.5435,-20.5371,-0.0844
rl_heterogeneous,16,scaling,4.0,1,429,-9.9834,4.4554,0.6752
rl_heterogeneous,16,scaling,4.0,1,430,-0.3872,1.4222,1.8333
rl_heterogeneous,16,scaling,4.0,1,431,-10.5840,-4.1822,-0.4342
rl_heterogeneous,16,scaling,4.0,1,432,-7.7707,-0.8607,-0.4716
rl_heterogeneous,16,scaling,4.0,1,433,-6.7601,-3.9578,1.3559
rl_heterogeneous,16,scaling,4.0,1,434,-5.4361,2.0635,2.2889
rl_heterogeneous,16,scaling,4.0,1,435,-2.5173,6.2184,1.7020
rl_heterogeneous,16,scaling,4.0,1,436,-7.6283,-3.0865,0.1708
rl_heterogeneous,16,scaling,4.0,1,437,-7.9545,6.2053,1.1510
rl_heterogeneous,16,scaling,4.0,1,438,-3.0748,13.0831,1.1643
rl_heterogeneous,16,scaling,4.0,1,439,-15.8982,16.7142,-0.5898
rl_heterogeneous,16,scaling,4.0,1,440,-11.9708,-10.6860,0.0674
rl_heterogeneous,16,scaling,4.0,1,441,-8.6031,9.8033,-0.6680
rl_heterogeneous,16,scaling,4.0,1,442,-15.2297,-11.6219,-0.9841
rl_heterogeneous,16,scaling,4.0,1,443,-8.1004,-2.8991,1.1494
rl_heterogeneous,16,scaling,4.0,1,444,-5.5939,-4.3319,2.3516
rl_heterogeneous,16,scaling,4.0,1,445,-3.9656,-4.7599,1.6608
rl_heterogeneous,16,scaling,4.0,1,446,-7.4119,-3.9268,0.2550
rl_heterogeneous,16,scaling,4.0,1,447,-0.1156,3.1856,1.1570
rl_heterogeneous,16,scaling,4.0,1,448,-14.1729,-2.2179,-0.5650
rl_heterogeneous,16,scaling,4.0,1,449,-9.9338,7.2325,-0.2908
rl_heterogeneous,16,scaling,4.0,1,450,-9.8168,-5.2284,0.0919
rl_heterogeneous,16,scaling,4.0,1,451,-5.8425,1.5934,1.7274
rl_heterogeneous,16,scaling,4.0,1,452,-8.4819,-4.9312,0.4075
rl_heterogeneous,16,scaling,4.0,1,453,-11.5807,-8.2846,2.4193
rl_heterogeneous,16,scaling,4.0,1,454,-0.5804,2.9125,3.6549
rl_heterogeneous,16,scaling,4.0,1,455,-8.9608,-9.0320,0.1882
rl_heterogeneous,16,scaling,4.0,1,456,-16.2152,-18.2609,0.6235
rl_heterogeneous,16,scaling,4.0,1,457,-8.2792,12.9606,-1.4636
rl_heterogeneous,16,scaling,4.0,1,458,-6.6852,-1.6050,1.1889
rl_heterogeneous,16,scaling,4.0,1,459,-11.3399,6.1199,0.4723
rl_heterogeneous,16,scaling,4.0,1,460,-5.6615,-3.0651,-0.3752
rl_heterogeneous,16,scaling,4.0,1,461,-3.4129,-3.2185,2.9375
rl_heterogeneous,16,scaling,4.0,1,462,-7.1490,1.0850,1.3078
rl_heterogeneous,16,scaling,4.0,1,463,2.7427,6.7044,1.8615
rl_heterogeneous,16,scaling,4.0,1,464,-6.6149,-6.5048,-0.8448
rl_heterogeneous,16,scaling,4.0,1,465,-8.9147,2.0971,1.4990
rl_heterogeneous,16,scaling,4.0,1,466,-6.0867,16.5194,0.1754
rl_heterogeneous,16,scaling,4.0,1,467,-5.3594,-0.2025,0.0990
rl_heterogeneous,16,scaling,4.0,1,468,-6.7234,3.5326,1.0397
rl_heterogeneous,16,scaling,4.0,1,469,-5.2991,2.4595,0.7452
rl_heterogeneous,16,scaling,4.0,1,470,-9.4278,-0.5512,-0.0695
rl_heterogeneous,16,scaling,4.0,1,471,-13.1620,-15.7919,0.0269
rl_heterogeneous,16,scaling,4.0,1,472,-4.8646,-1.6792,1.4514
rl_heterogeneous,16,scaling,4.0,1,473,-5.8363,-4.1793,1.0869
rl_heterogeneous,16,scaling,4.0,1,474,-12.6518,-4.1639,-1.6080
rl_heterogeneous,16,scaling,4.0,1,475,-13.8626,-12.7886,1.2398
rl_heterogeneous,16,scaling,4.0,1,476,-12.0796,-6.1595,-0.6277
rl_heterogeneous,16,scaling,4.0,1,477,-3.5981,2.9960,1.3364
rl_heterogeneous,16,scaling,4.0,1,478,-2.9815,-0.7358,1.4400
rl_heterogeneous,16,scaling,4.0,1,479,-0.9282,-2.3503,1.1562
rl_heterogeneous,16,scaling,4.0,1,480,-9.8861,-4.3080,0.0788
rl_heterogeneous,16,scaling,4.0,1,481,-8.3569,-4.4295,0.4372
rl_heterogeneous,16,scaling,4.0,1,482,-10.5014,-6.6425,-0.7618
rl_heterogeneous,16,scaling,4.0,1,483,0.5702,6.1737,2.2276
rl_heterogeneous,16,scaling,4.0,1,484,-9.6321,2.1837,-1.0983
rl_heterogeneous,16,scaling,4.0,1,485,-4.1796,0.4522,0.3319
rl_heterogeneous,16,scaling,4.0,1,486,-13.2059,-9.5975,0.2091
rl_heterogeneous,16,scaling,4.0,1,487,-3.3428,-2.2488,0.0070
rl_heterogeneous,16,scaling,4.0,1,488,-3.0701,10.9885,0.0963
rl_heterogeneous,16,scaling,4.0,1,489,-0.2896,-4.3440,4.7592
rl_heterogeneous,16,scaling,4.0,1,490,-13.0888,13.7587,-2.0950
rl_heterogeneous,16,scaling,4.0,1,491,-8.3652,-8.0040,0.4929
rl_heterogeneous,16,scaling,4.0,1,492,-10.0163,6.0689,-0.6769
rl_heterogeneous,16,scaling,4.0,1,493,3.6714,6.3919,0.6956
rl_heterogeneous,16,scaling,4.0,1,494,-5.7559,-4.6119,0.0807
rl_heterogeneous,16,scaling,4.0,1,495,-13.3702,-6.0788,-0.3350
rl_heterogeneous,16,scaling,4.0,1,496,-3.7152,-2.6566,2.1484
rl_heterogeneous,16,scaling,4.0,1,497,-7.6900,-0.9274,2.1489
rl_heterogeneous,16,scaling,4.0,1,498,1.4151,-0.7715,2.0345
rl_heterogeneous,16,scaling,4.0,1,499,-7.7680,-0.3113,0.4492
rl_heterogeneous,16,scaling,4.0,1,500,-5.5924,3.1118,1.5825
rl_heterogeneous,16,scaling,4.0,1,501,-9.6065,-6.7313,1.0388
rl_heterogeneous,16,scaling,4.0,1,502,0.1055,0.1849,2.5566
rl_heterogeneous,16,scaling,4.0,1,503,-6.6613,-5.2840,0.4671
rl_heterogeneous,16,scaling,4.0,1,504,-9.4390,-4.8055,0.1766
rl_heterogeneous,16,scaling,4.0,1,505,-4.3518,9.6727,2.9721
rl_heterogeneous,16,scaling,4.0,1,506,-3.8448,-0.9194,0.1713
rl_heterogeneous,16,scaling,4.0,1,507,-8.3288,-4.1640,1.0771
rl_heterogeneous,16,scaling,4.0,1,508,-21.3790,-5.9879,-2.5095
rl_heterogeneous,16,scaling,4.0,1,509,-3.5461,-8.4267,2.1011
rl_heterogeneous,16,scaling,4.0,1,510,-4.7276,3.6898,0.5077
rl_heterogeneous,16,scaling,4.0,1,511,-13.1360,-1.3896,0.0814
rl_heterogeneous,16,scaling,4.0,1,512,-1.1207,1.5643,3.0515
rl_heterogeneous,16,scaling,4.0,1,513,-0.1989,-3.1933,2.2093
rl_heterogeneous,16,scaling,4.0,1,514,-2.7871,-4.9046,0.6586
rl_heterogeneous,16,scaling,4.0,1,515,0.6111,3.3315,2.1099
rl_heterogeneous,16,scaling,4.0,1,516,-9.6808,10.3813,-1.3786
rl_heterogeneous,16,scaling,4.0,1,517,-6.1385,3.9178,-0.2645
rl_heterogeneous,16,scaling,4.0,1,518,-5.7205,9.5534,1.2154
rl_heterogeneous,16,scaling,4.0,1,519,-12.4523,-11.9311,1.2591
rl_heterogeneous,16,scaling,4.0,1,520,-11.1999,-7.0037,0.1910
rl_heterogeneous,16,scaling,4.0,1,521,-9.2661,0.8651,-1.0970
rl_heterogeneous,16,scaling,4.0,1,522,-0.3627,-4.2645,3.5187
rl_heterogeneous,16,scaling,4.0,1,523,-12.0940,-2.9901,0.9956
rl_heterogeneous,16,scaling,4.0,1,524,-6.8088,-4.1763,0.6727
rl_heterogeneous,16,scaling,4.0,1,525,-8.3150,2.4124,1.5189
rl_heterogeneous,16,scaling,4.0,1,526,-9.5760,-10.5625,1.5659
rl_heterogeneous,16,scaling,4.0,1,527,-6.7480,-7.7990,0.2551
rl_heterogeneous,16,scaling,4.0,1,528,-0.5689,4.0827,1.3967
rl_heterogeneous,16,scaling,4.0,1,529,-4.9327,17.4685,0.3656
rl_heterogeneous,16,scaling,4.0,1,530,-8.4356,18.7237,1.1181
rl_heterogeneous,16,scaling,4.0,1,531,-2.7014,-2.2998,1.7057
rl_heterogeneous,16,scaling,4.0,1,532,-4.8027,0.3954,0.4047
rl_heterogeneous,16,scaling,4.0,1,533,-2.0732,-1.1026,0.5468
rl_heterogeneous,16,scaling,4.0,1,534,-12.5323,1.3546,-0.0180
rl_heterogeneous,16,scaling,4.0,1,535,-8.4768,-7.1810,0.1797
rl_heterogeneous,16,scaling,4.0,1,536,-7.6152,16.1488,-0.1615
rl_heterogeneous,16,scaling,4.0,1,537,-10.3978,-6.8886,0.8546
rl_heterogeneous,16,scaling,4.0,1,538,-4.2735,4.9069,2.1527
rl_heterogeneous,16,scaling,4.0,1,539,-7.6280,-3.9947,0.3922
rl_heterogeneous,16,scaling,4.0,1,540,-3.6439,-1.6039,1.6009
rl_heterogeneous,16,scaling,4.0,1,541,-12.4302,-15.4792,0.2433
rl_heterogeneous,16,scaling,4.0,1,542,-2.9786,1.9508,2.5437
rl_heterogeneous,16,scaling,4.0,1,543,-10.2920,-0.0773,0.4501
rl_heterogeneous,16,scaling,4.0,1,544,-10.4479,-3.2816,0.5363
rl_heterogeneous,16,scaling,4.0,1,545,-8.2065,-5.5254,0.4580
rl_heterogeneous,16,scaling,4.0,1,546,-4.9251,3.6796,0.3516
rl_heterogeneous,16,scaling,4.0,1,547,-2.4450,-0.1698,4.5956
rl_heterogeneous,16,scaling,4.0,1,548,-5.3381,5.2154,-0.6021
rl_heterogeneous,16,scaling,4.0,1,549,-1.3284,-4.1082,2.1388
rl_heterogeneous,16,scaling,4.0,1,550,0.9216,1.4442,1.5634
rl_heterogeneous,16,scaling,4.0,1,551,-4.4212,4.7711,-0.1240
rl_heterogeneous,16,scaling,4.0,1,552,-0.1991,-0.5348,4.6149
rl_heterogeneous,16,scaling,4.0,1,553,-2.2742,5.2943,0.7426
rl_heterogeneous,16,scaling,4.0,1,554,-1.8559,1.3285,0.4440
rl_heterogeneous,16,scaling,4.0,1,555,-6.1389,2.9198,-0.7798
rl_heterogeneous,16,scaling,4.0,1,556,-4.9741,5.4968,2.0972
rl_heterogeneous,16,scaling,4.0,1,557,-4.6812,0.9786,-0.2032
rl_heterogeneous,16,scaling,4.0,1,558,-8.2139,9.6389,1.1677
rl_heterogeneous,16,scaling,4.0,1,559,-2.4970,7.7796,1.3669
rl_heterogeneous,16,scaling,4.0,1,560,-18.3705,-23.2585,0.4725
rl_heterogeneous,16,scaling,4.0,1,561,-7.5241,4.3676,0.9557
rl_heterogeneous,16,scaling,4.0,1,562,2.5323,2.9849,4.2876
rl_heterogeneous,16,scaling,4.0,1,563,-8.4886,-1.0876,1.0630
rl_heterogeneous,16,scaling,4.0,1,564,-5.0750,-0.1287,2.0050
rl_heterogeneous,16,scaling,4.0,1,565,-12.6893,-3.9254,1.2127
rl_heterogeneous,16,scaling,4.0,1,566,-9.7239,-10.4022,-0.0515
rl_heterogeneous,16,scaling,4.0,1,567,-4.5093,-2.5831,1.8828
rl_heterogeneous,16,scaling,4.0,1,568,-2.6169,10.3799,2.7678
rl_heterogeneous,16,scaling,4.0,1,569,-5.6354,2.2059,0.5881
rl_heterogeneous,16,scaling,4.0,1,570,-13.2892,3.2843,-0.4251
rl_heterogeneous,16,scaling,4.0,1,571,-5.2107,5.7335,1.1854
rl_heterogeneous,16,scaling,4.0,1,572,-6.4126,6.2327,0.7311
rl_heterogeneous,16,scaling,4.0,1,573,-2.2581,0.8537,1.2192
rl_heterogeneous,16,scaling,4.0,1,574,-11.0263,-3.6474,-0.0303
rl_heterogeneous,16,scaling,4.0,1,575,-6.5838,-7.1187,0.5416
rl_heterogeneous,16,scaling,4.0,1,576,-2.1008,1.8238,-0.2500
rl_heterogeneous,16,scaling,4.0,1,577,-6.1627,10.0522,-0.5902
rl_heterogeneous,16,scaling,4.0,1,578,-6.0068,7.0107,1.6029
rl_heterogeneous,16,scaling,4.0,1,579,-7.9048,5.2113,1.7836
rl_heterogeneous,16,scaling,4.0,1,580,-8.3523,-4.2433,0.8244
rl_heterogeneous,16,scaling,4.0,1,581,-24.3607,-25.2827,-0.7713
rl_heterogeneous,16,scaling,4.0,1,582,-7.3291,-2.7658,2.3609
rl_heterogeneous,16,scaling,4.0,1,583,-16.4952,-10.6719,-0.3685
rl_heterogeneous,16,scaling,4.0,1,584,-4.0965,-1.3484,2.2891
rl_heterogeneous,16,scaling,4.0,1,585,-0.5512,2.9775,1.1128
rl_heterogeneous,16,scaling,4.0,1,586,-7.4789,10.8954,1.9229
rl_heterogeneous,16,scaling,4.0,1,587,-3.2009,-2.6402,1.7766
rl_heterogeneous,16,scaling,4.0,1,588,-13.5764,-5.1672,1.2338
rl_heterogeneous,16,scaling,4.0,1,589,-6.4019,-5.1409,0.0945
rl_heterogeneous,16,scaling,4.0,1,590,-13.5261,-6.5727,-0.4996
rl_heterogeneous,16,scaling,4.0,1,591,-9.8359,1.9878,0.2428
rl_heterogeneous,16,scaling,4.0,1,592,-4.7475,-3.8214,2.3979
rl_heterogeneous,16,scaling,4.0,1,593,4.1490,5.6698,6.8321
rl_heterogeneous,16,scaling,4.0,1,594,-5.4928,-3.4468,1.3786
rl_heterogeneous,16,scaling,4.0,1,595,-13.7211,-14.1263,0.0748
rl_heterogeneous,16,scaling,4.0,1,596,-8.4988,7.4572,2.6930
rl_heterogeneous,16,scaling,4.0,1,597,-13.8604,-19.1389,-0.6328
rl_heterogeneous,16,scaling,4.0,1,598,-10.1048,-1.6644,0.6729
rl_heterogeneous,16,scaling,4.0,1,599,-12.1018,-12.2928,0.3211
rl_heterogeneous,16,scaling,4.0,1,600,-7.1342,-5.0273,0.3776
rl_heterogeneous,16,scaling,4.0,1,601,-9.0533,0.0162,-0.8247
rl_heterogeneous,16,scaling,4.0,1,602,-8.7451,14.0317,3.8307
rl_heterogeneous,16,scaling,4.0,1,603,-9.7023,-6.1563,0.6043
rl_heterogeneous,16,scaling,4.0,1,604,-13.4436,-12.3170,0.0037
rl_heterogeneous,16,scaling,4.0,1,605,-7.4845,21.1349,-1.7544
rl_heterogeneous,16,scaling,4.0,1,606,-11.3311,-15.1801,0.4506
rl_heterogeneous,16,scaling,4.0,1,607,-0.7342,5.7970,3.2725
rl_heterogeneous,16,scaling,4.0,1,608,0.9318,0.1805,3.2417
rl_heterogeneous,16,scaling,4.0,1,609,-1.9494,-1.3646,2.9370
rl_heterogeneous,16,scaling,4.0,1,610,-0.8063,10.8942,2.5208
rl_heterogeneous,16,scaling,4.0,1,611,-15.5175,1.0355,2.3901
rl_heterogeneous,16,scaling,4.0,1,612,-10.7521,0.7570,0.2907
rl_heterogeneous,16,scaling,4.0,1,613,-9.6580,-0.9951,-1.3265
rl_heterogeneous,16,scaling,4.0,1,614,-12.8635,6.7882,-0.5958
rl_heterogeneous,16,scaling,4.0,1,615,-5.5315,7.1454,0.8879
rl_heterogeneous,16,scaling,4.0,1,616,-5.6602,-1.4307,3.1872
rl_heterogeneous,16,scaling,4.0,1,617,-9.6846,-3.4098,1.5382
rl_heterogeneous,16,scaling,4.0,1,618,0.4040,-0.9988,4.5063
rl_heterogeneous,16,scaling,4.0,1,619,-14.3494,-15.9198,0.1774
rl_heterogeneous,16,scaling,4.0,1,620,-18.9156,-16.0122,-0.0880
rl_heterogeneous,16,scaling,4.0,1,621,-13.5469,-10.8942,0.1802
rl_heterogeneous,16,scaling,4.0,1,622,-2.9489,-3.4813,1.1142
rl_heterogeneous,16,scaling,4.0,1,623,-9.2914,12.4968,0.0376
rl_heterogeneous,16,scaling,4.0,1,624,-10.6117,15.9082,0.8325
rl_heterogeneous,16,scaling,4.0,1,625,-10.3780,-0.7951,0.9308
rl_heterogeneous,16,scaling,4.0,1,626,0.0869,11.4146,1.8889
rl_heterogeneous,16,scaling,4.0,1,627,-10.4071,-5.0738,0.1007
rl_heterogeneous,16,scaling,4.0,1,628,-11.4199,3.3362,-1.3940
rl_heterogeneous,16,scaling,4.0,1,629,-16.3999,-18.1899,-0.7778
rl_heterogeneous,16,scaling,4.0,1,630,-10.2583,-7.3987,1.1366
rl_heterogeneous,16,scaling,4.0,1,631,-3.6351,2.5519,0.9182
rl_heterogeneous,16,scaling,4.0,1,632,-3.4754,8.9659,2.6934
rl_heterogeneous,16,scaling,4.0,1,633,-15.5952,-17.8177,0.2500
rl_heterogeneous,16,scaling,4.0,1,634,-2.4099,1.0135,4.0545
rl_heterogeneous,16,scaling,4.0,1,635,-0.3982,0.9419,2.6423
rl_heterogeneous,16,scaling,4.0,1,636,-2.0701,-1.4447,2.6699
rl_heterogeneous,16,scaling,4.0,1,637,-11.3937,-2.8090,0.6100
rl_heterogeneous,16,scaling,4.0,1,638,-10.3345,-5.0891,0.5453
rl_heterogeneous,16,scaling,4.0,1,639,-4.7730,-0.6139,-0.4460
rl_heterogeneous,16,scaling,4.0,1,640,-4.2571,-2.4509,1.8330
rl_heterogeneous,16,scaling,4.0,1,641,-6.5494,0.9990,1.1168
rl_heterogeneous,16,scaling,4.0,1,642,2.7310,4.1845,4.7235
rl_heterogeneous,16,scaling,4.0,1,643,-3.2756,17.6265,1.0879
rl_heterogeneous,16,scaling,4.0,1,644,-6.0008,11.5190,1.2112
rl_heterogeneous,16,scaling,4.0,1,645,-5.0329,3.6608,1.8940
rl_heterogeneous,16,scaling,4.0,1,646,-1.6271,-0.6436,3.5878
rl_heterogeneous,16,scaling,4.0,1,647,-11.7373,-13.0390,1.1622
rl_heterogeneous,16,scaling,4.0,1,648,4.3592,5.4970,1.3171
rl_heterogeneous,16,scaling,4.0,1,649,-10.3241,-7.3831,0.1094
rl_heterogeneous,16,scaling,4.0,1,650,-2.5648,9.8386,2.4670
rl_heterogeneous,16,scaling,4.0,1,651,-2.4219,11.6315,2.8124
rl_heterogeneous,16,scaling,4.0,1,652,-8.2643,-4.7789,0.9513
rl_heterogeneous,16,scaling,4.0,1,653,-4.6683,3.8229,0.4463
rl_heterogeneous,16,scaling,4.0,1,654,-5.2702,-4.1794,0.5978
rl_heterogeneous,16,scaling,4.0,1,655,-4.3265,2.9488,1.5801
rl_heterogeneous,16,scaling,4.0,1,656,-11.5449,-9.5196,0.3067
rl_heterogeneous,16,scaling,4.0,1,657,-5.4146,-7.8061,1.1816
rl_heterogeneous,16,scaling,4.0,1,658,-5.1148,-4.3552,1.9772
rl_heterogeneous,16,scaling,4.0,1,659,-1.5438,5.2258,2.8122
rl_heterogeneous,16,scaling,4.0,1,660,-9.8162,-0.4685,1.1382
rl_heterogeneous,16,scaling,4.0,1,661,-1.0968,1.9785,0.2854
rl_heterogeneous,16,scaling,4.0,1,662,-4.6252,5.0507,0.3543
rl_heterogeneous,16,scaling,4.0,1,663,-2.7439,5.7055,0.5032
rl_heterogeneous,16,scaling,4.0,1,664,-11.1334,-12.4975,0.1211
rl_heterogeneous,16,scaling,4.0,1,665,-7.1692,-4.5654,1.7093
rl_heterogeneous,16,scaling,4.0,1,666,-6.3129,-3.0842,0.1745
rl_heterogeneous,16,scaling,4.0,1,667,-9.0560,-7.9853,-0.6431
rl_heterogeneous,16,scaling,4.0,1,668,-5.2032,-2.6467,1.7554
rl_heterogeneous,16,scaling,4.0,1,669,-4.4642,6.1175,-0.1225
rl_heterogeneous,16,scaling,4.0,1,670,4.9400,1.5261,5.5319
rl_heterogeneous,16,scaling,4.0,1,671,-3.6385,27.4947,2.9413
rl_heterogeneous,16,scaling,4.0,1,672,-4.4645,6.9551,1.0150
rl_heterogeneous,16,scaling,4.0,1,673,-4.6346,6.2066,0.8918
rl_heterogeneous,16,scaling,4.0,1,674,-5.3622,3.9567,0.4566
rl_heterogeneous,16,scaling,4.0,1,675,-8.0273,-5.2347,1.0474
rl_heterogeneous,16,scaling,4.0,1,676,-5.1831,-2.9010,0.3727
rl_heterogeneous,16,scaling,4.0,1,677,-12.9613,1.6992,0.8858
rl_heterogeneous,16,scaling,4.0,1,678,0.5871,0.6876,0.7459
rl_heterogeneous,16,scaling,4.0,1,679,-6.8369,0.0237,0.3031
rl_heterogeneous,16,scaling,4.0,1,680,-8.5041,-3.4918,1.7945
rl_heterogeneous,16,scaling,4.0,1,681,-1.1515,9.3589,0.6750
rl_heterogeneous,16,scaling,4.0,1,682,1.0418,-4.7212,3.4457
rl_heterogeneous,16,scaling,4.0,1,683,-9.5124,-12.8295,0.5253
rl_heterogeneous,16,scaling,4.0,1,684,-3.3912,7.7953,2.1606
rl_heterogeneous,16,scaling,4.0,1,685,-6.3841,-4.0605,1.2468
rl_heterogeneous,16,scaling,4.0,1,686,-5.9692,1.5937,1.7750
rl_heterogeneous,16,scaling,4.0,1,687,-13.0540,-0.8219,0.5196
rl_heterogeneous,16,scaling,4.0,1,688,-6.4311,-3.2055,0.6800
rl_heterogeneous,16,scaling,4.0,1,689,-8.7124,3.3372,0.7324
rl_heterogeneous,16,scaling,4.0,1,690,-8.6810,6.2522,1.3461
rl_heterogeneous,16,scaling,4.0,1,691,-8.0035,9.7357,-0.2018
rl_heterogeneous,16,scaling,4.0,1,692,-5.1091,-5.2611,0.0716
rl_heterogeneous,16,scaling,4.0,1,693,-3.3022,2.5115,0.7850
rl_heterogeneous,16,scaling,4.0,1,694,-5.7940,1.7969,0.1682
rl_heterogeneous,16,scaling,4.0,1,695,2.6547,9.6720,0.5573
rl_heterogeneous,16,scaling,4.0,1,696,-2.3728,3.3386,1.7335
rl_heterogeneous,16,scaling,4.0,1,697,-6.4399,-3.1184,0.4676
rl_heterogeneous,16,scaling,4.0,1,698,-3.6953,2.4350,2.4727
rl_heterogeneous,16,scaling,4.0,1,699,-6.2386,10.7434,1.9445
rl_heterogeneous,16,scaling,4.0,1,700,-9.8945,-9.0768,0.5822
rl_heterogeneous,16,scaling,4.0,1,701,0.7875,2.7802,2.6250
rl_heterogeneous,16,scaling,4.0,1,702,-15.1950,-17.1403,-0.4392
rl_heterogeneous,16,scaling,4.0,1,703,-5.7773,4.5261,-0.1908
rl_heterogeneous,16,scaling,4.0,1,704,-6.3292,15.5921,0.1153
rl_heterogeneous,16,scaling,4.0,1,705,-13.0412,-6.6642,0.3660
rl_heterogeneous,16,scaling,4.0,1,706,-15.2062,-4.5778,0.0556
rl_heterogeneous,16,scaling,4.0,1,707,-8.0688,4.1581,0.8252
rl_heterogeneous,16,scaling,4.0,1,708,1.3344,-1.0375,5.7746
rl_heterogeneous,16,scaling,4.0,1,709,-12.5696,-4.7909,1.4425
rl_heterogeneous,16,scaling,4.0,1,710,-3.7449,-3.1986,0.3235
rl_heterogeneous,16,scaling,4.0,1,711,6.0309,7.2618,5.3432
rl_heterogeneous,16,scaling,4.0,1,712,2.7669,3.0397,4.1524
rl_heterogeneous,16,scaling,4.0,1,713,-6.7788,-2.8379,0.2153
rl_heterogeneous,16,scaling,4.0,1,714,-17.4642,-10.3285,0.7148
rl_heterogeneous,16,scaling,4.0,1,715,-5.7165,5.2897,-0.0598
rl_heterogeneous,16,scaling,4.0,1,716,-2.8913,10.2653,3.0080
rl_heterogeneous,16,scaling,4.0,1,717,-0.0869,7.0734,0.4125
rl_heterogeneous,16,scaling,4.0,1,718,-5.5070,-4.7206,-0.4218
rl_heterogeneous,16,scaling,4.0,1,719,-8.6521,9.8129,-0.8657
rl_heterogeneous,16,scaling,4.0,1,720,-6.8501,5.5190,-0.1171
rl_heterogeneous,16,scaling,4.0,1,721,-1.4360,0.6111,2.9912
rl_heterogeneous,16,scaling,4.0,1,722,0.2036,6.4746,3.0245
rl_heterogeneous,16,scaling,4.0,1,723,-6.2239,-0.7494,0.7312
rl_heterogeneous,16,scaling,4.0,1,724,-7.6818,-2.0283,1.1225
rl_heterogeneous,16,scaling,4.0,1,725,-9.8528,-5.9051,0.1960
rl_heterogeneous,16,scaling,4.0,1,726,-10.3497,-7.3148,-1.1525
rl_heterogeneous,16,scaling,4.0,1,727,-5.6726,-2.5064,1.7765
rl_heterogeneous,16,scaling,4.0,1,728,-3.8779,2.5246,0.4862
rl_heterogeneous,16,scaling,4.0,1,729,-0.3568,14.0406,0.8521
rl_heterogeneous,16,scaling,4.0,1,730,-6.6738,6.8472,-0.0482
rl_heterogeneous,16,scaling,4.0,1,731,-7.3174,-3.3542,1.3210
rl_heterogeneous,16,scaling,4.0,1,732,-3.6244,4.2496,1.8301
rl_heterogeneous,16,scaling,4.0,1,733,-5.3334,1.8993,1.9796
rl_heterogeneous,16,scaling,4.0,1,734,-10.2227,-7.9081,0.3598
rl_heterogeneous,16,scaling,4.0,1,735,-15.5883,0.7612,2.4838
rl_heterogeneous,16,scaling,4.0,1,736,-1.0628,6.2151,1.4153
rl_heterogeneous,16,scaling,4.0,1,737,-2.3036,3.3802,0.1343
rl_heterogeneous,16,scaling,4.0,1,738,-7.5589,-4.1528,-0.5086
rl_heterogeneous,16,scaling,4.0,1,739,-7.1064,1.9904,1.7411
rl_heterogeneous,16,scaling,4.0,1,740,-10.8189,-1.2246,1.6970
rl_heterogeneous,16,scaling,4.0,1,741,-2.7612,12.2375,-0.3307
rl_heterogeneous,16,scaling,4.0,1,742,-4.8469,3.4571,0.4310
rl_heterogeneous,16,scaling,4.0,1,743,-8.9664,0.6087,2.9657
rl_heterogeneous,16,scaling,4.0,1,744,-16.1511,-9.1459,-1.0264
rl_heterogeneous,16,scaling,4.0,1,745,-7.5306,-3.5557,1.4319
rl_heterogeneous,16,scaling,4.0,1,746,-15.3470,-14.4733,-0.3755
rl_heterogeneous,16,scaling,4.0,1,747,-3.9755,-3.5138,1.9824
rl_heterogeneous,16,scaling,4.0,1,748,-2.1246,-4.3816,2.1467
rl_heterogeneous,16,scaling,4.0,1,749,-4.8023,3.3194,3.0272
rl_heterogeneous,16,scaling,4.0,1,750,-9.5200,-10.0417,1.0061
rl_heterogeneous,16,scaling,4.0,1,751,-3.0471,14.6640,-0.4266
rl_heterogeneous,16,scaling,4.0,1,752,-9.8110,-8.0795,0.8602
rl_heterogeneous,16,scaling,4.0,1,753,-5.0908,2.5245,1.3519
rl_heterogeneous,16,scaling,4.0,1,754,-4.7117,4.9894,1.8858
rl_heterogeneous,16,scaling,4.0,1,755,-14.7974,-10.6928,-0.0377
rl_heterogeneous,16,scaling,4.0,1,756,1.0442,11.5824,3.7449
rl_heterogeneous,16,scaling,4.0,1,757,-5.5784,-2.5717,1.1546
rl_heterogeneous,16,scaling,4.0,1,758,-1.8100,11.6730,1.3385
rl_heterogeneous,16,scaling,4.0,1,759,-4.9732,1.9391,-1.2613
rl_heterogeneous,16,scaling,4.0,1,760,-4.3936,0.1422,1.6704
rl_heterogeneous,16,scaling,4.0,1,761,-5.9765,1.6764,1.0789
rl_heterogeneous,16,scaling,4.0,1,762,-7.0923,-5.6877,0.5567
rl_heterogeneous,16,scaling,4.0,1,763,-7.7363,-2.7056,-0.4896
rl_heterogeneous,16,scaling,4.0,1,764,-0.3318,4.7146,0.9115
rl_heterogeneous,16,scaling,4.0,1,765,-7.9593,-1.7408,0.9610
rl_heterogeneous,16,scaling,4.0,1,766,-3.1760,7.5105,0.6453
rl_heterogeneous,16,scaling,4.0,1,767,-19.3229,-18.2968,-1.3432
rl_heterogeneous,16,scaling,4.0,1,768,0.2411,1.5604,3.7442
rl_heterogeneous,16,scaling,4.0,1,769,-15.5478,-6.0541,1.2615
rl_heterogeneous,16,scaling,4.0,1,770,-10.4641,-3.8020,-0.2402
rl_heterogeneous,16,scaling,4.0,1,771,-12.2139,-0.1770,1.1590
rl_heterogeneous,16,scaling,4.0,1,772,-11.7402,-4.0307,0.4346
rl_heterogeneous,16,scaling,4.0,1,773,-7.7356,-3.4587,0.9242
rl_heterogeneous,16,scaling,4.0,1,774,3.6007,15.0136,1.5042
rl_heterogeneous,16,scaling,4.0,1,775,-7.5635,-0.2994,0.3442
rl_heterogeneous,16,scaling,4.0,1,776,-7.1300,-8.9320,3.1437
rl_heterogeneous,16,scaling,4.0,1,777,4.7546,1.9511,7.1176
rl_heterogeneous,16,scaling,4.0,1,778,-5.4180,4.5637,0.6326
rl_heterogeneous,16,scaling,4.0,1,779,-10.5764,-5.8586,1.0135
rl_heterogeneous,16,scaling,4.0,1,780,-6.0068,4.2197,0.8796
rl_heterogeneous,16,scaling,4.0,1,781,-8.6263,-3.5629,1.2737
rl_heterogeneous,16,scaling,4.0,1,782,-5.3153,5.7961,1.5156
rl_heterogeneous,16,scaling,4.0,1,783,-1.3771,9.0729,0.5371
rl_heterogeneous,16,scaling,4.0,1,784,-1.6928,3.2488,2.9077
rl_heterogeneous,16,scaling,4.0,1,785,-3.6232,5.6313,1.1486
rl_heterogeneous,16,scaling,4.0,1,786,1.6417,6.3593,3.4249
rl_heterogeneous,16,scaling,4.0,1,787,-2.2147,9.6038,-0.7250
rl_heterogeneous,16,scaling,4.0,1,788,-3.4506,-6.7328,1.0198
rl_heterogeneous,16,scaling,4.0,1,789,-7.9686,-1.3971,1.4040
rl_heterogeneous,16,scaling,4.0,1,790,-2.9954,11.7066,0.9596
rl_heterogeneous,16,scaling,4.0,1,791,-6.2334,-1.7334,1.5345
rl_heterogeneous,16,scaling,4.0,1,792,-10.9900,-12.0168,1.2549
rl_heterogeneous,16,scaling,4.0,1,793,2.2978,9.1381,3.4639
rl_heterogeneous,16,scaling,4.0,1,794,3.7384,5.2337,5.0943
rl_heterogeneous,16,scaling,4.0,1,795,-7.6506,3.6930,2.4841
rl_heterogeneous,16,scaling,4.0,1,796,-4.8254,8.5617,1.3928
rl_heterogeneous,16,scaling,4.0,1,797,-7.3279,-6.1272,0.8201
rl_heterogeneous,16,scaling,4.0,1,798,-5.2698,-1.5359,3.7200
rl_heterogeneous,16,scaling,4.0,1,799,-4.3227,-0.3720,-0.4574
rl_heterogeneous,16,scaling,4.0,1,800,-5.1200,10.4677,0.6696
rl_heterogeneous,16,scaling,4.0,1,801,-0.2679,8.9931,0.9037
rl_heterogeneous,16,scaling,4.0,1,802,-3.2246,-2.5800,1.6547
rl_heterogeneous,16,scaling,4.0,1,803,-8.4016,-10.0110,-0.2088
rl_heterogeneous,16,scaling,4.0,1,804,-0.0586,7.1390,1.2396
rl_heterogeneous,16,scaling,4.0,1,805,1.3894,2.5512,4.2376
rl_heterogeneous,16,scaling,4.0,1,806,-9.6810,-11.2192,1.1769
rl_heterogeneous,16,scaling,4.0,1,807,-0.9132,3.2835,-0.6289
rl_heterogeneous,16,scaling,4.0,1,808,-12.9735,-13.1497,0.7806
rl_heterogeneous,16,scaling,4.0,1,809,-8.8887,16.7732,0.5263
rl_heterogeneous,16,scaling,4.0,1,810,-11.1498,-0.6382,1.1970
rl_heterogeneous,16,scaling,4.0,1,811,-4.0116,10.8982,2.4463
rl_heterogeneous,16,scaling,4.0,1,812,-4.7593,-2.2321,0.4464
rl_heterogeneous,16,scaling,4.0,1,813,-3.3997,10.6351,0.1915
rl_heterogeneous,16,scaling,4.0,1,814,-4.9758,-2.5462,0.6953
rl_heterogeneous,16,scaling,4.0,1,815,-5.0396,-4.0102,1.5683
rl_heterogeneous,16,scaling,4.0,1,816,-5.8361,-1.8424,1.2640
rl_heterogeneous,16,scaling,4.0,1,817,-6.8122,16.7968,4.2031
rl_heterogeneous,16,scaling,4.0,1,818,-6.6265,-5.7031,1.2754
rl_heterogeneous,16,scaling,4.0,1,819,-7.3997,-2.7138,-0.1219
rl_heterogeneous,16,scaling,4.0,1,820,-3.2707,5.6193,3.0507
rl_heterogeneous,16,scaling,4.0,1,821,-10.9448,-4.8047,0.1103
rl_heterogeneous,16,scaling,4.0,1,822,-4.7167,1.4481,1.9161
rl_heterogeneous,16,scaling,4.0,1,823,-5.4409,0.1179,0.1258
rl_heterogeneous,16,scaling,4.0,1,824,-2.2039,3.1228,2.1970
rl_heterogeneous,16,scaling,4.0,1,825,2.2252,-3.1407,2.6306
rl_heterogeneous,16,scaling,4.0,1,826,1.8514,-2.7134,5.5034
rl_heterogeneous,16,scaling,4.0,1,827,-12.7636,-13.5267,-0.5410
rl_heterogeneous,16,scaling,4.0,1,828,-12.4931,-11.7975,0.1219
rl_heterogeneous,16,scaling,4.0,1,829,-4.2158,-0.5597,0.8379
rl_heterogeneous,16,scaling,4.0,1,830,-7.0224,5.9080,0.7946
rl_heterogeneous,16,scaling,4.0,1,831,-10.6766,5.8938,-0.5033
rl_heterogeneous,16,scaling,4.0,1,832,-5.6670,0.1663,0.6441
rl_heterogeneous,16,scaling,4.0,1,833,-12.4939,0.7458,-1.0982
rl_heterogeneous,16,scaling,4.0,1,834,-2.1100,-3.0483,1.8763
rl_heterogeneous,16,scaling,4.0,1,835,-11.4591,-5.6237,-0.6428
rl_heterogeneous,16,scaling,4.0,1,836,-7.3234,2.6679,0.7343
rl_heterogeneous,16,scaling,4.0,1,837,-6.6123,6.8851,1.1707
rl_heterogeneous,16,scaling,4.0,1,838,-3.5593,1.4300,0.3950
rl_heterogeneous,16,scaling,4.0,1,839,-3.6546,-2.6888,0.0803
rl_heterogeneous,16,scaling,4.0,1,840,-3.8443,1.8938,0.6632
rl_heterogeneous,16,scaling,4.0,1,841,-4.8174,4.9175,2.4069
rl_heterogeneous,16,scaling,4.0,1,842,-6.5210,1.8346,0.9816
rl_heterogeneous,16,scaling,4.0,1,843,-11.4560,0.9156,3.9605
rl_heterogeneous,16,scaling,4.0,1,844,-1.0407,-2.3691,2.2264
rl_heterogeneous,16,scaling,4.0,1,845,-6.8884,1.0059,0.1359
rl_heterogeneous,16,scaling,4.0,1,846,-13.7826,-2.4607,0.6062
rl_heterogeneous,16,scaling,4.0,1,847,-17.9210,-21.8505,-0.5774
rl_heterogeneous,16,scaling,4.0,1,848,0.7911,2.0083,3.8921
rl_heterogeneous,16,scaling,4.0,1,849,-9.4172,1.8889,0.7956
rl_heterogeneous,16,scaling,4.0,1,850,-0.2906,3.3515,2.1316
rl_heterogeneous,16,scaling,4.0,1,851,1.1583,15.9779,1.1464
rl_heterogeneous,16,scaling,4.0,1,852,-7.4067,-5.8451,0.0720
rl_heterogeneous,16,scaling,4.0,1,853,-6.4305,0.4359,0.9541
rl_heterogeneous,16,scaling,4.0,1,854,-7.7529,-3.2592,1.6719
rl_heterogeneous,16,scaling,4.0,1,855,-12.5760,-6.1840,0.9589
rl_heterogeneous,16,scaling,4.0,1,856,2.1030,11.3875,4.9276
rl_heterogeneous,16,scaling,4.0,1,857,-1.3545,11.3653,0.4351
rl_heterogeneous,16,scaling,4.0,1,858,-7.7051,1.7544,-1.3147
rl_heterogeneous,16,scaling,4.0,1,859,-6.6408,-0.0743,0.8841
rl_heterogeneous,16,scaling,4.0,1,860,-2.0333,3.7400,0.4613
rl_heterogeneous,16,scaling,4.0,1,861,-12.6036,-7.4367,0.6196
rl_heterogeneous,16,scaling,4.0,1,862,-9.9676,-9.9372,1.2195
rl_heterogeneous,16,scaling,4.0,1,863,-7.8221,11.5458,-0.4048
rl_heterogeneous,16,scaling,4.0,1,864,-2.8813,2.5164,0.2560
rl_heterogeneous,16,scaling,4.0,1,865,-13.8063,-13.9587,-0.6885
rl_heterogeneous,16,scaling,4.0,1,866,-12.7496,-1.9660,0.2138
rl_heterogeneous,16,scaling,4.0,1,867,-5.9282,-5.8863,0.6606
rl_heterogeneous,16,scaling,4.0,1,868,-10.9289,-8.8995,-0.2983
rl_heterogeneous,16,scaling,4.0,1,869,-6.4598,15.1864,0.7297
rl_heterogeneous,16,scaling,4.0,1,870,-5.4688,-4.0710,0.8542
rl_heterogeneous,16,scaling,4.0,1,871,-6.7868,-0.0807,1.5525
rl_heterogeneous,16,scaling,4.0,1,872,-5.8293,2.2563,0.5269
rl_heterogeneous,16,scaling,4.0,1,873,-3.6287,-6.4985,1.9769
rl_heterogeneous,16,scaling,4.0,1,874,-9.2622,6.0585,2.5658
rl_heterogeneous,16,scaling,4.0,1,875,-8.2994,-9.2563,-0.3058
rl_heterogeneous,16,scaling,4.0,1,876,-2.0796,7.1506,1.0361
rl_heterogeneous,16,scaling,4.0,1,877,-19.5889,-21.8850,0.1615
rl_heterogeneous,16,scaling,4.0,1,878,-5.0919,-3.3481,1.0625
rl_heterogeneous,16,scaling,4.0,1,879,-0.4745,12.5198,1.3429
rl_heterogeneous,16,scaling,4.0,1,880,-5.4938,-1.3110,1.1246
rl_heterogeneous,16,scaling,4.0,1,881,-11.6995,-11.0652,-0.6213
rl_heterogeneous,16,scaling,4.0,1,882,-5.9301,-0.2448,0.3661
rl_heterogeneous,16,scaling,4.0,1,883,-6.8753,-6.1986,0.4860
rl_heterogeneous,16,scaling,4.0,1,884,-0.7047,12.4355,0.5227
rl_heterogeneous,16,scaling,4.0,1,885,-6.6983,5.8716,0.3179
rl_heterogeneous,16,scaling,4.0,1,886,-1.5775,-1.3749,1.2915
rl_heterogeneous,16,scaling,4.0,1,887,-2.6014,6.1318,0.1604
rl_heterogeneous,16,scaling,4.0,1,888,-9.0823,-0.6138,0.9416
rl_heterogeneous,16,scaling,4.0,1,889,-12.3816,5.8327,-0.4835
rl_heterogeneous,16,scaling,4.0,1,890,-6.0920,11.9242,1.5476
rl_heterogeneous,16,scaling,4.0,1,891,-5.2745,7.1581,0.7593
rl_heterogeneous,16,scaling,4.0,1,892,-6.9515,-3.0451,1.9569
rl_heterogeneous,16,scaling,4.0,1,893,-2.0046,0.8423,1.5412
rl_heterogeneous,16,scaling,4.0,1,894,-1.2370,10.0576,0.3563
rl_heterogeneous,16,scaling,4.0,1,895,-7.5082,-1.6146,0.7668
rl_heterogeneous,16,scaling,4.0,1,896,-7.8634,1.3454,0.8755
rl_heterogeneous,16,scaling,4.0,1,897,-10.9492,-4.7060,0.4347
rl_heterogeneous,16,scaling,4.0,1,898,-9.5525,0.8239,1.7112
rl_heterogeneous,16,scaling,4.0,1,899,-11.8697,-12.0923,1.1923
rl_heterogeneous,16,scaling,4.0,1,900,4.3986,4.2484,3.9061
rl_heterogeneous,16,scaling,4.0,1,901,-11.0983,-7.7512,-0.0771
rl_heterogeneous,16,scaling,4.0,1,902,-3.2628,-0.1118,0.6388
rl_heterogeneous,16,scaling,4.0,1,903,-9.1637,-4.0903,1.6014
rl_heterogeneous,16,scaling,4.0,1,904,-1.6008,7.0259,5.2915
rl_heterogeneous,16,scaling,4.0,1,905,-4.2707,3.5044,1.6137
rl_heterogeneous,16,scaling,4.0,1,906,-2.6629,4.9463,1.3279
rl_heterogeneous,16,scaling,4.0,1,907,-11.8691,-10.8079,-0.0599
rl_heterogeneous,16,scaling,4.0,1,908,-15.3260,-8.6004,0.7212
rl_heterogeneous,16,scaling,4.0,1,909,0.2475,-7.4606,3.7930
rl_heterogeneous,16,scaling,4.0,1,910,-8.3614,4.7148,-0.3887
rl_heterogeneous,16,scaling,4.0,1,911,-6.2446,-2.8684,0.9353
rl_heterogeneous,16,scaling,4.0,1,912,-9.5930,-4.8749,0.7697
rl_heterogeneous,16,scaling,4.0,1,913,0.3499,7.2962,0.4540
rl_heterogeneous,16,scaling,4.0,1,914,1.2028,1.5830,3.7021
rl_heterogeneous,16,scaling,4.0,1,915,-9.1459,8.9971,-0.2544
rl_heterogeneous,16,scaling,4.0,1,916,-2.5573,2.9172,2.4364
rl_heterogeneous,16,scaling,4.0,1,917,-5.5737,2.6703,1.5192
rl_heterogeneous,16,scaling,4.0,1,918,-9.5547,-7.7132,0.2552
rl_heterogeneous,16,scaling,4.0,1,919,-8.1181,-1.5657,2.9345
rl_heterogeneous,16,scaling,4.0,1,920,-11.8347,-1.5128,1.1286
rl_heterogeneous,16,scaling,4.0,1,921,0.5887,7.9197,1.1532
rl_heterogeneous,16,scaling,4.0,1,922,-6.7095,6.9406,0.6862
rl_heterogeneous,16,scaling,4.0,1,923,-5.2527,-3.6032,1.8516
rl_heterogeneous,16,scaling,4.0,1,924,-8.1601,-8.1236,1.2064
rl_heterogeneous,16,scaling,4.0,1,925,-12.4820,-1.6293,-0.0705
rl_heterogeneous,16,scaling,4.0,1,926,-10.5571,-8.3334,1.0279
rl_heterogeneous,16,scaling,4.0,1,927,-5.4661,-0.5670,1.9192
rl_heterogeneous,16,scaling,4.0,1,928,-7.3201,0.8118,-0.0392
rl_heterogeneous,16,scaling,4.0,1,929,-14.4440,-12.9997,-0.5368
rl_heterogeneous,16,scaling,4.0,1,930,0.1849,4.3496,0.7256
rl_heterogeneous,16,scaling,4.0,1,931,-0.7183,0.6559,1.3355
rl_heterogeneous,16,scaling,4.0,1,932,-5.9879,-0.9760,1.8868
rl_heterogeneous,16,scaling,4.0,1,933,-3.9882,0.8427,0.8665
rl_heterogeneous,16,scaling,4.0,1,934,-5.2876,7.6389,0.4725
rl_heterogeneous,16,scaling,4.0,1,935,-12.1514,-10.2004,0.4469
rl_heterogeneous,16,scaling,4.0,1,936,-5.7313,-2.4733,0.2381
rl_heterogeneous,16,scaling,4.0,1,937,-11.3908,10.8360,-1.6008
rl_heterogeneous,16,scaling,4.0,1,938,-13.6177,-3.4205,1.4401
rl_heterogeneous,16,scaling,4.0,1,939,-7.8056,2.7833,1.8452
rl_heterogeneous,16,scaling,4.0,1,940,-1.1312,1.2459,3.4887
rl_heterogeneous,16,scaling,4.0,1,941,-11.1425,-4.1633,-0.6714
rl_heterogeneous,16,scaling,4.0,1,942,-6.0808,11.3841,3.1105
rl_heterogeneous,16,scaling,4.0,1,943,-7.5420,3.1353,1.8038
rl_heterogeneous,16,scaling,4.0,1,944,0.4743,8.8836,0.7915
rl_heterogeneous,16,scaling,4.0,1,945,-6.3493,0.4845,1.3122
rl_heterogeneous,16,scaling,4.0,1,946,-1.9409,5.3427,0.8200
rl_heterogeneous,16,scaling,4.0,1,947,-7.7360,-2.9612,1.2765
rl_heterogeneous,16,scaling,4.0,1,948,-2.0846,-1.8980,0.6020
rl_heterogeneous,16,scaling,4.0,1,949,-4.6428,1.4632,2.1801
rl_heterogeneous,16,scaling,4.0,1,950,-8.7038,-7.3072,0.1697
rl_heterogeneous,16,scaling,4.0,1,951,-12.6767,0.2312,1.2597
rl_heterogeneous,16,scaling,4.0,1,952,-11.2131,5.7590,-0.7814
rl_heterogeneous,16,scaling,4.0,1,953,-1.8389,-5.3714,3.8450
rl_heterogeneous,16,scaling,4.0,1,954,-7.4710,4.0192,0.3614
rl_heterogeneous,16,scaling,4.0,1,955,-7.9754,0.9571,2.3316
rl_heterogeneous,16,scaling,4.0,1,956,-6.4493,-1.3116,0.6730
rl_heterogeneous,16,scaling,4.0,1,957,-5.1420,-2.6952,1.1433
rl_heterogeneous,16,scaling,4.0,1,958,1.3075,0.5788,3.7453
rl_heterogeneous,16,scaling,4.0,1,959,-9.9038,-13.6950,0.2625
rl_heterogeneous,16,scaling,4.0,1,960,-9.0059,7.6209,2.4470
rl_heterogeneous,16,scaling,4.0,1,961,-7.7005,-4.9371,-0.0756
rl_heterogeneous,16,scaling,4.0,1,962,-2.3205,13.2827,0.2927
rl_heterogeneous,16,scaling,4.0,1,963,0.9489,5.9979,1.7789
rl_heterogeneous,16,scaling,4.0,1,964,-6.4956,-3.2669,1.3575
rl_heterogeneous,16,scaling,4.0,1,965,0.6599,-0.1752,2.8661
rl_heterogeneous,16,scaling,4.0,1,966,0.4837,0.4772,1.8737
rl_heterogeneous,16,scaling,4.0,1,967,-4.2366,3.1107,1.1172
rl_heterogeneous,16,scaling,4.0,1,968,-5.6680,-3.8010,0.6919
rl_heterogeneous,16,scaling,4.0,1,969,-3.3881,5.3525,1.0800
rl_heterogeneous,16,scaling,4.0,1,970,-12.4265,-4.2278,-0.1885
rl_heterogeneous,16,scaling,4.0,1,971,-5.3705,34.1835,-2.3992
rl_heterogeneous,16,scaling,4.0,1,972,-8.1957,3.5301,1.0649
rl_heterogeneous,16,scaling,4.0,1,973,-6.3459,1.7256,1.5034
rl_heterogeneous,16,scaling,4.0,1,974,-3.8419,-0.6591,1.2646
rl_heterogeneous,16,scaling,4.0,1,975,-9.7994,0.7690,-0.5208
rl_heterogeneous,16,scaling,4.0,1,976,3.9727,8.2730,2.5406
rl_heterogeneous,16,scaling,4.0,1,977,-10.6977,-10.6469,0.8789
rl_heterogeneous,16,scaling,4.0,1,978,-3.0530,1.5566,-0.0568
rl_heterogeneous,16,scaling,4.0,1,979,-6.9368,4.9142,1.8960
rl_heterogeneous,16,scaling,4.0,1,980,-8.4889,0.5734,1.5101
rl_heterogeneous,16,scaling,4.0,1,981,-5.8917,-6.6383,0.6204
rl_heterogeneous,16,scaling,4.0,1,982,-6.5309,-0.3510,1.4026
rl_heterogeneous,16,scaling,4.0,1,983,-8.4603,-2.6601,0.7219
rl_heterogeneous,16,scaling,4.0,1,984,-6.5780,6.6246,1.1406
rl_heterogeneous,16,scaling,4.0,1,985,-10.4633,-6.7453,-0.2423
rl_heterogeneous,16,scaling,4.0,1,986,3.1197,-0.1465,4.2554
rl_heterogeneous,16,scaling,4.0,1,987,-10.3228,-5.0722,1.3463
rl_heterogeneous,16,scaling,4.0,1,988,-4.3326,4.6693,0.2915
rl_heterogeneous,16,scaling,4.0,1,989,-7.2080,-0.9739,2.2053
rl_heterogeneous,16,scaling,4.0,1,990,-6.8137,2.7135,3.6394
rl_heterogeneous,16,scaling,4.0,1,991,-10.9833,-2.1619,0.3905
rl_heterogeneous,16,scaling,4.0,1,992,-6.0545,-10.1395,3.1639
rl_heterogeneous,16,scaling,4.0,1,993,-9.0126,-8.2185,0.3524
rl_heterogeneous,16,scaling,4.0,1,994,-6.4744,6.1878,0.1910
rl_heterogeneous,16,scaling,4.0,1,995,-4.1457,1.0795,1.6049
rl_heterogeneous,16,scaling,4.0,1,996,-4.2187,10.9461,-2.1008
rl_heterogeneous,16,scaling,4.0,1,997,-1.2093,-0.6982,2.1067
rl_heterogeneous,16,scaling,4.0,1,998,-7.1943,-11.5281,-0.0373
rl_heterogeneous,16,scaling,4.0,1,999,-7.4380,-7.4124,0.6467
rl_heterogeneous,16,scaling,4.0,1,1000,-7.4760,-1.5319,1.5447
none,0,fixed,4.0,1,1,-9.8629,0.0000,1.8494
none,0,fixed,4.0,1,2,0.9164,0.0000,5.1830
none,0,fixed,4.0,1,3,-15.3809,0.0000,1.4793
none,0,fixed,4.0,1,4,-8.5518,0.0000,2.9453
none,0,fixed,4.0,1,5,-12.0549,0.0000,0.3950
none,0,fixed,4.0,1,6,-4.8120,0.0000,1.7567
none,0,fixed,4.0,1,7,-0.0945,0.0000,3.6998
none,0,fixed,4.0,1,8,-11.5840,0.0000,1.2704
none,0,fixed,4.0,1,9,-8.4276,0.0000,2.0851
none,0,fixed,4.0,1,10,-4.8837,0.0000,1.4120
none,0,fixed,4.0,1,11,-8.2325,0.0000,1.1510
none,0,fixed,4.0,1,12,2.5471,0.0000,3.5827
none,0,fixed,4.0,1,13,-3.9406,0.0000,4.7830
none,0,fixed,4.0,1,14,-15.9318,0.0000,0.9249
none,0,fixed,4.0,1,15,-6.6412,0.0000,0.5750
none,0,fixed,4.0,1,16,-2.7654,0.0000,3.4134
none,0,fixed,4.0,1,17,-9.2763,0.0000,-0.7289
none,0,fixed,4.0,1,18,-8.5277,0.0000,0.4251
none,0,fixed,4.0,1,19,-9.6720,0.0000,0.9336
none,0,fixed,4.0,1,20,-11.4120,0.0000,1.8305
none,0,fixed,4.0,1,21,-5.9072,0.0000,1.1717
none,0,fixed,4.0,1,22,-13.0887,0.0000,-0.0905
none,0,fixed,4.0,1,23,-12.8408,0.0000,3.0651
none,0,fixed,4.0,1,24,-9.0023,0.0000,1.5438
none,0,fixed,4.0,1,25,-7.2341,0.0000,1.6110
none,0,fixed,4.0,1,26,-1.2878,0.0000,1.0186
none,0,fixed,4.0,1,27,-7.1405,0.0000,1.2156
none,0,fixed,4.0,1,28,-2.1138,0.0000,4.5436
none,0,fixed,4.0,1,29,-7.9935,0.0000,-0.0306
none,0,fixed,4.0,1,30,-3.4010,0.0000,3.3181
none,0,fixed,4.0,1,31,-12.5044,0.0000,2.1063
none,0,fixed,4.0,1,32,-14.8645,0.0000,0.2583
none,0,fixed,4.0,1,33,0.2334,0.0000,5.9833
none,0,fixed,4.0,1,34,-8.3610,0.0000,0.4182
none,0,fixed,4.0,1,35,-5.0892,0.0000,0.2774
none,0,fixed,4.0,1,36,-9.3319,0.0000,0.9057
none,0,fixed,4.0,1,37,-4.1122,0.0000,4.0735
none,0,fixed,4.0,1,38,-0.1606,0.0000,3.4727
none,0,fixed,4.0,1,39,-0.8439,0.0000,4.0399
none,0,fixed,4.0,1,40,-13.7331,0.0000,0.8250
none,0,fixed,4.0,1,41,-3.9571,0.0000,2.4652
none,0,fixed,4.0,1,42,-15.7016,0.0000,3.4738
none,0,fixed,4.0,1,43,-1.6777,0.0000,3.4331
none,0,fixed,4.0,1,44,-1.3674,0.0000,2.1720
none,0,fixed,4.0,1,45,-7.9959,0.0000,0.6389
none,0,fixed,4.0,1,46,-10.5239,0.0000,0.1879
none,0,fixed,4.0,1,47,-8.4755,0.0000,0.7906
none,0,fixed,4.0,1,48,-2.3294,0.0000,1.8013
none,0,fixed,4.0,1,49,-2.5437,0.0000,3.0740
none,0,fixed,4.0,1,50,-8.7653,0.0000,1.6628
none,0,fixed,4.0,1,51,-3.8029,0.0000,1.4922
none,0,fixed,4.0,1,52,-3.5400,0.0000,4.2790
none,0,fixed,4.0,1,53,-4.7474,0.0000,0.9190
none,0,fixed,4.0,1,54,-9.1381,0.0000,0.7475
none,0,fixed,4.0,1,55,-3.6772,0.0000,2.1852
none,0,fixed,4.0,1,56,-4.7196,0.0000,4.4150
none,0,fixed,4.0,1,57,-2.3225,0.0000,3.3494
none,0,fixed,4.0,1,58,-9.9577,0.0000,2.1632
none,0,fixed,4.0,1,59,-3.3554,0.0000,0.7282
none,0,fixed,4.0,1,60,-7.9711,0.0000,3.8846
none,0,fixed,4.0,1,61,-1.1629,0.0000,3.0760
none,0,fixed,4.0,1,62,-7.8298,0.0000,1.3862
none,0,fixed,4.0,1,63,-3.3120,0.0000,1.1399
none,0,fixed,4.0,1,64,-10.5615,0.0000,1.0203
none,0,fixed,4.0,1,65,-2.9234,0.0000,3.7321
none,0,fixed,4.0,1,66,-5.3564,0.0000,-0.6592
none,0,fixed,4.0,1,67,-14.4449,0.0000,0.3965
none,0,fixed,4.0,1,68,-10.2646,0.0000,0.3212
none,0,fixed,4.0,1,69,-5.3207,0.0000,3.9289
none,0,fixed,4.0,1,70,1.3987,0.0000,3.1965
none,0,fixed,4.0,1,71,-2.9330,0.0000,4.6622
none,0,fixed,4.0,1,72,-10.3932,0.0000,3.5760
none,0,fixed,4.0,1,73,-12.1899,0.0000,1.8111
none,0,fixed,4.0,1,74,-14.1385,0.0000,0.7428
none,0,fixed,4.0,1,75,-2.7732,0.0000,1.0662
none,0,fixed,4.0,1,76,-10.9545,0.0000,1.0346
none,0,fixed,4.0,1,77,-5.3298,0.0000,4.5678
none,0,fixed,4.0,1,78,-3.2858,0.0000,2.5910
none,0,fixed,4.0,1,79,-14.2746,0.0000,0.9054
none,0,fixed,4.0,1,80,-7.2868,0.0000,0.3166
none,0,fixed,4.0,1,81,-7.5178,0.0000,1.3813
none,0,fixed,4.0,1,82,-3.4319,0.0000,5.3603
none,0,fixed,4.0,1,83,-5.7897,0.0000,2.9831
none,0,fixed,4.0,1,84,-0.8633,0.0000,2.2840
none,0,fixed,4.0,1,85,-1.7244,0.0000,1.8207
none,0,fixed,4.0,1,86,-5.3224,0.0000,3.1403
none,0,fixed,4.0,1,87,-14.0606,0.0000,0.6262
none,0,fixed,4.0,1,88,-10.3642,0.0000,1.6258
none,0,fixed,4.0,1,89,-2.2891,0.0000,2.6363
none,0,fixed,4.0,1,90,-4.9962,0.0000,1.7700
none,0,fixed,4.0,1,91,-2.3478,0.0000,2.2713
none,0,fixed,4.0,1,92,-10.5303,0.0000,0.9312
none,0,fixed,4.0,1,93,-6.1398,0.0000,3.8966
none,0,fixed,4.0,1,94,-11.5855,0.0000,0.9360
none,0,fixed,4.0,1,95,-3.6395,0.0000,0.3499
none,0,fixed,4.0,1,96,-7.1868,0.0000,-0.5411
none,0,fixed,4.0,1,97,-19.4669,0.0000,-0.0063
none,0,fixed,4.0,1,98,-15.3628,0.0000,0.3089
none,0,fixed,4.0,1,99,-1.3253,0.0000,4.5579
none,0,fixed,4.0,1,100,-0.6904,0.0000,1.7560
none,0,fixed,4.0,1,101,-6.4744,0.0000,2.9915
none,0,fixed,4.0,1,102,-6.9394,0.0000,2.7029
none,0,fixed,4.0,1,103,-12.7241,0.0000,2.6720
none,0,fixed,4.0,1,104,-8.9156,0.0000,1.1300
none,0,fixed,4.0,1,105,-2.3065,0.0000,2.3040
none,0,fixed,4.0,1,106,-11.3661,0.0000,3.2013
none,0,fixed,4.0,1,107,-9.1139,0.0000,0.2645
none,0,fixed,4.0,1,108,-6.6180,0.0000,3.8863
none,0,fixed,4.0,1,109,-6.3722,0.0000,0.9584
none,0,fixed,4.0,1,110,-4.5297,0.0000,4.5083
none,0,fixed,4.0,1,111,-8.8388,0.0000,2.6133
none,0,fixed,4.0,1,112,-8.7312,0.0000,1.3643
none,0,fixed,4.0,1,113,-9.8827,0.0000,-1.0300
none,0,fixed,4.0,1,114,-11.9682,0.0000,2.9065
none,0,fixed,4.0,1,115,-8.0988,0.0000,3.6332
none,0,fixed,4.0,1,116,-7.6226,0.0000,-0.2540
none,0,fixed,4.0,1,117,-6.0032,0.0000,1.5011
none,0,fixed,4.0,1,118,-2.6403,0.0000,1.6204
none,0,fixed,4.0,1,119,-7.8286,0.0000,2.2525
none,0,fixed,4.0,1,120,-8.4676,0.0000,0.9785
none,0,fixed,4.0,1,121,0.0942,0.0000,2.3188
none,0,fixed,4.0,1,122,-8.9155,0.0000,2.1268
none,0,fixed,4.0,1,123,-5.1194,0.0000,4.9987
none,0,fixed,4.0,1,124,-4.3279,0.0000,3.0142
none,0,fixed,4.0,1,125,-6.2001,0.0000,1.7504
none,0,fixed,4.0,1,126,0.8900,0.0000,1.9517
none,0,fixed,4.0,1,127,0.0295,0.0000,2.4630
none,0,fixed,4.0,1,128,-9.5903,0.0000,2.4691
none,0,fixed,4.0,1,129,-6.0176,0.0000,4.1842
none,0,fixed,4.0,1,130,-1.5753,0.0000,3.1076
none,0,fixed,4.0,1,131,-7.5495,0.0000,3.4700
none,0,fixed,4.0,1,132,-4.6040,0.0000,2.6315
none,0,fixed,4.0,1,133,-3.4367,0.0000,3.4481
none,0,fixed,4.0,1,134,4.5299,0.0000,4.5458
none,0,fixed,4.0,1,135,-4.9520,0.0000,2.5216
none,0,fixed,4.0,1,136,-2.7835,0.0000,3.5598
none,0,fixed,4.0,1,137,-7.2738,0.0000,1.1192
none,0,fixed,4.0,1,138,-4.5170,0.0000,2.4751
none,0,fixed,4.0,1,139,-1.6980,0.0000,2.3834
none,0,fixed,4.0,1,140,-10.2151,0.0000,-0.2048
none,0,fixed,4.0,1,141,-3.8803,0.0000,3.3173
none,0,fixed,4.0,1,142,-12.0444,0.0000,0.2473
none,0,fixed,4.0,1,143,-9.7361,0.0000,0.9667
none,0,fixed,4.0,1,144,-7.6675,0.0000,-0.0484
none,0,fixed,4.0,1,145,-10.3755,0.0000,0.4162
none,0,fixed,4.0,1,146,-0.6164,0.0000,2.0888
none,0,fixed,4.0,1,147,-2.9498,0.0000,2.8110
none,0,fixed,4.0,1,148,-10.7306,0.0000,2.0600
none,0,fixed,4.0,1,149,-5.2336,0.0000,3.1347
none,0,fixed,4.0,1,150,-9.8728,0.0000,0.1368
none,0,fixed,4.0,1,151,-9.8339,0.0000,1.4064
none,0,fixed,4.0,1,152,-12.4026,0.0000,2.0208
none,0,fixed,4.0,1,153,-2.2950,0.0000,1.0121
none,0,fixed,4.0,1,154,-14.2230,0.0000,3.5012
none,0,fixed,4.0,1,155,-5.8433,0.0000,1.9806
none,0,fixed,4.0,1,156,-11.8356,0.0000,-0.0950
none,0,fixed,4.0,1,157,-5.3155,0.0000,-0.2330
none,0,fixed,4.0,1,158,-6.2902,0.0000,1.0155
none,0,fixed,4.0,1,159,-22.5279,0.0000,-0.4254
none,0,fixed,4.0,1,160,-13.0094,0.0000,1.4814
none,0,fixed,4.0,1,161,-6.6513,0.0000,4.6861
none,0,fixed,4.0,1,162,-2.7895,0.0000,2.9164
none,0,fixed,4.0,1,163,-10.3254,0.0000,1.0401
none,0,fixed,4.0,1,164,-8.0072,0.0000,3.6820
none,0,fixed,4.0,1,165,-11.0409,0.0000,-0.0988
none,0,fixed,4.0,1,166,-1.0875,0.0000,3.1899
none,0,fixed,4.0,1,167,-6.1253,0.0000,1.8647
none,0,fixed,4.0,1,168,-1.5889,0.0000,2.0285
none,0,fixed,4.0,1,169,-4.8684,0.0000,2.2500
none,0,fixed,4.0,1,170,-2.9392,0.0000,1.9492
none,0,fixed,4.0,1,171,-7.3808,0.0000,-0.0208
none,0,fixed,4.0,1,172,-2.1537,0.0000,3.8352
none,0,fixed,4.0,1,173,-1.6026,0.0000,2.7077
none,0,fixed,4.0,1,174,-9.9470,0.0000,1.2754
none,0,fixed,4.0,1,175,-8.9285,0.0000,2.8308
none,0,fixed,4.0,1,176,-6.7648,0.0000,0.0209
none,0,fixed,4.0,1,177,-7.3469,0.0000,2.0484
none,0,fixed,4.0,1,178,-7.5823,0.0000,2.1253
none,0,fixed,4.0,1,179,-5.9658,0.0000,1.4880
none,0,fixed,4.0,1,180,-2.8423,0.0000,2.2279
none,0,fixed,4.0,1,181,-7.4054,0.0000,3.3859
none,0,fixed,4.0,1,182,-3.4645,0.0000,3.5830
none,0,fixed,4.0,1,183,2.3336,0.0000,4.0862
none,0,fixed,4.0,1,184,-2.6027,0.0000,1.3704
none,0,fixed,4.0,1,185,-7.6512,0.0000,2.0922
none,0,fixed,4.0,1,186,-8.7036,0.0000,0.9482
none,0,fixed,4.0,1,187,-7.2191,0.0000,1.5264
none,0,fixed,4.0,1,188,-8.1606,0.0000,1.4204
none,0,fixed,4.0,1,189,-5.9099,0.0000,3.8567
none,0,fixed,4.0,1,190,-4.0230,0.0000,2.3873
none,0,fixed,4.0,1,191,-3.8514,0.0000,3.4299
none,0,fixed,4.0,1,192,-6.2002,0.0000,0.2994
none,0,fixed,4.0,1,193,-4.5489,0.0000,1.9994
none,0,fixed,4.0,1,194,-9.5178,0.0000,1.5666
none,0,fixed,4.0,1,195,0.6470,0.0000,3.0237
none,0,fixed,4.0,1,196,3.4398,0.0000,5.3336
none,0,fixed,4.0,1,197,-8.9396,0.0000,0.0761
none,0,fixed,4.0,1,198,-1.4533,0.0000,2.6310
none,0,fixed,4.0,1,199,-10.7598,0.0000,0.4686
none,0,fixed,4.0,1,200,-7.7152,0.0000,1.0834
none,0,fixed,4.0,1,201,-6.4443,0.0000,2.1327
none,0,fixed,4.0,1,202,-0.9232,0.0000,3.1426
none,0,fixed,4.0,1,203,-2.2822,0.0000,1.5900
none,0,fixed,4.0,1,204,-7.6895,0.0000,0.8103
none,0,fixed,4.0,1,205,-13.8207,0.0000,1.4904
none,0,fixed,4.0,1,206,-7.3957,0.0000,1.2386
none,0,fixed,4.0,1,207,2.6280,0.0000,4.5072
none,0,fixed,4.0,1,208,-11.6729,0.0000,0.2409
none,0,fixed,4.0,1,209,-23.0283,0.0000,-0.4391
none,0,fixed,4.0,1,210,-18.4883,0.0000,-0.3556
none,0,fixed,4.0,1,211,-1.7249,0.0000,1.5581
none,0,fixed,4.0,1,212,-1.6372,0.0000,3.2173
none,0,fixed,4.0,1,213,-6.3328,0.0000,1.3434
none,0,fixed,4.0,1,214,-8.6484,0.0000,2.4031
none,0,fixed,4.0,1,215,-6.4718,0.0000,1.8369
none,0,fixed,4.0,1,216,-8.1343,0.0000,2.7491
none,0,fixed,4.0,1,217,-5.1474,0.0000,1.9321
none,0,fixed,4.0,1,218,-9.8333,0.0000,1.8170
none,0,fixed,4.0,1,219,-4.1171,0.0000,1.5003
none,0,fixed,4.0,1,220,-9.8844,0.0000,0.6320
none,0,fixed,4.0,1,221,-9.6068,0.0000,3.3273
none,0,fixed,4.0,1,222,-1.8626,0.0000,2.3752
none,0,fixed,4.0,1,223,-9.6337,0.0000,0.5839
none,0,fixed,4.0,1,224,-0.1724,0.0000,3.3403
none,0,fixed,4.0,1,225,-3.8558,0.0000,2.2443
none,0,fixed,4.0,1,226,-8.0274,0.0000,0.9145
none,0,fixed,4.0,1,227,-1.7549,0.0000,0.9977
none,0,fixed,4.0,1,228,-3.5106,0.0000,4.4997
none,0,fixed,4.0,1,229,-6.5583,0.0000,2.3680
none,0,fixed,4.0,1,230,-6.3650,0.0000,1.4344
none,0,fixed,4.0,1,231,-2.2307,0.0000,2.1004
none,0,fixed,4.0,1,232,-9.2856,0.0000,-0.2457
none,0,fixed,4.0,1,233,-3.7374,0.0000,0.9105
none,0,fixed,4.0,1,234,-13.9433,0.0000,0.6590
none,0,fixed,4.0,1,235,-7.3918,0.0000,3.3845
none,0,fixed,4.0,1,236,-14.6680,0.0000,0.3951
none,0,fixed,4.0,1,237,-1.9239,0.0000,2.6504
none,0,fixed,4.0,1,238,-3.6570,0.0000,1.9658
none,0,fixed,4.0,1,239,-8.0176,0.0000,2.5593
none,0,fixed,4.0,1,240,-5.5171,0.0000,1.0661
none,0,fixed,4.0,1,241,-7.1032,0.0000,0.1449
none,0,fixed,4.0,1,242,-0.5153,0.0000,1.2317
none,0,fixed,4.0,1,243,-4.1174,0.0000,3.2123
none,0,fixed,4.0,1,244,-3.4550,0.0000,4.1457
none,0,fixed,4.0,1,245,-9.0256,0.0000,0.7320
none,0,fixed,4.0,1,246,-0.1682,0.0000,3.0137
none,0,fixed,4.0,1,247,-7.7763,0.0000,2.7080
none,0,fixed,4.0,1,248,-11.7563,0.0000,-0.3781
none,0,fixed,4.0,1,249,-3.4999,0.0000,1.6169
none,0,fixed,4.0,1,250,0.3743,0.0000,2.8981
none,0,fixed,4.0,1,251,-3.4034,0.0000,3.6712
none,0,fixed,4.0,1,252,-12.7411,0.0000,1.6016
none,0,fixed,4.0,1,253,-5.4076,0.0000,1.4550
none,0,fixed,4.0,1,254,-13.7557,0.0000,0.3947
none,0,fixed,4.0,1,255,-3.4096,0.0000,0.5062
none,0,fixed,4.0,1,256,-0.9694,0.0000,3.2592
none,0,fixed,4.0,1,257,-10.8816,0.0000,0.8947
none,0,fixed,4.0,1,258,-8.0166,0.0000,2.7134
none,0,fixed,4.0,1,259,-15.9820,0.0000,0.7994
none,0,fixed,4.0,1,260,-3.9558,0.0000,2.5034
none,0,fixed,4.0,1,261,-4.1712,0.0000,1.4540
none,0,fixed,4.0,1,262,-10.7055,0.0000,0.7267
none,0,fixed,4.0,1,263,-13.4696,0.0000,-0.0286
none,0,fixed,4.0,1,264,-3.4046,0.0000,0.7636
none,0,fixed,4.0,1,265,-17.4623,0.0000,-0.3065
none,0,fixed,4.0,1,266,-12.1808,0.0000,0.6194
none,0,fixed,4.0,1,267,-3.9039,0.0000,2.8648
none,0,fixed,4.0,1,268,-10.5377,0.0000,-0.3737
none,0,fixed,4.0,1,269,-7.4443,0.0000,0.3032
none,0,fixed,4.0,1,270,-6.1179,0.0000,1.4072
none,0,fixed,4.0,1,271,-11.3469,0.0000,1.2840
none,0,fixed,4.0,1,272,0.3036,0.0000,3.5062
none,0,fixed,4.0,1,273,-2.7047,0.0000,5.2061
none,0,fixed,4.0,1,274,-11.5755,0.0000,1.0833
none,0,fixed,4.0,1,275,-6.3668,0.0000,1.0449
none,0,fixed,4.0,1,276,-5.5355,0.0000,4.8565
none,0,fixed,4.0,1,277,0.2662,0.0000,3.4557
none,0,fixed,4.0,1,278,-7.8627,0.0000,2.4324
none,0,fixed,4.0,1,279,-8.0696,0.0000,0.7464
none,0,fixed,4.0,1,280,-9.8391,0.0000,1.4587
none,0,fixed,4.0,1,281,-2.2389,0.0000,2.0227
none,0,fixed,4.0,1,282,-8.6526,0.0000,0.0233
none,0,fixed,4.0,1,283,-8.4623,0.0000,0.1398
none,0,fixed,4.0,1,284,-20.5073,0.0000,3.1100
none,0,fixed,4.0,1,285,-8.4004,0.0000,0.1266
none,0,fixed,4.0,1,286,-8.9708,0.0000,1.0916
none,0,fixed,4.0,1,287,-4.7558,0.0000,0.9648
none,0,fixed,4.0,1,288,-2.3909,0.0000,1.9811
none,0,fixed,4.0,1,289,-7.2284,0.0000,3.1685
none,0,fixed,4.0,1,290,-7.6627,0.0000,2.3633
none,0,fixed,4.0,1,291,-11.9561,0.0000,-0.7696
none,0,fixed,4.0,1,292,-14.4592,0.0000,-0.3386
none,0,fixed,4.0,1,293,-18.0288,0.0000,-0.1693
none,0,fixed,4.0,1,294,-2.1400,0.0000,1.2005
none,0,fixed,4.0,1,295,-5.4571,0.0000,0.9661
none,0,fixed,4.0,1,296,-4.6423,0.0000,2.8534
none,0,fixed,4.0,1,297,0.8051,0.0000,3.8378
none,0,fixed,4.0,1,298,-2.1663,0.0000,4.2782
none,0,fixed,4.0,1,299,-6.4416,0.0000,1.7264
none,0,fixed,4.0,1,300,-9.1826,0.0000,1.4922
none,0,fixed,4.0,1,301,-9.3321,0.0000,0.9731
none,0,fixed,4.0,1,302,-8.9538,0.0000,3.6692
none,0,fixed,4.0,1,303,-3.6906,0.0000,3.2893
none,0,fixed,4.0,1,304,1.4441,0.0000,3.8784
none,0,fixed,4.0,1,305,-3.6534,0.0000,0.7591
none,0,fixed,4.0,1,306,-15.0301,0.0000,-0.6432
none,0,fixed,4.0,1,307,-8.2775,0.0000,-0.2533
none,0,fixed,4.0,1,308,-1.5384,0.0000,1.4813
none,0,fixed,4.0,1,309,-7.3301,0.0000,3.1719
none,0,fixed,4.0,1,310,-5.6089,0.0000,1.8266
none,0,fixed,4.0,1,311,-10.8011,0.0000,1.1861
none,0,fixed,4.0,1,312,-9.7606,0.0000,3.3461
none,0,fixed,4.0,1,313,-8.2755,0.0000,1.1513
none,0,fixed,4.0,1,314,-10.8623,0.0000,3.2539
none,0,fixed,4.0,1,315,-1.4091,0.0000,1.9886
none,0,fixed,4.0,1,316,-8.2459,0.0000,0.7831
none,0,fixed,4.0,1,317,-10.3524,0.0000,-0.6550
none,0,fixed,4.0,1,318,0.6592,0.0000,6.7885
none,0,fixed,4.0,1,319,-14.9947,0.0000,1.7439
none,0,fixed,4.0,1,320,-1.0110,0.0000,0.6940
none,0,fixed,4.0,1,321,-5.2448,0.0000,2.9832
none,0,fixed,4.0,1,322,-0.3515,0.0000,2.0717
none,0,fixed,4.0,1,323,-3.8735,0.0000,1.3541
none,0,fixed,4.0,1,324,-1.5825,0.0000,2.3445
none,0,fixed,4.0,1,325,-6.3505,0.0000,1.1603
none,0,fixed,4.0,1,326,-10.4578,0.0000,3.1422
none,0,fixed,4.0,1,327,-0.8874,0.0000,2.7411
none,0,fixed,4.0,1,328,-2.5977,0.0000,1.2334
none,0,fixed,4.0,1,329,-7.5060,0.0000,1.7489
none,0,fixed,4.0,1,330,-11.0194,0.0000,-0.0934
none,0,fixed,4.0,1,331,-0.8723,0.0000,5.7781
none,0,fixed,4.0,1,332,-6.1710,0.0000,2.6204
none,0,fixed,4.0,1,333,-14.0289,0.0000,0.5837
none,0,fixed,4.0,1,334,-4.3660,0.0000,3.3315
none,0,fixed,4.0,1,335,-1.7027,0.0000,4.7697
none,0,fixed,4.0,1,336,-8.6789,0.0000,1.7387
none,0,fixed,4.0,1,337,-8.9754,0.0000,-1.0950
none,0,fixed,4.0,1,338,-11.8144,0.0000,-0.1512
none,0,fixed,4.0,1,339,-0.1974,0.0000,3.4547
none,0,fixed,4.0,1,340,-5.6476,0.0000,2.2860
none,0,fixed,4.0,1,341,0.8518,0.0000,1.8764
none,0,fixed,4.0,1,342,-6.7210,0.0000,0.8085
none,0,fixed,4.0,1,343,-9.9041,0.0000,1.6659
none,0,fixed,4.0,1,344,-5.4273,0.0000,2.4914
none,0,fixed,4.0,1,345,-2.1239,0.0000,2.1639
none,0,fixed,4.0,1,346,-0.8867,0.0000,4.0884
none,0,fixed,4.0,1,347,-18.7052,0.0000,-0.9479
none,0,fixed,4.0,1,348,-13.9072,0.0000,0.0780
none,0,fixed,4.0,1,349,-3.5592,0.0000,2.1013
none,0,fixed,4.0,1,350,3.2922,0.0000,2.8183
none,0,fixed,4.0,1,351,-10.2857,0.0000,0.8110
none,0,fixed,4.0,1,352,-6.2846,0.0000,0.3858
none,0,fixed,4.0,1,353,-5.3754,0.0000,1.3205
none,0,fixed,4.0,1,354,-8.5667,0.0000,3.1691
none,0,fixed,4.0,1,355,-3.0753,0.0000,4.1301
none,0,fixed,4.0,1,356,1.0465,0.0000,2.9596
none,0,fixed,4.0,1,357,-7.8361,0.0000,1.3715
none,0,fixed,4.0,1,358,-5.0618,0.0000,1.5823
none,0,fixed,4.0,1,359,-8.8836,0.0000,1.4443
none,0,fixed,4.0,1,360,-9.1019,0.0000,3.9986
none,0,fixed,4.0,1,361,-3.6710,0.0000,1.9411
none,0,fixed,4.0,1,362,-12.6005,0.0000,-1.5150
none,0,fixed,4.0,1,363,-5.8543,0.0000,2.9452
none,0,fixed,4.0,1,364,-0.1122,0.0000,4.4229
none,0,fixed,4.0,1,365,-11.2122,0.0000,0.1338
none,0,fixed,4.0,1,366,-7.6058,0.0000,1.8440
none,0,fixed,4.0,1,367,1.1751,0.0000,6.4136
none,0,fixed,4.0,1,368,-6.8587,0.0000,1.6747
none,0,fixed,4.0,1,369,-7.8745,0.0000,1.8005
none,0,fixed,4.0,1,370,-10.9399,0.0000,1.3042
none,0,fixed,4.0,1,371,-4.2634,0.0000,2.7479
none,0,fixed,4.0,1,372,-8.9008,0.0000,1.6515
none,0,fixed,4.0,1,373,-15.5857,0.0000,-0.6896
none,0,fixed,4.0,1,374,-2.1937,0.0000,1.9972
none,0,fixed,4.0,1,375,-13.6879,0.0000,1.3003
none,0,fixed,4.0,1,376,-17.7142,0.0000,-1.2434
none,0,fixed,4.0,1,377,-8.4559,0.0000,1.9804
none,0,fixed,4.0,1,378,-7.2107,0.0000,3.9467
none,0,fixed,4.0,1,379,-5.7110,0.0000,3.9113
none,0,fixed,4.0,1,380,-3.0435,0.0000,1.0583
none,0,fixed,4.0,1,381,-9.3284,0.0000,2.8993
none,0,fixed,4.0,1,382,-10.8871,0.0000,1.9951
none,0,fixed,4.0,1,383,-4.1964,0.0000,1.0065
none,0,fixed,4.0,1,384,-0.4558,0.0000,2.8406
none,0,fixed,4.0,1,385,-4.1282,0.0000,1.9473
none,0,fixed,4.0,1,386,-14.2053,0.0000,0.1851
none,0,fixed,4.0,1,387,-12.5765,0.0000,1.5104
none,0,fixed,4.0,1,388,-18.9855,0.0000,0.2656
none,0,fixed,4.0,1,389,-15.2983,0.0000,1.4234
none,0,fixed,4.0,1,390,-14.5368,0.0000,2.0216
none,0,fixed,4.0,1,391,-2.0643,0.0000,3.9486
none,0,fixed,4.0,1,392,-8.2817,0.0000,2.2035
none,0,fixed,4.0,1,393,-6.8128,0.0000,2.4112
none,0,fixed,4.0,1,394,-13.9566,0.0000,1.3024
none,0,fixed,4.0,1,395,-13.5532,0.0000,-0.0194
none,0,fixed,4.0,1,396,-18.2793,0.0000,-0.3729
none,0,fixed,4.0,1,397,-1.9197,0.0000,3.0757
none,0,fixed,4.0,1,398,-6.1505,0.0000,1.9837
none,0,fixed,4.0,1,399,-5.7185,0.0000,2.0361
none,0,fixed,4.0,1,400,-9.6978,0.0000,-0.4977
none,0,fixed,4.0,1,401,-13.0630,0.0000,0.0364
none,0,fixed,4.0,1,402,-9.4000,0.0000,0.0467
none,0,fixed,4.0,1,403,-9.6819,0.0000,0.6911
none,0,fixed,4.0,1,404,-12.9267,0.0000,3.1661
none,0,fixed,4.0,1,405,-10.5282,0.0000,0.8268
none,0,fixed,4.0,1,406,-4.5274,0.0000,2.0451
none,0,fixed,4.0,1,407,-4.0522,0.0000,1.6599
none,0,fixed,4.0,1,408,-9.1430,0.0000,1.8319
none,0,fixed,4.0,1,409,-3.5551,0.0000,2.1318
none,0,fixed,4.0,1,410,-14.0564,0.0000,1.5351
none,0,fixed,4.0,1,411,-0.1396,0.0000,1.8064
none,0,fixed,4.0,1,412,-6.7673,0.0000,1.4131
none,0,fixed,4.0,1,413,-9.4682,0.0000,2.3879
none,0,fixed,4.0,1,414,-11.5619,0.0000,1.9441
none,0,fixed,4.0,1,415,-3.9067,0.0000,2.5023
none,0,fixed,4.0,1,416,-7.7102,0.0000,2.1153
none,0,fixed,4.0,1,417,-3.6069,0.0000,1.4065
none,0,fixed,4.0,1,418,-8.5443,0.0000,0.5880
none,0,fixed,4.0,1,419,-0.5641,0.0000,3.7280
none,0,fixed,4.0,1,420,-8.5069,0.0000,1.9993
none,0,fixed,4.0,1,421,-5.2933,0.0000,-0.3635
none,0,fixed,4.0,1,422,-8.2117,0.0000,2.3611
none,0,fixed,4.0,1,423,-6.3944,0.0000,3.5279
none,0,fixed,4.0,1,424,-5.8379,0.0000,0.8813
none,0,fixed,4.0,1,425,-11.5583,0.0000,0.4787
none,0,fixed,4.0,1,426,-8.3669,0.0000,1.4662
none,0,fixed,4.0,1,427,0.4571,0.0000,3.1946
none,0,fixed,4.0,1,428,-19.6028,0.0000,-0.8798
none,0,fixed,4.0,1,429,-11.1447,0.0000,1.9713
none,0,fixed,4.0,1,430,-1.0151,0.0000,2.1229
none,0,fixed,4.0,1,431,-12.4157,0.0000,0.5099
none,0,fixed,4.0,1,432,-9.7581,0.0000,0.1951
none,0,fixed,4.0,1,433,-9.0862,0.0000,1.7717
none,0,fixed,4.0,1,434,-5.7510,0.0000,3.1267
none,0,fixed,4.0,1,435,-3.5685,0.0000,2.7244
none,0,fixed,4.0,1,436,-7.6212,0.0000,0.5875
none,0,fixed,4.0,1,437,-7.7605,0.0000,3.0224
none,0,fixed,4.0,1,438,-4.3924,0.0000,3.7473
none,0,fixed,4.0,1,439,-17.5310,0.0000,2.4733
none,0,fixed,4.0,1,440,-11.3507,0.0000,-0.2042
none,0,fixed,4.0,1,441,-9.7987,0.0000,2.1668
none,0,fixed,4.0,1,442,-16.2056,0.0000,-0.7681
none,0,fixed,4.0,1,443,-10.0172,0.0000,1.3091
none,0,fixed,4.0,1,444,-6.4142,0.0000,2.7344
none,0,fixed,4.0,1,445,-3.5100,0.0000,1.1172
none,0,fixed,4.0,1,446,-8.4974,0.0000,0.5699
none,0,fixed,4.0,1,447,-0.6884,0.0000,1.7879
none,0,fixed,4.0,1,448,-16.1218,0.0000,0.3746
none,0,fixed,4.0,1,449,-10.9080,0.0000,1.9834
none,0,fixed,4.0,1,450,-11.7326,0.0000,0.9753
none,0,fixed,4.0,1,451,-7.8558,0.0000,3.0294
none,0,fixed,4.0,1,452,-10.1700,0.0000,0.4871
none,0,fixed,4.0,1,453,-10.0958,0.0000,2.2103
none,0,fixed,4.0,1,454,-0.1874,0.0000,3.9854
none,0,fixed,4.0,1,455,-12.4792,0.0000,-0.4530
none,0,fixed,4.0,1,456,-17.0799,0.0000,-0.0437
none,0,fixed,4.0,1,457,-9.2422,0.0000,1.5042
none,0,fixed,4.0,1,458,-7.0795,0.0000,1.6439
none,0,fixed,4.0,1,459,-11.3914,0.0000,2.3790
none,0,fixed,4.0,1,460,-7.7179,0.0000,0.1274
none,0,fixed,4.0,1,461,-3.2547,0.0000,2.6676
none,0,fixed,4.0,1,462,-7.5780,0.0000,2.2474
none,0,fixed,4.0,1,463,0.6497,0.0000,3.1269
none,0,fixed,4.0,1,464,-7.2682,0.0000,-1.0668
none,0,fixed,4.0,1,465,-10.6754,0.0000,2.9880
none,0,fixed,4.0,1,466,-6.3590,0.0000,3.3703
none,0,fixed,4.0,1,467,-8.2696,0.0000,0.6222
none,0,fixed,4.0,1,468,-8.1200,0.0000,2.6520
none,0,fixed,4.0,1,469,-5.3330,0.0000,1.6936
none,0,fixed,4.0,1,470,-11.6101,0.0000,1.2911
none,0,fixed,4.0,1,471,-13.6896,0.0000,-0.9400
none,0,fixed,4.0,1,472,-5.8273,0.0000,1.9249
none,0,fixed,4.0,1,473,-6.1424,0.0000,1.1674
none,0,fixed,4.0,1,474,-12.9094,0.0000,-1.1244
none,0,fixed,4.0,1,475,-13.0860,0.0000,0.7159
none,0,fixed,4.0,1,476,-13.7515,0.0000,-0.2798
none,0,fixed,4.0,1,477,-4.1971,0.0000,2.1412
none,0,fixed,4.0,1,478,-3.0856,0.0000,1.6100
none,0,fixed,4.0,1,479,-3.5575,0.0000,1.3463
none,0,fixed,4.0,1,480,-11.7555,0.0000,0.3977
none,0,fixed,4.0,1,481,-7.1138,0.0000,0.3861
none,0,fixed,4.0,1,482,-12.1357,0.0000,-0.3025
none,0,fixed,4.0,1,483,-1.5624,0.0000,3.8714
none,0,fixed,4.0,1,484,-12.2113,0.0000,-0.3476
none,0,fixed,4.0,1,485,-5.6832,0.0000,1.3027
none,0,fixed,4.0,1,486,-14.2909,0.0000,0.5508
none,0,fixed,4.0,1,487,-4.9008,0.0000,0.4460
none,0,fixed,4.0,1,488,-4.2661,0.0000,2.1347
none,0,fixed,4.0,1,489,-0.0412,0.0000,4.0421
none,0,fixed,4.0,1,490,-16.9119,0.0000,1.5408
none,0,fixed,4.0,1,491,-9.7085,0.0000,0.4049
none,0,fixed,4.0,1,492,-15.0671,0.0000,0.7276
none,0,fixed,4.0,1,493,1.2644,0.0000,1.5048
none,0,fixed,4.0,1,494,-8.0234,0.0000,0.0725
none,0,fixed,4.0,1,495,-13.1282,0.0000,0.1135
none,0,fixed,4.0,1,496,-4.1965,0.0000,2.3789
none,0,fixed,4.0,1,497,-8.3917,0.0000,2.3867
none,0,fixed,4.0,1,498,0.0829,0.0000,1.9734
none,0,fixed,4.0,1,499,-10.4229,0.0000,1.2872
none,0,fixed,4.0,1,500,-5.2730,0.0000,2.1062
none,0,fixed,4.0,1,501,-9.5138,0.0000,0.8758
none,0,fixed,4.0,1,502,-1.1697,0.0000,2.8787
none,0,fixed,4.0,1,503,-7.7474,0.0000,0.6885
none,0,fixed,4.0,1,504,-9.1894,0.0000,0.4103
none,0,fixed,4.0,1,505,-5.2619,0.0000,5.4422
none,0,fixed,4.0,1,506,-4.3931,0.0000,0.9060
none,0,fixed,4.0,1,507,-9.7617,0.0000,1.6224
none,0,fixed,4.0,1,508,-24.2558,0.0000,-1.3687
none,0,fixed,4.0,1,509,-3.8161,0.0000,1.4009
none,0,fixed,4.0,1,510,-6.2996,0.0000,2.1765
none,0,fixed,4.0,1,511,-14.2483,0.0000,1.0353
none,0,fixed,4.0,1,512,-1.6547,0.0000,3.3607
none,0,fixed,4.0,1,513,-0.0945,0.0000,1.8269
none,0,fixed,4.0,1,514,-2.7979,0.0000,0.6329
none,0,fixed,4.0,1,515,-1.1056,0.0000,2.7822
none,0,fixed,4.0,1,516,-12.0066,0.0000,1.4451
none,0,fixed,4.0,1,517,-7.9088,0.0000,0.7943
none,0,fixed,4.0,1,518,-6.6627,0.0000,3.2716
none,0,fixed,4.0,1,519,-11.8230,0.0000,0.4702
none,0,fixed,4.0,1,520,-12.6760,0.0000,-0.0351
none,0,fixed,4.0,1,521,-12.9700,0.0000,0.2149
none,0,fixed,4.0,1,522,0.2661,0.0000,2.9676
none,0,fixed,4.0,1,523,-14.7404,0.0000,1.9607
none,0,fixed,4.0,1,524,-7.8627,0.0000,0.8471
none,0,fixed,4.0,1,525,-8.0211,0.0000,2.7609
none,0,fixed,4.0,1,526,-8.9998,0.0000,0.7727
none,0,fixed,4.0,1,527,-9.2424,0.0000,0.2804
none,0,fixed,4.0,1,528,-2.2413,0.0000,2.2935
none,0,fixed,4.0,1,529,-6.3386,0.0000,3.8788
none,0,fixed,4.0,1,530,-9.4558,0.0000,4.2650
none,0,fixed,4.0,1,531,-3.2371,0.0000,1.9235
none,0,fixed,4.0,1,532,-5.6484,0.0000,0.9809
none,0,fixed,4.0,1,533,-4.2797,0.0000,0.6289
none,0,fixed,4.0,1,534,-13.4313,0.0000,1.9080
none,0,fixed,4.0,1,535,-9.5374,0.0000,0.0542
none,0,fixed,4.0,1,536,-11.1832,0.0000,2.8262
none,0,fixed,4.0,1,537,-10.8146,0.0000,0.6406
none,0,fixed,4.0,1,538,-3.1798,0.0000,2.9469
none,0,fixed,4.0,1,539,-7.6825,0.0000,0.5763
none,0,fixed,4.0,1,540,-4.3330,0.0000,2.1511
none,0,fixed,4.0,1,541,-12.5479,0.0000,-0.5182
none,0,fixed,4.0,1,542,-4.0305,0.0000,3.4348
none,0,fixed,4.0,1,543,-9.8934,0.0000,1.4235
none,0,fixed,4.0,1,544,-12.5506,0.0000,0.7774
none,0,fixed,4.0,1,545,-7.7392,0.0000,0.7120
none,0,fixed,4.0,1,546,-7.1352,0.0000,1.8612
none,0,fixed,4.0,1,547,-3.0858,0.0000,4.9175
none,0,fixed,4.0,1,548,-4.9736,0.0000,0.7877
none,0,fixed,4.0,1,549,-1.8360,0.0000,1.8939
none,0,fixed,4.0,1,550,-2.3697,0.0000,2.4189
none,0,fixed,4.0,1,551,-4.8899,0.0000,1.3675
none,0,fixed,4.0,1,552,0.9250,0.0000,4.1652
none,0,fixed,4.0,1,553,-1.8593,0.0000,1.4957
none,0,fixed,4.0,1,554,-4.6763,0.0000,1.2471
none,0,fixed,4.0,1,555,-9.8302,0.0000,1.2392
none,0,fixed,4.0,1,556,-6.7364,0.0000,3.7084
none,0,fixed,4.0,1,557,-4.7279,0.0000,0.5069
none,0,fixed,4.0,1,558,-8.0400,0.0000,3.2854
none,0,fixed,4.0,1,559,-1.8729,0.0000,2.6784
none,0,fixed,4.0,1,560,-18.5499,0.0000,-0.8961
none,0,fixed,4.0,1,561,-10.0622,0.0000,2.5659
none,0,fixed,4.0,1,562,3.0584,0.0000,4.0857
none,0,fixed,4.0,1,563,-9.2738,0.0000,1.9635
none,0,fixed,4.0,1,564,-5.3001,0.0000,2.4590
none,0,fixed,4.0,1,565,-15.1513,0.0000,1.5297
none,0,fixed,4.0,1,566,-9.7759,0.0000,-0.2214
none,0,fixed,4.0,1,567,-4.4805,0.0000,1.9677
none,0,fixed,4.0,1,568,-3.2030,0.0000,4.4050
none,0,fixed,4.0,1,569,-5.3647,0.0000,1.1013
none,0,fixed,4.0,1,570,-13.6685,0.0000,1.3988
none,0,fixed,4.0,1,571,-8.2483,0.0000,2.6182
none,0,fixed,4.0,1,572,-7.7134,0.0000,2.3248
none,0,fixed,4.0,1,573,-3.7628,0.0000,1.6788
none,0,fixed,4.0,1,574,-13.0063,0.0000,1.0409
none,0,fixed,4.0,1,575,-7.3144,0.0000,0.5890
none,0,fixed,4.0,1,576,-3.2263,0.0000,0.4616
none,0,fixed,4.0,1,577,-8.2812,0.0000,1.4514
none,0,fixed,4.0,1,578,-6.3504,0.0000,3.4588
none,0,fixed,4.0,1,579,-8.6693,0.0000,3.4591
none,0,fixed,4.0,1,580,-8.0415,0.0000,0.8132
none,0,fixed,4.0,1,581,-26.4510,0.0000,-1.9487
none,0,fixed,4.0,1,582,-6.8501,0.0000,2.5173
none,0,fixed,4.0,1,583,-17.1556,0.0000,-0.4842
none,0,fixed,4.0,1,584,-4.7391,0.0000,2.9845
none,0,fixed,4.0,1,585,-1.8336,0.0000,1.6140
none,0,fixed,4.0,1,586,-9.4512,0.0000,4.0322
none,0,fixed,4.0,1,587,-4.0459,0.0000,2.0954
none,0,fixed,4.0,1,588,-14.3833,0.0000,1.5774
none,0,fixed,4.0,1,589,-7.5132,0.0000,0.2750
none,0,fixed,4.0,1,590,-14.6481,0.0000,0.2094
none,0,fixed,4.0,1,591,-10.7636,0.0000,1.3479
none,0,fixed,4.0,1,592,-5.2995,0.0000,2.3480
none,0,fixed,4.0,1,593,3.9842,0.0000,7.2112
none,0,fixed,4.0,1,594,-6.8953,0.0000,1.6329
none,0,fixed,4.0,1,595,-13.8217,0.0000,-0.2573
none,0,fixed,4.0,1,596,-8.9936,0.0000,4.4866
none,0,fixed,4.0,1,597,-14.6885,0.0000,-1.6439
none,0,fixed,4.0,1,598,-11.5800,0.0000,1.2948
none,0,fixed,4.0,1,599,-11.7155,0.0000,-0.1255
none,0,fixed,4.0,1,600,-7.2257,0.0000,0.3155
none,0,fixed,4.0,1,601,-12.3127,0.0000,0.1020
none,0,fixed,4.0,1,602,-9.0462,0.0000,6.7932
none,0,fixed,4.0,1,603,-8.5447,0.0000,0.3288
none,0,fixed,4.0,1,604,-14.0106,0.0000,-0.0719
none,0,fixed,4.0,1,605,-8.3358,0.0000,1.9196
none,0,fixed,4.0,1,606,-10.4820,0.0000,-0.4350
none,0,fixed,4.0,1,607,-2.7825,0.0000,4.9795
none,0,fixed,4.0,1,608,-0.4859,0.0000,3.1942
none,0,fixed,4.0,1,609,-2.5129,0.0000,3.0222
none,0,fixed,4.0,1,610,-3.2919,0.0000,4.6017
none,0,fixed,4.0,1,611,-16.3068,0.0000,4.0648
none,0,fixed,4.0,1,612,-12.7447,0.0000,1.8584
none,0,fixed,4.0,1,613,-12.5423,0.0000,-0.2961
none,0,fixed,4.0,1,614,-13.8022,0.0000,1.7008
none,0,fixed,4.0,1,615,-7.5953,0.0000,2.5952
none,0,fixed,4.0,1,616,-5.3539,0.0000,3.0788
none,0,fixed,4.0,1,617,-9.2110,0.0000,1.5188
none,0,fixed,4.0,1,618,0.0653,0.0000,4.0786
none,0,fixed,4.0,1,619,-13.9916,0.0000,-0.5503
none,0,fixed,4.0,1,620,-20.6371,0.0000,-0.6029
none,0,fixed,4.0,1,621,-13.0675,0.0000,-0.1809
none,0,fixed,4.0,1,622,-2.9898,0.0000,1.2329
none,0,fixed,4.0,1,623,-11.4896,0.0000,2.8208
none,0,fixed,4.0,1,624,-11.7573,0.0000,4.3834
none,0,fixed,4.0,1,625,-10.4701,0.0000,1.3125
none,0,fixed,4.0,1,626,-0.9838,0.0000,3.8115
none,0,fixed,4.0,1,627,-10.3954,0.0000,0.5362
none,0,fixed,4.0,1,628,-12.2768,0.0000,0.4019
none,0,fixed,4.0,1,629,-16.0438,0.0000,-1.6017
none,0,fixed,4.0,1,630,-10.8349,0.0000,0.9457
none,0,fixed,4.0,1,631,-3.7586,0.0000,1.5639
none,0,fixed,4.0,1,632,-3.4807,0.0000,4.3937
none,0,fixed,4.0,1,633,-15.0164,0.0000,-0.6653
none,0,fixed,4.0,1,634,-2.3221,0.0000,4.3791
none,0,fixed,4.0,1,635,-0.7264,0.0000,3.0460
none,0,fixed,4.0,1,636,-2.4508,0.0000,2.4682
none,0,fixed,4.0,1,637,-9.6519,0.0000,1.1266
none,0,fixed,4.0,1,638,-12.1472,0.0000,0.6504
none,0,fixed,4.0,1,639,-8.0159,0.0000,0.1385
none,0,fixed,4.0,1,640,-4.0818,0.0000,2.0906
none,0,fixed,4.0,1,641,-6.6115,0.0000,2.0898
none,0,fixed,4.0,1,642,1.1082,0.0000,5.5134
none,0,fixed,4.0,1,643,-5.4385,0.0000,4.3981
none,0,fixed,4.0,1,644,-9.5604,0.0000,3.1133
none,0,fixed,4.0,1,645,-4.8975,0.0000,3.0461
none,0,fixed,4.0,1,646,-1.8031,0.0000,3.4613
none,0,fixed,4.0,1,647,-12.4013,0.0000,0.5311
none,0,fixed,4.0,1,648,1.8107,0.0000,2.0474
none,0,fixed,4.0,1,649,-10.9448,0.0000,0.3884
none,0,fixed,4.0,1,650,-3.5578,0.0000,4.6194
none,0,fixed,4.0,1,651,-4.3009,0.0000,4.6210
none,0,fixed,4.0,1,652,-8.7572,0.0000,1.2092
none,0,fixed,4.0,1,653,-5.3953,0.0000,1.8020
none,0,fixed,4.0,1,654,-5.0463,0.0000,0.3169
none,0,fixed,4.0,1,655,-6.8606,0.0000,2.8348
none,0,fixed,4.0,1,656,-11.6196,0.0000,0.0718
none,0,fixed,4.0,1,657,-6.1429,0.0000,0.7278
none,0,fixed,4.0,1,658,-4.7330,0.0000,1.7086
none,0,fixed,4.0,1,659,-2.1083,0.0000,3.6830
none,0,fixed,4.0,1,660,-11.9107,0.0000,1.7117
none,0,fixed,4.0,1,661,-3.4206,0.0000,1.0850
none,0,fixed,4.0,1,662,-4.2756,0.0000,1.6084
none,0,fixed,4.0,1,663,-4.5582,0.0000,2.4974
none,0,fixed,4.0,1,664,-11.5586,0.0000,-0.2902
none,0,fixed,4.0,1,665,-7.7924,0.0000,1.8232
none,0,fixed,4.0,1,666,-8.1997,0.0000,0.6634
none,0,fixed,4.0,1,667,-11.8643,0.0000,-0.1802
none,0,fixed,4.0,1,668,-4.9191,0.0000,2.0909
none,0,fixed,4.0,1,669,-6.4714,0.0000,1.4399
none,0,fixed,4.0,1,670,3.4082,0.0000,5.4660
none,0,fixed,4.0,1,671,-3.9757,0.0000,7.4525
none,0,fixed,4.0,1,672,-4.5640,0.0000,2.3973
none,0,fixed,4.0,1,673,-5.3666,0.0000,2.6182
none,0,fixed,4.0,1,674,-6.2290,0.0000,1.9160
none,0,fixed,4.0,1,675,-8.9134,0.0000,1.3533
none,0,fixed,4.0,1,676,-6.7023,0.0000,0.6614
none,0,fixed,4.0,1,677,-15.6193,0.0000,2.2663
none,0,fixed,4.0,1,678,-1.7970,0.0000,1.5370
none,0,fixed,4.0,1,679,-8.2280,0.0000,1.1475
none,0,fixed,4.0,1,680,-10.2940,0.0000,1.9707
none,0,fixed,4.0,1,681,-1.7167,0.0000,2.4023
none,0,fixed,4.0,1,682,0.5023,0.0000,3.0403
none,0,fixed,4.0,1,683,-10.1682,0.0000,0.0415
none,0,fixed,4.0,1,684,-1.9205,0.0000,3.6271
none,0,fixed,4.0,1,685,-8.6085,0.0000,1.8969
none,0,fixed,4.0,1,686,-6.7691,0.0000,2.5814
none,0,fixed,4.0,1,687,-13.6674,0.0000,1.8134
none,0,fixed,4.0,1,688,-7.0291,0.0000,0.9180
none,0,fixed,4.0,1,689,-9.4088,0.0000,2.2296
none,0,fixed,4.0,1,690,-7.7873,0.0000,3.2808
none,0,fixed,4.0,1,691,-10.5176,0.0000,2.1450
none,0,fixed,4.0,1,692,-5.5529,0.0000,-0.6307
none,0,fixed,4.0,1,693,-6.3200,0.0000,1.8034
none,0,fixed,4.0,1,694,-6.7175,0.0000,1.1408
none,0,fixed,4.0,1,695,0.7366,0.0000,2.2630
none,0,fixed,4.0,1,696,-1.8218,0.0000,2.2727
none,0,fixed,4.0,1,697,-7.5342,0.0000,0.9669
none,0,fixed,4.0,1,698,-5.3103,0.0000,3.8211
none,0,fixed,4.0,1,699,-7.0450,0.0000,4.2339
none,0,fixed,4.0,1,700,-9.4018,0.0000,0.2656
none,0,fixed,4.0,1,701,-0.8228,0.0000,2.9006
none,0,fixed,4.0,1,702,-14.8677,0.0000,-1.2943
none,0,fixed,4.0,1,703,-7.6631,0.0000,1.6124
none,0,fixed,4.0,1,704,-9.1011,0.0000,2.5492
none,0,fixed,4.0,1,705,-13.7849,0.0000,0.6172
none,0,fixed,4.0,1,706,-15.5537,0.0000,0.7602
none,0,fixed,4.0,1,707,-9.0334,0.0000,1.8762
none,0,fixed,4.0,1,708,2.2251,0.0000,5.1485
none,0,fixed,4.0,1,709,-14.0239,0.0000,1.1382
none,0,fixed,4.0,1,710,-5.2622,0.0000,1.0827
none,0,fixed,4.0,1,711,4.3303,0.0000,6.1082
none,0,fixed,4.0,1,712,1.9010,0.0000,4.4936
none,0,fixed,4.0,1,713,-9.0787,0.0000,1.0849
none,0,fixed,4.0,1,714,-19.2098,0.0000,0.4964
none,0,fixed,4.0,1,715,-5.6868,0.0000,1.4382
none,0,fixed,4.0,1,716,-2.2455,0.0000,4.5464
none,0,fixed,4.0,1,717,-3.0208,0.0000,2.3520
none,0,fixed,4.0,1,718,-5.9065,0.0000,-0.3112
none,0,fixed,4.0,1,719,-9.6842,0.0000,1.4965
none,0,fixed,4.0,1,720,-9.0085,0.0000,1.3677
none,0,fixed,4.0,1,721,-1.7351,0.0000,2.8404
none,0,fixed,4.0,1,722,-1.6857,0.0000,4.3313
none,0,fixed,4.0,1,723,-6.3710,0.0000,1.2050
none,0,fixed,4.0,1,724,-8.2343,0.0000,1.7064
none,0,fixed,4.0,1,725,-11.3206,0.0000,0.3824
none,0,fixed,4.0,1,726,-11.4723,0.0000,-1.0355
none,0,fixed,4.0,1,727,-4.8623,0.0000,2.0469
none,0,fixed,4.0,1,728,-6.7259,0.0000,0.9373
none,0,fixed,4.0,1,729,-1.5549,0.0000,2.9828
none,0,fixed,4.0,1,730,-7.9891,0.0000,1.4591
none,0,fixed,4.0,1,731,-7.5652,0.0000,1.5153
none,0,fixed,4.0,1,732,-4.4891,0.0000,2.9839
none,0,fixed,4.0,1,733,-5.1552,0.0000,2.8082
none,0,fixed,4.0,1,734,-10.8492,0.0000,0.6082
none,0,fixed,4.0,1,735,-14.6591,0.0000,3.5781
none,0,fixed,4.0,1,736,-3.8634,0.0000,2.5206
none,0,fixed,4.0,1,737,-3.2300,0.0000,1.3220
none,0,fixed,4.0,1,738,-10.6698,0.0000,-0.2948
none,0,fixed,4.0,1,739,-5.7270,0.0000,2.2861
none,0,fixed,4.0,1,740,-11.0763,0.0000,2.9622
none,0,fixed,4.0,1,741,-5.3839,0.0000,1.4111
none,0,fixed,4.0,1,742,-4.5831,0.0000,1.6434
none,0,fixed,4.0,1,743,-9.6407,0.0000,4.0575
none,0,fixed,4.0,1,744,-19.4459,0.0000,-0.6408
none,0,fixed,4.0,1,745,-7.2594,0.0000,1.9809
none,0,fixed,4.0,1,746,-14.5005,0.0000,-0.8693
none,0,fixed,4.0,1,747,-5.0466,0.0000,1.7837
none,0,fixed,4.0,1,748,-2.3304,0.0000,1.4786
none,0,fixed,4.0,1,749,-4.1277,0.0000,3.4482
none,0,fixed,4.0,1,750,-9.1992,0.0000,0.6824
none,0,fixed,4.0,1,751,-9.2765,0.0000,2.1655
none,0,fixed,4.0,1,752,-10.3148,0.0000,0.6354
none,0,fixed,4.0,1,753,-6.6056,0.0000,2.2464
none,0,fixed,4.0,1,754,-5.1279,0.0000,3.5730
none,0,fixed,4.0,1,755,-15.1581,0.0000,-0.0650
none,0,fixed,4.0,1,756,0.6053,0.0000,5.1418
none,0,fixed,4.0,1,757,-6.9932,0.0000,1.3994
none,0,fixed,4.0,1,758,-2.1492,0.0000,3.5899
none,0,fixed,4.0,1,759,-6.1311,0.0000,0.1000
none,0,fixed,4.0,1,760,-7.0499,0.0000,2.4269
none,0,fixed,4.0,1,761,-6.9790,0.0000,2.0163
none,0,fixed,4.0,1,762,-9.8310,0.0000,0.9642
none,0,fixed,4.0,1,763,-7.3025,0.0000,0.0685
none,0,fixed,4.0,1,764,-2.0467,0.0000,2.0893
none,0,fixed,4.0,1,765,-8.5687,0.0000,1.6946
none,0,fixed,4.0,1,766,-4.6345,0.0000,2.5212
none,0,fixed,4.0,1,767,-19.7799,0.0000,-1.6600
none,0,fixed,4.0,1,768,0.6675,0.0000,3.9824
none,0,fixed,4.0,1,769,-14.5435,0.0000,1.6564
none,0,fixed,4.0,1,770,-12.3537,0.0000,0.4864
none,0,fixed,4.0,1,771,-12.8965,0.0000,2.5274
none,0,fixed,4.0,1,772,-12.1708,0.0000,1.3776
none,0,fixed,4.0,1,773,-8.7230,0.0000,1.3745
none,0,fixed,4.0,1,774,0.8062,0.0000,3.7803
none,0,fixed,4.0,1,775,-12.7742,0.0000,1.0819
none,0,fixed,4.0,1,776,-6.3634,0.0000,2.4689
none,0,fixed,4.0,1,777,5.0204,0.0000,6.6950
none,0,fixed,4.0,1,778,-6.9838,0.0000,1.9912
none,0,fixed,4.0,1,779,-11.3114,0.0000,1.2493
none,0,fixed,4.0,1,780,-7.4704,0.0000,2.6019
none,0,fixed,4.0,1,781,-8.6254,0.0000,1.7437
none,0,fixed,4.0,1,782,-5.2315,0.0000,2.5266
none,0,fixed,4.0,1,783,-5.4377,0.0000,2.5695
none,0,fixed,4.0,1,784,-2.9407,0.0000,3.3650
none,0,fixed,4.0,1,785,-5.1813,0.0000,2.1642
none,0,fixed,4.0,1,786,0.9083,0.0000,4.3799
none,0,fixed,4.0,1,787,-3.0321,0.0000,0.9948
none,0,fixed,4.0,1,788,-5.3910,0.0000,0.1687
none,0,fixed,4.0,1,789,-8.7416,0.0000,2.1869
none,0,fixed,4.0,1,790,-3.4385,0.0000,2.8043
none,0,fixed,4.0,1,791,-6.7195,0.0000,2.0611
none,0,fixed,4.0,1,792,-9.5951,0.0000,0.3283
none,0,fixed,4.0,1,793,1.1130,0.0000,4.4840
none,0,fixed,4.0,1,794,3.7191,0.0000,5.1365
none,0,fixed,4.0,1,795,-7.3332,0.0000,3.6214
none,0,fixed,4.0,1,796,-4.6760,0.0000,3.2226
none,0,fixed,4.0,1,797,-7.4265,0.0000,0.7858
none,0,fixed,4.0,1,798,-5.0746,0.0000,4.1342
none,0,fixed,4.0,1,799,-5.3370,0.0000,0.2792
none,0,fixed,4.0,1,800,-6.7211,0.0000,2.2362
none,0,fixed,4.0,1,801,-0.9600,0.0000,2.3945
none,0,fixed,4.0,1,802,-3.6484,0.0000,1.8304
none,0,fixed,4.0,1,803,-9.0595,0.0000,-0.4341
none,0,fixed,4.0,1,804,-1.2954,0.0000,2.4411
none,0,fixed,4.0,1,805,1.1482,0.0000,4.5085
none,0,fixed,4.0,1,806,-9.3365,0.0000,0.7165
none,0,fixed,4.0,1,807,-3.3407,0.0000,1.2295
none,0,fixed,4.0,1,808,-12.7441,0.0000,0.2875
none,0,fixed,4.0,1,809,-9.8916,0.0000,3.7592
none,0,fixed,4.0,1,810,-12.0565,0.0000,2.6554
none,0,fixed,4.0,1,811,-4.9007,0.0000,4.5222
none,0,fixed,4.0,1,812,-6.3547,0.0000,1.2799
none,0,fixed,4.0,1,813,-4.3519,0.0000,2.3796
none,0,fixed,4.0,1,814,-5.2456,0.0000,1.1754
none,0,fixed,4.0,1,815,-5.5884,0.0000,1.3422
none,0,fixed,4.0,1,816,-5.4760,0.0000,1.4064
none,0,fixed,4.0,1,817,-8.3124,0.0000,7.5592
none,0,fixed,4.0,1,818,-6.5637,0.0000,1.0917
none,0,fixed,4.0,1,819,-7.2927,0.0000,0.1711
none,0,fixed,4.0,1,820,-3.8450,0.0000,4.1260
none,0,fixed,4.0,1,821,-11.9675,0.0000,0.6712
none,0,fixed,4.0,1,822,-4.5065,0.0000,2.5895
none,0,fixed,4.0,1,823,-7.0477,0.0000,0.4160
none,0,fixed,4.0,1,824,-2.3237,0.0000,2.6892
none,0,fixed,4.0,1,825,0.1476,0.0000,2.4562
none,0,fixed,4.0,1,826,1.9496,0.0000,4.6237
none,0,fixed,4.0,1,827,-13.6134,0.0000,-0.8015
none,0,fixed,4.0,1,828,-12.3236,0.0000,-0.1618
none,0,fixed,4.0,1,829,-4.7381,0.0000,1.2849
none,0,fixed,4.0,1,830,-7.0191,0.0000,2.1224
none,0,fixed,4.0,1,831,-13.9852,0.0000,1.2246
none,0,fixed,4.0,1,832,-6.8970,0.0000,1.3802
none,0,fixed,4.0,1,833,-16.0173,0.0000,0.6092
none,0,fixed,4.0,1,834,-2.4072,0.0000,1.8813
none,0,fixed,4.0,1,835,-11.4224,0.0000,0.2437
none,0,fixed,4.0,1,836,-6.4668,0.0000,1.7602
none,0,fixed,4.0,1,837,-8.1466,0.0000,3.4800
none,0,fixed,4.0,1,838,-5.2543,0.0000,1.4110
none,0,fixed,4.0,1,839,-4.9238,0.0000,0.2265
none,0,fixed,4.0,1,840,-5.6572,0.0000,1.2155
none,0,fixed,4.0,1,841,-5.1946,0.0000,3.6185
none,0,fixed,4.0,1,842,-6.5478,0.0000,1.8585
none,0,fixed,4.0,1,843,-10.0404,0.0000,4.5430
none,0,fixed,4.0,1,844,-0.7624,0.0000,2.0462
none,0,fixed,4.0,1,845,-9.4081,0.0000,1.6827
none,0,fixed,4.0,1,846,-13.5476,0.0000,1.5997
none,0,fixed,4.0,1,847,-18.1628,0.0000,-1.5725
none,0,fixed,4.0,1,848,1.1857,0.0000,3.8695
none,0,fixed,4.0,1,849,-10.6541,0.0000,2.0382
none,0,fixed,4.0,1,850,-0.3344,0.0000,2.6620
none,0,fixed,4.0,1,851,-0.7064,0.0000,3.7272
none,0,fixed,4.0,1,852,-7.4366,0.0000,0.4424
none,0,fixed,4.0,1,853,-7.7747,0.0000,2.2328
none,0,fixed,4.0,1,854,-8.1782,0.0000,2.3955
none,0,fixed,4.0,1,855,-12.2347,0.0000,0.9137
none,0,fixed,4.0,1,856,2.4666,0.0000,6.0935
none,0,fixed,4.0,1,857,-4.2018,0.0000,2.3847
none,0,fixed,4.0,1,858,-9.1100,0.0000,0.1117
none,0,fixed,4.0,1,859,-7.5940,0.0000,1.3869
none,0,fixed,4.0,1,860,-4.8417,0.0000,1.6785
none,0,fixed,4.0,1,861,-13.9061,0.0000,0.4554
none,0,fixed,4.0,1,862,-11.1563,0.0000,1.0864
none,0,fixed,4.0,1,863,-10.3148,0.0000,1.3715
none,0,fixed,4.0,1,864,-6.8028,0.0000,0.9012
none,0,fixed,4.0,1,865,-14.3885,0.0000,-1.0276
none,0,fixed,4.0,1,866,-12.3578,0.0000,1.6190
none,0,fixed,4.0,1,867,-5.8154,0.0000,0.3675
none,0,fixed,4.0,1,868,-12.3168,0.0000,0.0409
none,0,fixed,4.0,1,869,-8.5022,0.0000,3.7148
none,0,fixed,4.0,1,870,-5.4085,0.0000,0.8706
none,0,fixed,4.0,1,871,-6.7670,0.0000,2.2209
none,0,fixed,4.0,1,872,-6.3547,0.0000,1.2349
none,0,fixed,4.0,1,873,-3.8246,0.0000,1.5027
none,0,fixed,4.0,1,874,-8.1305,0.0000,3.9799
none,0,fixed,4.0,1,875,-7.4201,0.0000,-0.8690
none,0,fixed,4.0,1,876,-2.2878,0.0000,2.6741
none,0,fixed,4.0,1,877,-18.9218,0.0000,-0.9725
none,0,fixed,4.0,1,878,-4.7350,0.0000,1.2238
none,0,fixed,4.0,1,879,-0.8775,0.0000,3.1175
none,0,fixed,4.0,1,880,-6.2037,0.0000,1.6177
none,0,fixed,4.0,1,881,-13.8702,0.0000,-0.8047
none,0,fixed,4.0,1,882,-7.4116,0.0000,1.1102
none,0,fixed,4.0,1,883,-7.8328,0.0000,0.3350
none,0,fixed,4.0,1,884,-3.0847,0.0000,2.4820
none,0,fixed,4.0,1,885,-7.6772,0.0000,1.3910
none,0,fixed,4.0,1,886,-3.2189,0.0000,1.8608
none,0,fixed,4.0,1,887,-3.8433,0.0000,1.8678
none,0,fixed,4.0,1,888,-8.6187,0.0000,1.5432
none,0,fixed,4.0,1,889,-15.7315,0.0000,1.3826
none,0,fixed,4.0,1,890,-5.6727,0.0000,4.0868
none,0,fixed,4.0,1,891,-7.1894,0.0000,2.1479
none,0,fixed,4.0,1,892,-7.7033,0.0000,2.3467
none,0,fixed,4.0,1,893,-0.8559,0.0000,1.8378
none,0,fixed,4.0,1,894,-3.8800,0.0000,2.4649
none,0,fixed,4.0,1,895,-8.5749,0.0000,1.1587
none,0,fixed,4.0,1,896,-8.1722,0.0000,1.8230
none,0,fixed,4.0,1,897,-12.3995,0.0000,1.3351
none,0,fixed,4.0,1,898,-9.9980,0.0000,2.9248
none,0,fixed,4.0,1,899,-11.4317,0.0000,0.5328
none,0,fixed,4.0,1,900,3.5178,0.0000,4.4402
none,0,fixed,4.0,1,901,-13.2880,0.0000,0.2171
none,0,fixed,4.0,1,902,-3.4180,0.0000,0.8554
none,0,fixed,4.0,1,903,-9.4880,0.0000,1.2897
none,0,fixed,4.0,1,904,-2.5270,0.0000,6.6293
none,0,fixed,4.0,1,905,-4.7334,0.0000,2.4486
none,0,fixed,4.0,1,906,-3.3595,0.0000,2.2746
none,0,fixed,4.0,1,907,-14.6839,0.0000,-0.3987
none,0,fixed,4.0,1,908,-14.3719,0.0000,0.7131
none,0,fixed,4.0,1,909,-0.3000,0.0000,3.0528
none,0,fixed,4.0,1,910,-8.9964,0.0000,0.8623
none,0,fixed,4.0,1,911,-7.1053,0.0000,1.3051
none,0,fixed,4.0,1,912,-11.1339,0.0000,1.2631
none,0,fixed,4.0,1,913,-2.1476,0.0000,1.5631
none,0,fixed,4.0,1,914,1.6801,0.0000,3.6926
none,0,fixed,4.0,1,915,-10.0861,0.0000,1.4124
none,0,fixed,4.0,1,916,-2.5236,0.0000,3.0178
none,0,fixed,4.0,1,917,-5.3813,0.0000,2.3435
none,0,fixed,4.0,1,918,-10.6207,0.0000,0.4575
none,0,fixed,4.0,1,919,-7.8691,0.0000,3.0623
none,0,fixed,4.0,1,920,-12.6406,0.0000,2.1205
none,0,fixed,4.0,1,921,-1.5038,0.0000,2.7848
none,0,fixed,4.0,1,922,-7.7840,0.0000,2.2953
none,0,fixed,4.0,1,923,-5.2075,0.0000,1.6512
none,0,fixed,4.0,1,924,-8.4665,0.0000,0.8713
none,0,fixed,4.0,1,925,-13.4502,0.0000,0.9120
none,0,fixed,4.0,1,926,-9.6760,0.0000,0.5972
none,0,fixed,4.0,1,927,-6.9139,0.0000,3.1072
none,0,fixed,4.0,1,928,-9.7806,0.0000,0.5402
none,0,fixed,4.0,1,929,-15.6312,0.0000,-0.6383
none,0,fixed,4.0,1,930,-2.7510,0.0000,1.9455
none,0,fixed,4.0,1,931,-2.4451,0.0000,1.8519
none,0,fixed,4.0,1,932,-6.1841,0.0000,2.2533
none,0,fixed,4.0,1,933,-3.5581,0.0000,1.4436
none,0,fixed,4.0,1,934,-4.3726,0.0000,2.1195
none,0,fixed,4.0,1,935,-12.6956,0.0000,0.2205
none,0,fixed,4.0,1,936,-5.8309,0.0000,0.4317
none,0,fixed,4.0,1,937,-13.9272,0.0000,0.9556
none,0,fixed,4.0,1,938,-13.8370,0.0000,2.1219
none,0,fixed,4.0,1,939,-7.0418,0.0000,2.8185
none,0,fixed,4.0,1,940,-1.8076,0.0000,3.8220
none,0,fixed,4.0,1,941,-11.6260,0.0000,-0.1810
none,0,fixed,4.0,1,942,-5.9930,0.0000,5.2217
none,0,fixed,4.0,1,943,-8.5710,0.0000,3.3902
none,0,fixed,4.0,1,944,0.4579,0.0000,1.8164
none,0,fixed,4.0,1,945,-6.8384,0.0000,2.0280
none,0,fixed,4.0,1,946,-3.7958,0.0000,2.0078
none,0,fixed,4.0,1,947,-8.2703,0.0000,2.1189
none,0,fixed,4.0,1,948,-2.6862,0.0000,0.5729
none,0,fixed,4.0,1,949,-5.5450,0.0000,2.7725
none,0,fixed,4.0,1,950,-10.2555,0.0000,0.0595
none,0,fixed,4.0,1,951,-12.9060,0.0000,2.3547
none,0,fixed,4.0,1,952,-11.7526,0.0000,1.6317
none,0,fixed,4.0,1,953,-0.9728,0.0000,2.8277
none,0,fixed,4.0,1,954,-9.1605,0.0000,1.7092
none,0,fixed,4.0,1,955,-8.0019,0.0000,3.2845
none,0,fixed,4.0,1,956,-6.3101,0.0000,0.9620
none,0,fixed,4.0,1,957,-5.8837,0.0000,1.0396
none,0,fixed,4.0,1,958,1.8584,0.0000,3.3520
none,0,fixed,4.0,1,959,-11.5787,0.0000,-0.6108
none,0,fixed,4.0,1,960,-9.2761,0.0000,4.7880
none,0,fixed,4.0,1,961,-8.1504,0.0000,0.2748
none,0,fixed,4.0,1,962,-4.7301,0.0000,3.1401
none,0,fixed,4.0,1,963,-0.2828,0.0000,3.1065
none,0,fixed,4.0,1,964,-5.8570,0.0000,1.3933
none,0,fixed,4.0,1,965,0.3820,0.0000,2.7498
none,0,fixed,4.0,1,966,0.9396,0.0000,2.0990
none,0,fixed,4.0,1,967,-5.6120,0.0000,2.5466
none,0,fixed,4.0,1,968,-6.5292,0.0000,0.8312
none,0,fixed,4.0,1,969,-3.4970,0.0000,1.9399
none,0,fixed,4.0,1,970,-13.1154,0.0000,0.3757
none,0,fixed,4.0,1,971,-9.2614,0.0000,3.3142
none,0,fixed,4.0,1,972,-8.2768,0.0000,2.2952
none,0,fixed,4.0,1,973,-7.3280,0.0000,2.3482
none,0,fixed,4.0,1,974,-5.1871,0.0000,1.7884
none,0,fixed,4.0,1,975,-10.6175,0.0000,0.6660
none,0,fixed,4.0,1,976,3.0681,0.0000,3.4843
none,0,fixed,4.0,1,977,-11.5781,0.0000,0.5660
none,0,fixed,4.0,1,978,-3.7144,0.0000,0.5453
none,0,fixed,4.0,1,979,-7.1757,0.0000,3.4969
none,0,fixed,4.0,1,980,-10.8936,0.0000,2.1209
none,0,fixed,4.0,1,981,-6.7428,0.0000,0.6572
none,0,fixed,4.0,1,982,-5.2194,0.0000,1.9002
none,0,fixed,4.0,1,983,-9.0937,0.0000,1.6656
none,0,fixed,4.0,1,984,-6.9487,0.0000,2.5186
none,0,fixed,4.0,1,985,-13.6474,0.0000,-0.0411
none,0,fixed,4.0,1,986,3.6258,0.0000,3.7769
none,0,fixed,4.0,1,987,-13.5227,0.0000,1.4447
none,0,fixed,4.0,1,988,-6.5599,0.0000,1.6698
none,0,fixed,4.0,1,989,-7.5322,0.0000,2.9309
none,0,fixed,4.0,1,990,-5.9677,0.0000,4.3933
none,0,fixed,4.0,1,991,-9.6923,0.0000,1.2307
none,0,fixed,4.0,1,992,-5.4756,0.0000,2.1475
none,0,fixed,4.0,1,993,-10.7340,0.0000,-0.0257
none,0,fixed,4.0,1,994,-8.4082,0.0000,1.1617
none,0,fixed,4.0,1,995,-5.0571,0.0000,2.1134
none,0,fixed,4.0,1,996,-4.8833,0.0000,0.0663
none,0,fixed,4.0,1,997,-1.5497,0.0000,2.4290
none,0,fixed,4.0,1,998,-6.8925,0.0000,-0.8457
none,0,fixed,4.0,1,999,-7.9116,0.0000,0.4022
none,0,fixed,4.0,1,1000,-7.8182,0.0000,2.1478
momentum,16,fixed,4.0,1,1,-5.8686,-20.8325,4.5173
momentum,16,fixed,4.0,1,2,4.1192,-11.9136,7.7169
momentum,16,fixed,4.0,1,3,18.1845,18.9634,-4.7446
momentum,16,fixed,4.0,1,4,-5.6470,-9.3071,4.3582
momentum,16,fixed,4.0,1,5,-3.7866,-33.3505,4.7516
momentum,16,fixed,4.0,1,6,0.8616,-16.7647,3.2705
momentum,16,fixed,4.0,1,7,9.9061,-18.1725,5.1738
momentum,16,fixed,4.0,1,8,2.2681,-25.6145,4.7779
momentum,16,fixed,4.0,1,9,-1.8607,-16.7678,4.5090
momentum,16,fixed,4.0,1,10,0.5750,-29.9385,6.5725
momentum,16,fixed,4.0,1,11,3.7657,-27.3438,3.0526
momentum,16,fixed,4.0,1,12,6.9217,-19.3829,5.2319
momentum,16,fixed,4.0,1,13,16.7295,-16.5011,3.4397
momentum,16,fixed,4.0,1,14,1.6013,-19.4493,3.7488
momentum,16,fixed,4.0,1,15,-1.4993,-24.0156,3.5339
momentum,16,fixed,4.0,1,16,7.4675,4.1086,0.3932
momentum,16,fixed,4.0,1,17,-1.2878,-25.7813,2.8138
momentum,16,fixed,4.0,1,18,0.6389,-19.5730,2.1701
momentum,16,fixed,4.0,1,19,5.8974,-18.7956,3.3393
momentum,16,fixed,4.0,1,20,-2.0909,-9.7446,2.4899
momentum,16,fixed,4.0,1,21,3.6191,-25.5624,4.3889
momentum,16,fixed,4.0,1,22,-5.0928,-27.8088,4.0956
momentum,16,fixed,4.0,1,23,0.7698,-12.8688,4.4373
momentum,16,fixed,4.0,1,24,2.0435,-19.2730,4.2956
momentum,16,fixed,4.0,1,25,2.7278,-25.3160,3.8495
momentum,16,fixed,4.0,1,26,5.6210,-23.8928,4.6752
momentum,16,fixed,4.0,1,27,5.6719,-20.3981,3.7054
momentum,16,fixed,4.0,1,28,10.7778,-10.5841,2.9050
momentum,16,fixed,4.0,1,29,3.4256,-26.2638,3.5768
momentum,16,fixed,4.0,1,30,6.0042,-17.3311,5.2612
momentum,16,fixed,4.0,1,31,-4.7492,-19.7936,3.5908
momentum,16,fixed,4.0,1,32,-9.8999,-18.5603,2.7096
momentum,16,fixed,4.0,1,33,582.4520,554.2043,357.8146
momentum,16,fixed,4.0,1,34,1.7168,-29.1062,4.3874
momentum,16,fixed,4.0,1,35,-1.9459,-34.5040,6.5758
momentum,16,fixed,4.0,1,36,-0.3425,-30.9444,3.8911
momentum,16,fixed,4.0,1,37,-0.5096,-6.7669,3.7088
momentum,16,fixed,4.0,1,38,7.9111,-24.7751,5.5466
momentum,16,fixed,4.0,1,39,5.9876,-12.8129,3.9442
momentum,16,fixed,4.0,1,40,-2.6873,-24.1189,4.8468
momentum,16,fixed,4.0,1,41,6.1582,-11.3760,3.3685
momentum,16,fixed,4.0,1,42,0.6321,-1.9327,0.7055
momentum,16,fixed,4.0,1,43,5.3420,-16.2187,5.6074
momentum,16,fixed,4.0,1,44,5.0411,-22.9389,5.1318
momentum,16,fixed,4.0,1,45,0.9386,-23.0012,2.9922
momentum,16,fixed,4.0,1,46,-0.6886,-27.0313,2.8603
momentum,16,fixed,4.0,1,47,-1.1678,-26.1532,3.5822
momentum,16,fixed,4.0,1,48,7.0819,-29.3100,5.4804
momentum,16,fixed,4.0,1,49,4.3790,-20.8841,5.4398
momentum,16,fixed,4.0,1,50,-8.9596,225.5501,-33.4644
momentum,16,fixed,4.0,1,51,11.1589,-23.0290,2.4470
momentum,16,fixed,4.0,1,52,5.9737,-25.3660,5.7196
momentum,16,fixed,4.0,1,53,1.6517,-23.6435,5.1691
momentum,16,fixed,4.0,1,54,-0.3955,-18.8106,4.9267
momentum,16,fixed,4.0,1,55,6.7385,-18.6137,4.3283
momentum,16,fixed,4.0,1,56,2.2077,-20.5968,7.0275
momentum,16,fixed,4.0,1,57,133.0893,138.3742,-21.1045
momentum,16,fixed,4.0,1,58,0.0469,-24.7351,4.7693
momentum,16,fixed,4.0,1,59,3.4798,-28.3422,3.8891
momentum,16,fixed,4.0,1,60,-1.2517,-22.6440,5.6611
momentum,16,fixed,4.0,1,61,8.5487,-18.7149,5.4466
momentum,16,fixed,4.0,1,62,-2.2379,-27.9361,4.9355
momentum,16,fixed,4.0,1,63,2.0222,-26.7632,5.7055
momentum,16,fixed,4.0,1,64,-3.5684,-17.7814,2.7591
momentum,16,fixed,4.0,1,65,3.8711,-15.2040,5.0988
momentum,16,fixed,4.0,1,66,8.8868,-26.5915,2.5879
momentum,16,fixed,4.0,1,67,-3.2453,-21.1179,2.7046
momentum,16,fixed,4.0,1,68,1.4866,-24.1143,4.0630
momentum,16,fixed,4.0,1,69,3.4318,-15.8059,5.2879
momentum,16,fixed,4.0,1,70,8.1679,-19.0031,4.1316
momentum,16,fixed,4.0,1,71,4.5226,-24.6412,7.5938
momentum,16,fixed,4.0,1,72,-4.9904,-9.5469,5.1480
momentum,16,fixed,4.0,1,73,-4.7291,-15.5808,3.2616
momentum,16,fixed,4.0,1,74,-10.7391,-24.1690,4.0832
momentum,16,fixed,4.0,1,75,3.0456,-27.7481,4.8428
momentum,16,fixed,4.0,1,76,2.5080,-23.8058,3.5228
momentum,16,fixed,4.0,1,77,1.1045,-15.7681,6.6380
momentum,16,fixed,4.0,1,78,2.8487,-10.0673,2.6763
momentum,16,fixed,4.0,1,79,-9.0104,-16.6027,2.7501
momentum,16,fixed,4.0,1,80,-5.4493,-27.4562,4.4034
momentum,16,fixed,4.0,1,81,-5.1733,-7.9516,2.5993
momentum,16,fixed,4.0,1,82,19.8624,-2.2504,0.0662
momentum,16,fixed,4.0,1,83,7.0315,-15.8710,2.9895
momentum,16,fixed,4.0,1,84,1.6180,-23.4216,5.7931
momentum,16,fixed,4.0,1,85,4.5344,-25.1225,5.7885
momentum,16,fixed,4.0,1,86,2.2566,-15.1686,3.3380
momentum,16,fixed,4.0,1,87,-3.8700,-30.4893,5.1201
momentum,16,fixed,4.0,1,88,9.1409,-24.9092,2.4311
momentum,16,fixed,4.0,1,89,4.5672,-24.8247,5.1721
momentum,16,fixed,4.0,1,90,5.5324,-19.1203,4.3736
momentum,16,fixed,4.0,1,91,2.8615,-20.6485,4.5325
momentum,16,fixed,4.0,1,92,-6.6598,-22.2359,3.7787
momentum,16,fixed,4.0,1,93,3.1815,-17.7932,5.6672
momentum,16,fixed,4.0,1,94,-1.4405,-12.6932,3.6562
momentum,16,fixed,4.0,1,95,3.9959,-16.7330,1.5905
momentum,16,fixed,4.0,1,96,1.6553,-27.3577,3.4174
momentum,16,fixed,4.0,1,97,116.0961,355.0930,135.0322
momentum,16,fixed,4.0,1,98,-0.0690,-24.1190,2.1426
momentum,16,fixed,4.0,1,99,4.4751,-15.1383,5.7764
momentum,16,fixed,4.0,1,100,10.7276,-17.1087,3.6938
momentum,16,fixed,4.0,1,101,13.2791,-23.5558,2.9463
momentum,16,fixed,4.0,1,102,3.0428,-16.6638,4.0393
momentum,16,fixed,4.0,1,103,3.9900,-7.1946,2.3291
momentum,16,fixed,4.0,1,104,-1.5229,-24.4141,3.9563
momentum,16,fixed,4.0,1,105,3.6962,-21.3762,5.4381
momentum,16,fixed,4.0,1,106,-0.8394,-4.4083,3.6322
momentum,16,fixed,4.0,1,107,2.8851,-34.7849,5.0293
momentum,16,fixed,4.0,1,108,-0.4032,-16.9635,6.4893
momentum,16,fixed,4.0,1,109,10.2042,-15.5427,3.0129
momentum,16,fixed,4.0,1,110,1.6948,-14.8602,5.1509
momentum,16,fixed,4.0,1,111,-1.8610,-18.0747,5.6410
momentum,16,fixed,4.0,1,112,-1.5802,-18.3412,3.0956
momentum,16,fixed,4.0,1,113,-2.4251,-32.5269,2.9450
momentum,16,fixed,4.0,1,114,7.6014,-25.5985,4.4445
momentum,16,fixed,4.0,1,115,4.0231,-6.7916,2.7643
momentum,16,fixed,4.0,1,116,-0.2616,-6.1273,-0.3866
momentum,16,fixed,4.0,1,117,3.2753,-29.0333,5.1724
momentum,16,fixed,4.0,1,118,2.0779,-24.3770,6.5583
momentum,16,fixed,4.0,1,119,4.6669,-9.2295,3.1776
momentum,16,fixed,4.0,1,120,1.0516,-26.8420,4.7966
momentum,16,fixed,4.0,1,121,2.8218,-21.9081,4.9694
momentum,16,fixed,4.0,1,122,7.2556,-22.7758,3.4665
momentum,16,fixed,4.0,1,123,-41.3639,19.5101,12.2885
momentum,16,fixed,4.0,1,124,4.7132,-25.1265,5.5809
momentum,16,fixed,4.0,1,125,2.0203,-19.5682,5.5004
momentum,16,fixed,4.0,1,126,5.4303,-16.0386,3.3493
momentum,16,fixed,4.0,1,127,9.3264,-26.1232,5.7243
momentum,16,fixed,4.0,1,128,-4.7377,-21.4123,5.1926
momentum,16,fixed,4.0,1,129,2.4707,-22.7993,6.6967
momentum,16,fixed,4.0,1,130,4.9470,-20.4407,4.9925
momentum,16,fixed,4.0,1,131,1.8482,-20.8325,4.6097
momentum,16,fixed,4.0,1,132,1.8745,-13.0287,3.7858
momentum,16,fixed,4.0,1,133,10.3267,-14.1117,4.4261
momentum,16,fixed,4.0,1,134,10.5645,-7.2981,4.6254
momentum,16,fixed,4.0,1,135,2.4195,-24.5355,6.1625
momentum,16,fixed,4.0,1,136,6.3662,-12.0349,4.7997
momentum,16,fixed,4.0,1,137,0.5807,-5.7273,2.6110
momentum,16,fixed,4.0,1,138,4.8113,-15.8897,4.0822
momentum,16,fixed,4.0,1,139,13.4938,-14.3708,3.2018
momentum,16,fixed,4.0,1,140,-3.5477,-24.9988,3.0530
momentum,16,fixed,4.0,1,141,15.3349,-16.0436,1.7263
momentum,16,fixed,4.0,1,142,-2.0456,-25.2529,3.5568
momentum,16,fixed,4.0,1,143,1.8333,-17.1007,2.2480
momentum,16,fixed,4.0,1,144,-0.6626,-25.5345,3.0331
momentum,16,fixed,4.0,1,145,-4.7391,-23.9569,3.2370
momentum,16,fixed,4.0,1,146,2.0319,-13.9445,3.9663
momentum,16,fixed,4.0,1,147,3.3744,-20.7265,4.8317
momentum,16,fixed,4.0,1,148,40.8391,116.8551,-3.8331
momentum,16,fixed,4.0,1,149,0.0743,-16.8975,4.9252
momentum,16,fixed,4.0,1,150,-3.6279,-22.6461,3.0648
momentum,16,fixed,4.0,1,151,4.4705,-16.2822,2.8296
momentum,16,fixed,4.0,1,152,-5.3334,-26.5843,5.0335
momentum,16,fixed,4.0,1,153,5.0123,-26.0844,3.7638
momentum,16,fixed,4.0,1,154,9.1906,-18.9913,2.4755
momentum,16,fixed,4.0,1,155,-7.0053,209.9471,-26.6751
momentum,16,fixed,4.0,1,156,-1.8874,-30.5222,5.0503
momentum,16,fixed,4.0,1,157,6.7249,-25.6770,2.1859
momentum,16,fixed,4.0,1,158,-3.0222,-29.3609,5.1364
momentum,16,fixed,4.0,1,159,-4.9408,-19.7477,1.9399
momentum,16,fixed,4.0,1,160,-4.5791,-20.6227,3.7332
momentum,16,fixed,4.0,1,161,1.7762,3.3285,1.8417
momentum,16,fixed,4.0,1,162,61.4183,306.2499,7.9789
momentum,16,fixed,4.0,1,163,-4.0949,-23.7012,3.8888
momentum,16,fixed,4.0,1,164,1.5857,-5.5049,3.9677
momentum,16,fixed,4.0,1,165,2.4324,-24.0474,2.3382
momentum,16,fixed,4.0,1,166,4.7415,-27.2399,6.6151
momentum,16,fixed,4.0,1,167,3.0202,-24.9193,4.1138
momentum,16,fixed,4.0,1,168,6.7700,-16.5855,4.1865
momentum,16,fixed,4.0,1,169,-3.2445,-15.0434,4.3895
momentum,16,fixed,4.0,1,170,0.4296,-28.4111,5.7088
momentum,16,fixed,4.0,1,171,1.7090,-20.3403,1.3831
momentum,16,fixed,4.0,1,172,4.7528,-10.1948,4.9237
momentum,16,fixed,4.0,1,173,1.4366,-10.2202,3.6715
momentum,16,fixed,4.0,1,174,-1.8002,-23.8830,4.2626
momentum,16,fixed,4.0,1,175,2.0245,-18.1937,4.5170
momentum,16,fixed,4.0,1,176,2.2196,-26.4702,2.6616
momentum,16,fixed,4.0,1,177,1.3454,-18.4979,3.2521
momentum,16,fixed,4.0,1,178,-0.9918,-27.8905,6.6722
momentum,16,fixed,4.0,1,179,1.8385,-28.5526,5.7413
momentum,16,fixed,4.0,1,180,-0.4668,-17.3490,4.4369
momentum,16,fixed,4.0,1,181,-4.0843,-22.1916,7.3002
momentum,16,fixed,4.0,1,182,6.8087,-2.8159,2.7199
momentum,16,fixed,4.0,1,183,8.3322,-14.7914,6.3061
momentum,16,fixed,4.0,1,184,7.3659,-24.2963,4.0894
momentum,16,fixed,4.0,1,185,4.6165,-12.2337,1.6573
momentum,16,fixed,4.0,1,186,2.2978,-20.9362,2.1623
momentum,16,fixed,4.0,1,187,-2.0199,-28.1691,5.2145
momentum,16,fixed,4.0,1,188,5.5036,-21.4200,3.5784
momentum,16,fixed,4.0,1,189,11.7429,35.9483,-4.3873
momentum,16,fixed,4.0,1,190,5.4715,-25.8640,4.4465
momentum,16,fixed,4.0,1,191,6.6840,-16.5292,4.4667
momentum,16,fixed,4.0,1,192,7.6519,-36.1549,4.2135
momentum,16,fixed,4.0,1,193,0.6915,-26.2002,6.1286
momentum,16,fixed,4.0,1,194,-2.3691,-26.2639,4.5411
momentum,16,fixed,4.0,1,195,5.1715,-25.0519,5.9619
momentum,16,fixed,4.0,1,196,8.0881,-21.2697,7.7362
momentum,16,fixed,4.0,1,197,-3.7061,-20.7925,4.5800
momentum,16,fixed,4.0,1,198,4.7843,-19.7479,4.4098
momentum,16,fixed,4.0,1,199,-4.0002,-29.6547,5.2534
momentum,16,fixed,4.0,1,200,-3.8046,-27.6470,5.3148
momentum,16,fixed,4.0,1,201,7.2826,-14.8166,2.6629
momentum,16,fixed,4.0,1,202,21.4104,420.7019,-34.2246
momentum,16,fixed,4.0,1,203,4.2639,-23.2524,5.3252
momentum,16,fixed,4.0,1,204,-2.9117,-35.3406,5.7846
momentum,16,fixed,4.0,1,205,-7.2154,-27.1258,4.7950
momentum,16,fixed,4.0,1,206,4.7730,-29.1367,3.5254
momentum,16,fixed,4.0,1,207,10.9440,-17.0747,4.8753
momentum,16,fixed,4.0,1,208,-6.4902,-24.3953,3.3075
momentum,16,fixed,4.0,1,209,-20.5763,-17.3939,2.0462
momentum,16,fixed,4.0,1,210,-6.6375,-29.8591,2.0977
momentum,16,fixed,4.0,1,211,19.7046,-15.9710,1.5042
momentum,16,fixed,4.0,1,212,4.1330,-20.2738,4.8483
momentum,16,fixed,4.0,1,213,-2.4539,-17.0738,3.7157
momentum,16,fixed,4.0,1,214,4.2395,-17.2201,2.8257
momentum,16,fixed,4.0,1,215,3.0734,-20.9446,3.5182
momentum,16,fixed,4.0,1,216,138.7416,451.4259,99.9717
momentum,16,fixed,4.0,1,217,10.2500,-21.3250,1.5598
momentum,16,fixed,4.0,1,218,1.0020,-25.4188,4.5022
momentum,16,fixed,4.0,1,219,2.1906,-30.4643,5.5522
momentum,16,fixed,4.0,1,220,-4.0255,-30.4846,4.8701
momentum,16,fixed,4.0,1,221,1.8201,57.0278,12.8519
momentum,16,fixed,4.0,1,222,7.2216,-26.6723,5.9616
momentum,16,fixed,4.0,1,223,1.0677,-31.3920,4.8085
momentum,16,fixed,4.0,1,224,1.7291,-20.3175,5.9595
momentum,16,fixed,4.0,1,225,6.3781,-28.1758,5.5324
momentum,16,fixed,4.0,1,226,-2.7848,-26.1301,5.6751
momentum,16,fixed,4.0,1,227,8.5326,-23.7522,2.5459
momentum,16,fixed,4.0,1,228,7.7941,-19.6807,5.8578
momentum,16,fixed,4.0,1,229,1.7006,-16.0130,3.6660
momentum,16,fixed,4.0,1,230,-2.2430,-14.8052,2.6852
momentum,16,fixed,4.0,1,231,3.0685,-17.0006,3.7871
momentum,16,fixed,4.0,1,232,-3.1359,-24.5517,3.0896
momentum,16,fixed,4.0,1,233,5.7882,-24.9201,3.3954
momentum,16,fixed,4.0,1,234,-0.3972,-27.9894,2.6794
momentum,16,fixed,4.0,1,235,4.6649,-26.0465,5.7690
momentum,16,fixed,4.0,1,236,-4.7226,-16.1456,1.9851
momentum,16,fixed,4.0,1,237,8.6926,-18.8001,3.8998
momentum,16,fixed,4.0,1,238,4.3613,-29.4869,6.1993
momentum,16,fixed,4.0,1,239,2.0823,-14.3597,4.7326
momentum,16,fixed,4.0,1,240,2.2304,-24.1163,4.9256
momentum,16,fixed,4.0,1,241,4.9884,-26.2613,4.6395
momentum,16,fixed,4.0,1,242,4.6999,-29.6369,6.0464
momentum,16,fixed,4.0,1,243,6.5605,-20.9295,5.2542
momentum,16,fixed,4.0,1,244,5.4552,-21.5365,4.9258
momentum,16,fixed,4.0,1,245,169.5260,166.8220,146.2447
momentum,16,fixed,4.0,1,246,3.2946,-19.2967,6.2674
momentum,16,fixed,4.0,1,247,-4.3984,-17.8517,6.4502
momentum,16,fixed,4.0,1,248,1.5227,-32.2638,3.8516
momentum,16,fixed,4.0,1,249,2.8114,-23.3640,4.2704
momentum,16,fixed,4.0,1,250,7.5803,-16.6300,3.9743
momentum,16,fixed,4.0,1,251,14.4730,-9.3019,2.3802
momentum,16,fixed,4.0,1,252,3.5555,19.9815,-1.6031
momentum,16,fixed,4.0,1,253,3.6987,-25.3186,5.1397
momentum,16,fixed,4.0,1,254,-3.0069,-22.7799,4.5146
momentum,16,fixed,4.0,1,255,12.0534,-21.9058,2.7795
momentum,16,fixed,4.0,1,256,4.7287,-17.0977,3.9727
momentum,16,fixed,4.0,1,257,31.1975,203.5644,-39.9704
momentum,16,fixed,4.0,1,258,4.0124,-25.9234,5.8221
momentum,16,fixed,4.0,1,259,-6.1503,-2.8507,1.3843
momentum,16,fixed,4.0,1,260,2.9391,-15.4420,4.4963
momentum,16,fixed,4.0,1,261,1.1414,-28.5030,5.3765
momentum,16,fixed,4.0,1,262,-1.9812,-28.3378,4.4622
momentum,16,fixed,4.0,1,263,-8.6968,-31.1670,4.4809
momentum,16,fixed,4.0,1,264,8.7502,-25.7750,3.9670
momentum,16,fixed,4.0,1,265,-6.2513,-30.5496,2.6752
momentum,16,fixed,4.0,1,266,-7.8177,-25.4677,4.1261
momentum,16,fixed,4.0,1,267,-0.9988,-13.7989,4.4792
momentum,16,fixed,4.0,1,268,-6.8599,-28.4245,3.6260
momentum,16,fixed,4.0,1,269,-2.9220,-27.4770,4.0284
momentum,16,fixed,4.0,1,270,67.5773,210.2976,14.6959
momentum,16,fixed,4.0,1,271,-0.9807,-15.7049,3.5821
momentum,16,fixed,4.0,1,272,11.4153,-14.3295,4.2933
momentum,16,fixed,4.0,1,273,10.0465,-9.8674,6.0961
momentum,16,fixed,4.0,1,274,7.6257,-15.4776,2.2016
momentum,16,fixed,4.0,1,275,-0.1402,-22.6898,3.7738
momentum,16,fixed,4.0,1,276,2.4297,-11.4347,4.8143
momentum,16,fixed,4.0,1,277,24.6321,104.1763,-20.4692
momentum,16,fixed,4.0,1,278,4.7495,-15.0234,1.6001
momentum,16,fixed,4.0,1,279,-2.3644,-27.2188,3.9969
momentum,16,fixed,4.0,1,280,2.0105,-9.7663,2.8544
momentum,16,fixed,4.0,1,281,2.0121,-24.5007,4.7871
momentum,16,fixed,4.0,1,282,-3.8818,-26.7375,3.5955
momentum,16,fixed,4.0,1,283,8.3847,-16.2825,2.6068
momentum,16,fixed,4.0,1,284,21.0938,-19.9793,-0.2898
momentum,16,fixed,4.0,1,285,-1.9034,-25.1660,3.0209
momentum,16,fixed,4.0,1,286,0.9036,-8.6925,2.7338
momentum,16,fixed,4.0,1,287,0.5831,-22.2671,4.2166
momentum,16,fixed,4.0,1,288,-0.0526,-19.8780,5.0279
momentum,16,fixed,4.0,1,289,8.6716,-22.3663,3.7798
momentum,16,fixed,4.0,1,290,-1.8750,-20.2224,5.8667
momentum,16,fixed,4.0,1,291,0.5275,-25.7171,1.7585
momentum,16,fixed,4.0,1,292,2.3100,-16.8701,2.2927
momentum,16,fixed,4.0,1,293,-5.5192,-26.6128,2.9597
momentum,16,fixed,4.0,1,294,10.9564,-20.3667,1.5020
momentum,16,fixed,4.0,1,295,-0.7830,-21.0798,4.1892
momentum,16,fixed,4.0,1,296,7.4623,-22.3527,4.6063
momentum,16,fixed,4.0,1,297,9.5423,-20.9491,4.5511
momentum,16,fixed,4.0,1,298,-2.1239,-3.8392,4.7760
momentum,16,fixed,4.0,1,299,8.5426,-19.1471,1.7005
momentum,16,fixed,4.0,1,300,-3.4491,-29.7569,5.3685
momentum,16,fixed,4.0,1,301,2.7359,-24.8351,2.8522
momentum,16,fixed,4.0,1,302,7.6763,-3.0713,2.2396
momentum,16,fixed,4.0,1,303,-0.1068,-18.3239,6.6367
momentum,16,fixed,4.0,1,304,3.9163,-9.4768,4.2036
momentum,16,fixed,4.0,1,305,7.4446,-22.7600,3.3501
momentum,16,fixed,4.0,1,306,19.6979,-20.5488,3.3073
momentum,16,fixed,4.0,1,307,3.3769,-31.1809,3.0061
momentum,16,fixed,4.0,1,308,5.3366,-18.4930,4.5803
momentum,16,fixed,4.0,1,309,3.3991,-7.9321,3.0295
momentum,16,fixed,4.0,1,310,3.2959,-28.4293,5.7977
momentum,16,fixed,4.0,1,311,1.1629,-14.3327,4.0486
momentum,16,fixed,4.0,1,312,-3.3454,-16.1461,4.3606
momentum,16,fixed,4.0,1,313,-1.2033,-23.9122,4.0198
momentum,16,fixed,4.0,1,314,92.4310,198.7970,24.9295
momentum,16,fixed,4.0,1,315,4.7391,-23.7721,4.5888
momentum,16,fixed,4.0,1,316,0.5371,-14.9795,3.4286
momentum,16,fixed,4.0,1,317,5.4134,-26.6650,2.4282
momentum,16,fixed,4.0,1,318,7.3312,-10.1026,7.8156
momentum,16,fixed,4.0,1,319,-5.3745,-19.1239,3.5415
momentum,16,fixed,4.0,1,320,8.0681,-26.8533,3.8393
momentum,16,fixed,4.0,1,321,0.5688,-23.5298,6.4984
momentum,16,fixed,4.0,1,322,115.8182,616.7094,69.5928
momentum,16,fixed,4.0,1,323,2.7012,-30.5460,4.8174
momentum,16,fixed,4.0,1,324,11.9564,-25.4811,4.1394
momentum,16,fixed,4.0,1,325,-2.4651,-23.1711,4.2861
momentum,16,fixed,4.0,1,326,-5.9606,-6.3290,3.0842
momentum,16,fixed,4.0,1,327,8.5406,-17.8289,5.2782
momentum,16,fixed,4.0,1,328,6.1478,-29.8543,4.5559
momentum,16,fixed,4.0,1,329,-3.0188,-24.7506,4.9609
momentum,16,fixed,4.0,1,330,-1.5940,-20.5922,1.5561
momentum,16,fixed,4.0,1,331,14.3461,-15.5519,3.7284
momentum,16,fixed,4.0,1,332,7.0415,-20.4417,4.3027
momentum,16,fixed,4.0,1,333,-5.3713,-22.5512,2.7240
momentum,16,fixed,4.0,1,334,2.3799,-25.0696,6.1830
momentum,16,fixed,4.0,1,335,10.6300,-8.2834,3.5420
momentum,16,fixed,4.0,1,336,1.2130,-24.3885,4.3130
momentum,16,fixed,4.0,1,337,-1.9702,-26.8540,1.7281
momentum,16,fixed,4.0,1,338,2.2663,-21.0452,3.2132
momentum,16,fixed,4.0,1,339,9.4554,-22.2012,5.9958
momentum,16,fixed,4.0,1,340,-0.1042,-24.2793,6.0378
momentum,16,fixed,4.0,1,341,3.0341,-14.0315,3.6894
momentum,16,fixed,4.0,1,342,1.5029,-28.1152,4.8974
momentum,16,fixed,4.0,1,343,14.3892,-14.1932,1.1056
momentum,16,fixed,4.0,1,344,7.7809,-16.0146,3.2439
momentum,16,fixed,4.0,1,345,9.1394,-22.7319,3.0688
momentum,16,fixed,4.0,1,346,7.7014,-18.9950,4.9254
momentum,16,fixed,4.0,1,347,-11.4748,-31.6631,3.0383
momentum,16,fixed,4.0,1,348,-11.7320,-21.5461,3.5017
momentum,16,fixed,4.0,1,349,6.2369,-23.3797,3.7582
momentum,16,fixed,4.0,1,350,10.0447,-11.4096,4.8187
momentum,16,fixed,4.0,1,351,-1.6342,-28.6686,3.8615
momentum,16,fixed,4.0,1,352,-3.5762,-26.4137,4.7854
momentum,16,fixed,4.0,1,353,147.6726,197.0663,103.3572
momentum,16,fixed,4.0,1,354,1.5206,-12.9055,2.7872
momentum,16,fixed,4.0,1,355,1.4114,-15.4539,5.3463
momentum,16,fixed,4.0,1,356,8.7659,-13.5969,5.1144
momentum,16,fixed,4.0,1,357,2.6422,-6.9907,2.7648
momentum,16,fixed,4.0,1,358,1.8298,-15.3149,2.7229
momentum,16,fixed,4.0,1,359,0.6334,-25.7593,4.0036
momentum,16,fixed,4.0,1,360,-6.2965,-17.8314,6.4351
momentum,16,fixed,4.0,1,361,7.2716,-16.3345,3.6189
momentum,16,fixed,4.0,1,362,9.0524,-20.1043,1.0146
momentum,16,fixed,4.0,1,363,-1.9657,-13.4437,4.5913
momentum,16,fixed,4.0,1,364,4.9908,-21.8633,7.4260
momentum,16,fixed,4.0,1,365,1.1424,-27.3816,2.3455
momentum,16,fixed,4.0,1,366,5.1680,-20.0881,3.0907
momentum,16,fixed,4.0,1,367,14.3816,-16.0831,5.0323
momentum,16,fixed,4.0,1,368,2.5419,-21.7261,3.7717
momentum,16,fixed,4.0,1,369,-4.9078,-29.0671,6.1496
momentum,16,fixed,4.0,1,370,8.5121,-21.2537,0.5518
momentum,16,fixed,4.0,1,371,-0.3344,-19.5948,5.5086
momentum,16,fixed,4.0,1,372,-2.7897,-21.7053,4.0611
momentum,16,fixed,4.0,1,373,-3.2269,-33.6704,3.6621
momentum,16,fixed,4.0,1,374,4.0377,-15.9590,3.2086
momentum,16,fixed,4.0,1,375,-2.5756,-20.2726,4.4750
momentum,16,fixed,4.0,1,376,-9.2761,-16.5609,0.4073
momentum,16,fixed,4.0,1,377,0.7920,-20.6423,6.2653
momentum,16,fixed,4.0,1,378,34.2842,213.5269,8.0847
momentum,16,fixed,4.0,1,379,2.6177,-7.7255,5.1925
momentum,16,fixed,4.0,1,380,22.1937,150.2046,7.5777
momentum,16,fixed,4.0,1,381,-0.0989,-19.3676,3.8181
momentum,16,fixed,4.0,1,382,-1.4619,-17.0822,4.0092
momentum,16,fixed,4.0,1,383,5.6411,-22.0576,3.9530
momentum,16,fixed,4.0,1,384,8.9545,-19.5927,4.3670
momentum,16,fixed,4.0,1,385,5.5609,-28.5851,6.0514
momentum,16,fixed,4.0,1,386,111.8545,224.7582,-15.2224
momentum,16,fixed,4.0,1,387,-1.1624,-19.3026,4.1078
momentum,16,fixed,4.0,1,388,-4.1014,-10.1866,3.1404
momentum,16,fixed,4.0,1,389,-7.4976,-23.0842,4.7490
momentum,16,fixed,4.0,1,390,4.4672,-15.1924,0.5256
momentum,16,fixed,4.0,1,391,4.3794,-17.3794,4.9078
momentum,16,fixed,4.0,1,392,-3.4781,-18.3408,4.2774
momentum,16,fixed,4.0,1,393,-3.9961,-20.8791,6.2927
momentum,16,fixed,4.0,1,394,17.9533,-1.5682,-0.5385
momentum,16,fixed,4.0,1,395,-10.8701,-20.8546,3.0094
momentum,16,fixed,4.0,1,396,-14.3907,-29.6654,4.3293
momentum,16,fixed,4.0,1,397,2.6666,-21.4185,6.8033
momentum,16,fixed,4.0,1,398,8.5239,-27.2727,3.9032
momentum,16,fixed,4.0,1,399,5.3947,-28.1119,4.8331
momentum,16,fixed,4.0,1,400,22.6161,325.7359,-19.5260
momentum,16,fixed,4.0,1,401,-3.7677,-38.0684,5.0117
momentum,16,fixed,4.0,1,402,57.6359,42.0568,-4.7176
momentum,16,fixed,4.0,1,403,0.6155,-30.5189,4.0508
momentum,16,fixed,4.0,1,404,-1.7426,-4.0661,1.4515
momentum,16,fixed,4.0,1,405,0.0020,-27.7568,3.2710
momentum,16,fixed,4.0,1,406,4.5421,-17.0873,2.7376
momentum,16,fixed,4.0,1,407,3.9473,-26.1765,4.6219
momentum,16,fixed,4.0,1,408,2.3324,-24.4250,5.3566
momentum,16,fixed,4.0,1,409,1.5429,-22.0161,4.4285
momentum,16,fixed,4.0,1,410,-36.6461,5.8082,12.1755
momentum,16,fixed,4.0,1,411,11.4288,-14.7551,1.1620
momentum,16,fixed,4.0,1,412,11.7844,-17.6893,2.0231
momentum,16,fixed,4.0,1,413,-2.0482,-18.3725,3.8880
momentum,16,fixed,4.0,1,414,-0.2819,-28.2379,4.5717
momentum,16,fixed,4.0,1,415,-14.1584,159.0261,-14.1385
momentum,16,fixed,4.0,1,416,225.0604,545.5346,126.1848
momentum,16,fixed,4.0,1,417,0.8123,-17.5891,3.2452
momentum,16,fixed,4.0,1,418,1.7986,-28.1485,4.0632
momentum,16,fixed,4.0,1,419,86.3739,208.0203,-28.2078
momentum,16,fixed,4.0,1,420,3.6869,-18.5825,3.8099
momentum,16,fixed,4.0,1,421,1.2648,-28.4983,3.1937
momentum,16,fixed,4.0,1,422,-2.3971,-27.3501,5.6559
momentum,16,fixed,4.0,1,423,8.8308,-3.2081,2.3589
momentum,16,fixed,4.0,1,424,5.0264,-30.6809,5.2945
momentum,16,fixed,4.0,1,425,-1.4858,-34.7327,4.4860
momentum,16,fixed,4.0,1,426,1.6106,-19.3197,3.1051
momentum,16,fixed,4.0,1,427,8.0821,-14.2426,3.2814
momentum,16,fixed,4.0,1,428,-5.7889,-28.7962,2.4896
momentum,16,fixed,4.0,1,429,-6.2821,-16.1800,3.4393
momentum,16,fixed,4.0,1,430,5.2642,-13.3619,4.5907
momentum,16,fixed,4.0,1,431,-4.9616,-22.5109,3.1408
momentum,16,fixed,4.0,1,432,-1.2391,-12.2851,1.7120
momentum,16,fixed,4.0,1,433,-1.3272,-29.5706,5.3946
momentum,16,fixed,4.0,1,434,3.2647,-17.1312,5.1569
momentum,16,fixed,4.0,1,435,6.6600,-18.0474,3.9748
momentum,16,fixed,4.0,1,436,2.3283,-29.4769,3.2727
momentum,16,fixed,4.0,1,437,14.9022,-19.1976,1.2148
momentum,16,fixed,4.0,1,438,5.3877,-11.5885,4.3348
momentum,16,fixed,4.0,1,439,-13.5608,62.1527,6.6401
momentum,16,fixed,4.0,1,440,7.7459,-36.0971,1.8811
momentum,16,fixed,4.0,1,441,12.1977,-24.2862,1.4200
momentum,16,fixed,4.0,1,442,8.3042,-24.9370,1.7521
momentum,16,fixed,4.0,1,443,-3.5806,-21.5862,5.5793
momentum,16,fixed,4.0,1,444,-3.0467,-24.6525,5.9243
momentum,16,fixed,4.0,1,445,1.5588,-26.9706,5.3344
momentum,16,fixed,4.0,1,446,0.8155,-29.5875,3.6140
momentum,16,fixed,4.0,1,447,4.9915,-20.9665,4.0189
momentum,16,fixed,4.0,1,448,8.2761,105.4634,-24.2057
momentum,16,fixed,4.0,1,449,8.0949,5.1328,0.4524
momentum,16,fixed,4.0,1,450,-3.3519,-30.3231,4.3567
momentum,16,fixed,4.0,1,451,8.3588,-17.3582,3.5160
momentum,16,fixed,4.0,1,452,5.4967,-29.1613,3.9378
momentum,16,fixed,4.0,1,453,-5.5276,-18.9412,4.5691
momentum,16,fixed,4.0,1,454,24.7287,411.1291,-52.2863
momentum,16,fixed,4.0,1,455,-3.3772,-19.8304,2.0487
momentum,16,fixed,4.0,1,456,-1.2566,-32.0158,3.9957
momentum,16,fixed,4.0,1,457,2.6802,-15.5094,1.6639
momentum,16,fixed,4.0,1,458,9.3227,-23.5258,2.3155
momentum,16,fixed,4.0,1,459,-5.1754,-11.8565,2.9208
momentum,16,fixed,4.0,1,460,0.2416,-27.8413,3.3295
momentum,16,fixed,4.0,1,461,5.7389,-19.5130,5.8326
momentum,16,fixed,4.0,1,462,1.0862,-21.0072,4.9387
momentum,16,fixed,4.0,1,463,10.8638,-12.6459,2.3315
momentum,16,fixed,4.0,1,464,1.5466,-21.6620,1.4329
momentum,16,fixed,4.0,1,465,-1.3054,-13.9317,3.9508
momentum,16,fixed,4.0,1,466,1.0653,-5.4749,2.6682
momentum,16,fixed,4.0,1,467,4.5492,-21.5898,1.5536
momentum,16,fixed,4.0,1,468,1.3900,-24.0101,4.2221
momentum,16,fixed,4.0,1,469,1.5666,-21.6698,3.8231
momentum,16,fixed,4.0,1,470,-0.0954,-19.4467,2.1443
momentum,16,fixed,4.0,1,471,-4.5362,-26.5567,2.1363
momentum,16,fixed,4.0,1,472,1.3723,-23.3823,5.3956
momentum,16,fixed,4.0,1,473,4.7561,-26.4944,3.4011
momentum,16,fixed,4.0,1,474,270.5449,854.6726,3.9214
momentum,16,fixed,4.0,1,475,-3.5188,-29.7916,4.8716
momentum,16,fixed,4.0,1,476,-5.0990,-22.8985,3.7860
momentum,16,fixed,4.0,1,477,2.6780,-20.0679,3.5649
momentum,16,fixed,4.0,1,478,4.4202,-25.4391,5.6967
momentum,16,fixed,4.0,1,479,6.3373,-26.2994,4.7735
momentum,16,fixed,4.0,1,480,-2.0598,-17.1538,3.6703
momentum,16,fixed,4.0,1,481,59.3707,61.6290,55.4206
momentum,16,fixed,4.0,1,482,-4.3976,-16.9002,1.3452
momentum,16,fixed,4.0,1,483,10.0260,-19.2935,3.8958
momentum,16,fixed,4.0,1,484,1.1398,-17.5600,3.6419
momentum,16,fixed,4.0,1,485,1.6086,-25.8804,4.1457
momentum,16,fixed,4.0,1,486,-0.1058,-26.9314,2.1877
momentum,16,fixed,4.0,1,487,3.9192,-31.6684,3.9500
momentum,16,fixed,4.0,1,488,6.8509,-29.4334,4.1273
momentum,16,fixed,4.0,1,489,4.9539,-21.1302,6.0991
momentum,16,fixed,4.0,1,490,-7.9485,-16.0410,1.9455
momentum,16,fixed,4.0,1,491,1.7846,-29.0678,2.9822
momentum,16,fixed,4.0,1,492,-3.2333,-24.9190,5.7540
momentum,16,fixed,4.0,1,493,63.0901,12.1514,-6.1295
momentum,16,fixed,4.0,1,494,-0.8834,-27.9233,4.0586
momentum,16,fixed,4.0,1,495,-4.1378,-23.3963,2.8784
momentum,16,fixed,4.0,1,496,1.7287,-22.8014,4.8776
momentum,16,fixed,4.0,1,497,1.3154,-18.5704,5.8304
momentum,16,fixed,4.0,1,498,6.9848,-21.0505,4.6954
momentum,16,fixed,4.0,1,499,-2.0735,-26.4257,5.1884
momentum,16,fixed,4.0,1,500,10.8096,-25.5977,3.3253
momentum,16,fixed,4.0,1,501,2.4832,-27.5044,4.2133
momentum,16,fixed,4.0,1,502,5.1955,-21.4807,5.4091
momentum,16,fixed,4.0,1,503,1.6862,-34.3953,5.0993
momentum,16,fixed,4.0,1,504,2.3012,-31.6291,4.4613
momentum,16,fixed,4.0,1,505,9.4935,-19.1014,5.6972
momentum,16,fixed,4.0,1,506,2.1198,-22.2251,4.1519
momentum,16,fixed,4.0,1,507,-1.0979,-26.0348,4.6124
momentum,16,fixed,4.0,1,508,-7.2973,-12.4576,1.7955
momentum,16,fixed,4.0,1,509,3.9826,-23.3480,4.9724
momentum,16,fixed,4.0,1,510,3.0766,-16.4895,2.8286
momentum,16,fixed,4.0,1,511,-5.7026,-22.7328,4.5796
momentum,16,fixed,4.0,1,512,9.6032,-12.3509,4.2080
momentum,16,fixed,4.0,1,513,2.0939,-19.5552,4.7445
momentum,16,fixed,4.0,1,514,1.1317,-28.7831,4.7395
momentum,16,fixed,4.0,1,515,8.8703,-19.3446,3.4276
momentum,16,fixed,4.0,1,516,-1.3298,-18.2943,2.6554
momentum,16,fixed,4.0,1,517,3.7117,-17.1971,2.6270
momentum,16,fixed,4.0,1,518,0.6434,-18.1570,5.7579
momentum,16,fixed,4.0,1,519,-0.5367,-27.0871,4.1665
momentum,16,fixed,4.0,1,520,-3.6923,-24.6511,3.8848
momentum,16,fixed,4.0,1,521,4.1778,-22.4349,4.2735
momentum,16,fixed,4.0,1,522,7.2042,-25.5371,5.7712
momentum,16,fixed,4.0,1,523,-41.9693,-4.2256,11.9267
momentum,16,fixed,4.0,1,524,-2.3088,-31.2518,5.7170
momentum,16,fixed,4.0,1,525,7.9503,-22.9820,3.4179
momentum,16,fixed,4.0,1,526,-3.4715,-21.4106,3.2851
momentum,16,fixed,4.0,1,527,-3.4658,-31.2138,4.9193
momentum,16,fixed,4.0,1,528,4.8199,-27.8716,5.3929
momentum,16,fixed,4.0,1,529,7.9731,-12.5802,4.3890
momentum,16,fixed,4.0,1,530,2.3170,-8.0511,2.6574
momentum,16,fixed,4.0,1,531,0.8978,-20.5088,4.2985
momentum,16,fixed,4.0,1,532,4.4002,-21.8476,2.6660
momentum,16,fixed,4.0,1,533,3.2067,-29.3549,4.2931
momentum,16,fixed,4.0,1,534,-4.6205,-24.1771,3.8592
momentum,16,fixed,4.0,1,535,0.9452,-29.7671,3.8489
momentum,16,fixed,4.0,1,536,9.1500,-12.4540,0.6290
momentum,16,fixed,4.0,1,537,-4.9214,-30.0685,4.6114
momentum,16,fixed,4.0,1,538,12.0018,-21.8386,3.6451
momentum,16,fixed,4.0,1,539,4.2659,-28.1661,4.2522
momentum,16,fixed,4.0,1,540,1.5455,-18.8173,3.7834
momentum,16,fixed,4.0,1,541,-1.7236,-32.0216,4.7363
momentum,16,fixed,4.0,1,542,3.7098,-25.1208,6.4072
momentum,16,fixed,4.0,1,543,5.4592,-25.3523,2.4012
momentum,16,fixed,4.0,1,544,4.0043,-23.4522,2.9162
momentum,16,fixed,4.0,1,545,-2.5387,-20.9879,3.3377
momentum,16,fixed,4.0,1,546,-2.7440,-26.4635,5.5737
momentum,16,fixed,4.0,1,547,1.2742,-18.3898,6.8470
momentum,16,fixed,4.0,1,548,1.2730,-22.7132,2.9205
momentum,16,fixed,4.0,1,549,2.8350,-29.9970,6.4033
momentum,16,fixed,4.0,1,550,6.1282,-23.2363,4.2086
momentum,16,fixed,4.0,1,551,7.5869,-21.4731,1.7569
momentum,16,fixed,4.0,1,552,5.1487,-13.7648,6.2820
momentum,16,fixed,4.0,1,553,17.1166,-22.0153,0.5932
momentum,16,fixed,4.0,1,554,8.7012,-24.4994,4.1796
momentum,16,fixed,4.0,1,555,24.6795,-26.9583,0.9283
momentum,16,fixed,4.0,1,556,7.3446,-16.4010,5.1625
momentum,16,fixed,4.0,1,557,5.1876,-16.1291,1.3027
momentum,16,fixed,4.0,1,558,-0.9066,-10.0273,3.6867
momentum,16,fixed,4.0,1,559,7.1701,-17.3735,3.3909
momentum,16,fixed,4.0,1,560,-13.8713,-33.5702,4.2139
momentum,16,fixed,4.0,1,561,-8.5579,-26.2896,6.7745
momentum,16,fixed,4.0,1,562,12.0777,-23.9191,6.2657
momentum,16,fixed,4.0,1,563,-0.5271,-27.9411,5.6995
momentum,16,fixed,4.0,1,564,4.0185,-18.5500,4.1463
momentum,16,fixed,4.0,1,565,-9.6972,-16.8653,2.6325
momentum,16,fixed,4.0,1,566,-3.9713,-31.9789,4.2986
momentum,16,fixed,4.0,1,567,1.8013,-22.0646,4.2833
momentum,16,fixed,4.0,1,568,4.9670,-19.6619,6.4282
momentum,16,fixed,4.0,1,569,1.5629,-14.8669,1.9949
momentum,16,fixed,4.0,1,570,-3.3276,-27.6419,3.8782
momentum,16,fixed,4.0,1,571,-0.2261,-22.9326,4.4096
momentum,16,fixed,4.0,1,572,945.1818,436.3816,549.2735
momentum,16,fixed,4.0,1,573,6.2446,-28.5682,5.0569
momentum,16,fixed,4.0,1,574,-24.7838,164.3147,-23.1456
momentum,16,fixed,4.0,1,575,-0.0367,-23.2122,2.9275
momentum,16,fixed,4.0,1,576,7.2368,-19.2424,0.9852
momentum,16,fixed,4.0,1,577,1.5490,-18.9207,4.3229
momentum,16,fixed,4.0,1,578,-1.0338,112.1119,-14.5678
momentum,16,fixed,4.0,1,579,2.4639,-15.4120,4.6478
momentum,16,fixed,4.0,1,580,-3.2325,-23.7574,4.0396
momentum,16,fixed,4.0,1,581,-19.1087,-34.1899,2.8084
momentum,16,fixed,4.0,1,582,-0.0853,-29.2070,5.7226
momentum,16,fixed,4.0,1,583,-13.2948,-31.9838,4.7608
momentum,16,fixed,4.0,1,584,1.1970,-25.2619,5.8182
momentum,16,fixed,4.0,1,585,7.1388,-20.3731,4.6930
momentum,16,fixed,4.0,1,586,41.3359,309.3955,-24.8236
momentum,16,fixed,4.0,1,587,8.3995,-18.8759,3.4822
momentum,16,fixed,4.0,1,588,0.4665,-18.1433,4.0009
momentum,16,fixed,4.0,1,589,-1.7553,-31.8401,4.7145
momentum,16,fixed,4.0,1,590,-4.6728,-18.8956,4.0308
momentum,16,fixed,4.0,1,591,23.9160,68.8785,-5.4550
momentum,16,fixed,4.0,1,592,6.8972,-17.4894,5.1122
momentum,16,fixed,4.0,1,593,8.1100,-15.3066,8.3372
momentum,16,fixed,4.0,1,594,-1.3276,-18.1721,3.2389
momentum,16,fixed,4.0,1,595,0.4121,-32.9757,3.2026
momentum,16,fixed,4.0,1,596,3.0234,-15.4230,3.6540
momentum,16,fixed,4.0,1,597,-6.9575,-36.7369,3.3146
momentum,16,fixed,4.0,1,598,-3.4022,-16.2586,3.1209
momentum,16,fixed,4.0,1,599,-4.7620,-29.8548,3.9552
momentum,16,fixed,4.0,1,600,-0.3465,-28.2017,3.6186
momentum,16,fixed,4.0,1,601,-3.1956,-24.9240,3.0961
momentum,16,fixed,4.0,1,602,12.8745,-4.2781,2.8182
momentum,16,fixed,4.0,1,603,21.8151,154.3219,-29.9570
momentum,16,fixed,4.0,1,604,3049.2742,5248.8745,150.4156
momentum,16,fixed,4.0,1,605,-1.4231,-16.3429,3.0048
momentum,16,fixed,4.0,1,606,-7.5389,-38.2061,5.5883
momentum,16,fixed,4.0,1,607,8.1343,-21.3656,6.4961
momentum,16,fixed,4.0,1,608,6.3411,-21.7744,6.4292
momentum,16,fixed,4.0,1,609,2.9084,-17.8497,6.1383
momentum,16,fixed,4.0,1,610,1.4393,-9.9598,4.5555
momentum,16,fixed,4.0,1,611,2.9449,-29.1922,4.6529
momentum,16,fixed,4.0,1,612,10.6925,-16.6621,-0.1465
momentum,16,fixed,4.0,1,613,3741.9253,7132.5950,-62.6796
momentum,16,fixed,4.0,1,614,3.6970,-25.0653,1.8878
momentum,16,fixed,4.0,1,615,-0.5869,-25.4014,5.5199
momentum,16,fixed,4.0,1,616,0.5654,-14.3873,5.5016
momentum,16,fixed,4.0,1,617,-7.0811,-23.3627,5.8031
momentum,16,fixed,4.0,1,618,5.4956,-15.1514,6.4554
momentum,16,fixed,4.0,1,619,-3.8326,-34.5503,3.7473
momentum,16,fixed,4.0,1,620,-9.8811,-20.1573,1.7919
momentum,16,fixed,4.0,1,621,-2.2227,-30.1446,4.6830
momentum,16,fixed,4.0,1,622,1.8002,-27.1062,5.0591
momentum,16,fixed,4.0,1,623,5.0044,9.7963,-0.3494
momentum,16,fixed,4.0,1,624,80.1278,93.2009,0.1334
momentum,16,fixed,4.0,1,625,-2.7072,-14.4963,2.4697
momentum,16,fixed,4.0,1,626,6.4706,-13.1150,4.1546
momentum,16,fixed,4.0,1,627,0.2185,-10.0874,1.4919
momentum,16,fixed,4.0,1,628,-10.0335,-21.9146,3.6709
momentum,16,fixed,4.0,1,629,0.5898,-26.4378,2.4391
momentum,16,fixed,4.0,1,630,-3.8303,-18.8425,4.2834
momentum,16,fixed,4.0,1,631,5.6817,-24.5647,4.2380
momentum,16,fixed,4.0,1,632,5.8191,-9.7188,4.4254
momentum,16,fixed,4.0,1,633,-2.8212,-36.0273,4.3720
momentum,16,fixed,4.0,1,634,5.5260,-12.4715,3.9759
momentum,16,fixed,4.0,1,635,6.1681,-20.5266,4.6804
momentum,16,fixed,4.0,1,636,2.4853,-18.7859,4.8478
momentum,16,fixed,4.0,1,637,-3.6871,-23.9072,3.7909
momentum,16,fixed,4.0,1,638,-2.4243,-24.3477,5.1662
momentum,16,fixed,4.0,1,639,-0.0646,-15.4291,2.8241
momentum,16,fixed,4.0,1,640,2.4148,-24.1668,4.7153
momentum,16,fixed,4.0,1,641,-0.3781,-19.5382,5.1431
momentum,16,fixed,4.0,1,642,6.9673,-20.1190,7.0671
momentum,16,fixed,4.0,1,643,4.2141,-16.5416,5.3143
momentum,16,fixed,4.0,1,644,6.0685,-11.4442,3.2636
momentum,16,fixed,4.0,1,645,5.5580,-23.1006,5.0729
momentum,16,fixed,4.0,1,646,4.6379,-19.4320,6.1461
momentum,16,fixed,4.0,1,647,1.5261,-26.2733,4.0833
momentum,16,fixed,4.0,1,648,8.9048,-7.8700,3.2683
momentum,16,fixed,4.0,1,649,4.0181,-26.5102,1.3852
momentum,16,fixed,4.0,1,650,6.3341,-21.4255,5.6698
momentum,16,fixed,4.0,1,651,9.0816,211.9102,-2.6272
momentum,16,fixed,4.0,1,652,1.4974,-24.4313,4.1505
momentum,16,fixed,4.0,1,653,4.0852,-18.5218,2.4452
momentum,16,fixed,4.0,1,654,0.7712,-28.4651,4.1519
momentum,16,fixed,4.0,1,655,9.3565,-15.3753,1.7897
momentum,16,fixed,4.0,1,656,-2.2257,-25.4408,2.7060
momentum,16,fixed,4.0,1,657,1.2594,-27.9739,4.0395
momentum,16,fixed,4.0,1,658,0.3827,-24.8374,5.1154
momentum,16,fixed,4.0,1,659,4.5791,-17.1929,6.2550
momentum,16,fixed,4.0,1,660,-5.5113,-18.4255,3.4837
momentum,16,fixed,4.0,1,661,-0.2116,-21.5240,4.2749
momentum,16,fixed,4.0,1,662,-4.8869,-17.3663,4.5763
momentum,16,fixed,4.0,1,663,5.7717,-19.3194,3.2910
momentum,16,fixed,4.0,1,664,1.7581,-33.0297,2.9505
momentum,16,fixed,4.0,1,665,-3.4808,-30.9849,5.9828
momentum,16,fixed,4.0,1,666,-4.3926,-25.5335,4.5974
momentum,16,fixed,4.0,1,667,0.0514,-29.3141,4.2185
momentum,16,fixed,4.0,1,668,0.2996,-25.0597,4.9954
momentum,16,fixed,4.0,1,669,1.0688,-23.4400,3.3335
momentum,16,fixed,4.0,1,670,12.1712,-12.4651,6.5988
momentum,16,fixed,4.0,1,671,13.2587,-11.7817,4.3425
momentum,16,fixed,4.0,1,672,6.5062,-29.8361,5.3044
momentum,16,fixed,4.0,1,673,9.6406,-19.0766,3.2754
momentum,16,fixed,4.0,1,674,0.1917,-13.7287,2.8593
momentum,16,fixed,4.0,1,675,-0.9728,-24.6760,4.7865
momentum,16,fixed,4.0,1,676,5.0941,-29.5460,4.5080
momentum,16,fixed,4.0,1,677,2.4096,-26.7447,2.8621
momentum,16,fixed,4.0,1,678,9.3109,-28.5932,3.6318
momentum,16,fixed,4.0,1,679,2.1531,-17.8136,4.7564
momentum,16,fixed,4.0,1,680,1.2872,-14.1575,4.6510
momentum,16,fixed,4.0,1,681,4.9540,-15.4446,3.2324
momentum,16,fixed,4.0,1,682,5.6234,-24.4647,5.6743
momentum,16,fixed,4.0,1,683,2.0064,-21.8732,2.4003
momentum,16,fixed,4.0,1,684,16.7599,-22.5054,2.6501
momentum,16,fixed,4.0,1,685,-1.5853,-26.4383,5.4968
momentum,16,fixed,4.0,1,686,-1.3454,-19.1487,5.4174
momentum,16,fixed,4.0,1,687,-5.9259,-20.8076,3.6719
momentum,16,fixed,4.0,1,688,1.0718,-26.4211,3.7985
momentum,16,fixed,4.0,1,689,-7.7068,-23.4988,6.0795
momentum,16,fixed,4.0,1,690,1.6915,-18.7111,4.0848
momentum,16,fixed,4.0,1,691,3.4994,-15.3993,1.8581
momentum,16,fixed,4.0,1,692,-2.9957,-27.8745,3.7226
momentum,16,fixed,4.0,1,693,-0.9810,-24.5065,5.6003
momentum,16,fixed,4.0,1,694,-1.1654,-23.9912,3.9303
momentum,16,fixed,4.0,1,695,7.3067,-13.1903,2.5677
momentum,16,fixed,4.0,1,696,1.0434,-24.3005,7.0749
momentum,16,fixed,4.0,1,697,-3.8945,-27.6295,4.9690
momentum,16,fixed,4.0,1,698,5.1777,-5.7279,4.4017
momentum,16,fixed,4.0,1,699,2.1994,-10.2216,3.4364
momentum,16,fixed,4.0,1,700,-0.0138,-26.2179,3.7452
momentum,16,fixed,4.0,1,701,10.3033,-18.4570,4.1021
momentum,16,fixed,4.0,1,702,-2.3667,-36.8012,2.3951
momentum,16,fixed,4.0,1,703,0.0385,-22.7233,3.7353
momentum,16,fixed,4.0,1,704,2.2064,-21.0445,3.8005
momentum,16,fixed,4.0,1,705,-3.7246,-21.2256,2.6488
momentum,16,fixed,4.0,1,706,-5.2122,-25.1902,4.3123
momentum,16,fixed,4.0,1,707,-0.9401,-17.7557,4.8754
momentum,16,fixed,4.0,1,708,5.6172,-17.1361,7.1478
momentum,16,fixed,4.0,1,709,-4.4140,-20.2785,4.2694
momentum,16,fixed,4.0,1,710,2.6394,-24.9057,3.5604
momentum,16,fixed,4.0,1,711,8.8971,-16.7962,7.4768
momentum,16,fixed,4.0,1,712,5.2928,-6.2010,4.0165
momentum,16,fixed,4.0,1,713,3.0564,-29.6107,3.5786
momentum,16,fixed,4.0,1,714,-5.5117,-20.3307,5.4719
momentum,16,fixed,4.0,1,715,0.0080,-25.1875,4.4489
momentum,16,fixed,4.0,1,716,7.9066,-9.2805,5.1436
momentum,16,fixed,4.0,1,717,9.1793,-24.4842,3.9049
momentum,16,fixed,4.0,1,718,-0.1841,55.2256,-6.3537
momentum,16,fixed,4.0,1,719,126.9424,143.5769,55.2452
momentum,16,fixed,4.0,1,720,-0.3601,-17.8188,4.0085
momentum,16,fixed,4.0,1,721,10.9873,-16.6150,4.4537
momentum,16,fixed,4.0,1,722,14.4535,-19.5240,2.7991
momentum,16,fixed,4.0,1,723,4.6798,-26.5244,3.2736
momentum,16,fixed,4.0,1,724,-3.9705,-26.5940,5.7076
momentum,16,fixed,4.0,1,725,0.1141,-30.7218,5.0565
momentum,16,fixed,4.0,1,726,-3.9284,-21.6213,1.9180
momentum,16,fixed,4.0,1,727,-2.7235,-24.0760,5.8074
momentum,16,fixed,4.0,1,728,-0.9901,-15.4985,2.2676
momentum,16,fixed,4.0,1,729,7.5368,-13.0915,5.3604
momentum,16,fixed,4.0,1,730,2.7850,-24.3336,4.2937
momentum,16,fixed,4.0,1,731,0.7800,-20.8659,3.1892
momentum,16,fixed,4.0,1,732,-1.4960,-18.3151,5.3987
momentum,16,fixed,4.0,1,733,1.2738,-19.3750,4.4698
momentum,16,fixed,4.0,1,734,3.1765,-23.8999,2.9242
momentum,16,fixed,4.0,1,735,-0.0176,-17.6663,2.9434
momentum,16,fixed,4.0,1,736,9.3345,-19.7984,4.7660
momentum,16,fixed,4.0,1,737,68.9944,109.3971,67.4648
momentum,16,fixed,4.0,1,738,-3.3220,-23.8165,2.6404
momentum,16,fixed,4.0,1,739,5.1897,-24.8671,3.3350
momentum,16,fixed,4.0,1,740,-3.4049,-16.2458,3.5013
momentum,16,fixed,4.0,1,741,2.8890,-23.4164,4.9517
momentum,16,fixed,4.0,1,742,3.2596,-24.5558,3.9751
momentum,16,fixed,4.0,1,743,4.2815,-8.2086,5.4683
momentum,16,fixed,4.0,1,744,0.8814,-20.2460,2.7898
momentum,16,fixed,4.0,1,745,-3.9240,-20.1390,4.6164
momentum,16,fixed,4.0,1,746,-7.2037,-28.7602,2.8043
momentum,16,fixed,4.0,1,747,3.9649,-14.6793,4.3848
momentum,16,fixed,4.0,1,748,6.4293,-24.7425,4.4079
momentum,16,fixed,4.0,1,749,1.1201,-10.8441,5.1774
momentum,16,fixed,4.0,1,750,-6.6038,-23.9686,4.1791
momentum,16,fixed,4.0,1,751,2.4492,-16.3761,2.4824
momentum,16,fixed,4.0,1,752,-2.4391,-17.1153,3.4370
momentum,16,fixed,4.0,1,753,6.5364,-26.2095,5.6279
momentum,16,fixed,4.0,1,754,6.6748,-23.4515,4.6093
momentum,16,fixed,4.0,1,755,-3.7552,-21.8970,3.8525
momentum,16,fixed,4.0,1,756,8.8107,-14.5844,7.3830
momentum,16,fixed,4.0,1,757,0.6857,-32.5853,5.3801
momentum,16,fixed,4.0,1,758,2.0341,-15.0998,4.7963
momentum,16,fixed,4.0,1,759,-1.9680,-21.0597,3.1073
momentum,16,fixed,4.0,1,760,1.4269,-20.7417,4.1124
momentum,16,fixed,4.0,1,761,2.3035,-22.1601,3.5416
momentum,16,fixed,4.0,1,762,-1.4171,-28.9303,4.2985
momentum,16,fixed,4.0,1,763,5.8407,-21.5640,1.0035
momentum,16,fixed,4.0,1,764,3.0341,-25.7675,5.9132
momentum,16,fixed,4.0,1,765,2.8834,-28.6247,5.2869
momentum,16,fixed,4.0,1,766,5.3904,-17.5977,3.1066
momentum,16,fixed,4.0,1,767,402.9612,279.8717,79.8074
momentum,16,fixed,4.0,1,768,10.1431,-24.4361,5.8751
momentum,16,fixed,4.0,1,769,-6.5173,-22.7274,3.4883
momentum,16,fixed,4.0,1,770,3.0346,-23.1521,3.0978
momentum,16,fixed,4.0,1,771,36.2566,133.0252,-24.4582
momentum,16,fixed,4.0,1,772,-6.3238,-20.7117,3.2498
momentum,16,fixed,4.0,1,773,6.0634,-24.8839,3.4847
momentum,16,fixed,4.0,1,774,15.7069,-15.3300,4.0449
momentum,16,fixed,4.0,1,775,-4.3865,-19.7489,3.3834
momentum,16,fixed,4.0,1,776,5.3719,-19.7770,5.3217
momentum,16,fixed,4.0,1,777,11.5304,-4.0856,5.5015
momentum,16,fixed,4.0,1,778,1.3308,-22.1282,4.6522
momentum,16,fixed,4.0,1,779,-0.6059,-24.3432,4.7942
momentum,16,fixed,4.0,1,780,1.2165,-13.2607,2.6357
momentum,16,fixed,4.0,1,781,-0.9436,-24.5997,5.3124
momentum,16,fixed,4.0,1,782,80.1401,381.3655,7.5447
momentum,16,fixed,4.0,1,783,11.1204,-19.2945,3.5762
momentum,16,fixed,4.0,1,784,5.1063,-16.9562,5.5207
momentum,16,fixed,4.0,1,785,3.5581,-17.9991,4.7135
momentum,16,fixed,4.0,1,786,5.7028,-20.4238,6.1763
momentum,16,fixed,4.0,1,787,71.3697,439.9885,-42.6268
momentum,16,fixed,4.0,1,788,-1.9060,-30.1105,4.5931
momentum,16,fixed,4.0,1,789,5.0577,-17.6711,3.9600
momentum,16,fixed,4.0,1,790,3.3732,-25.2146,5.4647
momentum,16,fixed,4.0,1,791,13.5926,-26.6101,2.9530
momentum,16,fixed,4.0,1,792,-0.1621,-23.6544,2.6091
momentum,16,fixed,4.0,1,793,9.2550,-12.2477,6.0416
momentum,16,fixed,4.0,1,794,12.4759,-9.0410,5.3214
momentum,16,fixed,4.0,1,795,-0.4821,-21.7236,5.6765
momentum,16,fixed,4.0,1,796,5.7425,-23.1930,4.5617
momentum,16,fixed,4.0,1,797,-0.3103,-28.7139,4.2469
momentum,16,fixed,4.0,1,798,-0.3781,-13.9647,5.5234
momentum,16,fixed,4.0,1,799,1.4893,-22.5080,2.7934
momentum,16,fixed,4.0,1,800,3.2289,-18.1960,3.3239
momentum,16,fixed,4.0,1,801,4.8505,-17.1302,3.8973
momentum,16,fixed,4.0,1,802,2.3716,-25.1971,5.9043
momentum,16,fixed,4.0,1,803,2.2015,-29.9772,2.8681
momentum,16,fixed,4.0,1,804,8.9124,-10.2651,3.4301
momentum,16,fixed,4.0,1,805,5.3530,-23.0821,7.0430
momentum,16,fixed,4.0,1,806,4.7349,-23.9705,4.3392
momentum,16,fixed,4.0,1,807,7.3764,-23.4364,2.4195
momentum,16,fixed,4.0,1,808,0.8005,-27.5990,5.3711
momentum,16,fixed,4.0,1,809,-4.4313,-5.2966,3.4092
momentum,16,fixed,4.0,1,810,2.5693,-21.1575,2.7657
momentum,16,fixed,4.0,1,811,6.1955,-15.2900,4.9350
momentum,16,fixed,4.0,1,812,4.9747,-27.4043,4.3505
momentum,16,fixed,4.0,1,813,2.0372,-17.1757,3.5704
momentum,16,fixed,4.0,1,814,-2.1838,-28.3060,5.6823
momentum,16,fixed,4.0,1,815,3.1989,-19.7224,3.7947
momentum,16,fixed,4.0,1,816,8.9717,-16.1839,2.4395
momentum,16,fixed,4.0,1,817,5.6643,-2.9390,5.5272
momentum,16,fixed,4.0,1,818,-3.1640,-19.5026,3.6947
momentum,16,fixed,4.0,1,819,2.9886,-29.0820,4.0068
momentum,16,fixed,4.0,1,820,0.2816,-15.9285,5.7254
momentum,16,fixed,4.0,1,821,0.4748,-15.5616,1.0469
momentum,16,fixed,4.0,1,822,3.0887,-26.5588,5.0159
momentum,16,fixed,4.0,1,823,5.4090,-20.3072,2.2384
momentum,16,fixed,4.0,1,824,5.9922,-14.3300,3.2383
momentum,16,fixed,4.0,1,825,9.3640,-24.6565,5.5200
momentum,16,fixed,4.0,1,826,12.7636,-17.7216,5.8093
momentum,16,fixed,4.0,1,827,-1.4990,-24.8437,1.4370
momentum,16,fixed,4.0,1,828,-5.0298,-26.8129,2.6443
momentum,16,fixed,4.0,1,829,5.0617,-21.7174,2.4499
momentum,16,fixed,4.0,1,830,11.2983,-20.9342,3.2952
momentum,16,fixed,4.0,1,831,119.9268,412.1893,-5.1106
momentum,16,fixed,4.0,1,832,6.0893,-21.8848,3.4341
momentum,16,fixed,4.0,1,833,-1.5030,-23.0203,2.8320
momentum,16,fixed,4.0,1,834,-1.5865,-21.0180,5.4750
momentum,16,fixed,4.0,1,835,3.5602,-27.4354,1.4427
momentum,16,fixed,4.0,1,836,-6.7460,-19.6111,4.9264
momentum,16,fixed,4.0,1,837,0.1939,-19.9598,4.4579
momentum,16,fixed,4.0,1,838,8.4528,-26.5020,3.9928
momentum,16,fixed,4.0,1,839,8.4514,-25.2844,3.5653
momentum,16,fixed,4.0,1,840,1.6961,-21.6990,3.9188
momentum,16,fixed,4.0,1,841,4.5653,-22.4520,5.6908
momentum,16,fixed,4.0,1,842,4.7698,-17.1980,3.8682
momentum,16,fixed,4.0,1,843,16.2364,3.7028,-1.7508
momentum,16,fixed,4.0,1,844,2.7215,-26.3991,5.7707
momentum,16,fixed,4.0,1,845,-0.1194,-27.0036,3.9728
momentum,16,fixed,4.0,1,846,-1.6080,-20.3199,2.3541
momentum,16,fixed,4.0,1,847,-10.3033,-35.9190,3.6608
momentum,16,fixed,4.0,1,848,11.1265,-12.9211,3.9343
momentum,16,fixed,4.0,1,849,-4.5436,-26.1082,6.2255
momentum,16,fixed,4.0,1,850,2.0622,-21.8416,5.9841
momentum,16,fixed,4.0,1,851,4.0190,214.2963,-23.1319
momentum,16,fixed,4.0,1,852,0.6831,-24.3342,2.7658
momentum,16,fixed,4.0,1,853,7.5202,-16.4624,2.1254
momentum,16,fixed,4.0,1,854,-3.1729,-23.2464,5.0061
momentum,16,fixed,4.0,1,855,-5.4540,-24.4798,4.3419
momentum,16,fixed,4.0,1,856,9.2563,-6.2447,4.5821
momentum,16,fixed,4.0,1,857,17.4875,-9.5186,-0.4782
momentum,16,fixed,4.0,1,858,-1.6616,-21.0913,1.9912
momentum,16,fixed,4.0,1,859,0.1316,-14.5777,1.9444
momentum,16,fixed,4.0,1,860,1.1027,-22.1372,4.3218
momentum,16,fixed,4.0,1,861,-8.7401,-15.4005,2.3227
momentum,16,fixed,4.0,1,862,-4.2720,-25.3742,6.1161
momentum,16,fixed,4.0,1,863,5.1341,-19.0620,4.1043
momentum,16,fixed,4.0,1,864,-0.8163,-28.5532,4.6252
momentum,16,fixed,4.0,1,865,2.1265,-27.2105,0.9612
momentum,16,fixed,4.0,1,866,-4.3464,-24.0904,4.1031
momentum,16,fixed,4.0,1,867,0.2908,-30.0379,4.2412
momentum,16,fixed,4.0,1,868,-0.1284,-29.4472,3.9546
momentum,16,fixed,4.0,1,869,-0.3817,3.8673,2.5876
momentum,16,fixed,4.0,1,870,1.1401,-31.0738,5.8051
momentum,16,fixed,4.0,1,871,5.2015,-25.9511,3.4230
momentum,16,fixed,4.0,1,872,5.9839,-20.6478,4.4775
momentum,16,fixed,4.0,1,873,0.6853,-26.8517,6.0676
momentum,16,fixed,4.0,1,874,17.6863,-21.6548,1.9527
momentum,16,fixed,4.0,1,875,9.8849,-28.4922,2.7738
momentum,16,fixed,4.0,1,876,130.0817,351.5048,62.9447
momentum,16,fixed,4.0,1,877,5.0082,-28.7953,2.4779
momentum,16,fixed,4.0,1,878,1.8758,-26.4339,4.3410
momentum,16,fixed,4.0,1,879,25.7051,180.7865,-1.1088
momentum,16,fixed,4.0,1,880,1.1080,-23.2029,4.2004
momentum,16,fixed,4.0,1,881,-0.4471,-32.1899,3.0402
momentum,16,fixed,4.0,1,882,0.0658,-31.7539,5.3602
momentum,16,fixed,4.0,1,883,-0.2870,-23.2375,5.1350
momentum,16,fixed,4.0,1,884,7.3199,-16.7442,3.3364
momentum,16,fixed,4.0,1,885,3.0158,-19.1118,2.8876
momentum,16,fixed,4.0,1,886,2.5091,-27.0068,5.2068
momentum,16,fixed,4.0,1,887,2.1466,-25.2733,4.7850
momentum,16,fixed,4.0,1,888,0.5443,-17.6815,4.8470
momentum,16,fixed,4.0,1,889,-10.1862,-27.7980,5.7278
momentum,16,fixed,4.0,1,890,-36.5760,141.9740,-9.6245
momentum,16,fixed,4.0,1,891,6.1262,-13.5084,2.7153
momentum,16,fixed,4.0,1,892,-0.2206,-18.5121,4.8777
momentum,16,fixed,4.0,1,893,3.5283,-28.4399,6.5944
momentum,16,fixed,4.0,1,894,8.3787,-13.3795,3.1622
momentum,16,fixed,4.0,1,895,-4.9015,-27.6987,5.2301
momentum,16,fixed,4.0,1,896,-3.6469,-24.5056,5.1498
momentum,16,fixed,4.0,1,897,-1.2131,-28.6836,3.5231
momentum,16,fixed,4.0,1,898,0.3369,-25.0923,4.6326
momentum,16,fixed,4.0,1,899,-5.8864,-35.0896,5.3190
momentum,16,fixed,4.0,1,900,10.5886,-5.3297,5.2942
momentum,16,fixed,4.0,1,901,-6.3614,-26.9578,4.6550
momentum,16,fixed,4.0,1,902,0.2025,-28.8087,6.2972
momentum,16,fixed,4.0,1,903,-0.0932,-21.9264,5.0516
momentum,16,fixed,4.0,1,904,7.2258,-13.1590,6.2199
momentum,16,fixed,4.0,1,905,6.1060,-23.0332,5.3772
momentum,16,fixed,4.0,1,906,61.2862,85.5279,-0.2627
momentum,16,fixed,4.0,1,907,6.8808,-23.4026,3.4077
momentum,16,fixed,4.0,1,908,77.1729,239.4295,-6.4834
momentum,16,fixed,4.0,1,909,3.6051,-23.5313,6.0250
momentum,16,fixed,4.0,1,910,0.6917,-19.8581,2.9125
momentum,16,fixed,4.0,1,911,5.5517,-30.8253,4.9439
momentum,16,fixed,4.0,1,912,1.5647,-29.8072,4.9457
momentum,16,fixed,4.0,1,913,9.8462,-20.3334,3.8776
momentum,16,fixed,4.0,1,914,6.4530,-23.6414,6.4324
momentum,16,fixed,4.0,1,915,-26.8198,97.6314,-3.0894
momentum,16,fixed,4.0,1,916,5.5181,-22.8835,5.1319
momentum,16,fixed,4.0,1,917,2.7479,-25.1803,4.6904
momentum,16,fixed,4.0,1,918,-3.0476,-20.6279,2.5892
momentum,16,fixed,4.0,1,919,-0.5208,-20.5321,5.9340
momentum,16,fixed,4.0,1,920,3.3494,-25.0776,3.0055
momentum,16,fixed,4.0,1,921,11.4462,-17.5896,3.6013
momentum,16,fixed,4.0,1,922,-21.3759,66.3423,5.4554
momentum,16,fixed,4.0,1,923,9.0724,-23.9740,3.9876
momentum,16,fixed,4.0,1,924,0.3326,-22.6662,2.8635
momentum,16,fixed,4.0,1,925,-9.9026,-28.1504,5.0464
momentum,16,fixed,4.0,1,926,0.0960,-26.5772,4.9168
momentum,16,fixed,4.0,1,927,1.0836,-22.6135,4.8855
momentum,16,fixed,4.0,1,928,0.2445,-17.9846,3.4955
momentum,16,fixed,4.0,1,929,-6.5567,-20.3211,3.5180
momentum,16,fixed,4.0,1,930,6.1853,-18.9994,3.8600
momentum,16,fixed,4.0,1,931,5.9079,-23.1501,3.3670
momentum,16,fixed,4.0,1,932,-0.9393,-19.0438,4.1933
momentum,16,fixed,4.0,1,933,3.5125,-25.7983,4.2327
momentum,16,fixed,4.0,1,934,-8.2103,369.1379,-45.8349
momentum,16,fixed,4.0,1,935,5.0245,-19.8167,2.2370
momentum,16,fixed,4.0,1,936,1.4255,-32.8512,4.3905
momentum,16,fixed,4.0,1,937,5.3406,-20.7083,2.1232
momentum,16,fixed,4.0,1,938,-5.8774,-20.7605,3.8160
momentum,16,fixed,4.0,1,939,6.3738,-25.6452,3.6744
momentum,16,fixed,4.0,1,940,6.9766,-11.8173,3.5792
momentum,16,fixed,4.0,1,941,-7.4397,-17.2659,2.2114
momentum,16,fixed,4.0,1,942,4.1212,0.0179,4.0391
momentum,16,fixed,4.0,1,943,2.7008,-18.0035,4.2432
momentum,16,fixed,4.0,1,944,-38.3274,188.7171,-7.5979
momentum,16,fixed,4.0,1,945,1.4095,-21.9415,3.8873
momentum,16,fixed,4.0,1,946,7.4837,-21.0595,3.6881
momentum,16,fixed,4.0,1,947,-2.9241,-17.7752,3.7138
momentum,16,fixed,4.0,1,948,6.8477,-29.7591,4.5547
momentum,16,fixed,4.0,1,949,3.4284,-26.6204,5.8733
momentum,16,fixed,4.0,1,950,-0.8145,-33.9671,5.1148
momentum,16,fixed,4.0,1,951,-21.7258,73.2203,8.2263
momentum,16,fixed,4.0,1,952,-8.5876,-23.5123,4.7184
momentum,16,fixed,4.0,1,953,7.9748,-20.8245,4.9693
momentum,16,fixed,4.0,1,954,6.8153,-23.7291,2.4928
momentum,16,fixed,4.0,1,955,5.1622,-17.9025,5.5212
momentum,16,fixed,4.0,1,956,6.5463,-22.8647,3.6449
momentum,16,fixed,4.0,1,957,-0.4664,-25.8481,5.3184
momentum,16,fixed,4.0,1,958,5.6761,-23.9189,6.3322
momentum,16,fixed,4.0,1,959,-2.2978,-34.0956,5.3440
momentum,16,fixed,4.0,1,960,7.5452,-16.6234,4.3321
momentum,16,fixed,4.0,1,961,4.9525,-29.3308,2.5597
momentum,16,fixed,4.0,1,962,4.9589,-18.7034,3.4905
momentum,16,fixed,4.0,1,963,4.7670,-19.6766,5.0639
momentum,16,fixed,4.0,1,964,1.7592,-28.4483,3.9458
momentum,16,fixed,4.0,1,965,6.9266,-18.8558,4.1516
momentum,16,fixed,4.0,1,966,8.6589,-26.6007,4.4508
momentum,16,fixed,4.0,1,967,3.7801,-20.1512,3.5212
momentum,16,fixed,4.0,1,968,5.6368,-22.8224,2.2113
momentum,16,fixed,4.0,1,969,3.3094,-15.8820,4.4030
momentum,16,fixed,4.0,1,970,8.7995,-26.1445,0.9400
momentum,16,fixed,4.0,1,971,-4.9031,-15.7335,4.9067
momentum,16,fixed,4.0,1,972,9.8537,-27.6821,3.3101
momentum,16,fixed,4.0,1,973,2.6874,-23.2739,5.1452
momentum,16,fixed,4.0,1,974,4.3513,-21.5885,3.4034
momentum,16,fixed,4.0,1,975,454.1366,289.1567,68.8956
momentum,16,fixed,4.0,1,976,17.9576,106.8022,-14.0611
momentum,16,fixed,4.0,1,977,-1.8919,-26.9323,3.5444
momentum,16,fixed,4.0,1,978,16.3034,-17.2865,0.8797
momentum,16,fixed,4.0,1,979,1.4187,-21.9171,5.4976
momentum,16,fixed,4.0,1,980,4.1162,-24.2294,4.2324
momentum,16,fixed,4.0,1,981,-0.2211,-34.3877,4.9378
momentum,16,fixed,4.0,1,982,2.6667,-26.8528,4.5310
momentum,16,fixed,4.0,1,983,3.2218,-25.2789,4.3248
momentum,16,fixed,4.0,1,984,19.6651,-26.4913,1.5214
momentum,16,fixed,4.0,1,985,-9.1218,-27.2412,4.2651
momentum,16,fixed,4.0,1,986,6.5489,-21.5641,6.8589
momentum,16,fixed,4.0,1,987,-1.8285,-25.1907,4.0217
momentum,16,fixed,4.0,1,988,8.8436,-21.6435,3.3800
momentum,16,fixed,4.0,1,989,-0.1160,-21.6540,5.9137
momentum,16,fixed,4.0,1,990,3.1179,-10.3982,5.1660
momentum,16,fixed,4.0,1,991,-4.3706,-16.1864,2.5908
momentum,16,fixed,4.0,1,992,5.9047,-25.4703,5.4832
momentum,16,fixed,4.0,1,993,-2.6507,-21.2400,2.8644
momentum,16,fixed,4.0,1,994,3.2651,-1.6604,2.5487
momentum,16,fixed,4.0,1,995,0.6338,-20.4189,5.6664
momentum,16,fixed,4.0,1,996,5.5484,355.7596,-28.2882
momentum,16,fixed,4.0,1,997,4.8558,-21.7336,5.6082
momentum,16,fixed,4.0,1,998,3.6229,-34.9356,4.0286
momentum,16,fixed,4.0,1,999,-0.4544,-22.4302,2.9051
momentum,16,fixed,4.0,1,1000,6.5399,-26.3605,2.6192
informed,16,fixed,4.0,1,1,-9.6083,2.9590,0.9124
informed,16,fixed,4.0,1,2,2.7941,18.3414,1.2422
informed,16,fixed,4.0,1,3,-11.0492,9.8074,-0.2191
informed,16,fixed,4.0,1,4,-5.1996,13.9981,0.7192
informed,16,fixed,4.0,1,5,-13.8621,4.6554,0.0174
informed,16,fixed,4.0,1,6,-4.3434,6.5420,0.1222
informed,16,fixed,4.0,1,7,1.4143,8.6672,2.0229
informed,16,fixed,4.0,1,8,-5.0269,-0.7543,2.9790
informed,16,fixed,4.0,1,9,-5.0603,5.2417,2.0402
informed,16,fixed,4.0,1,10,-2.9021,4.6660,1.5201
informed,16,fixed,4.0,1,11,-1.6430,7.8631,-0.2655
informed,16,fixed,4.0,1,12,1.9459,8.0160,3.0001
informed,16,fixed,4.0,1,13,-1.7521,12.5480,1.3678
informed,16,fixed,4.0,1,14,-13.4499,7.2947,0.0485
informed,16,fixed,4.0,1,15,-7.4570,-0.1297,1.5659
informed,16,fixed,4.0,1,16,-0.0992,29.4957,-2.6169
informed,16,fixed,4.0,1,17,-11.5707,-3.4419,0.4566
informed,16,fixed,4.0,1,18,-5.1642,7.5861,-0.8220
informed,16,fixed,4.0,1,19,-4.2682,8.9976,1.0274
informed,16,fixed,4.0,1,20,-10.9127,10.2590,0.1545
informed,16,fixed,4.0,1,21,-6.7328,-1.9992,1.6113
informed,16,fixed,4.0,1,22,-14.5399,3.4994,-0.3468
informed,16,fixed,4.0,1,23,-11.3141,18.8582,-0.8449
informed,16,fixed,4.0,1,24,-9.2070,2.1146,1.4662
informed,16,fixed,4.0,1,25,-2.2664,6.3945,1.8382
informed,16,fixed,4.0,1,26,-1.1312,-2.1030,1.1127
informed,16,fixed,4.0,1,27,-6.3520,6.6642,0.6778
informed,16,fixed,4.0,1,28,5.3385,8.7730,-0.3426
informed,16,fixed,4.0,1,29,-6.5509,-0.5205,0.5493
informed,16,fixed,4.0,1,30,1.5577,5.9978,2.5916
informed,16,fixed,4.0,1,31,-10.4347,18.3756,-0.8418
informed,16,fixed,4.0,1,32,-6.0381,8.2022,0.3065
informed,16,fixed,4.0,1,33,-0.1025,17.1039,2.9909
informed,16,fixed,4.0,1,34,-6.5542,-0.4971,-0.0893
informed,16,fixed,4.0,1,35,-4.9773,-2.8365,1.5299
informed,16,fixed,4.0,1,36,-7.8697,4.5807,-0.4645
informed,16,fixed,4.0,1,37,-6.4747,9.1250,1.5284
informed,16,fixed,4.0,1,38,-1.1495,8.8037,2.4431
informed,16,fixed,4.0,1,39,-1.8502,16.2028,2.3046
informed,16,fixed,4.0,1,40,-11.2332,6.3013,0.4091
informed,16,fixed,4.0,1,41,-1.2511,7.2401,0.7496
informed,16,fixed,4.0,1,42,-12.5333,17.3733,-0.0122
informed,16,fixed,4.0,1,43,-0.7440,11.5316,0.7661
informed,16,fixed,4.0,1,44,-0.0472,11.8552,-0.2183
informed,16,fixed,4.0,1,45,-7.6941,6.5908,-0.3650
informed,16,fixed,4.0,1,46,-9.7055,-1.9145,1.6600
informed,16,fixed,4.0,1,47,-7.2630,9.5017,-1.5073
informed,16,fixed,4.0,1,48,-2.9985,-1.9499,2.1860
informed,16,fixed,4.0,1,49,-0.3148,0.8025,2.4122
informed,16,fixed,4.0,1,50,-8.5885,33.0150,-3.4867
informed,16,fixed,4.0,1,51,-0.3817,5.7338,-0.3107
informed,16,fixed,4.0,1,52,1.9470,8.5655,1.9879
informed,16,fixed,4.0,1,53,-2.6829,0.7251,1.0188
informed,16,fixed,4.0,1,54,-9.4987,6.4007,0.3075
informed,16,fixed,4.0,1,55,-3.5834,4.3406,1.3030
informed,16,fixed,4.0,1,56,-1.0533,10.8031,2.1002
informed,16,fixed,4.0,1,57,4.4632,10.0282,0.2836
informed,16,fixed,4.0,1,58,-10.5463,5.5754,1.2975
informed,16,fixed,4.0,1,59,-1.6983,-1.9256,1.2399
informed,16,fixed,4.0,1,60,-2.3254,2.3510,2.6438
informed,16,fixed,4.0,1,61,1.8054,4.9565,1.7988
informed,16,fixed,4.0,1,62,-4.9953,6.7900,1.2595
informed,16,fixed,4.0,1,63,-0.8684,-2.4920,2.5668
informed,16,fixed,4.0,1,64,-5.1766,12.2037,-1.4674
informed,16,fixed,4.0,1,65,-1.9528,7.8729,1.6123
informed,16,fixed,4.0,1,66,-2.0682,4.7055,-0.7302
informed,16,fixed,4.0,1,67,-6.4670,17.6272,-0.9846
informed,16,fixed,4.0,1,68,-10.2410,-0.2482,0.2520
informed,16,fixed,4.0,1,69,-3.8401,13.0674,2.2654
informed,16,fixed,4.0,1,70,3.6937,8.1556,1.9424
informed,16,fixed,4.0,1,71,-2.1794,1.9642,3.9811
informed,16,fixed,4.0,1,72,-5.3861,24.2652,-0.8765
informed,16,fixed,4.0,1,73,-5.8395,12.8666,0.7798
informed,16,fixed,4.0,1,74,-13.0434,7.5649,-0.5501
informed,16,fixed,4.0,1,75,-3.2291,3.9884,1.0490
informed,16,fixed,4.0,1,76,-8.3875,6.2843,-0.5394
informed,16,fixed,4.0,1,77,-3.2246,18.2399,0.3653
informed,16,fixed,4.0,1,78,-2.7151,8.2677,0.6636
informed,16,fixed,4.0,1,79,-15.2467,6.2681,-0.4712
informed,16,fixed,4.0,1,80,-8.5178,0.6984,-0.0151
informed,16,fixed,4.0,1,81,-6.5846,-1.9541,1.7517
informed,16,fixed,4.0,1,82,-0.5705,16.8242,2.1407
informed,16,fixed,4.0,1,83,-3.4220,7.8441,0.9662
informed,16,fixed,4.0,1,84,1.4407,5.9124,0.9601
informed,16,fixed,4.0,1,85,0.9685,4.7021,1.4095
informed,16,fixed,4.0,1,86,-0.3943,12.9045,-0.6247
informed,16,fixed,4.0,1,87,-5.2197,11.8422,-0.0293
informed,16,fixed,4.0,1,88,-9.7665,1.3806,1.0807
informed,16,fixed,4.0,1,89,0.3646,6.9695,1.4622
informed,16,fixed,4.0,1,90,-2.7256,-4.3677,2.2482
informed,16,fixed,4.0,1,91,-2.9471,12.5034,-0.0082
informed,16,fixed,4.0,1,92,-8.4004,9.0905,-0.7828
informed,16,fixed,4.0,1,93,-6.0310,3.9921,2.9631
informed,16,fixed,4.0,1,94,-8.9761,5.9166,0.3059
informed,16,fixed,4.0,1,95,-1.3812,2.4639,-0.7791
informed,16,fixed,4.0,1,96,-3.9003,-0.9971,1.2198
informed,16,fixed,4.0,1,97,68.0471,-7.5664,72.8070
informed,16,fixed,4.0,1,98,-8.5052,9.0780,-0.4675
informed,16,fixed,4.0,1,99,-0.5510,12.1122,1.9697
informed,16,fixed,4.0,1,100,-1.0995,5.2160,0.8682
informed,16,fixed,4.0,1,101,-3.3090,6.1189,1.1700
informed,16,fixed,4.0,1,102,-5.5799,15.6763,-0.7357
informed,16,fixed,4.0,1,103,-11.0657,15.3013,1.3136
informed,16,fixed,4.0,1,104,-8.4747,-4.4048,1.5801
informed,16,fixed,4.0,1,105,0.3475,4.9077,0.7076
informed,16,fixed,4.0,1,106,-7.9388,14.5223,-0.3607
informed,16,fixed,4.0,1,107,-7.4967,0.6017,0.4963
informed,16,fixed,4.0,1,108,-5.3676,19.6879,-0.5586
informed,16,fixed,4.0,1,109,0.0447,7.7209,-0.8489
informed,16,fixed,4.0,1,110,-2.2116,10.2637,1.8968
informed,16,fixed,4.0,1,111,0.8684,15.8283,0.1549
informed,16,fixed,4.0,1,112,-9.3138,7.6406,0.0643
informed,16,fixed,4.0,1,113,-8.4389,-3.6414,0.3815
informed,16,fixed,4.0,1,114,-9.5506,7.0267,1.3935
informed,16,fixed,4.0,1,115,-3.6066,32.7576,-2.3547
informed,16,fixed,4.0,1,116,-8.3868,8.3989,-0.9724
informed,16,fixed,4.0,1,117,-3.6330,-0.0893,2.1464
informed,16,fixed,4.0,1,118,-1.4551,7.6652,-0.2097
informed,16,fixed,4.0,1,119,-5.7494,4.7629,0.8736
informed,16,fixed,4.0,1,120,-4.6834,5.4314,-0.1517
informed,16,fixed,4.0,1,121,-0.6676,3.0416,1.1668
informed,16,fixed,4.0,1,122,-7.9796,16.1483,-0.6815
informed,16,fixed,4.0,1,123,-3.5837,20.3714,0.1334
informed,16,fixed,4.0,1,124,-4.1259,10.3727,0.9968
informed,16,fixed,4.0,1,125,-5.7584,4.5812,0.9373
informed,16,fixed,4.0,1,126,0.9096,2.9238,1.6334
informed,16,fixed,4.0,1,127,-0.0246,2.6219,2.4027
informed,16,fixed,4.0,1,128,-7.4107,4.8397,0.9431
informed,16,fixed,4.0,1,129,-4.2458,5.5138,2.8774
informed,16,fixed,4.0,1,130,-0.3650,1.6795,2.5363
informed,16,fixed,4.0,1,131,-7.7820,13.4394,1.4583
informed,16,fixed,4.0,1,132,-0.1485,12.2204,0.0527
informed,16,fixed,4.0,1,133,-0.8182,8.8050,1.1680
informed,16,fixed,4.0,1,134,5.3201,16.4730,1.3192
informed,16,fixed,4.0,1,135,1.1439,12.9259,-0.7384
informed,16,fixed,4.0,1,136,-2.2838,5.1944,2.1826
informed,16,fixed,4.0,1,137,-5.2939,24.0180,-2.9378
informed,16,fixed,4.0,1,138,-0.4338,14.7202,1.7225
informed,16,fixed,4.0,1,139,-1.5514,17.2869,-0.4397
informed,16,fixed,4.0,1,140,-7.9964,1.9101,-0.5112
informed,16,fixed,4.0,1,141,-3.0394,10.7773,-0.0778
informed,16,fixed,4.0,1,142,-8.9577,-2.7817,0.8233
informed,16,fixed,4.0,1,143,-2.7820,27.1851,-2.0158
informed,16,fixed,4.0,1,144,-6.2831,0.1058,-0.4857
informed,16,fixed,4.0,1,145,-10.5081,6.3809,-0.7104
informed,16,fixed,4.0,1,146,0.4256,6.1571,0.6285
informed,16,fixed,4.0,1,147,1.6016,4.7603,2.0366
informed,16,fixed,4.0,1,148,-1.0651,9.0792,-1.2528
informed,16,fixed,4.0,1,149,0.6134,10.8625,1.0872
informed,16,fixed,4.0,1,150,-4.4780,5.6155,0.1824
informed,16,fixed,4.0,1,151,-10.7598,9.7953,0.0250
informed,16,fixed,4.0,1,152,-7.0688,13.7423,0.2572
informed,16,fixed,4.0,1,153,-3.3122,4.7325,0.6956
informed,16,fixed,4.0,1,154,-5.3651,23.9521,1.2492
informed,16,fixed,4.0,1,155,-38.3172,-29.3894,17.3888
informed,16,fixed,4.0,1,156,-11.4809,-0.6133,-0.0253
informed,16,fixed,4.0,1,157,-2.6546,-0.8955,-0.0960
informed,16,fixed,4.0,1,158,-6.0865,0.0094,0.8919
informed,16,fixed,4.0,1,159,-20.0468,3.3864,-0.3933
informed,16,fixed,4.0,1,160,-9.2744,0.2369,1.2346
informed,16,fixed,4.0,1,161,-5.2591,26.3398,-1.0347
informed,16,fixed,4.0,1,162,1.3005,26.9486,-2.5833
informed,16,fixed,4.0,1,163,-8.9467,3.5154,-0.0978
informed,16,fixed,4.0,1,164,33.8288,131.2057,3.3572
informed,16,fixed,4.0,1,165,-1.6369,5.3336,0.0068
informed,16,fixed,4.0,1,166,-1.5608,8.1352,1.6513
informed,16,fixed,4.0,1,167,-6.7666,9.0336,0.0772
informed,16,fixed,4.0,1,168,4.1018,7.0968,0.6457
informed,16,fixed,4.0,1,169,-3.9915,16.0455,-0.2945
informed,16,fixed,4.0,1,170,1.7701,2.4192,1.3760
informed,16,fixed,4.0,1,171,-4.5874,0.9969,0.7140
informed,16,fixed,4.0,1,172,-1.7852,10.0544,2.0075
informed,16,fixed,4.0,1,173,1.5924,22.2679,-2.4951
informed,16,fixed,4.0,1,174,-8.1889,4.8111,0.9834
informed,16,fixed,4.0,1,175,-3.4752,14.3444,0.7851
informed,16,fixed,4.0,1,176,-8.2205,2.8070,-0.5969
informed,16,fixed,4.0,1,177,-7.2397,13.8060,-1.2039
informed,16,fixed,4.0,1,178,-3.6238,0.7153,2.2870
informed,16,fixed,4.0,1,179,-4.3991,2.4808,1.4388
informed,16,fixed,4.0,1,180,-3.5116,9.8308,0.1557
informed,16,fixed,4.0,1,181,-7.9717,9.8162,1.1042
informed,16,fixed,4.0,1,182,-2.1698,17.0106,0.6140
informed,16,fixed,4.0,1,183,0.6302,1.2454,3.9154
informed,16,fixed,4.0,1,184,-1.5750,4.7021,2.0353
informed,16,fixed,4.0,1,185,-5.4029,5.3213,0.5705
informed,16,fixed,4.0,1,186,-7.6391,-3.3975,1.6087
informed,16,fixed,4.0,1,187,-7.9054,7.6430,0.3200
informed,16,fixed,4.0,1,188,3.3132,16.0819,-1.7034
informed,16,fixed,4.0,1,189,1.9219,13.8509,-0.8295
informed,16,fixed,4.0,1,190,-3.3678,7.6970,0.5298
informed,16,fixed,4.0,1,191,-1.2701,9.7296,1.5538
informed,16,fixed,4.0,1,192,-4.1490,-2.8740,1.2247
informed,16,fixed,4.0,1,193,-4.8857,3.8354,0.9508
informed,16,fixed,4.0,1,194,-7.8454,3.6036,1.3036
informed,16,fixed,4.0,1,195,2.6275,3.6543,2.0110
informed,16,fixed,4.0,1,196,3.2334,10.1489,3.4390
informed,16,fixed,4.0,1,197,-8.0262,4.3154,0.0451
informed,16,fixed,4.0,1,198,0.7721,4.8648,1.7342
informed,16,fixed,4.0,1,199,-9.0439,2.3773,0.1126
informed,16,fixed,4.0,1,200,-5.2234,1.0496,1.6035
informed,16,fixed,4.0,1,201,-7.3062,81.3117,-11.2636
informed,16,fixed,4.0,1,202,-2.3981,6.7208,1.7120
informed,16,fixed,4.0,1,203,-2.2133,3.1973,1.6938
informed,16,fixed,4.0,1,204,-7.9147,-2.9497,1.7149
informed,16,fixed,4.0,1,205,-12.6131,0.8399,1.4970
informed,16,fixed,4.0,1,206,-14.7978,-7.9087,7.9856
informed,16,fixed,4.0,1,207,5.3893,8.9688,1.7741
informed,16,fixed,4.0,1,208,-12.3713,0.2391,0.2858
informed,16,fixed,4.0,1,209,-19.4424,-1.7343,0.3551
informed,16,fixed,4.0,1,210,-11.0981,7.0154,-1.9053
informed,16,fixed,4.0,1,211,-3.4061,2.3229,2.1526
informed,16,fixed,4.0,1,212,-1.0801,7.4531,1.8239
informed,16,fixed,4.0,1,213,-3.5276,5.1248,0.7820
informed,16,fixed,4.0,1,214,-4.9718,17.7533,-0.3362
informed,16,fixed,4.0,1,215,-7.3319,5.4299,1.6354
informed,16,fixed,4.0,1,216,-6.5682,17.7798,-0.8308
informed,16,fixed,4.0,1,217,-1.9198,36.9936,-4.5701
informed,16,fixed,4.0,1,218,-2.0843,3.2294,-0.0543
informed,16,fixed,4.0,1,219,-4.7240,-2.7087,2.0402
informed,16,fixed,4.0,1,220,-6.5249,1.1331,0.6073
informed,16,fixed,4.0,1,221,-9.7789,15.7699,0.2892
informed,16,fixed,4.0,1,222,0.7284,-2.6721,2.5720
informed,16,fixed,4.0,1,223,-8.3224,3.3488,-1.0849
informed,16,fixed,4.0,1,224,0.9682,8.1686,1.0939
informed,16,fixed,4.0,1,225,-0.7765,-3.6102,1.7605
informed,16,fixed,4.0,1,226,-8.7604,-0.7690,1.2020
informed,16,fixed,4.0,1,227,-4.2800,2.7760,1.4633
informed,16,fixed,4.0,1,228,2.0590,12.6796,1.6578
informed,16,fixed,4.0,1,229,-2.4283,3.1775,0.9389
informed,16,fixed,4.0,1,230,-3.8493,4.3026,-0.3540
informed,16,fixed,4.0,1,231,-2.1501,3.1627,1.5323
informed,16,fixed,4.0,1,232,-8.3705,-0.7698,-0.3374
informed,16,fixed,4.0,1,233,-5.2203,3.6023,0.3184
informed,16,fixed,4.0,1,234,-13.3243,11.5264,-1.7340
informed,16,fixed,4.0,1,235,-2.5699,11.8822,1.4323
informed,16,fixed,4.0,1,236,-9.2049,8.2790,-0.4684
informed,16,fixed,4.0,1,237,-0.7302,8.7867,2.0195
informed,16,fixed,4.0,1,238,-0.8293,1.8079,1.6953
informed,16,fixed,4.0,1,239,-3.5072,11.0102,1.1353
informed,16,fixed,4.0,1,240,-5.5024,1.6445,0.4249
informed,16,fixed,4.0,1,241,-8.3163,0.8100,-0.1385
informed,16,fixed,4.0,1,242,2.5817,5.7394,0.9725
informed,16,fixed,4.0,1,243,-1.3653,10.2373,0.4535
informed,16,fixed,4.0,1,244,-3.2756,8.9259,1.8433
informed,16,fixed,4.0,1,245,-7.1600,16.2427,-1.0083
informed,16,fixed,4.0,1,246,-0.0362,8.1853,1.9779
informed,16,fixed,4.0,1,247,-5.7749,4.9865,1.4381
informed,16,fixed,4.0,1,248,-8.2351,-6.5474,1.9540
informed,16,fixed,4.0,1,249,-3.1841,2.4357,1.2072
informed,16,fixed,4.0,1,250,1.3898,8.3458,0.8943
informed,16,fixed,4.0,1,251,-1.7741,16.8872,0.0663
informed,16,fixed,4.0,1,252,-9.9203,3.5898,1.0266
informed,16,fixed,4.0,1,253,-7.2474,1.0275,1.6946
informed,16,fixed,4.0,1,254,-13.4159,2.0178,0.0823
informed,16,fixed,4.0,1,255,-1.2664,6.0034,-0.8277
informed,16,fixed,4.0,1,256,-0.4636,13.2927,0.0200
informed,16,fixed,4.0,1,257,-4.7916,6.6397,-0.8930
informed,16,fixed,4.0,1,258,-8.4554,0.2294,2.1627
informed,16,fixed,4.0,1,259,-10.9983,12.7054,-0.5221
informed,16,fixed,4.0,1,260,-3.2791,12.8240,1.0677
informed,16,fixed,4.0,1,261,-3.1761,3.0006,1.1448
informed,16,fixed,4.0,1,262,-6.0913,-0.6975,1.4500
informed,16,fixed,4.0,1,263,-7.8843,-1.7790,0.1762
informed,16,fixed,4.0,1,264,-2.1543,2.9008,0.1864
informed,16,fixed,4.0,1,265,-16.2237,2.6873,-1.0105
informed,16,fixed,4.0,1,266,-10.8119,2.3641,1.3496
informed,16,fixed,4.0,1,267,-5.3676,13.8633,-0.0145
informed,16,fixed,4.0,1,268,-9.9560,2.8264,-1.1320
informed,16,fixed,4.0,1,269,-6.6688,-2.1695,0.8267
informed,16,fixed,4.0,1,270,-4.8784,8.3023,-0.5653
informed,16,fixed,4.0,1,271,-9.7816,16.5190,-2.1081
informed,16,fixed,4.0,1,272,-0.7862,4.6489,2.3748
informed,16,fixed,4.0,1,273,-3.1094,16.1976,1.7206
informed,16,fixed,4.0,1,274,-8.3580,8.4294,0.8010
informed,16,fixed,4.0,1,275,-1.3600,6.6756,1.5273
informed,16,fixed,4.0,1,276,-1.9575,19.5783,1.6427
informed,16,fixed,4.0,1,277,4.5451,10.5924,0.7959
informed,16,fixed,4.0,1,278,-3.0601,14.9167,0.7042
informed,16,fixed,4.0,1,279,-6.8695,4.5788,0.2906
informed,16,fixed,4.0,1,280,-7.0066,4.3785,0.4058
informed,16,fixed,4.0,1,281,-1.1647,-1.7083,2.3252
informed,16,fixed,4.0,1,282,-9.7653,-1.6957,0.4498
informed,16,fixed,4.0,1,283,-4.7575,4.9106,0.3164
informed,16,fixed,4.0,1,284,-14.8068,29.2780,-0.5514
informed,16,fixed,4.0,1,285,-6.9804,-7.1003,1.5746
informed,16,fixed,4.0,1,286,-9.7535,7.1953,0.6890
informed,16,fixed,4.0,1,287,1.8743,8.1186,-0.1035
informed,16,fixed,4.0,1,288,0.9689,7.1784,1.2073
informed,16,fixed,4.0,1,289,-5.6343,7.2042,2.3035
informed,16,fixed,4.0,1,290,-7.7473,7.8683,0.8956
informed,16,fixed,4.0,1,291,-11.5948,3.1615,-1.0021
informed,16,fixed,4.0,1,292,-15.2706,-0.9393,0.0748
informed,16,fixed,4.0,1,293,-16.5663,-2.6249,-0.0177
informed,16,fixed,4.0,1,294,-4.1956,12.2596,-0.5889
informed,16,fixed,4.0,1,295,-4.7767,1.9044,0.3141
informed,16,fixed,4.0,1,296,-1.6807,8.3624,1.2881
informed,16,fixed,4.0,1,297,3.3631,13.0932,1.1145
informed,16,fixed,4.0,1,298,-1.5310,19.5792,0.3668
informed,16,fixed,4.0,1,299,-3.6951,0.3657,0.9054
informed,16,fixed,4.0,1,300,-9.2362,2.9831,1.1691
informed,16,fixed,4.0,1,301,-8.1254,4.4573,0.4852
informed,16,fixed,4.0,1,302,-4.4248,22.4932,0.5646
informed,16,fixed,4.0,1,303,3.4559,13.4630,0.1727
informed,16,fixed,4.0,1,304,3.7927,9.6085,1.0332
informed,16,fixed,4.0,1,305,-3.6426,-4.5835,1.1952
informed,16,fixed,4.0,1,306,-8.5086,15.4343,-2.7541
informed,16,fixed,4.0,1,307,-6.3550,4.7304,-0.6872
informed,16,fixed,4.0,1,308,-1.8847,-1.0528,1.8492
informed,16,fixed,4.0,1,309,-5.0960,17.0516,-0.5775
informed,16,fixed,4.0,1,310,0.8227,13.4381,0.8440
informed,16,fixed,4.0,1,311,-5.2220,10.9967,-0.2960
informed,16,fixed,4.0,1,312,-6.3149,17.4908,-0.5605
informed,16,fixed,4.0,1,313,-7.1337,6.7547,0.9459
informed,16,fixed,4.0,1,314,-4.4701,35.1765,-1.0699
informed,16,fixed,4.0,1,315,0.9852,2.9834,2.0112
informed,16,fixed,4.0,1,316,-3.3700,16.7077,-0.4125
informed,16,fixed,4.0,1,317,-7.9178,4.7736,0.1002
informed,16,fixed,4.0,1,318,-0.0519,27.6002,0.8720
informed,16,fixed,4.0,1,319,-9.3303,14.2574,1.0013
informed,16,fixed,4.0,1,320,1.3011,9.5866,0.4228
informed,16,fixed,4.0,1,321,-2.4574,15.0984,1.3443
informed,16,fixed,4.0,1,322,-0.9803,4.5493,1.3933
informed,16,fixed,4.0,1,323,0.7514,23.2741,-0.8615
informed,16,fixed,4.0,1,324,-0.6405,-1.4804,2.8897
informed,16,fixed,4.0,1,325,-7.7289,-2.2951,1.6662
informed,16,fixed,4.0,1,326,-9.3392,19.0966,-0.7351
informed,16,fixed,4.0,1,327,-1.2354,0.4561,2.9985
informed,16,fixed,4.0,1,328,-3.9585,-3.6214,2.1334
informed,16,fixed,4.0,1,329,-2.0702,2.3574,1.2243
informed,16,fixed,4.0,1,330,-12.0776,2.6436,-0.1301
informed,16,fixed,4.0,1,331,4.0044,24.3432,0.0853
informed,16,fixed,4.0,1,332,-3.7471,7.9678,0.3654
informed,16,fixed,4.0,1,333,-12.4565,5.3036,-0.7503
informed,16,fixed,4.0,1,334,-4.5723,2.2561,2.8060
informed,16,fixed,4.0,1,335,3.9083,18.0094,0.9678
informed,16,fixed,4.0,1,336,-7.7271,1.0901,0.9882
informed,16,fixed,4.0,1,337,-2.1599,4.9809,-1.9165
informed,16,fixed,4.0,1,338,-11.4771,5.3742,-1.2399
informed,16,fixed,4.0,1,339,2.4966,8.4038,1.2680
informed,16,fixed,4.0,1,340,-6.4008,2.3308,1.8288
informed,16,fixed,4.0,1,341,-2.3202,6.9406,0.8410
informed,16,fixed,4.0,1,342,-4.9597,-3.3625,1.9907
informed,16,fixed,4.0,1,343,-8.0979,7.4995,-0.1275
informed,16,fixed,4.0,1,344,-2.3731,7.7850,1.1425
informed,16,fixed,4.0,1,345,-4.9493,6.6620,0.9333
informed,16,fixed,4.0,1,346,0.5275,13.5522,1.3781
informed,16,fixed,4.0,1,347,-16.4302,-5.2248,0.0802
informed,16,fixed,4.0,1,348,-16.6969,1.0447,0.5759
informed,16,fixed,4.0,1,349,0.7959,5.3906,0.9526
informed,16,fixed,4.0,1,350,1.7065,10.8610,0.8648
informed,16,fixed,4.0,1,351,-5.9089,-0.7002,1.3239
informed,16,fixed,4.0,1,352,-5.4378,-0.9028,0.5359
informed,16,fixed,4.0,1,353,6.1912,20.1426,-5.0461
informed,16,fixed,4.0,1,354,-6.5253,18.3563,-0.7579
informed,16,fixed,4.0,1,355,-2.1920,18.4352,-0.4053
informed,16,fixed,4.0,1,356,0.2868,9.8915,1.1281
informed,16,fixed,4.0,1,357,-3.8842,9.3934,0.3208
informed,16,fixed,4.0,1,358,-4.3410,11.2197,-0.4423
informed,16,fixed,4.0,1,359,-8.6220,14.5213,-0.4547
informed,16,fixed,4.0,1,360,-1.7152,52.8106,-5.7784
informed,16,fixed,4.0,1,361,-2.4733,2.7659,1.6624
informed,16,fixed,4.0,1,362,-12.1743,2.5581,-2.2059
informed,16,fixed,4.0,1,363,-4.2127,11.3429,0.5329
informed,16,fixed,4.0,1,364,-1.0934,5.3153,2.6316
informed,16,fixed,4.0,1,365,-3.6108,8.8447,-0.0651
informed,16,fixed,4.0,1,366,-6.0633,6.7274,2.2353
informed,16,fixed,4.0,1,367,4.3238,26.4635,1.1554
informed,16,fixed,4.0,1,368,-3.7094,11.9090,-0.4348
informed,16,fixed,4.0,1,369,-8.4985,6.7983,0.8082
informed,16,fixed,4.0,1,370,-11.8055,8.8227,-0.3011
informed,16,fixed,4.0,1,371,-2.4322,9.0564,0.5263
informed,16,fixed,4.0,1,372,-6.6758,8.2027,-0.2345
informed,16,fixed,4.0,1,373,-6.1090,12.8781,-2.0235
informed,16,fixed,4.0,1,374,0.8819,2.1336,2.2898
informed,16,fixed,4.0,1,375,-9.5702,6.0345,-0.0199
informed,16,fixed,4.0,1,376,-15.1457,7.1365,-2.7499
informed,16,fixed,4.0,1,377,-6.4875,7.3852,1.7564
informed,16,fixed,4.0,1,378,-22.0821,-22.3686,16.6234
informed,16,fixed,4.0,1,379,-1.4866,27.3525,-1.3203
informed,16,fixed,4.0,1,380,-2.6080,16.0241,-1.8340
informed,16,fixed,4.0,1,381,-4.9633,4.6623,0.8143
informed,16,fixed,4.0,1,382,-7.4565,13.7007,0.8994
informed,16,fixed,4.0,1,383,0.2046,2.1687,0.1345
informed,16,fixed,4.0,1,384,5.1568,16.3322,-0.2959
informed,16,fixed,4.0,1,385,-4.6696,1.4505,1.8057
informed,16,fixed,4.0,1,386,-7.3335,7.5999,-0.9660
informed,16,fixed,4.0,1,387,-8.8837,5.3090,0.8460
informed,16,fixed,4.0,1,388,-15.1235,10.2756,-0.7740
informed,16,fixed,4.0,1,389,-10.4839,8.3641,0.5773
informed,16,fixed,4.0,1,390,-12.8219,34.4193,-3.6243
informed,16,fixed,4.0,1,391,0.6252,7.7582,1.4243
informed,16,fixed,4.0,1,392,-8.9522,13.2839,-0.3306
informed,16,fixed,4.0,1,393,-6.7248,5.9411,1.6630
informed,16,fixed,4.0,1,394,-10.8774,12.6093,-0.0998
informed,16,fixed,4.0,1,395,-9.3539,2.9014,0.0639
informed,16,fixed,4.0,1,396,-14.7321,-0.7934,0.9870
informed,16,fixed,4.0,1,397,2.1586,1.5963,1.9270
informed,16,fixed,4.0,1,398,-3.6419,8.7942,1.4113
informed,16,fixed,4.0,1,399,-3.9389,-0.5857,1.7447
informed,16,fixed,4.0,1,400,0.7937,17.8525,11.4491
informed,16,fixed,4.0,1,401,-9.6175,4.8745,1.5336
informed,16,fixed,4.0,1,402,-8.9211,2.4425,0.1635
informed,16,fixed,4.0,1,403,-8.1407,3.6671,-0.2632
informed,16,fixed,4.0,1,404,-3.8730,27.3586,-3.4305
informed,16,fixed,4.0,1,405,-9.2648,6.4880,-0.3686
informed,16,fixed,4.0,1,406,-3.8653,7.9506,0.9871
informed,16,fixed,4.0,1,407,-1.4504,-0.0261,1.8536
informed,16,fixed,4.0,1,408,-10.0129,6.5005,0.7529
informed,16,fixed,4.0,1,409,-6.5509,6.4596,1.5736
informed,16,fixed,4.0,1,410,-10.6319,10.9561,-1.3057
informed,16,fixed,4.0,1,411,-2.9294,5.5118,0.8120
informed,16,fixed,4.0,1,412,-2.3714,6.4541,1.5668
informed,16,fixed,4.0,1,413,-7.7046,1.2552,1.9115
informed,16,fixed,4.0,1,414,-9.0483,1.2545,1.7653
informed,16,fixed,4.0,1,415,0.1516,16.9535,0.8400
informed,16,fixed,4.0,1,416,-3.8813,17.7840,-0.9536
informed,16,fixed,4.0,1,417,-5.5370,10.0596,-0.3438
informed,16,fixed,4.0,1,418,-7.7396,1.5041,-0.0801
informed,16,fixed,4.0,1,419,1.1346,12.5529,1.3337
informed,16,fixed,4.0,1,420,-1.7890,16.1124,0.3006
informed,16,fixed,4.0,1,421,-5.5370,-5.1905,1.9207
informed,16,fixed,4.0,1,422,-7.8206,9.3622,1.7374
informed,16,fixed,4.0,1,423,-5.5822,17.0871,0.2014
informed,16,fixed,4.0,1,424,-4.9169,-3.6334,1.0643
informed,16,fixed,4.0,1,425,-12.3287,2.5768,0.6553
informed,16,fixed,4.0,1,426,-9.2267,2.9324,1.3251
informed,16,fixed,4.0,1,427,-0.6188,8.1737,1.7407
informed,16,fixed,4.0,1,428,7.6230,-4.4345,31.1696
informed,16,fixed,4.0,1,429,-9.4565,8.0994,0.7388
informed,16,fixed,4.0,1,430,-1.7791,10.8663,0.3577
informed,16,fixed,4.0,1,431,-6.4482,13.9397,0.1740
informed,16,fixed,4.0,1,432,-4.6372,2.4228,0.4898
informed,16,fixed,4.0,1,433,-2.4695,2.2180,2.7801
informed,16,fixed,4.0,1,434,-2.6264,7.7048,0.3958
informed,16,fixed,4.0,1,435,-0.7627,5.9547,1.9373
informed,16,fixed,4.0,1,436,-6.6305,0.9774,0.0742
informed,16,fixed,4.0,1,437,-5.1395,1.7767,1.7355
informed,16,fixed,4.0,1,438,-4.4652,10.6667,1.4221
informed,16,fixed,4.0,1,439,-14.2388,25.9805,-2.9231
informed,16,fixed,4.0,1,440,-22.2123,-27.6137,11.9996
informed,16,fixed,4.0,1,441,-8.0166,17.1497,-1.4698
informed,16,fixed,4.0,1,442,-13.8706,3.5432,-1.0710
informed,16,fixed,4.0,1,443,-3.4476,2.3049,2.4412
informed,16,fixed,4.0,1,444,-6.0543,7.9957,1.0977
informed,16,fixed,4.0,1,445,-4.4151,1.7344,0.9758
informed,16,fixed,4.0,1,446,-3.3330,40.5378,-6.4914
informed,16,fixed,4.0,1,447,-1.1947,7.1892,0.3663
informed,16,fixed,4.0,1,448,-4.3892,20.3008,-1.2046
informed,16,fixed,4.0,1,449,7.1621,32.6709,-1.0850
informed,16,fixed,4.0,1,450,-7.4363,5.8685,0.9784
informed,16,fixed,4.0,1,451,-7.3434,9.1715,0.5516
informed,16,fixed,4.0,1,452,-8.2184,2.8656,0.0920
informed,16,fixed,4.0,1,453,-8.6797,4.4458,0.8551
informed,16,fixed,4.0,1,454,0.7816,13.9883,1.1747
informed,16,fixed,4.0,1,455,-13.5823,0.7032,-0.2170
informed,16,fixed,4.0,1,456,-9.0383,7.2324,0.7537
informed,16,fixed,4.0,1,457,-9.2789,14.0513,-1.2852
informed,16,fixed,4.0,1,458,-3.9122,9.2709,0.9326
informed,16,fixed,4.0,1,459,-6.8345,23.5363,-0.1292
informed,16,fixed,4.0,1,460,-5.9405,7.8394,0.4667
informed,16,fixed,4.0,1,461,-3.2729,2.9993,1.9627
informed,16,fixed,4.0,1,462,-5.9188,5.2236,1.4183
informed,16,fixed,4.0,1,463,0.9220,10.0388,1.0227
informed,16,fixed,4.0,1,464,-2.7841,6.1072,-0.7391
informed,16,fixed,4.0,1,465,-10.4125,5.6978,1.9919
informed,16,fixed,4.0,1,466,-25.3123,-25.1821,29.7075
informed,16,fixed,4.0,1,467,-6.7514,7.6341,-1.3685
informed,16,fixed,4.0,1,468,-7.1788,1.0917,3.1438
informed,16,fixed,4.0,1,469,-5.5453,-0.7969,1.5258
informed,16,fixed,4.0,1,470,-4.6817,18.2081,0.3526
informed,16,fixed,4.0,1,471,-11.5440,-3.4382,-0.4295
informed,16,fixed,4.0,1,472,-5.0959,3.1826,2.8616
informed,16,fixed,4.0,1,473,-3.5309,6.8360,-0.4216
informed,16,fixed,4.0,1,474,-9.8338,9.8129,-1.2341
informed,16,fixed,4.0,1,475,-15.2771,-2.1121,1.9265
informed,16,fixed,4.0,1,476,-11.4000,2.8419,0.0987
informed,16,fixed,4.0,1,477,-6.2601,3.3117,1.9742
informed,16,fixed,4.0,1,478,-3.8885,1.9511,1.2049
informed,16,fixed,4.0,1,479,-1.3295,-0.9382,1.9287
informed,16,fixed,4.0,1,480,-7.9856,4.0685,0.6117
informed,16,fixed,4.0,1,481,10.7576,24.2974,-1.0739
informed,16,fixed,4.0,1,482,-14.0688,3.8028,-0.8956
informed,16,fixed,4.0,1,483,-1.7266,14.4884,2.8747
informed,16,fixed,4.0,1,484,-9.2078,18.9205,-3.2355
informed,16,fixed,4.0,1,485,-5.0012,3.9152,0.3812
informed,16,fixed,4.0,1,486,-31.5734,-16.2485,18.8349
informed,16,fixed,4.0,1,487,-2.9925,-1.4988,0.8309
informed,16,fixed,4.0,1,488,-4.3391,5.0294,0.5071
informed,16,fixed,4.0,1,489,0.7883,4.7114,2.8887
informed,16,fixed,4.0,1,490,-15.5421,18.4606,-1.5475
informed,16,fixed,4.0,1,491,-8.9436,-0.1288,0.5598
informed,16,fixed,4.0,1,492,6.6227,20.9171,-0.0128
informed,16,fixed,4.0,1,493,3.5236,20.5363,-0.3953
informed,16,fixed,4.0,1,494,-4.8188,6.4563,-0.8830
informed,16,fixed,4.0,1,495,-0.6851,20.5236,-3.0282
informed,16,fixed,4.0,1,496,-3.5921,11.6180,0.1695
informed,16,fixed,4.0,1,497,-9.3593,11.2516,0.3057
informed,16,fixed,4.0,1,498,-0.1623,2.9031,1.2796
informed,16,fixed,4.0,1,499,-3.8284,10.1248,0.6072
informed,16,fixed,4.0,1,500,-3.5339,2.9525,0.9656
informed,16,fixed,4.0,1,501,-2.8716,-0.8471,1.7087
informed,16,fixed,4.0,1,502,-2.1818,7.4808,1.2292
informed,16,fixed,4.0,1,503,-6.0769,1.4292,1.6435
informed,16,fixed,4.0,1,504,-4.3439,8.3042,0.7401
informed,16,fixed,4.0,1,505,-3.1707,23.5996,0.3780
informed,16,fixed,4.0,1,506,-0.4171,3.7851,0.8819
informed,16,fixed,4.0,1,507,-6.1612,1.5004,1.8710
informed,16,fixed,4.0,1,508,-16.5882,8.9359,-2.3087
informed,16,fixed,4.0,1,509,-3.8500,2.5198,0.7859
informed,16,fixed,4.0,1,510,-3.5821,2.5768,1.6703
informed,16,fixed,4.0,1,511,-0.3088,69.9684,-8.9307
informed,16,fixed,4.0,1,512,-0.7214,6.3965,2.3203
informed,16,fixed,4.0,1,513,-0.3543,8.6966,0.1788
informed,16,fixed,4.0,1,514,-2.5982,0.3385,0.3441
informed,16,fixed,4.0,1,515,0.6202,7.1330,1.4100
informed,16,fixed,4.0,1,516,-9.2066,11.1668,-0.4196
informed,16,fixed,4.0,1,517,-3.8301,19.1524,-0.7821
informed,16,fixed,4.0,1,518,-2.6241,13.1220,0.5666
informed,16,fixed,4.0,1,519,-7.0377,-2.0940,1.4592
informed,16,fixed,4.0,1,520,-11.8065,-0.7578,-0.0999
informed,16,fixed,4.0,1,521,-9.7007,4.4883,-1.4398
informed,16,fixed,4.0,1,522,1.1914,7.8512,1.3798
informed,16,fixed,4.0,1,523,-4.1523,15.9473,-2.5338
informed,16,fixed,4.0,1,524,-10.1246,-1.7038,1.5574
informed,16,fixed,4.0,1,525,-6.9735,3.7554,1.3342
informed,16,fixed,4.0,1,526,-4.0074,1.0324,1.5782
informed,16,fixed,4.0,1,527,-7.1705,1.3629,0.5341
informed,16,fixed,4.0,1,528,-1.7627,6.3361,1.3677
informed,16,fixed,4.0,1,529,6.7995,23.4239,-3.4396
informed,16,fixed,4.0,1,530,-6.1265,34.6338,-0.4028
informed,16,fixed,4.0,1,531,-0.8381,7.7848,2.1790
informed,16,fixed,4.0,1,532,-3.0003,-2.6619,1.7548
informed,16,fixed,4.0,1,533,-0.0119,-0.6270,1.3918
informed,16,fixed,4.0,1,534,-13.3782,9.4526,-0.1161
informed,16,fixed,4.0,1,535,-9.8669,-3.9111,0.8533
informed,16,fixed,4.0,1,536,3.0284,33.3900,-4.1535
informed,16,fixed,4.0,1,537,-11.5799,1.0929,1.3383
informed,16,fixed,4.0,1,538,-0.0208,12.2071,0.3523
informed,16,fixed,4.0,1,539,-4.8093,5.7672,-0.0859
informed,16,fixed,4.0,1,540,-4.0338,6.0200,0.5740
informed,16,fixed,4.0,1,541,1.7055,8.7069,0.7167
informed,16,fixed,4.0,1,542,0.6643,11.6727,1.0091
informed,16,fixed,4.0,1,543,-9.3759,8.1521,1.6839
informed,16,fixed,4.0,1,544,-12.6367,11.6100,-1.5227
informed,16,fixed,4.0,1,545,-6.4850,1.4561,0.7521
informed,16,fixed,4.0,1,546,-5.1253,6.1643,0.8787
informed,16,fixed,4.0,1,547,-2.7683,8.7859,2.9311
informed,16,fixed,4.0,1,548,4.5331,8.1744,0.4351
informed,16,fixed,4.0,1,549,-3.0317,0.6531,1.7723
informed,16,fixed,4.0,1,550,-2.1123,6.2100,2.5145
informed,16,fixed,4.0,1,551,-0.8054,7.9443,-0.4703
informed,16,fixed,4.0,1,552,0.4835,11.9376,1.7359
informed,16,fixed,4.0,1,553,0.8775,4.7173,0.8604
informed,16,fixed,4.0,1,554,-4.8258,-5.5789,2.2766
informed,16,fixed,4.0,1,555,-3.7760,12.5137,-1.6834
informed,16,fixed,4.0,1,556,-4.7469,6.2636,1.7440
informed,16,fixed,4.0,1,557,-1.1768,14.7820,-2.0742
informed,16,fixed,4.0,1,558,-5.8737,17.1500,0.2646
informed,16,fixed,4.0,1,559,-0.5350,78.2653,-10.1352
informed,16,fixed,4.0,1,560,-19.3720,-0.7585,-0.8319
informed,16,fixed,4.0,1,561,-8.7563,12.3666,0.3559
informed,16,fixed,4.0,1,562,1.8462,8.5882,3.1596
informed,16,fixed,4.0,1,563,-5.6412,18.0507,0.5161
informed,16,fixed,4.0,1,564,-3.5121,10.2077,0.3453
informed,16,fixed,4.0,1,565,-15.2174,3.9780,0.3736
informed,16,fixed,4.0,1,566,-5.4914,-0.5328,0.6834
informed,16,fixed,4.0,1,567,-4.0222,4.1520,1.0619
informed,16,fixed,4.0,1,568,0.3383,25.0547,-1.0461
informed,16,fixed,4.0,1,569,-4.6023,6.2488,0.3951
informed,16,fixed,4.0,1,570,-7.1771,9.4369,-1.2554
informed,16,fixed,4.0,1,571,-6.8793,8.4836,0.7530
informed,16,fixed,4.0,1,572,-7.5138,7.8922,0.8546
informed,16,fixed,4.0,1,573,0.6500,-1.9291,1.7089
informed,16,fixed,4.0,1,574,-8.2413,14.1975,-2.6950
informed,16,fixed,4.0,1,575,-8.1496,1.0659,0.4219
informed,16,fixed,4.0,1,576,-2.8372,6.5492,0.3238
informed,16,fixed,4.0,1,577,-4.8875,15.5682,-0.4533
informed,16,fixed,4.0,1,578,-5.3415,19.0285,-0.5724
informed,16,fixed,4.0,1,579,-4.5497,19.9445,0.8759
informed,16,fixed,4.0,1,580,-6.8388,6.6695,0.1196
informed,16,fixed,4.0,1,581,-16.9662,1.8154,-1.3026
informed,16,fixed,4.0,1,582,-8.5825,0.9233,2.5808
informed,16,fixed,4.0,1,583,-16.2737,5.7861,-0.9276
informed,16,fixed,4.0,1,584,-4.5657,0.7268,2.5652
informed,16,fixed,4.0,1,585,1.8966,-0.8618,1.2304
informed,16,fixed,4.0,1,586,-6.1646,28.0825,-0.5457
informed,16,fixed,4.0,1,587,-3.9440,3.0467,1.8372
informed,16,fixed,4.0,1,588,-9.9711,9.8717,0.9967
informed,16,fixed,4.0,1,589,-7.4571,-6.1664,1.4218
informed,16,fixed,4.0,1,590,-9.1077,11.4106,0.2240
informed,16,fixed,4.0,1,591,-11.7203,7.8019,0.4558
informed,16,fixed,4.0,1,592,-2.2544,9.5089,-0.4255
informed,16,fixed,4.0,1,593,3.8490,23.7818,2.1574
informed,16,fixed,4.0,1,594,-4.9557,7.3765,-0.0415
informed,16,fixed,4.0,1,595,-12.4249,-4.2461,0.7322
informed,16,fixed,4.0,1,596,-0.8561,25.7334,1.1776
informed,16,fixed,4.0,1,597,18.3865,21.0896,-0.7430
informed,16,fixed,4.0,1,598,-7.6277,7.9953,-0.1753
informed,16,fixed,4.0,1,599,-4.9993,13.3093,0.1257
informed,16,fixed,4.0,1,600,-6.3850,1.8590,-0.1053
informed,16,fixed,4.0,1,601,-4.9748,6.8170,-1.2886
informed,16,fixed,4.0,1,602,-5.5541,29.9428,0.6502
informed,16,fixed,4.0,1,603,-5.6315,6.8089,0.1479
informed,16,fixed,4.0,1,604,-14.6555,-4.9440,0.9891
informed,16,fixed,4.0,1,605,-6.2518,21.3364,-2.5401
informed,16,fixed,4.0,1,606,-12.9389,-5.9086,1.1546
informed,16,fixed,4.0,1,607,-2.3399,7.7036,2.9267
informed,16,fixed,4.0,1,608,2.0331,6.1517,1.2141
informed,16,fixed,4.0,1,609,-2.0681,12.0565,0.9132
informed,16,fixed,4.0,1,610,-1.9153,19.7749,0.3862
informed,16,fixed,4.0,1,611,-9.9531,-3.2169,8.1818
informed,16,fixed,4.0,1,612,-10.3648,19.6486,-0.6639
informed,16,fixed,4.0,1,613,-8.0836,13.4960,-2.4630
informed,16,fixed,4.0,1,614,-22.9002,118.6047,-16.4311
informed,16,fixed,4.0,1,615,-1.8743,20.5880,-2.6445
informed,16,fixed,4.0,1,616,-2.2553,9.7868,2.4913
informed,16,fixed,4.0,1,617,-6.4150,10.4533,0.8532
informed,16,fixed,4.0,1,618,1.2854,4.6425,2.8501
informed,16,fixed,4.0,1,619,-7.7939,1.7886,0.0032
informed,16,fixed,4.0,1,620,-13.7620,7.7472,-1.8018
informed,16,fixed,4.0,1,621,-9.6043,7.7360,0.6115
informed,16,fixed,4.0,1,622,-2.6077,3.1726,0.4027
informed,16,fixed,4.0,1,623,-3.0986,39.8925,-1.0994
informed,16,fixed,4.0,1,624,-10.9114,16.5526,1.1170
informed,16,fixed,4.0,1,625,-10.2122,-2.6182,2.3405
informed,16,fixed,4.0,1,626,-0.8796,13.3272,1.0259
informed,16,fixed,4.0,1,627,-6.3509,9.6942,0.7076
informed,16,fixed,4.0,1,628,-9.5817,4.0442,-0.6797
informed,16,fixed,4.0,1,629,-8.7599,8.1759,-0.5585
informed,16,fixed,4.0,1,630,-10.5186,2.6654,0.3216
informed,16,fixed,4.0,1,631,-1.1016,1.9016,0.0548
informed,16,fixed,4.0,1,632,-2.1980,13.8558,1.1554
informed,16,fixed,4.0,1,633,-11.3384,-0.6090,-0.4172
informed,16,fixed,4.0,1,634,-0.1423,8.0547,1.6419
informed,16,fixed,4.0,1,635,3.8857,-8.5373,4.1756
informed,16,fixed,4.0,1,636,-1.5778,4.9794,1.1199
informed,16,fixed,4.0,1,637,-11.1203,5.7811,0.3175
informed,16,fixed,4.0,1,638,-12.4161,3.4806,0.1469
informed,16,fixed,4.0,1,639,-1.5484,-4.0634,0.1491
informed,16,fixed,4.0,1,640,-3.1186,1.0347,1.9825
informed,16,fixed,4.0,1,641,-6.9357,3.8794,1.6398
informed,16,fixed,4.0,1,642,4.2302,3.5909,2.9704
informed,16,fixed,4.0,1,643,-2.1437,74.1464,-7.7021
informed,16,fixed,4.0,1,644,-1.9152,22.4412,-0.1036
informed,16,fixed,4.0,1,645,-5.8392,4.2255,2.0220
informed,16,fixed,4.0,1,646,-1.3153,7.7417,2.0048
informed,16,fixed,4.0,1,647,-10.3087,-8.7868,2.3402
informed,16,fixed,4.0,1,648,3.1289,6.3779,0.4528
informed,16,fixed,4.0,1,649,-8.6396,3.7948,0.5062
informed,16,fixed,4.0,1,650,-2.4030,29.1923,-0.9962
informed,16,fixed,4.0,1,651,-0.5532,7.6688,1.9083
informed,16,fixed,4.0,1,652,-8.1991,0.5253,0.8622
informed,16,fixed,4.0,1,653,-7.4114,11.7326,-0.3026
informed,16,fixed,4.0,1,654,-4.8278,0.8325,1.0993
informed,16,fixed,4.0,1,655,-3.8994,9.9858,1.3755
informed,16,fixed,4.0,1,656,-9.8574,3.9727,-0.9323
informed,16,fixed,4.0,1,657,-5.9896,-2.7999,1.4332
informed,16,fixed,4.0,1,658,-4.6225,1.7302,1.9030
informed,16,fixed,4.0,1,659,1.0563,10.0195,2.2423
informed,16,fixed,4.0,1,660,-11.4534,10.6667,0.2627
informed,16,fixed,4.0,1,661,-3.7668,8.7729,-0.4410
informed,16,fixed,4.0,1,662,-4.1347,9.3070,-0.2404
informed,16,fixed,4.0,1,663,-3.0298,9.9497,1.3064
informed,16,fixed,4.0,1,664,-3.9727,-3.4009,1.2189
informed,16,fixed,4.0,1,665,-7.6258,2.8967,1.1930
informed,16,fixed,4.0,1,666,-4.6401,3.7010,0.3274
informed,16,fixed,4.0,1,667,-2.3959,2.7422,0.6608
informed,16,fixed,4.0,1,668,-4.5886,1.4422,1.7287
informed,16,fixed,4.0,1,669,-3.7790,5.3731,1.0235
informed,16,fixed,4.0,1,670,4.2697,11.3597,4.0245
informed,16,fixed,4.0,1,671,3.6597,44.2192,-2.2534
informed,16,fixed,4.0,1,672,-6.7707,8.3128,0.4693
informed,16,fixed,4.0,1,673,-3.2823,6.2942,0.4594
informed,16,fixed,4.0,1,674,-4.9007,9.8030,-0.3218
informed,16,fixed,4.0,1,675,-8.0079,0.0244,1.7902
informed,16,fixed,4.0,1,676,-4.0081,5.0682,-0.0188
informed,16,fixed,4.0,1,677,-7.6002,12.1052,0.0898
informed,16,fixed,4.0,1,678,-3.0518,5.6568,0.6528
informed,16,fixed,4.0,1,679,-5.7030,6.0646,-0.4548
informed,16,fixed,4.0,1,680,-8.6919,7.6648,-0.1117
informed,16,fixed,4.0,1,681,1.3803,7.4576,-0.1294
informed,16,fixed,4.0,1,682,-1.1281,0.2138,3.0717
informed,16,fixed,4.0,1,683,-5.7933,1.7534,0.2939
informed,16,fixed,4.0,1,684,-1.8960,13.4012,0.8605
informed,16,fixed,4.0,1,685,-4.5992,13.7121,1.2660
informed,16,fixed,4.0,1,686,-5.1914,1.6383,2.6284
informed,16,fixed,4.0,1,687,107.2505,-3.1159,120.5418
informed,16,fixed,4.0,1,688,-4.6959,0.1583,1.6512
informed,16,fixed,4.0,1,689,-8.3256,5.6935,1.1961
informed,16,fixed,4.0,1,690,2.4457,19.9430,0.6172
informed,16,fixed,4.0,1,691,-4.6562,17.7590,-1.4915
informed,16,fixed,4.0,1,692,-6.5325,3.5787,-0.2662
informed,16,fixed,4.0,1,693,-2.6666,7.1361,1.6632
informed,16,fixed,4.0,1,694,-4.4825,0.8433,1.2653
informed,16,fixed,4.0,1,695,1.4791,12.8350,-0.8174
informed,16,fixed,4.0,1,696,-1.7895,5.7975,1.3167
informed,16,fixed,4.0,1,697,-5.5519,1.5514,0.2773
informed,16,fixed,4.0,1,698,-2.4854,14.6885,1.1899
informed,16,fixed,4.0,1,699,-7.2105,18.1644,0.6737
informed,16,fixed,4.0,1,700,-3.8006,8.8043,-0.1493
informed,16,fixed,4.0,1,701,2.4633,8.1345,0.7746
informed,16,fixed,4.0,1,702,-16.3127,0.0491,-0.7430
informed,16,fixed,4.0,1,703,-5.5553,5.7612,0.7399
informed,16,fixed,4.0,1,704,-6.6621,17.2091,-0.8014
informed,16,fixed,4.0,1,705,-15.0282,2.5198,0.1771
informed,16,fixed,4.0,1,706,-16.0203,4.2371,0.1463
informed,16,fixed,4.0,1,707,-6.7952,0.5313,2.2571
informed,16,fixed,4.0,1,708,6.6949,15.2185,2.8422
informed,16,fixed,4.0,1,709,-11.9275,7.5565,0.0500
informed,16,fixed,4.0,1,710,-4.7592,1.6637,1.3453
informed,16,fixed,4.0,1,711,8.9003,12.9297,3.9373
informed,16,fixed,4.0,1,712,1.2730,2.1699,3.6450
informed,16,fixed,4.0,1,713,-5.3052,6.3682,0.4993
informed,16,fixed,4.0,1,714,-9.9593,10.6414,0.7377
informed,16,fixed,4.0,1,715,-12.2613,63.5141,-6.7214
informed,16,fixed,4.0,1,716,-2.6166,17.4927,1.0733
informed,16,fixed,4.0,1,717,0.4683,-0.2029,1.4873
informed,16,fixed,4.0,1,718,7.4078,29.3928,-0.1517
informed,16,fixed,4.0,1,719,-8.9434,14.3292,-1.2892
informed,16,fixed,4.0,1,720,-3.2773,17.9598,-1.7918
informed,16,fixed,4.0,1,721,-2.1936,5.4339,2.5389
informed,16,fixed,4.0,1,722,1.3003,10.9418,1.4588
informed,16,fixed,4.0,1,723,-4.6607,0.7100,0.5271
informed,16,fixed,4.0,1,724,-7.6502,0.0829,1.3876
informed,16,fixed,4.0,1,725,-9.6238,-2.1686,1.1312
informed,16,fixed,4.0,1,726,-11.6140,3.2930,-1.5935
informed,16,fixed,4.0,1,727,-4.3976,0.7763,1.8219
informed,16,fixed,4.0,1,728,-5.7496,4.1501,0.0345
informed,16,fixed,4.0,1,729,1.7648,16.3582,-0.8015
informed,16,fixed,4.0,1,730,-7.0053,8.6160,-0.1018
informed,16,fixed,4.0,1,731,-3.6124,8.2706,1.2443
informed,16,fixed,4.0,1,732,-4.5502,14.4597,1.2592
informed,16,fixed,4.0,1,733,-4.2497,8.1282,0.8970
informed,16,fixed,4.0,1,734,-8.7205,8.3357,0.5115
informed,16,fixed,4.0,1,735,-12.9391,14.2437,0.3380
informed,16,fixed,4.0,1,736,-1.0880,4.0946,1.2069
informed,16,fixed,4.0,1,737,1.1437,6.0967,-0.4912
informed,16,fixed,4.0,1,738,-8.4511,-2.4655,0.9566
informed,16,fixed,4.0,1,739,-6.5280,10.0298,1.9202
informed,16,fixed,4.0,1,740,-8.4065,8.7117,2.2961
informed,16,fixed,4.0,1,741,-3.7541,10.1195,0.0435
informed,16,fixed,4.0,1,742,-4.8597,16.0849,0.3251
informed,16,fixed,4.0,1,743,-2.5073,28.3804,-0.0974
informed,16,fixed,4.0,1,744,-9.1435,7.0827,-1.0316
informed,16,fixed,4.0,1,745,-7.9023,11.5776,-0.4544
informed,16,fixed,4.0,1,746,-11.2419,14.3232,-3.8164
informed,16,fixed,4.0,1,747,-3.6415,-1.1775,1.6302
informed,16,fixed,4.0,1,748,-3.0451,2.5844,0.9389
informed,16,fixed,4.0,1,749,-0.6419,13.0824,0.6165
informed,16,fixed,4.0,1,750,-9.7550,-6.8524,1.5831
informed,16,fixed,4.0,1,751,-4.6295,10.5950,0.0729
informed,16,fixed,4.0,1,752,-7.9880,-1.2449,1.0607
informed,16,fixed,4.0,1,753,-2.0281,4.3239,0.8670
informed,16,fixed,4.0,1,754,3.2106,42.6120,-5.7454
informed,16,fixed,4.0,1,755,-13.9813,3.8352,-0.4902
informed,16,fixed,4.0,1,756,6.6539,18.4082,2.0731
informed,16,fixed,4.0,1,757,-1.6501,0.5688,1.8207
informed,16,fixed,4.0,1,758,-1.6176,14.1697,1.6447
informed,16,fixed,4.0,1,759,-7.9805,5.2165,-0.1280
informed,16,fixed,4.0,1,760,-1.8894,4.0288,2.2865
informed,16,fixed,4.0,1,761,-5.6146,13.7852,-0.4061
informed,16,fixed,4.0,1,762,-3.1811,-5.7535,1.9379
informed,16,fixed,4.0,1,763,-4.8077,-0.8878,0.6715
informed,16,fixed,4.0,1,764,-0.6117,4.2489,1.4467
informed,16,fixed,4.0,1,765,-3.9549,8.9032,-0.0632
informed,16,fixed,4.0,1,766,-2.1896,15.4718,0.0593
informed,16,fixed,4.0,1,767,-7.0708,10.3181,-1.9266
informed,16,fixed,4.0,1,768,1.5151,10.4135,1.4461
informed,16,fixed,4.0,1,769,-15.5306,-6.9895,2.4398
informed,16,fixed,4.0,1,770,-10.4311,8.0833,-1.0538
informed,16,fixed,4.0,1,771,-10.0430,4.6897,0.9919
informed,16,fixed,4.0,1,772,-12.8252,5.6223,0.2732
informed,16,fixed,4.0,1,773,-7.3071,9.3808,0.1722
informed,16,fixed,4.0,1,774,-1.1203,13.3760,1.6487
informed,16,fixed,4.0,1,775,-10.0298,9.1132,-0.1983
informed,16,fixed,4.0,1,776,-5.8949,2.0060,1.4357
informed,16,fixed,4.0,1,777,4.6358,17.9486,3.3586
informed,16,fixed,4.0,1,778,-4.6757,5.5029,1.0316
informed,16,fixed,4.0,1,779,-13.3113,2.3149,0.8853
informed,16,fixed,4.0,1,780,-7.2824,22.8406,-2.0594
informed,16,fixed,4.0,1,781,-6.8114,2.1751,0.9701
informed,16,fixed,4.0,1,782,-6.4699,5.8796,0.9280
informed,16,fixed,4.0,1,783,1.3632,2.1127,1.8228
informed,16,fixed,4.0,1,784,1.7352,13.9538,1.8711
informed,16,fixed,4.0,1,785,-1.6305,9.6826,-0.0129
informed,16,fixed,4.0,1,786,0.4847,14.2469,1.1575
informed,16,fixed,4.0,1,787,-5.4513,5.2256,0.5671
informed,16,fixed,4.0,1,788,-2.2104,-1.6632,1.8180
informed,16,fixed,4.0,1,789,-7.3871,4.5312,0.7392
informed,16,fixed,4.0,1,790,-2.1817,17.0369,-0.4862
informed,16,fixed,4.0,1,791,-12.0250,68.9698,-8.3599
informed,16,fixed,4.0,1,792,-7.2634,2.4846,0.5954
informed,16,fixed,4.0,1,793,5.9039,13.2173,0.5319
informed,16,fixed,4.0,1,794,8.6798,23.8141,1.9308
informed,16,fixed,4.0,1,795,-5.6668,11.1122,1.0854
informed,16,fixed,4.0,1,796,-1.3536,17.1931,0.2733
informed,16,fixed,4.0,1,797,-0.2643,9.4305,0.6071
informed,16,fixed,4.0,1,798,-5.6694,24.9515,-0.7989
informed,16,fixed,4.0,1,799,-4.1434,4.2855,-0.0394
informed,16,fixed,4.0,1,800,-0.9656,15.0996,1.0327
informed,16,fixed,4.0,1,801,-0.1491,9.6564,0.4347
informed,16,fixed,4.0,1,802,0.8037,6.4676,1.8227
informed,16,fixed,4.0,1,803,-6.0721,0.1803,-0.1494
informed,16,fixed,4.0,1,804,1.0154,10.4537,-0.1116
informed,16,fixed,4.0,1,805,-1.4047,6.9930,3.1279
informed,16,fixed,4.0,1,806,-8.9448,-2.9132,1.1484
informed,16,fixed,4.0,1,807,-3.4355,9.1475,-0.4886
informed,16,fixed,4.0,1,808,-14.1637,11.9595,-1.8851
informed,16,fixed,4.0,1,809,-11.5671,15.6680,0.7063
informed,16,fixed,4.0,1,810,-42.7830,-9.6849,14.1580
informed,16,fixed,4.0,1,811,-4.7584,7.3484,2.1871
informed,16,fixed,4.0,1,812,-4.6280,1.3325,0.4126
informed,16,fixed,4.0,1,813,-0.3262,4.4093,1.3181
informed,16,fixed,4.0,1,814,-7.2602,3.0204,0.9782
informed,16,fixed,4.0,1,815,-6.6032,-1.1716,1.9663
informed,16,fixed,4.0,1,816,-2.3052,6.6410,0.9706
informed,16,fixed,4.0,1,817,-3.5329,32.0253,0.4702
informed,16,fixed,4.0,1,818,-3.2161,0.0367,0.9542
informed,16,fixed,4.0,1,819,-28.8963,14.5285,6.1443
informed,16,fixed,4.0,1,820,-4.5932,5.8650,2.9154
informed,16,fixed,4.0,1,821,-9.8818,0.7899,1.0713
informed,16,fixed,4.0,1,822,-1.4595,0.2037,2.1231
informed,16,fixed,4.0,1,823,-7.7800,6.0752,-0.4040
informed,16,fixed,4.0,1,824,-1.8534,11.9874,0.4097
informed,16,fixed,4.0,1,825,1.7109,2.3832,2.5754
informed,16,fixed,4.0,1,826,1.6491,0.5364,4.1401
informed,16,fixed,4.0,1,827,-9.8621,-1.6216,-0.3263
informed,16,fixed,4.0,1,828,-8.6096,0.2178,0.9450
informed,16,fixed,4.0,1,829,-1.4065,11.2114,-0.0314
informed,16,fixed,4.0,1,830,-5.0752,7.7181,-0.1507
informed,16,fixed,4.0,1,831,-8.6105,9.6172,-1.4401
informed,16,fixed,4.0,1,832,-3.2590,1.0412,2.0830
informed,16,fixed,4.0,1,833,-14.5597,7.1286,-0.9107
informed,16,fixed,4.0,1,834,-2.3861,4.0388,0.5762
informed,16,fixed,4.0,1,835,-9.2470,1.4954,-0.6291
informed,16,fixed,4.0,1,836,-4.6722,12.8313,-1.1430
informed,16,fixed,4.0,1,837,-8.4794,10.8481,1.1579
informed,16,fixed,4.0,1,838,-3.5669,6.1839,1.1296
informed,16,fixed,4.0,1,839,-0.7978,12.5665,-1.0225
informed,16,fixed,4.0,1,840,-5.9786,4.2559,0.6011
informed,16,fixed,4.0,1,841,-4.8684,1.4232,3.2610
informed,16,fixed,4.0,1,842,-5.5863,5.9819,1.0906
informed,16,fixed,4.0,1,843,-10.7899,-27.0745,12.4672
informed,16,fixed,4.0,1,844,-3.9855,0.2113,2.2732
informed,16,fixed,4.0,1,845,-4.5032,-0.1601,1.2246
informed,16,fixed,4.0,1,846,-12.0103,5.0390,0.8004
informed,16,fixed,4.0,1,847,-15.1965,-3.7312,-1.1970
informed,16,fixed,4.0,1,848,1.2200,9.5632,1.6834
informed,16,fixed,4.0,1,849,-9.7870,11.3937,-0.1901
informed,16,fixed,4.0,1,850,-1.1738,11.8470,0.5919
informed,16,fixed,4.0,1,851,-1.3849,12.5040,1.4007
informed,16,fixed,4.0,1,852,-7.9922,1.4486,0.1291
informed,16,fixed,4.0,1,853,-6.9977,16.7649,-0.5182
informed,16,fixed,4.0,1,854,-5.1453,4.6956,1.3355
informed,16,fixed,4.0,1,855,387.8211,338.3725,36.6388
informed,16,fixed,4.0,1,856,4.4640,23.2183,2.1616
informed,16,fixed,4.0,1,857,-3.3421,8.7763,0.6997
informed,16,fixed,4.0,1,858,-9.1197,0.9174,0.6402
informed,16,fixed,4.0,1,859,-4.3301,6.6031,-0.9040
informed,16,fixed,4.0,1,860,-3.9366,4.2774,1.5491
informed,16,fixed,4.0,1,861,-13.7195,1.5351,0.2072
informed,16,fixed,4.0,1,862,-10.3291,-1.6428,1.0270
informed,16,fixed,4.0,1,863,154.3312,-6.1045,137.5613
informed,16,fixed,4.0,1,864,-4.5255,3.3010,1.1035
informed,16,fixed,4.0,1,865,-10.3273,4.1714,-1.4848
informed,16,fixed,4.0,1,866,-14.0795,15.8646,-0.8179
informed,16,fixed,4.0,1,867,-4.6276,1.5465,-0.2111
informed,16,fixed,4.0,1,868,35.0776,56.7550,-1.7590
informed,16,fixed,4.0,1,869,-3.0239,17.8805,1.7431
informed,16,fixed,4.0,1,870,-3.0673,-1.5752,1.4095
informed,16,fixed,4.0,1,871,-3.4402,6.0664,0.4420
informed,16,fixed,4.0,1,872,-5.8765,3.3557,0.7519
informed,16,fixed,4.0,1,873,-3.6739,-0.8987,1.4985
informed,16,fixed,4.0,1,874,-7.6081,19.6008,0.2624
informed,16,fixed,4.0,1,875,-2.4504,-3.8974,0.8270
informed,16,fixed,4.0,1,876,1.8803,21.4054,-0.1903
informed,16,fixed,4.0,1,877,-7.2986,11.9511,-1.9110
informed,16,fixed,4.0,1,878,-6.6321,-0.6332,1.5515
informed,16,fixed,4.0,1,879,-8.0672,74.6541,-8.3616
informed,16,fixed,4.0,1,880,-0.7835,2.6692,1.9792
informed,16,fixed,4.0,1,881,-7.8971,2.7964,0.3095
informed,16,fixed,4.0,1,882,-4.5457,3.7475,-0.0958
informed,16,fixed,4.0,1,883,-4.5874,3.7040,-0.0297
informed,16,fixed,4.0,1,884,-1.2142,11.4964,-0.1946
informed,16,fixed,4.0,1,885,-6.0484,3.7463,1.2819
informed,16,fixed,4.0,1,886,1.1565,3.7845,1.7284
informed,16,fixed,4.0,1,887,-4.6502,5.5569,0.9326
informed,16,fixed,4.0,1,888,-5.4159,5.2728,0.7644
informed,16,fixed,4.0,1,889,-14.6227,12.6881,-1.3498
informed,16,fixed,4.0,1,890,-1.3631,14.1042,-0.4323
informed,16,fixed,4.0,1,891,-4.3505,7.9343,1.7446
informed,16,fixed,4.0,1,892,-5.3976,9.2432,0.5586
informed,16,fixed,4.0,1,893,-0.3090,4.2633,0.7856
informed,16,fixed,4.0,1,894,-4.0629,9.0790,0.4678
informed,16,fixed,4.0,1,895,-6.0563,2.8807,-0.0118
informed,16,fixed,4.0,1,896,-5.5561,6.8576,0.0823
informed,16,fixed,4.0,1,897,-8.2942,0.8892,1.9160
informed,16,fixed,4.0,1,898,-7.5565,16.8838,0.3484
informed,16,fixed,4.0,1,899,-12.7495,-5.7525,1.7781
informed,16,fixed,4.0,1,900,3.2421,5.1353,3.1948
informed,16,fixed,4.0,1,901,-7.3400,4.0952,0.0876
informed,16,fixed,4.0,1,902,-5.0913,-1.2899,1.1417
informed,16,fixed,4.0,1,903,-7.1128,3.2733,1.4347
informed,16,fixed,4.0,1,904,0.2033,19.0730,2.0021
informed,16,fixed,4.0,1,905,-3.2035,5.7397,2.2394
informed,16,fixed,4.0,1,906,-3.5706,6.8540,0.8319
informed,16,fixed,4.0,1,907,-12.2968,4.5519,-0.6579
informed,16,fixed,4.0,1,908,-10.4199,7.5247,-0.3048
informed,16,fixed,4.0,1,909,-1.7890,-0.5318,3.1709
informed,16,fixed,4.0,1,910,-5.7672,11.9368,-0.6219
informed,16,fixed,4.0,1,911,-2.6082,3.2377,1.6659
informed,16,fixed,4.0,1,912,-5.9129,1.8260,2.4204
informed,16,fixed,4.0,1,913,-3.2738,6.6879,1.5229
informed,16,fixed,4.0,1,914,0.8402,8.5224,2.0370
informed,16,fixed,4.0,1,915,-10.5402,8.8794,-0.3194
informed,16,fixed,4.0,1,916,-0.3340,-1.4310,2.1053
informed,16,fixed,4.0,1,917,-1.0146,8.6637,0.4877
informed,16,fixed,4.0,1,918,-9.9183,-0.4594,0.4503
informed,16,fixed,4.0,1,919,-7.2675,6.9183,1.4931
informed,16,fixed,4.0,1,920,-9.0508,3.9123,1.9590
informed,16,fixed,4.0,1,921,-0.9022,13.4171,-0.2421
informed,16,fixed,4.0,1,922,-5.0948,19.1162,-0.6418
informed,16,fixed,4.0,1,923,-1.0770,8.3737,1.6041
informed,16,fixed,4.0,1,924,0.5071,16.4593,-0.1310
informed,16,fixed,4.0,1,925,-8.7051,9.1856,1.1290
informed,16,fixed,4.0,1,926,-1.8279,7.2137,0.7711
informed,16,fixed,4.0,1,927,-0.5934,10.5513,1.6204
informed,16,fixed,4.0,1,928,-10.9608,2.7304,0.1352
informed,16,fixed,4.0,1,929,-13.4862,-0.7896,-0.1813
informed,16,fixed,4.0,1,930,-3.8709,2.8642,1.5861
informed,16,fixed,4.0,1,931,-0.2815,-6.0676,2.5371
informed,16,fixed,4.0,1,932,-4.4598,3.8485,1.7670
informed,16,fixed,4.0,1,933,-5.1442,1.3822,0.9464
informed,16,fixed,4.0,1,934,-4.2447,8.1322,0.0753
informed,16,fixed,4.0,1,935,-5.1774,18.1698,-1.7631
informed,16,fixed,4.0,1,936,-3.4430,4.3862,0.4414
informed,16,fixed,4.0,1,937,-10.0462,16.3692,-1.2189
informed,16,fixed,4.0,1,938,-11.9499,10.4345,-0.2679
informed,16,fixed,4.0,1,939,-2.4929,10.1324,-0.1311
informed,16,fixed,4.0,1,940,1.2963,7.9918,1.5171
informed,16,fixed,4.0,1,941,-5.7790,4.2587,0.3696
informed,16,fixed,4.0,1,942,-6.9168,16.6127,1.4478
informed,16,fixed,4.0,1,943,-3.6985,8.8341,1.9171
informed,16,fixed,4.0,1,944,1.9662,10.8234,0.2781
informed,16,fixed,4.0,1,945,-1.1473,4.5128,1.9771
informed,16,fixed,4.0,1,946,-4.7191,4.8527,1.2072
informed,16,fixed,4.0,1,947,-7.3236,4.7488,0.6855
informed,16,fixed,4.0,1,948,-4.1679,-2.8500,1.5758
informed,16,fixed,4.0,1,949,-4.0110,6.0609,1.3573
informed,16,fixed,4.0,1,950,-5.8316,4.6806,-0.2027
informed,16,fixed,4.0,1,951,-11.1086,25.9675,-1.4242
informed,16,fixed,4.0,1,952,-12.1873,3.9971,0.6529
informed,16,fixed,4.0,1,953,2.3578,7.0615,2.0076
informed,16,fixed,4.0,1,954,-7.9191,9.4194,-0.2633
informed,16,fixed,4.0,1,955,-6.3149,2.3428,2.4546
informed,16,fixed,4.0,1,956,-3.8545,2.5552,-0.2482
informed,16,fixed,4.0,1,957,-4.3881,-5.1203,2.1159
informed,16,fixed,4.0,1,958,1.7521,8.6770,1.6935
informed,16,fixed,4.0,1,959,-9.3342,-5.5589,1.1662
informed,16,fixed,4.0,1,960,-9.0332,19.0482,1.1064
informed,16,fixed,4.0,1,961,-7.2053,-5.8061,1.3620
informed,16,fixed,4.0,1,962,-1.6633,17.7252,-1.2851
informed,16,fixed,4.0,1,963,-3.4914,4.9677,1.9729
informed,16,fixed,4.0,1,964,-5.2103,5.1637,0.3791
informed,16,fixed,4.0,1,965,1.2249,0.7503,2.0939
informed,16,fixed,4.0,1,966,1.3130,4.4489,1.0483
informed,16,fixed,4.0,1,967,-4.8468,8.1243,0.8903
informed,16,fixed,4.0,1,968,-5.9260,-3.0727,1.6694
informed,16,fixed,4.0,1,969,-3.4431,4.9542,1.3722
informed,16,fixed,4.0,1,970,-14.4518,8.8474,-0.7698
informed,16,fixed,4.0,1,971,17.9077,51.4160,-0.8326
informed,16,fixed,4.0,1,972,0.8901,16.2427,-1.7195
informed,16,fixed,4.0,1,973,-0.0529,7.4469,0.5078
informed,16,fixed,4.0,1,974,-5.5910,-1.6152,3.3076
informed,16,fixed,4.0,1,975,-12.4327,5.4466,-0.0657
informed,16,fixed,4.0,1,976,1.2510,9.7853,1.6239
informed,16,fixed,4.0,1,977,-9.5342,2.3204,0.7509
informed,16,fixed,4.0,1,978,-4.0109,1.1535,0.6436
informed,16,fixed,4.0,1,979,-4.9066,70.6507,-9.7876
informed,16,fixed,4.0,1,980,-5.9575,5.0637,0.3228
informed,16,fixed,4.0,1,981,-4.6128,-4.3486,1.7201
informed,16,fixed,4.0,1,982,-2.6840,-1.4992,2.3672
informed,16,fixed,4.0,1,983,-8.0196,5.5691,0.1333
informed,16,fixed,4.0,1,984,-0.7728,28.7482,-4.0599
informed,16,fixed,4.0,1,985,-10.5264,3.6359,-0.6144
informed,16,fixed,4.0,1,986,5.9528,3.4278,2.9949
informed,16,fixed,4.0,1,987,-7.4337,1.8101,1.3901
informed,16,fixed,4.0,1,988,-2.2219,10.7583,0.9398
informed,16,fixed,4.0,1,989,-8.1879,5.4008,1.8906
informed,16,fixed,4.0,1,990,-6.7955,14.9068,1.5535
informed,16,fixed,4.0,1,991,-10.3845,0.6726,1.2055
informed,16,fixed,4.0,1,992,-5.3485,4.1079,1.4060
informed,16,fixed,4.0,1,993,-9.8892,-0.8840,1.1182
informed,16,fixed,4.0,1,994,-8.1083,8.7589,-0.5279
informed,16,fixed,4.0,1,995,-2.9660,4.7794,0.8132
informed,16,fixed,4.0,1,996,-4.3711,39.5867,-7.4148
informed,16,fixed,4.0,1,997,-0.6736,5.5270,2.2076
informed,16,fixed,4.0,1,998,-1.8381,2.8716,-0.3589
informed,16,fixed,4.0,1,999,-5.9613,1.7639,0.2762
informed,16,fixed,4.0,1,1000,-6.7312,7.0133,0.7762
random,16,fixed,4.0,1,1,-7.7203,-11.0285,3.8209
random,16,fixed,4.0,1,2,1.4620,-1.0990,5.4851
random,16,fixed,4.0,1,3,-15.1579,-14.7528,3.8706
random,16,fixed,4.0,1,4,-8.4594,-10.4451,4.4458
random,16,fixed,4.0,1,5,-10.0034,-14.1220,3.1840
random,16,fixed,4.0,1,6,-4.2520,-7.3173,3.3632
random,16,fixed,4.0,1,7,0.5471,-6.0113,4.4640
random,16,fixed,4.0,1,8,-11.0023,-12.8572,3.8446
random,16,fixed,4.0,1,9,-8.8063,-12.3090,4.3780
random,16,fixed,4.0,1,10,-6.2664,-11.4112,3.6549
random,16,fixed,4.0,1,11,-9.5823,-11.3271,3.5534
random,16,fixed,4.0,1,12,1.5200,-3.5234,4.1992
random,16,fixed,4.0,1,13,-4.1142,-4.0955,5.5605
random,16,fixed,4.0,1,14,-15.2762,-13.3287,3.2202
random,16,fixed,4.0,1,15,-6.6790,-12.5929,3.2356
random,16,fixed,4.0,1,16,-4.0519,-4.8163,4.5540
random,16,fixed,4.0,1,17,-8.6084,-12.3094,2.2963
random,16,fixed,4.0,1,18,-9.3464,-10.3619,2.9402
random,16,fixed,4.0,1,19,-10.2572,-12.5703,3.3629
random,16,fixed,4.0,1,20,-11.2235,-10.8582,3.7315
random,16,fixed,4.0,1,21,-7.2795,-11.5388,3.4240
random,16,fixed,4.0,1,22,-13.3339,-16.2577,3.1683
random,16,fixed,4.0,1,23,-11.5542,-10.9362,5.1651
random,16,fixed,4.0,1,24,-9.0207,-10.5535,3.7285
random,16,fixed,4.0,1,25,-7.7144,-11.1309,3.6544
random,16,fixed,4.0,1,26,-1.9044,-8.7620,2.8331
random,16,fixed,4.0,1,27,-8.0724,-11.2673,3.7016
random,16,fixed,4.0,1,28,-0.5505,-4.7280,4.7136
random,16,fixed,4.0,1,29,-8.8962,-13.3180,2.5772
random,16,fixed,4.0,1,30,-3.9656,-6.3598,4.4366
random,16,fixed,4.0,1,31,-12.4686,-12.4927,4.4282
random,16,fixed,4.0,1,32,-13.7709,-13.9555,2.8947
random,16,fixed,4.0,1,33,1.3549,0.4684,5.6038
random,16,fixed,4.0,1,34,-8.0130,-12.8509,2.5802
random,16,fixed,4.0,1,35,-7.0997,-13.2470,3.0738
random,16,fixed,4.0,1,36,-8.6741,-13.3245,3.1643
random,16,fixed,4.0,1,37,-5.3656,-5.8152,5.4281
random,16,fixed,4.0,1,38,-0.3895,-4.9269,4.5871
random,16,fixed,4.0,1,39,-0.6306,-4.3663,4.9781
random,16,fixed,4.0,1,40,-12.6310,-13.9731,3.3393
random,16,fixed,4.0,1,41,-4.3506,-7.5702,3.6928
random,16,fixed,4.0,1,42,-14.9457,-12.1108,5.4240
random,16,fixed,4.0,1,43,-1.3319,-3.1275,3.5194
random,16,fixed,4.0,1,44,-1.9639,-6.4067,3.3001
random,16,fixed,4.0,1,45,-7.4228,-11.6125,2.9295
random,16,fixed,4.0,1,46,-10.7207,-15.2196,3.1799
random,16,fixed,4.0,1,47,-6.9822,-12.1910,3.1656
random,16,fixed,4.0,1,48,-3.0637,-8.0300,3.5954
random,16,fixed,4.0,1,49,-2.2770,-6.5032,3.9717
random,16,fixed,4.0,1,50,-6.5460,-10.1463,3.8929
random,16,fixed,4.0,1,51,-4.2433,-8.1480,3.1433
random,16,fixed,4.0,1,52,-3.6712,-6.5054,5.5440
random,16,fixed,4.0,1,53,-5.0995,-9.5689,2.8003
random,16,fixed,4.0,1,54,-9.8801,-12.6529,3.3724
random,16,fixed,4.0,1,55,-4.5228,-8.4387,3.7556
random,16,fixed,4.0,1,56,-2.8919,-5.1389,4.6758
random,16,fixed,4.0,1,57,-1.4158,-6.4181,4.3166
random,16,fixed,4.0,1,58,-8.7570,-12.9151,4.1357
random,16,fixed,4.0,1,59,-5.1265,-11.8542,3.2111
random,16,fixed,4.0,1,60,-7.1829,-9.0857,5.1590
random,16,fixed,4.0,1,61,-0.9361,-5.6530,4.0656
random,16,fixed,4.0,1,62,-8.2402,-12.0246,3.7282
random,16,fixed,4.0,1,63,-3.5732,-7.9077,2.9917
random,16,fixed,4.0,1,64,-8.4349,-9.4388,2.8350
random,16,fixed,4.0,1,65,-1.4806,-5.3727,4.2519
random,16,fixed,4.0,1,66,-6.6554,-12.3034,2.0266
random,16,fixed,4.0,1,67,8.4906,6.9187,11.4405
random,16,fixed,4.0,1,68,-11.4699,-15.4787,3.4517
random,16,fixed,4.0,1,69,-5.3676,-5.5019,4.7124
random,16,fixed,4.0,1,70,1.3561,-5.6159,4.1323
random,16,fixed,4.0,1,71,-1.9432,-5.1523,5.3318
random,16,fixed,4.0,1,72,-9.6226,-9.2923,4.9217
random,16,fixed,4.0,1,73,-14.0078,-13.5088,4.8335
random,16,fixed,4.0,1,74,-12.2159,-13.1680,3.6499
random,16,fixed,4.0,1,75,-3.9067,-9.5969,2.7013
random,16,fixed,4.0,1,76,-10.4168,-14.2194,3.5966
random,16,fixed,4.0,1,77,-4.7098,-6.8181,5.3849
random,16,fixed,4.0,1,78,-3.3644,-8.1838,4.3432
random,16,fixed,4.0,1,79,-12.2785,-13.3775,3.8228
random,16,fixed,4.0,1,80,-5.9299,-11.1815,2.6745
random,16,fixed,4.0,1,81,-9.1773,-11.3599,3.5128
random,16,fixed,4.0,1,82,-4.0433,-2.8498,5.9642
random,16,fixed,4.0,1,83,-6.0207,-9.1441,4.7012
random,16,fixed,4.0,1,84,-0.7424,-6.2265,3.5633
random,16,fixed,4.0,1,85,-0.5684,-6.7874,2.9966
random,16,fixed,4.0,1,86,-6.7135,-8.3062,4.5282
random,16,fixed,4.0,1,87,-14.0873,-14.7199,3.7439
random,16,fixed,4.0,1,88,-10.3100,-13.0017,3.8670
random,16,fixed,4.0,1,89,-2.1015,-7.0383,3.6217
random,16,fixed,4.0,1,90,-5.5695,-10.4078,3.8196
random,16,fixed,4.0,1,91,-2.0696,-8.9579,3.6882
random,16,fixed,4.0,1,92,-8.9502,-11.7996,2.8858
random,16,fixed,4.0,1,93,-6.6387,-7.1029,5.2417
random,16,fixed,4.0,1,94,-12.5768,-14.3163,3.8588
random,16,fixed,4.0,1,95,-4.5941,-9.1473,2.2628
random,16,fixed,4.0,1,96,-7.5442,-12.4380,2.0062
random,16,fixed,4.0,1,97,-18.1513,-21.6376,3.1042
random,16,fixed,4.0,1,98,-15.4458,-15.1281,3.3332
random,16,fixed,4.0,1,99,-1.0758,-6.8224,5.8195
random,16,fixed,4.0,1,100,-1.6913,-5.5767,3.2773
random,16,fixed,4.0,1,101,-5.9713,-7.7985,4.1693
random,16,fixed,4.0,1,102,-5.4168,-7.3831,3.3053
random,16,fixed,4.0,1,103,-13.0107,-12.1453,4.8913
random,16,fixed,4.0,1,104,-9.8359,-10.5360,3.0647
random,16,fixed,4.0,1,105,-1.6423,-9.9183,3.9042
random,16,fixed,4.0,1,106,-10.5919,-9.4614,4.8311
random,16,fixed,4.0,1,107,-9.7044,-14.5501,3.1791
random,16,fixed,4.0,1,108,-7.0816,-7.2464,5.2832
random,16,fixed,4.0,1,109,-5.6100,-10.3272,2.9265
random,16,fixed,4.0,1,110,-3.8561,-7.1258,5.5416
random,16,fixed,4.0,1,111,-8.8364,-10.1388,4.7287
random,16,fixed,4.0,1,112,-9.7650,-11.2277,3.6207
random,16,fixed,4.0,1,113,-12.2700,-15.6045,2.6507
random,16,fixed,4.0,1,114,-12.5812,-11.7640,4.9531
random,16,fixed,4.0,1,115,-8.6750,-6.7252,4.7206
random,16,fixed,4.0,1,116,-7.7994,-9.7682,2.4590
random,16,fixed,4.0,1,117,-7.8943,-11.5314,3.9171
random,16,fixed,4.0,1,118,-1.4567,-9.0784,3.1735
random,16,fixed,4.0,1,119,-7.4936,-10.8200,4.4092
random,16,fixed,4.0,1,120,-9.0991,-13.3102,3.5421
random,16,fixed,4.0,1,121,-2.1312,-6.5908,3.9250
random,16,fixed,4.0,1,122,-8.8142,-9.1895,4.2451
random,16,fixed,4.0,1,123,-4.7134,-6.2825,5.6573
random,16,fixed,4.0,1,124,-3.5390,-7.2867,3.9608
random,16,fixed,4.0,1,125,-6.1487,-10.0229,3.4983
random,16,fixed,4.0,1,126,-0.5132,-6.4396,3.2166
random,16,fixed,4.0,1,127,-0.4728,-8.0517,3.8934
random,16,fixed,4.0,1,128,-8.3379,-12.9377,4.7198
random,16,fixed,4.0,1,129,-6.6622,-6.3005,5.3253
random,16,fixed,4.0,1,130,-1.6700,-7.0453,4.5215
random,16,fixed,4.0,1,131,-7.1249,-8.6843,4.9106
random,16,fixed,4.0,1,132,-3.4704,-8.4358,3.5448
random,16,fixed,4.0,1,133,-1.5560,-4.9603,4.0401
random,16,fixed,4.0,1,134,2.5801,-1.3740,5.2629
random,16,fixed,4.0,1,135,-4.1826,-9.4514,4.0371
random,16,fixed,4.0,1,136,-3.3051,-6.1137,4.5424
random,16,fixed,4.0,1,137,-6.7990,-9.6807,3.4163
random,16,fixed,4.0,1,138,-4.6232,-10.3416,4.4313
random,16,fixed,4.0,1,139,-2.8294,-6.9773,4.0648
random,16,fixed,4.0,1,140,-9.9709,-14.1984,2.5911
random,16,fixed,4.0,1,141,-2.8345,-6.8819,4.1191
random,16,fixed,4.0,1,142,-12.2013,-14.2924,2.9188
random,16,fixed,4.0,1,143,-11.1292,-14.4937,3.5355
random,16,fixed,4.0,1,144,-8.8071,-13.3105,2.6175
random,16,fixed,4.0,1,145,-10.3147,-13.5212,2.8121
random,16,fixed,4.0,1,146,-1.0998,-7.8946,3.2643
random,16,fixed,4.0,1,147,-2.5472,-4.8790,3.6447
random,16,fixed,4.0,1,148,-8.0580,-9.6264,3.5376
random,16,fixed,4.0,1,149,-4.6243,-5.2171,4.2773
random,16,fixed,4.0,1,150,-7.9322,-12.5192,2.3851
random,16,fixed,4.0,1,151,-11.1539,-10.9149,3.6656
random,16,fixed,4.0,1,152,-12.4856,-12.4484,4.4143
random,16,fixed,4.0,1,153,-4.4023,-9.3678,3.2170
random,16,fixed,4.0,1,154,-13.6423,-9.1550,5.2059
random,16,fixed,4.0,1,155,-7.1486,-8.1309,3.8844
random,16,fixed,4.0,1,156,-12.0577,-15.7106,3.0536
random,16,fixed,4.0,1,157,-5.4664,-11.4098,1.8144
random,16,fixed,4.0,1,158,-8.0751,-13.8066,3.9274
random,16,fixed,4.0,1,159,-22.3981,-19.9816,3.6559
random,16,fixed,4.0,1,160,-11.4215,-13.0096,4.0854
random,16,fixed,4.0,1,161,-6.3622,-7.3663,5.5979
random,16,fixed,4.0,1,162,-2.8261,-5.1571,3.9675
random,16,fixed,4.0,1,163,-9.8945,-12.1152,3.5483
random,16,fixed,4.0,1,164,-8.3370,-8.2388,5.0246
random,16,fixed,4.0,1,165,-11.1210,-13.2783,2.4465
random,16,fixed,4.0,1,166,-1.2394,-5.4869,4.1119
random,16,fixed,4.0,1,167,-4.5398,-9.4195,2.8934
random,16,fixed,4.0,1,168,-2.4259,-7.7291,3.6714
random,16,fixed,4.0,1,169,-4.7753,-8.8175,3.6936
random,16,fixed,4.0,1,170,-2.8255,-8.3477,3.5799
random,16,fixed,4.0,1,171,-6.0576,-11.1990,2.5480
random,16,fixed,4.0,1,172,-1.9016,-5.9004,4.5374
random,16,fixed,4.0,1,173,-0.1028,-2.8405,3.7577
random,16,fixed,4.0,1,174,-10.6744,-13.0574,3.6324
random,16,fixed,4.0,1,175,-8.1452,-7.8694,3.8619
random,16,fixed,4.0,1,176,-6.5065,-11.9177,2.3475
random,16,fixed,4.0,1,177,-6.7930,-10.4466,3.8749
random,16,fixed,4.0,1,178,-6.8118,-10.2431,4.0652
random,16,fixed,4.0,1,179,-7.6974,-11.3799,3.9217
random,16,fixed,4.0,1,180,-3.5244,-7.1528,4.1415
random,16,fixed,4.0,1,181,-9.3147,-12.3614,5.8039
random,16,fixed,4.0,1,182,-2.2600,-7.2114,4.3531
random,16,fixed,4.0,1,183,1.8866,-3.5210,4.6544
random,16,fixed,4.0,1,184,-3.4347,-8.3527,3.0901
random,16,fixed,4.0,1,185,-7.0691,-10.5595,3.6869
random,16,fixed,4.0,1,186,-9.4035,-12.3321,3.5850
random,16,fixed,4.0,1,187,-5.9292,-11.1921,3.4482
random,16,fixed,4.0,1,188,-6.5238,-8.2631,3.1247
random,16,fixed,4.0,1,189,1.2536,-5.7136,3.1177
random,16,fixed,4.0,1,190,-3.0962,-7.1402,3.4318
random,16,fixed,4.0,1,191,-3.5728,-5.7601,4.4114
random,16,fixed,4.0,1,192,-7.6513,-12.4027,2.7833
random,16,fixed,4.0,1,193,-5.4118,-7.8588,3.4668
random,16,fixed,4.0,1,194,-10.0607,-11.1517,3.8042
random,16,fixed,4.0,1,195,-0.3090,-3.8445,3.9749
random,16,fixed,4.0,1,196,2.7926,0.9974,5.2367
random,16,fixed,4.0,1,197,-10.4062,-13.4732,2.7343
random,16,fixed,4.0,1,198,-2.2418,-7.2622,3.9983
random,16,fixed,4.0,1,199,-11.7102,-14.5178,3.2384
random,16,fixed,4.0,1,200,-8.4402,-13.2342,3.3696
random,16,fixed,4.0,1,201,-4.7122,-10.1367,3.4840
random,16,fixed,4.0,1,202,0.1097,-4.4908,3.9889
random,16,fixed,4.0,1,203,-2.6338,-7.2656,2.9822
random,16,fixed,4.0,1,204,-7.1957,-12.5169,2.9301
random,16,fixed,4.0,1,205,-13.2280,-15.1167,3.7361
random,16,fixed,4.0,1,206,-7.5448,-11.0348,3.2149
random,16,fixed,4.0,1,207,3.0062,-2.4608,4.7373
random,16,fixed,4.0,1,208,-10.7123,-13.9694,2.8169
random,16,fixed,4.0,1,209,-22.3352,-21.1562,3.4443
random,16,fixed,4.0,1,210,-16.9497,-17.0874,2.8380
random,16,fixed,4.0,1,211,-1.9074,-7.5948,3.1573
random,16,fixed,4.0,1,212,-0.3178,-5.4977,4.2747
random,16,fixed,4.0,1,213,-7.3350,-11.1985,3.4308
random,16,fixed,4.0,1,214,-8.8899,-8.8113,3.8560
random,16,fixed,4.0,1,215,-6.5338,-9.3771,3.5273
random,16,fixed,4.0,1,216,-9.2415,-9.0060,4.3460
random,16,fixed,4.0,1,217,-5.4312,-11.0950,3.6762
random,16,fixed,4.0,1,218,-8.0809,-13.0791,3.6582
random,16,fixed,4.0,1,219,-4.3258,-9.6194,3.4665
random,16,fixed,4.0,1,220,-9.1614,-12.5470,3.1995
random,16,fixed,4.0,1,221,-8.7794,-10.4978,4.9286
random,16,fixed,4.0,1,222,-2.6726,-9.6322,4.2965
random,16,fixed,4.0,1,223,-9.9883,-13.4042,3.2058
random,16,fixed,4.0,1,224,-0.2880,-4.3121,3.8476
random,16,fixed,4.0,1,225,-4.4274,-9.8725,4.1614
random,16,fixed,4.0,1,226,-7.9945,-11.2479,3.3719
random,16,fixed,4.0,1,227,-1.7301,-7.3318,2.6593
random,16,fixed,4.0,1,228,-3.5671,-5.5128,5.2008
random,16,fixed,4.0,1,229,-5.2428,-9.9270,3.7081
random,16,fixed,4.0,1,230,-6.9575,-10.4872,3.4750
random,16,fixed,4.0,1,231,-1.1849,-7.2649,3.2648
random,16,fixed,4.0,1,232,-9.4894,-14.3925,2.6238
random,16,fixed,4.0,1,233,-3.6879,-10.5313,3.0858
random,16,fixed,4.0,1,234,-13.4447,-14.9161,3.7613
random,16,fixed,4.0,1,235,-6.0351,-8.6222,4.6675
random,16,fixed,4.0,1,236,-14.2445,-13.6549,3.3969
random,16,fixed,4.0,1,237,-2.6580,-7.5920,3.9671
random,16,fixed,4.0,1,238,-4.2526,-9.9783,3.8328
random,16,fixed,4.0,1,239,-8.7667,-7.7109,3.8710
random,16,fixed,4.0,1,240,-6.9587,-11.0411,3.3653
random,16,fixed,4.0,1,241,-5.6727,-10.4474,2.6296
random,16,fixed,4.0,1,242,-1.1111,-8.9124,3.1279
random,16,fixed,4.0,1,243,-3.7065,-7.3607,4.3873
random,16,fixed,4.0,1,244,-2.3302,-5.2288,4.8783
random,16,fixed,4.0,1,245,-13.4701,-9.0644,3.4125
random,16,fixed,4.0,1,246,-1.5562,-7.2243,4.5695
random,16,fixed,4.0,1,247,-8.1140,-9.8605,4.4785
random,16,fixed,4.0,1,248,-10.0580,-12.8520,2.3700
random,16,fixed,4.0,1,249,-4.1587,-9.6191,3.4674
random,16,fixed,4.0,1,250,-0.6307,-5.5548,4.1910
random,16,fixed,4.0,1,251,-3.7699,-5.0237,4.7991
random,16,fixed,4.0,1,252,-13.4300,-14.0387,4.1764
random,16,fixed,4.0,1,253,-5.0830,-10.2922,3.4730
random,16,fixed,4.0,1,254,-12.1074,-15.0713,3.5426
random,16,fixed,4.0,1,255,-3.7219,-8.6708,2.4172
random,16,fixed,4.0,1,256,-0.0121,-5.1183,4.0018
random,16,fixed,4.0,1,257,-10.6678,-13.7794,3.7081
random,16,fixed,4.0,1,258,-8.2262,-11.3272,4.8577
random,16,fixed,4.0,1,259,-15.7901,-17.2053,4.1002
random,16,fixed,4.0,1,260,-4.4634,-8.1719,3.6848
random,16,fixed,4.0,1,261,-4.9248,-9.7406,3.5154
random,16,fixed,4.0,1,262,-9.8566,-12.5866,3.1741
random,16,fixed,4.0,1,263,-11.8744,-14.6125,2.9833
random,16,fixed,4.0,1,264,-3.6888,-9.5288,2.6050
random,16,fixed,4.0,1,265,-16.4294,-17.5161,2.9288
random,16,fixed,4.0,1,266,-13.1497,-15.7367,3.5033
random,16,fixed,4.0,1,267,-2.9863,-6.1628,3.7608
random,16,fixed,4.0,1,268,-10.1509,-13.9684,2.5524
random,16,fixed,4.0,1,269,-5.9434,-11.3531,2.2194
random,16,fixed,4.0,1,270,-5.0547,-10.9211,2.9012
random,16,fixed,4.0,1,271,-10.5039,-11.6581,3.5365
random,16,fixed,4.0,1,272,0.4027,-2.8757,3.9090
random,16,fixed,4.0,1,273,-1.3593,-3.4448,5.8563
random,16,fixed,4.0,1,274,-11.7305,-13.5270,3.4537
random,16,fixed,4.0,1,275,-6.3207,-10.6135,3.1101
random,16,fixed,4.0,1,276,-5.6693,-6.0526,6.1854
random,16,fixed,4.0,1,277,-0.4024,-3.9084,4.4655
random,16,fixed,4.0,1,278,-8.5277,-8.2459,3.9320
random,16,fixed,4.0,1,279,-8.3690,-13.3932,2.9781
random,16,fixed,4.0,1,280,-9.3849,-8.2432,3.2539
random,16,fixed,4.0,1,281,-3.8743,-7.7953,3.8476
random,16,fixed,4.0,1,282,-7.2648,-12.8355,3.1286
random,16,fixed,4.0,1,283,-9.0179,-12.8798,2.9997
random,16,fixed,4.0,1,284,-20.0154,-16.1028,5.8367
random,16,fixed,4.0,1,285,-9.3927,-12.9122,2.7172
random,16,fixed,4.0,1,286,-7.6987,-9.5765,2.9423
random,16,fixed,4.0,1,287,-5.3543,-8.9202,2.9016
random,16,fixed,4.0,1,288,-4.6247,-8.1799,4.0389
random,16,fixed,4.0,1,289,-8.4760,-10.3994,5.4108
random,16,fixed,4.0,1,290,-8.5886,-10.8957,4.5799
random,16,fixed,4.0,1,291,-12.1349,-14.7024,2.5384
random,16,fixed,4.0,1,292,-14.9738,-15.6855,2.8159
random,16,fixed,4.0,1,293,-18.6858,-17.1494,3.0161
random,16,fixed,4.0,1,294,-3.8372,-8.4228,3.2933
random,16,fixed,4.0,1,295,-5.5767,-10.5442,3.0127
random,16,fixed,4.0,1,296,-4.7675,-8.8759,4.2339
random,16,fixed,4.0,1,297,0.7448,-1.8579,4.0045
random,16,fixed,4.0,1,298,-0.7217,-3.7860,5.1537
random,16,fixed,4.0,1,299,-7.0210,-10.1207,3.6240
random,16,fixed,4.0,1,300,-9.6793,-12.4840,3.6868
random,16,fixed,4.0,1,301,-9.7065,-12.6655,3.6647
random,16,fixed,4.0,1,302,-8.9936,-9.0916,5.0349
random,16,fixed,4.0,1,303,-3.5511,-7.7569,4.5297
random,16,fixed,4.0,1,304,2.2277,-2.3977,4.0195
random,16,fixed,4.0,1,305,-3.3269,-7.4076,2.1640
random,16,fixed,4.0,1,306,-13.9223,-17.3119,2.3151
random,16,fixed,4.0,1,307,-9.0080,-14.1755,2.5329
random,16,fixed,4.0,1,308,-2.6404,-10.1181,3.5507
random,16,fixed,4.0,1,309,-6.7725,-6.5594,4.8300
random,16,fixed,4.0,1,310,-6.3401,-10.2811,3.5702
random,16,fixed,4.0,1,311,-9.7031,-12.4935,3.7132
random,16,fixed,4.0,1,312,-8.6936,-11.0064,5.1885
random,16,fixed,4.0,1,313,-8.9928,-12.4218,3.5927
random,16,fixed,4.0,1,314,-11.6116,-11.0544,5.0469
random,16,fixed,4.0,1,315,-1.6109,-6.4997,3.2371
random,16,fixed,4.0,1,316,-9.6760,-11.7922,2.9733
random,16,fixed,4.0,1,317,-11.9495,-16.2379,2.6327
random,16,fixed,4.0,1,318,-0.0194,-0.8385,7.3591
random,16,fixed,4.0,1,319,-15.8115,-14.7544,4.3820
random,16,fixed,4.0,1,320,-2.8960,-10.0509,2.7750
random,16,fixed,4.0,1,321,-5.7740,-10.7939,4.6219
random,16,fixed,4.0,1,322,-0.9944,-6.0754,3.5130
random,16,fixed,4.0,1,323,-3.5738,-9.7979,3.2198
random,16,fixed,4.0,1,324,-0.7776,-7.4362,3.2878
random,16,fixed,4.0,1,325,-5.9553,-10.6337,3.0533
random,16,fixed,4.0,1,326,-9.6887,-9.4241,4.8960
random,16,fixed,4.0,1,327,-1.0243,-6.4500,4.3023
random,16,fixed,4.0,1,328,-3.0995,-9.3324,3.1500
random,16,fixed,4.0,1,329,-7.4506,-10.8319,3.7454
random,16,fixed,4.0,1,330,-10.3611,-12.5418,2.5139
random,16,fixed,4.0,1,331,0.6198,-1.2941,5.4131
random,16,fixed,4.0,1,332,-5.5377,-8.7507,3.9247
random,16,fixed,4.0,1,333,-12.5582,-14.3897,2.9253
random,16,fixed,4.0,1,334,-3.7138,-7.1761,4.2635
random,16,fixed,4.0,1,335,-1.1799,-3.7346,5.2481
random,16,fixed,4.0,1,336,-8.9247,-10.9153,3.5637
random,16,fixed,4.0,1,337,-10.2312,-14.4477,2.0938
random,16,fixed,4.0,1,338,-10.5811,-12.1814,2.5746
random,16,fixed,4.0,1,339,-0.7167,-4.6172,4.2150
random,16,fixed,4.0,1,340,-6.7893,-9.3035,4.2552
random,16,fixed,4.0,1,341,0.2561,-5.8563,3.5941
random,16,fixed,4.0,1,342,-6.4245,-11.8454,3.0777
random,16,fixed,4.0,1,343,-9.1452,-11.5344,3.5550
random,16,fixed,4.0,1,344,-5.2895,-8.2509,3.7149
random,16,fixed,4.0,1,345,-2.8292,-7.2606,3.8024
random,16,fixed,4.0,1,346,-1.6337,-4.8055,5.0998
random,16,fixed,4.0,1,347,-15.5879,-18.1285,2.7024
random,16,fixed,4.0,1,348,-14.7239,-15.9138,3.4818
random,16,fixed,4.0,1,349,-4.0887,-7.3346,3.6414
random,16,fixed,4.0,1,350,2.8551,-3.0988,3.9163
random,16,fixed,4.0,1,351,-10.8310,-11.9695,3.2162
random,16,fixed,4.0,1,352,-5.7861,-11.5855,2.7645
random,16,fixed,4.0,1,353,-4.7838,-9.3377,2.8746
random,16,fixed,4.0,1,354,-7.9144,-8.0775,4.4446
random,16,fixed,4.0,1,355,-1.7558,-4.7690,4.8269
random,16,fixed,4.0,1,356,1.3939,-5.0074,3.7706
random,16,fixed,4.0,1,357,-7.6332,-10.1032,3.3842
random,16,fixed,4.0,1,358,-6.4008,-10.9577,4.0757
random,16,fixed,4.0,1,359,-9.1509,-11.5030,3.6596
random,16,fixed,4.0,1,360,-8.7798,-9.5191,5.7514
random,16,fixed,4.0,1,361,-4.2192,-9.4978,3.8039
random,16,fixed,4.0,1,362,-11.6877,-13.0850,1.8136
random,16,fixed,4.0,1,363,-3.6544,-6.5584,3.5676
random,16,fixed,4.0,1,364,-0.3035,-4.3737,5.2789
random,16,fixed,4.0,1,365,-11.9255,-15.8572,3.0170
random,16,fixed,4.0,1,366,-8.2414,-11.6062,4.2378
random,16,fixed,4.0,1,367,2.7288,0.6140,5.5736
random,16,fixed,4.0,1,368,-8.0012,-10.1892,3.7162
random,16,fixed,4.0,1,369,-8.6681,-12.9153,4.3316
random,16,fixed,4.0,1,370,-11.9165,-12.8745,4.0456
random,16,fixed,4.0,1,371,-3.2095,-7.9693,4.1897
random,16,fixed,4.0,1,372,-8.6843,-10.6903,3.5497
random,16,fixed,4.0,1,373,-16.1662,-19.6131,3.1366
random,16,fixed,4.0,1,374,-2.0111,-8.4293,3.4706
random,16,fixed,4.0,1,375,-13.3939,-12.6757,3.6338
random,16,fixed,4.0,1,376,-15.6611,-16.7056,1.8924
random,16,fixed,4.0,1,377,-6.8663,-10.6401,3.9361
random,16,fixed,4.0,1,378,-5.5272,-5.7753,4.6425
random,16,fixed,4.0,1,379,-6.4848,-6.0753,5.5079
random,16,fixed,4.0,1,380,-3.3086,-8.4216,2.7309
random,16,fixed,4.0,1,381,-7.2394,-8.3333,4.4076
random,16,fixed,4.0,1,382,-10.7432,-12.1940,3.8558
random,16,fixed,4.0,1,383,-4.6157,-9.5280,3.2002
random,16,fixed,4.0,1,384,-0.5299,-6.9461,4.1658
random,16,fixed,4.0,1,385,-4.1311,-10.2074,3.9352
random,16,fixed,4.0,1,386,-11.9949,-12.5342,2.7849
random,16,fixed,4.0,1,387,-11.4534,-14.0366,4.1763
random,16,fixed,4.0,1,388,-16.6123,-16.4547,3.5660
random,16,fixed,4.0,1,389,-15.6538,-13.5478,3.7585
random,16,fixed,4.0,1,390,-15.1053,-14.5781,4.7094
random,16,fixed,4.0,1,391,-1.8241,-4.3621,4.4345
random,16,fixed,4.0,1,392,-8.2200,-9.7356,4.6846
random,16,fixed,4.0,1,393,-9.2518,-9.1164,4.4035
random,16,fixed,4.0,1,394,-14.7134,-15.2042,3.8857
random,16,fixed,4.0,1,395,-11.9326,-14.1212,3.0185
random,16,fixed,4.0,1,396,-18.2713,-19.4467,3.2383
random,16,fixed,4.0,1,397,-1.1046,-6.6053,4.1118
random,16,fixed,4.0,1,398,-6.4582,-9.7599,3.2892
random,16,fixed,4.0,1,399,-6.2241,-9.8461,3.7213
random,16,fixed,4.0,1,400,-7.9062,-14.0503,1.4282
random,16,fixed,4.0,1,401,-14.2660,-16.8037,3.1750
random,16,fixed,4.0,1,402,-8.6022,-13.0905,2.6567
random,16,fixed,4.0,1,403,-12.5137,-12.5138,3.5864
random,16,fixed,4.0,1,404,-12.6131,-12.0074,5.3179
random,16,fixed,4.0,1,405,-10.8670,-14.3258,4.0161
random,16,fixed,4.0,1,406,-5.4588,-11.0510,4.1666
random,16,fixed,4.0,1,407,-3.0050,-8.3583,3.2066
random,16,fixed,4.0,1,408,-8.5661,-10.9449,4.0190
random,16,fixed,4.0,1,409,-3.4080,-8.9263,3.8549
random,16,fixed,4.0,1,410,-13.8863,-14.2430,3.9687
random,16,fixed,4.0,1,411,-1.4085,-6.8744,3.4990
random,16,fixed,4.0,1,412,-6.8170,-11.6213,3.0149
random,16,fixed,4.0,1,413,-9.5867,-10.5874,4.3409
random,16,fixed,4.0,1,414,-10.0853,-12.8567,4.1825
random,16,fixed,4.0,1,415,-4.1348,-8.3594,4.0147
random,16,fixed,4.0,1,416,-7.3186,-7.2719,3.3855
random,16,fixed,4.0,1,417,-2.7810,-7.1981,2.6310
random,16,fixed,4.0,1,418,-8.7322,-12.6918,2.8419
random,16,fixed,4.0,1,419,-0.5317,-5.6364,4.4755
random,16,fixed,4.0,1,420,-8.6589,-11.3279,3.7086
random,16,fixed,4.0,1,421,-6.4951,-12.8692,2.5436
random,16,fixed,4.0,1,422,-7.3943,-11.2792,4.1990
random,16,fixed,4.0,1,423,-6.4478,-5.3675,4.5031
random,16,fixed,4.0,1,424,-4.9252,-11.1921,2.8199
random,16,fixed,4.0,1,425,-12.2659,-15.5761,3.1781
random,16,fixed,4.0,1,426,-8.6044,-12.1354,3.6111
random,16,fixed,4.0,1,427,-0.5446,-5.2864,4.5704
random,16,fixed,4.0,1,428,-18.4769,-19.0172,2.9848
random,16,fixed,4.0,1,429,-11.3088,-11.2516,4.2740
random,16,fixed,4.0,1,430,-1.3273,-6.2860,3.5553
random,16,fixed,4.0,1,431,-12.0426,-14.9187,2.7643
random,16,fixed,4.0,1,432,-9.0004,-13.9246,2.6128
random,16,fixed,4.0,1,433,-7.6349,-11.8356,4.1137
random,16,fixed,4.0,1,434,-5.3874,-7.5786,4.4689
random,16,fixed,4.0,1,435,-4.3788,-6.6628,4.0522
random,16,fixed,4.0,1,436,-8.6236,-11.7085,2.7955
random,16,fixed,4.0,1,437,-7.7588,-9.3235,4.6999
random,16,fixed,4.0,1,438,-4.5072,-6.7310,4.7390
random,16,fixed,4.0,1,439,-17.2604,-13.6319,4.5466
random,16,fixed,4.0,1,440,-13.5015,-16.5828,2.8283
random,16,fixed,4.0,1,441,-9.4835,-11.3317,3.9246
random,16,fixed,4.0,1,442,-16.6115,-18.6393,2.9552
random,16,fixed,4.0,1,443,-9.2075,-12.6806,3.7381
random,16,fixed,4.0,1,444,-3.9740,-7.9274,4.1622
random,16,fixed,4.0,1,445,-3.7182,-10.4334,3.3288
random,16,fixed,4.0,1,446,-9.1577,-12.2299,2.9991
random,16,fixed,4.0,1,447,-1.2761,-6.2095,2.9487
random,16,fixed,4.0,1,448,-15.4699,-16.1138,3.1896
random,16,fixed,4.0,1,449,-8.7109,-12.4934,4.1230
random,16,fixed,4.0,1,450,-12.4087,-14.6451,3.4050
random,16,fixed,4.0,1,451,-6.8357,-9.1358,4.0947
random,16,fixed,4.0,1,452,-8.5775,-11.8072,2.9888
random,16,fixed,4.0,1,453,-8.8479,-8.8309,3.8615
random,16,fixed,4.0,1,454,-0.1735,-2.3975,4.2247
random,16,fixed,4.0,1,455,-12.9024,-15.4164,2.7865
random,16,fixed,4.0,1,456,-15.3389,-16.9144,2.7241
random,16,fixed,4.0,1,457,-9.7028,-12.6438,3.5578
random,16,fixed,4.0,1,458,-7.3730,-10.7076,3.6806
random,16,fixed,4.0,1,459,-12.5369,-12.5827,4.5915
random,16,fixed,4.0,1,460,-8.3348,-14.1264,3.3915
random,16,fixed,4.0,1,461,-3.0745,-7.9164,4.2499
random,16,fixed,4.0,1,462,-8.5287,-12.4400,4.3665
random,16,fixed,4.0,1,463,1.2254,-3.7675,3.5692
random,16,fixed,4.0,1,464,-8.3626,-11.9842,2.0096
random,16,fixed,4.0,1,465,-10.1137,-11.6024,4.5924
random,16,fixed,4.0,1,466,-6.8079,-8.1685,4.9195
random,16,fixed,4.0,1,467,-7.0389,-10.9356,2.7671
random,16,fixed,4.0,1,468,-8.0184,-11.4238,4.6399
random,16,fixed,4.0,1,469,-5.8532,-9.4544,3.7400
random,16,fixed,4.0,1,470,-11.2861,-14.7239,3.7199
random,16,fixed,4.0,1,471,-14.4385,-16.2545,2.6610
random,16,fixed,4.0,1,472,-6.9739,-11.4195,4.0321
random,16,fixed,4.0,1,473,-6.7004,-12.1410,3.4787
random,16,fixed,4.0,1,474,-13.1068,-17.7166,2.5132
random,16,fixed,4.0,1,475,-14.3823,-17.1559,3.9905
random,16,fixed,4.0,1,476,-13.8429,-15.2220,2.6343
random,16,fixed,4.0,1,477,-4.6806,-7.5288,3.5868
random,16,fixed,4.0,1,478,-3.4426,-8.9757,3.2429
random,16,fixed,4.0,1,479,-4.1241,-9.9138,3.3756
random,16,fixed,4.0,1,480,-11.4692,-12.8900,2.6167
random,16,fixed,4.0,1,481,-7.5083,-11.5895,2.6123
random,16,fixed,4.0,1,482,-12.2625,-15.5065,2.9492
random,16,fixed,4.0,1,483,-0.9134,-6.9192,4.7746
random,16,fixed,4.0,1,484,-12.3444,-15.4907,3.0156
random,16,fixed,4.0,1,485,-5.7940,-9.3960,3.0987
random,16,fixed,4.0,1,486,-13.5184,-16.1504,3.1245
random,16,fixed,4.0,1,487,-5.4248,-10.2103,2.4360
random,16,fixed,4.0,1,488,-5.2370,-8.8939,3.5888
random,16,fixed,4.0,1,489,-0.7362,-6.6922,5.3261
random,16,fixed,4.0,1,490,-13.4112,-13.1271,4.0489
random,16,fixed,4.0,1,491,-8.9515,-13.7593,3.0800
random,16,fixed,4.0,1,492,-12.9703,-13.7178,3.5175
random,16,fixed,4.0,1,493,0.0016,-4.9297,2.8752
random,16,fixed,4.0,1,494,-6.8627,-12.2429,2.8811
random,16,fixed,4.0,1,495,-14.4579,-16.0515,3.1681
random,16,fixed,4.0,1,496,-4.5248,-7.9837,3.9527
random,16,fixed,4.0,1,497,-7.9632,-8.8475,4.0184
random,16,fixed,4.0,1,498,-0.1936,-6.2509,3.4210
random,16,fixed,4.0,1,499,-9.5443,-12.6766,3.8339
random,16,fixed,4.0,1,500,-5.3801,-8.1562,3.5539
random,16,fixed,4.0,1,501,-9.3796,-12.1028,3.3412
random,16,fixed,4.0,1,502,-0.3536,-6.0532,3.8359
random,16,fixed,4.0,1,503,-9.1258,-14.3677,3.5030
random,16,fixed,4.0,1,504,-9.4478,-13.5703,2.6058
random,16,fixed,4.0,1,505,-4.6615,-4.0648,6.0966
random,16,fixed,4.0,1,506,-4.6566,-9.6500,2.9281
random,16,fixed,4.0,1,507,-8.6669,-11.1344,3.5220
random,16,fixed,4.0,1,508,-24.1492,-22.7724,3.0832
random,16,fixed,4.0,1,509,-3.7800,-9.4142,3.2342
random,16,fixed,4.0,1,510,-5.5485,-9.2908,3.2629
random,16,fixed,4.0,1,511,-14.3105,-15.8592,4.1272
random,16,fixed,4.0,1,512,-0.8043,-5.9123,4.2623
random,16,fixed,4.0,1,513,-1.3865,-5.8830,3.2443
random,16,fixed,4.0,1,514,-4.0470,-11.0015,2.8146
random,16,fixed,4.0,1,515,-2.2544,-7.2596,4.1981
random,16,fixed,4.0,1,516,-11.7623,-12.1225,3.8409
random,16,fixed,4.0,1,517,-7.6406,-11.7833,2.8701
random,16,fixed,4.0,1,518,-6.1658,-8.2481,4.7138
random,16,fixed,4.0,1,519,-12.8109,-14.6283,3.3168
random,16,fixed,4.0,1,520,-11.5187,-16.2034,2.7884
random,16,fixed,4.0,1,521,-12.3402,-13.1216,2.6505
random,16,fixed,4.0,1,522,-0.3098,-6.5124,4.0689
random,16,fixed,4.0,1,523,-10.5809,-13.9788,4.0643
random,16,fixed,4.0,1,524,-8.6753,-13.8087,3.9283
random,16,fixed,4.0,1,525,-6.9408,-10.2475,4.2806
random,16,fixed,4.0,1,526,-9.2158,-13.1515,3.2707
random,16,fixed,4.0,1,527,-9.2454,-14.5815,3.0148
random,16,fixed,4.0,1,528,-3.1084,-8.3582,3.7275
random,16,fixed,4.0,1,529,-5.2684,-6.7544,4.8475
random,16,fixed,4.0,1,530,-10.0200,-4.9187,4.9803
random,16,fixed,4.0,1,531,-2.9116,-6.3659,3.3708
random,16,fixed,4.0,1,532,-5.8500,-9.8629,2.5836
random,16,fixed,4.0,1,533,-4.6345,-9.8255,2.7189
random,16,fixed,4.0,1,534,-12.5306,-11.6945,4.1247
random,16,fixed,4.0,1,535,-9.2353,-13.7421,2.8499
random,16,fixed,4.0,1,536,-8.2216,-9.7635,3.6638
random,16,fixed,4.0,1,537,-10.5094,-14.2017,3.7048
random,16,fixed,4.0,1,538,-2.9852,-6.4373,3.9626
random,16,fixed,4.0,1,539,-8.1406,-11.3073,2.5445
random,16,fixed,4.0,1,540,-3.9460,-8.6837,3.6747
random,16,fixed,4.0,1,541,-10.1873,-14.8667,2.7407
random,16,fixed,4.0,1,542,-3.6508,-6.6669,4.4585
random,16,fixed,4.0,1,543,-11.5729,-13.9722,4.2515
random,16,fixed,4.0,1,544,-11.4837,-12.9009,3.6016
random,16,fixed,4.0,1,545,-7.3661,-12.3572,3.1454
random,16,fixed,4.0,1,546,-7.3508,-10.7606,3.4107
random,16,fixed,4.0,1,547,-1.5379,-6.4950,5.4880
random,16,fixed,4.0,1,548,-3.3886,-8.1525,2.9743
random,16,fixed,4.0,1,549,-1.8367,-8.1754,3.3288
random,16,fixed,4.0,1,550,-2.5489,-7.2157,3.6659
random,16,fixed,4.0,1,551,-3.7205,-7.9257,3.1408
random,16,fixed,4.0,1,552,0.6315,-2.1260,4.7162
random,16,fixed,4.0,1,553,-2.9900,-8.8434,3.1269
random,16,fixed,4.0,1,554,-3.9267,-10.4045,2.9836
random,16,fixed,4.0,1,555,-8.9729,-13.2025,3.0928
random,16,fixed,4.0,1,556,-5.7522,-7.2111,4.9138
random,16,fixed,4.0,1,557,-5.5637,-9.5826,2.2784
random,16,fixed,4.0,1,558,-7.7248,-6.9657,4.2796
random,16,fixed,4.0,1,559,-0.3752,-5.7904,3.2430
random,16,fixed,4.0,1,560,-19.3616,-19.5580,2.7583
random,16,fixed,4.0,1,561,-9.1526,-12.1524,4.9520
random,16,fixed,4.0,1,562,2.6599,-2.7429,4.9312
random,16,fixed,4.0,1,563,-9.0387,-12.4518,3.7283
random,16,fixed,4.0,1,564,-5.9394,-8.6800,4.3028
random,16,fixed,4.0,1,565,-13.1224,-12.7117,4.2732
random,16,fixed,4.0,1,566,-8.5296,-13.0681,2.6138
random,16,fixed,4.0,1,567,-5.8020,-8.8022,3.8962
random,16,fixed,4.0,1,568,-3.0255,-5.0959,5.5222
random,16,fixed,4.0,1,569,-5.9772,-10.1097,2.9945
random,16,fixed,4.0,1,570,-13.1620,-14.2685,3.4764
random,16,fixed,4.0,1,571,-7.2693,-10.8463,4.6574
random,16,fixed,4.0,1,572,-8.4151,-10.5710,4.2210
random,16,fixed,4.0,1,573,-3.8200,-8.5092,3.3010
random,16,fixed,4.0,1,574,-7.1413,-14.6441,2.5425
random,16,fixed,4.0,1,575,-9.0317,-11.1069,2.8511
random,16,fixed,4.0,1,576,-3.7281,-9.7167,2.3009
random,16,fixed,4.0,1,577,-9.3074,-10.4582,3.3624
random,16,fixed,4.0,1,578,-6.0994,-8.9400,5.1317
random,16,fixed,4.0,1,579,-8.7415,-8.6689,4.8448
random,16,fixed,4.0,1,580,-9.1349,-12.7065,3.4166
random,16,fixed,4.0,1,581,-10.9232,-14.5907,3.0217
random,16,fixed,4.0,1,582,-6.2858,-10.9289,4.2690
random,16,fixed,4.0,1,583,-16.2949,-16.7012,3.2291
random,16,fixed,4.0,1,584,-4.6388,-9.6090,4.6088
random,16,fixed,4.0,1,585,-2.6791,-6.3618,2.9972
random,16,fixed,4.0,1,586,-0.6941,-10.4045,3.6709
random,16,fixed,4.0,1,587,-3.6184,-7.7017,3.2856
random,16,fixed,4.0,1,588,-13.0616,-14.5243,4.3937
random,16,fixed,4.0,1,589,-6.3537,-11.6390,2.9616
random,16,fixed,4.0,1,590,-15.4641,-17.1523,3.5607
random,16,fixed,4.0,1,591,-12.1725,-12.2586,3.8488
random,16,fixed,4.0,1,592,-5.2493,-7.8649,4.1916
random,16,fixed,4.0,1,593,3.3122,2.3680,6.6645
random,16,fixed,4.0,1,594,-5.8461,-8.6968,3.6372
random,16,fixed,4.0,1,595,-14.4426,-15.6072,2.9175
random,16,fixed,4.0,1,596,-7.3577,-8.2687,5.3504
random,16,fixed,4.0,1,597,-14.7817,-19.8290,2.6030
random,16,fixed,4.0,1,598,-11.6640,-12.0855,3.4520
random,16,fixed,4.0,1,599,-11.5946,-15.3315,2.5528
random,16,fixed,4.0,1,600,-7.7070,-13.0749,2.9910
random,16,fixed,4.0,1,601,-10.9838,-13.3833,3.0416
random,16,fixed,4.0,1,602,-9.1685,-4.9060,7.5953
random,16,fixed,4.0,1,603,-9.0247,-13.1219,2.5072
random,16,fixed,4.0,1,604,-13.4951,-15.5802,2.4798
random,16,fixed,4.0,1,605,-7.6045,-11.5347,4.3210
random,16,fixed,4.0,1,606,-10.9451,-15.7274,2.8345
random,16,fixed,4.0,1,607,-2.4656,-4.4509,5.7782
random,16,fixed,4.0,1,608,-0.0634,-5.3438,4.1872
random,16,fixed,4.0,1,609,-3.2519,-8.1035,4.5156
random,16,fixed,4.0,1,610,-3.1667,-5.9712,5.5259
random,16,fixed,4.0,1,611,-15.4518,-13.6993,6.1435
random,16,fixed,4.0,1,612,-12.1172,-13.7878,4.2661
random,16,fixed,4.0,1,613,-12.3104,-10.8169,1.8672
random,16,fixed,4.0,1,614,-13.4695,-13.5506,4.7290
random,16,fixed,4.0,1,615,-6.3624,-9.3082,3.9933
random,16,fixed,4.0,1,616,-5.6414,-9.0923,4.3768
random,16,fixed,4.0,1,617,-10.4899,-10.9371,3.8222
random,16,fixed,4.0,1,618,-0.6763,-4.3709,4.6538
random,16,fixed,4.0,1,619,-13.7649,-17.3850,2.7977
random,16,fixed,4.0,1,620,-19.0504,-18.5546,2.9023
random,16,fixed,4.0,1,621,-14.1279,-15.1645,3.0068
random,16,fixed,4.0,1,622,-3.4110,-10.2353,3.0807
random,16,fixed,4.0,1,623,-11.2199,-8.2485,3.9418
random,16,fixed,4.0,1,624,-10.4636,-11.1722,5.9402
random,16,fixed,4.0,1,625,-11.6112,-11.4270,3.5663
random,16,fixed,4.0,1,626,-0.9742,-4.1441,4.5007
random,16,fixed,4.0,1,627,-11.6092,-12.9960,2.8900
random,16,fixed,4.0,1,628,-12.0693,-13.3902,3.0370
random,16,fixed,4.0,1,629,-17.8261,-21.5444,2.7487
random,16,fixed,4.0,1,630,-11.2401,-12.3128,3.3519
random,16,fixed,4.0,1,631,-2.9202,-9.0650,2.6994
random,16,fixed,4.0,1,632,-2.9753,-2.7596,4.8917
random,16,fixed,4.0,1,633,-14.8607,-17.5304,3.0349
random,16,fixed,4.0,1,634,-2.9109,-4.3653,5.2801
random,16,fixed,4.0,1,635,-1.3174,-4.8083,4.1487
random,16,fixed,4.0,1,636,-2.9483,-6.5551,3.5611
random,16,fixed,4.0,1,637,-8.1011,-13.7091,3.1841
random,16,fixed,4.0,1,638,-11.8738,-12.9247,3.2906
random,16,fixed,4.0,1,639,-3.3420,-9.6476,2.7242
random,16,fixed,4.0,1,640,-4.4378,-8.5266,3.7795
random,16,fixed,4.0,1,641,-7.0748,-10.0360,3.6200
random,16,fixed,4.0,1,642,1.0935,-2.1182,5.6036
random,16,fixed,4.0,1,643,-4.6146,-6.2804,5.1238
random,16,fixed,4.0,1,644,-7.8659,-10.2924,4.8193
random,16,fixed,4.0,1,645,-6.0822,-7.9081,4.8010
random,16,fixed,4.0,1,646,-1.8210,-4.1566,4.2357
random,16,fixed,4.0,1,647,-11.5146,-14.4486,3.1856
random,16,fixed,4.0,1,648,2.2953,-3.3194,2.6779
random,16,fixed,4.0,1,649,-10.0028,-14.7847,2.3862
random,16,fixed,4.0,1,650,-3.4666,-5.3419,5.6178
random,16,fixed,4.0,1,651,6.3479,-8.5863,2.6242
random,16,fixed,4.0,1,652,-8.2110,-12.6002,3.5778
random,16,fixed,4.0,1,653,-5.9505,-8.9711,3.5299
random,16,fixed,4.0,1,654,-6.3702,-13.2391,2.9959
random,16,fixed,4.0,1,655,-6.1240,-6.9691,3.8461
random,16,fixed,4.0,1,656,-10.3906,-13.5229,2.9028
random,16,fixed,4.0,1,657,-5.9062,-10.8659,2.8915
random,16,fixed,4.0,1,658,-5.9597,-10.4870,3.5001
random,16,fixed,4.0,1,659,-2.4977,-4.3000,4.6690
random,16,fixed,4.0,1,660,-12.0063,-12.6639,4.0171
random,16,fixed,4.0,1,661,-3.8043,-7.9659,2.7446
random,16,fixed,4.0,1,662,-3.9984,-8.6342,3.3913
random,16,fixed,4.0,1,663,-5.4515,-7.9514,3.9508
random,16,fixed,4.0,1,664,-11.2501,-14.8450,2.4392
random,16,fixed,4.0,1,665,-8.8094,-11.7998,3.8917
random,16,fixed,4.0,1,666,-7.8401,-11.9901,3.1551
random,16,fixed,4.0,1,667,-10.5743,-13.7165,2.2821
random,16,fixed,4.0,1,668,-2.8249,-7.6406,3.5972
random,16,fixed,4.0,1,669,-7.3463,-12.2038,3.4608
random,16,fixed,4.0,1,670,3.3931,0.0389,5.4024
random,16,fixed,4.0,1,671,-2.8550,-0.4446,7.1493
random,16,fixed,4.0,1,672,-5.5936,-8.0302,4.1138
random,16,fixed,4.0,1,673,-5.9482,-7.7017,4.2559
random,16,fixed,4.0,1,674,-5.4039,-9.9095,3.8294
random,16,fixed,4.0,1,675,-9.5180,-12.9020,3.6545
random,16,fixed,4.0,1,676,-6.6314,-11.4030,2.9983
random,16,fixed,4.0,1,677,-15.4208,-15.6907,4.9451
random,16,fixed,4.0,1,678,-2.0587,-9.0404,3.4291
random,16,fixed,4.0,1,679,-8.2234,-11.5437,3.3094
random,16,fixed,4.0,1,680,-9.1478,-9.9676,3.9699
random,16,fixed,4.0,1,681,-1.2694,-6.6981,3.8599
random,16,fixed,4.0,1,682,-0.0937,-5.6841,4.2206
random,16,fixed,4.0,1,683,-9.5500,-13.4848,2.4452
random,16,fixed,4.0,1,684,-2.6662,-5.6267,4.8523
random,16,fixed,4.0,1,685,-8.3070,-12.1384,3.6008
random,16,fixed,4.0,1,686,-6.8361,-9.3451,4.3017
random,16,fixed,4.0,1,687,-14.3514,-14.3285,4.5388
random,16,fixed,4.0,1,688,-6.9279,-11.9972,3.2393
random,16,fixed,4.0,1,689,-8.6445,-10.1173,4.4965
random,16,fixed,4.0,1,690,-6.3996,-6.3189,4.4355
random,16,fixed,4.0,1,691,-11.0289,-11.0676,3.8870
random,16,fixed,4.0,1,692,-4.0660,-8.9816,1.8347
random,16,fixed,4.0,1,693,-7.9591,-9.7328,3.7999
random,16,fixed,4.0,1,694,-6.0669,-8.7628,3.0621
random,16,fixed,4.0,1,695,0.7574,-5.7749,3.2150
random,16,fixed,4.0,1,696,-3.3105,-8.6415,3.9443
random,16,fixed,4.0,1,697,-7.5797,-12.7752,3.5924
random,16,fixed,4.0,1,698,-4.8513,-8.8462,4.7163
random,16,fixed,4.0,1,699,-6.5709,-7.4471,5.5847
random,16,fixed,4.0,1,700,-9.7258,-14.6077,3.0025
random,16,fixed,4.0,1,701,0.1915,-5.3005,3.6373
random,16,fixed,4.0,1,702,-13.6352,-18.1024,1.9053
random,16,fixed,4.0,1,703,-8.2075,-11.2257,3.3876
random,16,fixed,4.0,1,704,-9.1005,-10.4448,4.4234
random,16,fixed,4.0,1,705,-13.2833,-15.7074,3.4602
random,16,fixed,4.0,1,706,-14.4852,-14.1868,3.4277
random,16,fixed,4.0,1,707,-9.8882,-11.3367,3.9544
random,16,fixed,4.0,1,708,1.3354,-3.0882,5.9352
random,16,fixed,4.0,1,709,-10.8656,-11.7321,4.1358
random,16,fixed,4.0,1,710,-4.7283,-10.0892,2.3604
random,16,fixed,4.0,1,711,5.2638,-0.6181,5.8768
random,16,fixed,4.0,1,712,2.1739,-2.8903,4.7033
random,16,fixed,4.0,1,713,-9.4760,-13.0621,3.5083
random,16,fixed,4.0,1,714,-19.1350,-16.8014,3.5991
random,16,fixed,4.0,1,715,-7.0862,-11.9986,4.0634
random,16,fixed,4.0,1,716,-2.1333,-3.5657,5.2085
random,16,fixed,4.0,1,717,-3.8136,-8.2930,3.9920
random,16,fixed,4.0,1,718,-6.1699,-10.6502,2.0395
random,16,fixed,4.0,1,719,-10.2283,-9.7150,3.5691
random,16,fixed,4.0,1,720,-8.7192,-12.0504,3.4351
random,16,fixed,4.0,1,721,-1.6521,-6.0077,4.1114
random,16,fixed,4.0,1,722,-0.8227,-5.2545,5.0337
random,16,fixed,4.0,1,723,-6.4534,-10.2161,3.2772
random,16,fixed,4.0,1,724,-7.9720,-10.7143,3.4036
random,16,fixed,4.0,1,725,-10.1711,-14.0406,3.5384
random,16,fixed,4.0,1,726,-11.5566,-14.6666,2.0722
random,16,fixed,4.0,1,727,-4.5445,-9.7168,4.2012
random,16,fixed,4.0,1,728,-6.9604,-10.6962,3.1246
random,16,fixed,4.0,1,729,-1.6731,-5.9110,4.2542
random,16,fixed,4.0,1,730,-7.6051,-9.6169,3.2899
random,16,fixed,4.0,1,731,-8.0053,-10.3710,3.3905
random,16,fixed,4.0,1,732,-5.2720,-8.5652,4.8080
random,16,fixed,4.0,1,733,-4.3261,-8.6191,3.9493
random,16,fixed,4.0,1,734,-11.9933,-13.7360,2.9666
random,16,fixed,4.0,1,735,-14.8605,-12.1279,5.9313
random,16,fixed,4.0,1,736,-3.5426,-9.6263,3.7787
random,16,fixed,4.0,1,737,-4.0996,-9.4367,3.1095
random,16,fixed,4.0,1,738,-10.1736,-13.3522,2.6717
random,16,fixed,4.0,1,739,-6.6539,-8.8359,3.8683
random,16,fixed,4.0,1,740,-10.3131,-11.7765,4.7721
random,16,fixed,4.0,1,741,-3.5970,-7.6797,3.0874
random,16,fixed,4.0,1,742,-5.2206,-9.0282,3.4899
random,16,fixed,4.0,1,743,-9.5108,-7.1967,5.4391
random,16,fixed,4.0,1,744,-16.3125,-16.5255,2.4897
random,16,fixed,4.0,1,745,-7.1976,-11.2921,4.1381
random,16,fixed,4.0,1,746,-15.4555,-17.0820,2.9154
random,16,fixed,4.0,1,747,-4.9693,-7.4267,3.1767
random,16,fixed,4.0,1,748,-3.2860,-9.9249,3.2796
random,16,fixed,4.0,1,749,-4.1611,-6.2855,4.6256
random,16,fixed,4.0,1,750,-7.4957,-12.4054,3.6776
random,16,fixed,4.0,1,751,-8.5259,-8.8677,3.7607
random,16,fixed,4.0,1,752,-9.9870,-11.9556,2.6765
random,16,fixed,4.0,1,753,-5.5643,-7.9415,4.0514
random,16,fixed,4.0,1,754,-6.2942,-7.7299,5.0753
random,16,fixed,4.0,1,755,-14.5334,-17.0772,3.2064
random,16,fixed,4.0,1,756,0.5435,-1.6200,5.6673
random,16,fixed,4.0,1,757,-7.0779,-10.2398,3.2828
random,16,fixed,4.0,1,758,-3.6101,-6.3679,5.0350
random,16,fixed,4.0,1,759,-7.7021,-13.1397,2.9612
random,16,fixed,4.0,1,760,-6.6160,-9.2670,4.1865
random,16,fixed,4.0,1,761,-5.7061,-9.2302,3.2126
random,16,fixed,4.0,1,762,-8.2782,-13.4078,3.0984
random,16,fixed,4.0,1,763,-7.0219,-11.9758,2.4886
random,16,fixed,4.0,1,764,-1.9096,-6.8886,3.0890
random,16,fixed,4.0,1,765,-8.6524,-14.1047,3.4802
random,16,fixed,4.0,1,766,-3.6413,-7.6314,3.6536
random,16,fixed,4.0,1,767,-19.5309,-21.0221,2.2314
random,16,fixed,4.0,1,768,-0.2497,-5.0943,5.1565
random,16,fixed,4.0,1,769,-13.9555,-15.4019,4.0257
random,16,fixed,4.0,1,770,-11.2133,-12.9671,3.2393
random,16,fixed,4.0,1,771,-12.4116,-12.9073,4.4549
random,16,fixed,4.0,1,772,-10.8113,-13.4463,3.9640
random,16,fixed,4.0,1,773,-9.4132,-11.2968,3.5033
random,16,fixed,4.0,1,774,-1.2976,-4.8925,4.9969
random,16,fixed,4.0,1,775,-11.6169,-13.0487,3.9106
random,16,fixed,4.0,1,776,-4.3717,-7.9755,4.1714
random,16,fixed,4.0,1,777,4.5932,2.5095,6.1960
random,16,fixed,4.0,1,778,-7.2340,-10.1180,3.6027
random,16,fixed,4.0,1,779,-11.1228,-14.4648,3.6981
random,16,fixed,4.0,1,780,-5.8501,-7.0704,4.4067
random,16,fixed,4.0,1,781,-8.9727,-11.3041,3.3948
random,16,fixed,4.0,1,782,-7.2572,-9.5919,4.7857
random,16,fixed,4.0,1,783,-3.2323,-7.2784,4.0149
random,16,fixed,4.0,1,784,-3.6705,-7.7067,4.6822
random,16,fixed,4.0,1,785,-4.8292,-9.5583,3.5379
random,16,fixed,4.0,1,786,0.8948,-2.9656,4.7631
random,16,fixed,4.0,1,787,-3.8141,-8.3653,3.0565
random,16,fixed,4.0,1,788,-6.3008,-13.3634,2.9721
random,16,fixed,4.0,1,789,-7.3061,-10.4475,3.9347
random,16,fixed,4.0,1,790,-3.2778,-5.4410,4.1887
random,16,fixed,4.0,1,791,-6.4201,-9.1637,3.8475
random,16,fixed,4.0,1,792,-10.1924,-12.4828,2.8617
random,16,fixed,4.0,1,793,0.7426,-1.1968,4.4540
random,16,fixed,4.0,1,794,3.4153,-0.2738,4.9811
random,16,fixed,4.0,1,795,-8.2080,-9.5035,5.5293
random,16,fixed,4.0,1,796,-2.8904,-6.4902,3.5664
random,16,fixed,4.0,1,797,-8.3324,-12.6221,3.3147
random,16,fixed,4.0,1,798,-6.4330,-6.6840,5.5949
random,16,fixed,4.0,1,799,-6.6653,-11.1965,2.4497
random,16,fixed,4.0,1,800,-6.7323,-10.9555,4.1930
random,16,fixed,4.0,1,801,-1.1756,-6.1303,3.5082
random,16,fixed,4.0,1,802,-5.1981,-9.0652,3.3025
random,16,fixed,4.0,1,803,-9.1712,-13.8714,2.3840
random,16,fixed,4.0,1,804,-2.8457,-8.4664,4.2481
random,16,fixed,4.0,1,805,-0.0373,-4.7445,5.6418
random,16,fixed,4.0,1,806,-8.0908,-13.1766,3.2514
random,16,fixed,4.0,1,807,-4.8614,-9.6219,2.8972
random,16,fixed,4.0,1,808,-10.3002,-13.5863,3.2070
random,16,fixed,4.0,1,809,-8.0544,-7.3347,5.5213
random,16,fixed,4.0,1,810,-9.7808,-10.9537,4.1400
random,16,fixed,4.0,1,811,-5.0632,-6.2367,5.5757
random,16,fixed,4.0,1,812,-6.6598,-11.4217,2.9474
random,16,fixed,4.0,1,813,-4.0086,-7.1360,3.6487
random,16,fixed,4.0,1,814,-5.6735,-11.6352,3.2595
random,16,fixed,4.0,1,815,-4.3373,-8.3627,2.9230
random,16,fixed,4.0,1,816,-8.0322,-13.3120,4.3018
random,16,fixed,4.0,1,817,-7.3420,-4.7628,8.2343
random,16,fixed,4.0,1,818,-6.9142,-10.7720,3.3447
random,16,fixed,4.0,1,819,-7.6848,-13.1554,2.6703
random,16,fixed,4.0,1,820,-3.8867,-6.8922,5.4719
random,16,fixed,4.0,1,821,-11.7878,-14.1060,3.1245
random,16,fixed,4.0,1,822,-4.7559,-8.1263,4.0289
random,16,fixed,4.0,1,823,-8.4233,-12.6081,3.0732
random,16,fixed,4.0,1,824,-1.9004,-4.8345,3.9267
random,16,fixed,4.0,1,825,-1.2686,-6.6823,3.9318
random,16,fixed,4.0,1,826,2.0829,-1.3771,4.8528
random,16,fixed,4.0,1,827,-11.7510,-14.5765,1.9428
random,16,fixed,4.0,1,828,-10.9470,-13.9384,2.9837
random,16,fixed,4.0,1,829,-6.1095,-12.3265,3.6874
random,16,fixed,4.0,1,830,-6.9386,-8.1931,3.9571
random,16,fixed,4.0,1,831,-12.2024,-12.1324,3.1933
random,16,fixed,4.0,1,832,-7.2219,-10.1378,3.2571
random,16,fixed,4.0,1,833,-15.3155,-16.0734,3.4498
random,16,fixed,4.0,1,834,-1.5394,-7.7967,3.3475
random,16,fixed,4.0,1,835,-11.2949,-13.8936,2.5494
random,16,fixed,4.0,1,836,-5.9955,-10.3546,3.8544
random,16,fixed,4.0,1,837,-7.8901,-8.6235,4.8504
random,16,fixed,4.0,1,838,-6.7767,-10.0322,3.6181
random,16,fixed,4.0,1,839,-6.6669,-10.4509,2.7679
random,16,fixed,4.0,1,840,-4.3994,-8.7256,2.5648
random,16,fixed,4.0,1,841,-5.4946,-9.3138,5.2448
random,16,fixed,4.0,1,842,-8.0769,-9.0014,3.9226
random,16,fixed,4.0,1,843,-10.7217,-6.8987,5.8928
random,16,fixed,4.0,1,844,-2.0505,-7.1064,3.7103
random,16,fixed,4.0,1,845,-8.8330,-11.5127,4.0100
random,16,fixed,4.0,1,846,-13.6862,-14.4351,4.0307
random,16,fixed,4.0,1,847,-16.8574,-18.6009,2.4652
random,16,fixed,4.0,1,848,0.8806,-3.3863,4.4848
random,16,fixed,4.0,1,849,-8.9844,-10.2425,4.0226
random,16,fixed,4.0,1,850,-0.0689,-6.2870,4.0465
random,16,fixed,4.0,1,851,-0.2300,-3.7615,4.3997
random,16,fixed,4.0,1,852,-7.0127,-12.2352,2.5173
random,16,fixed,4.0,1,853,-7.6735,-10.0204,3.9106
random,16,fixed,4.0,1,854,-7.5274,-9.1560,3.9173
random,16,fixed,4.0,1,855,-11.6231,-13.5570,3.7241
random,16,fixed,4.0,1,856,1.7730,-1.8655,6.5711
random,16,fixed,4.0,1,857,-3.4719,-6.9829,3.3094
random,16,fixed,4.0,1,858,-6.4749,-11.2405,2.5440
random,16,fixed,4.0,1,859,-8.1486,-9.9472,3.5079
random,16,fixed,4.0,1,860,-5.2868,-9.9153,3.5206
random,16,fixed,4.0,1,861,-13.8502,-15.1648,3.5090
random,16,fixed,4.0,1,862,-8.9502,-11.3484,3.7931
random,16,fixed,4.0,1,863,-10.3921,-11.6344,3.8959
random,16,fixed,4.0,1,864,-6.6833,-12.5274,3.5324
random,16,fixed,4.0,1,865,-15.4965,-18.9342,2.5018
random,16,fixed,4.0,1,866,-14.1553,-14.1291,4.3113
random,16,fixed,4.0,1,867,-5.9869,-11.4695,2.3933
random,16,fixed,4.0,1,868,-12.2120,-16.1935,2.5105
random,16,fixed,4.0,1,869,-8.6927,-8.1842,4.8858
random,16,fixed,4.0,1,870,-6.1822,-11.3003,3.0531
random,16,fixed,4.0,1,871,-6.7977,-10.5680,3.9398
random,16,fixed,4.0,1,872,-6.7970,-9.2991,3.2146
random,16,fixed,4.0,1,873,-4.5770,-11.0051,3.6215
random,16,fixed,4.0,1,874,-7.6859,-8.8451,5.4270
random,16,fixed,4.0,1,875,-6.1969,-12.3575,1.7439
random,16,fixed,4.0,1,876,-3.0732,-6.9226,3.8882
random,16,fixed,4.0,1,877,-17.8318,-20.8890,2.5908
random,16,fixed,4.0,1,878,-5.7192,-9.2936,3.1631
random,16,fixed,4.0,1,879,-0.7724,-1.9762,3.4986
random,16,fixed,4.0,1,880,-6.8970,-9.0900,3.8033
random,16,fixed,4.0,1,881,-12.1345,-16.6275,2.5906
random,16,fixed,4.0,1,882,-7.8304,-10.0900,2.9624
random,16,fixed,4.0,1,883,-9.2794,-13.1942,2.9101
random,16,fixed,4.0,1,884,-2.5592,-5.7562,3.4565
random,16,fixed,4.0,1,885,-6.7484,-11.2769,3.2525
random,16,fixed,4.0,1,886,-3.1859,-8.4694,3.3313
random,16,fixed,4.0,1,887,-3.2742,-9.4730,3.5722
random,16,fixed,4.0,1,888,-8.5242,-9.8839,3.4055
random,16,fixed,4.0,1,889,-15.8247,-13.8745,3.9833
random,16,fixed,4.0,1,890,-4.8194,-7.4633,5.3335
random,16,fixed,4.0,1,891,-7.2830,-8.8010,3.8367
random,16,fixed,4.0,1,892,-6.9244,-11.8025,3.8409
random,16,fixed,4.0,1,893,-1.7822,-7.7882,3.3744
random,16,fixed,4.0,1,894,-2.7901,-6.8637,3.6935
random,16,fixed,4.0,1,895,-8.4714,-12.1791,3.6189
random,16,fixed,4.0,1,896,-9.0747,-11.3891,4.0910
random,16,fixed,4.0,1,897,-12.3603,-14.2006,3.5433
random,16,fixed,4.0,1,898,-9.9358,-12.8389,5.0122
random,16,fixed,4.0,1,899,-8.4269,-13.8925,3.6013
random,16,fixed,4.0,1,900,3.3626,-1.3965,4.8184
random,16,fixed,4.0,1,901,-13.1649,-14.7531,2.9147
random,16,fixed,4.0,1,902,-5.4214,-11.0809,2.9795
random,16,fixed,4.0,1,903,-9.3582,-11.8904,3.7977
random,16,fixed,4.0,1,904,-1.9104,-0.7388,6.4632
random,16,fixed,4.0,1,905,-5.3243,-9.3710,4.4181
random,16,fixed,4.0,1,906,-4.1115,-7.4065,4.0252
random,16,fixed,4.0,1,907,-13.0316,-15.5195,2.5844
random,16,fixed,4.0,1,908,-12.7529,-13.8447,3.2897
random,16,fixed,4.0,1,909,-1.8429,-6.4669,4.5709
random,16,fixed,4.0,1,910,-8.4672,-10.5965,3.2252
random,16,fixed,4.0,1,911,-7.8342,-12.0330,3.5969
random,16,fixed,4.0,1,912,-9.6009,-12.2739,3.2073
random,16,fixed,4.0,1,913,-1.9674,-8.4700,3.2062
random,16,fixed,4.0,1,914,0.8324,-3.0134,4.4869
random,16,fixed,4.0,1,915,-9.3090,-12.4502,3.2568
random,16,fixed,4.0,1,916,-2.2704,-6.3267,4.0122
random,16,fixed,4.0,1,917,-4.2492,-10.2143,3.2152
random,16,fixed,4.0,1,918,-11.5321,-13.5594,3.1079
random,16,fixed,4.0,1,919,-9.3065,-10.1907,5.2952
random,16,fixed,4.0,1,920,-10.5020,-11.9836,3.9182
random,16,fixed,4.0,1,921,-1.6995,-4.0916,3.5485
random,16,fixed,4.0,1,922,-12.6203,-12.5786,5.7255
random,16,fixed,4.0,1,923,-4.9775,-9.3604,3.5243
random,16,fixed,4.0,1,924,-9.1867,-11.4767,3.3311
random,16,fixed,4.0,1,925,-14.1704,-15.2370,3.5981
random,16,fixed,4.0,1,926,-10.6820,-13.6620,3.1668
random,16,fixed,4.0,1,927,-6.7580,-8.7756,4.4128
random,16,fixed,4.0,1,928,-10.1536,-13.1469,3.2289
random,16,fixed,4.0,1,929,-11.5796,-14.3584,2.8740
random,16,fixed,4.0,1,930,-2.1825,-9.5932,3.2852
random,16,fixed,4.0,1,931,-2.4518,-8.3844,3.1458
random,16,fixed,4.0,1,932,-6.0982,-9.7461,4.0085
random,16,fixed,4.0,1,933,-4.2054,-10.1278,3.2592
random,16,fixed,4.0,1,934,-0.1948,-7.0972,2.1215
random,16,fixed,4.0,1,935,-10.4187,-14.2176,3.4164
random,16,fixed,4.0,1,936,-6.3542,-12.5519,2.7229
random,16,fixed,4.0,1,937,-13.5776,-13.2261,3.0066
random,16,fixed,4.0,1,938,-12.6630,-12.9797,4.5226
random,16,fixed,4.0,1,939,-7.1579,-9.2555,4.5396
random,16,fixed,4.0,1,940,-1.3126,-3.9719,4.2950
random,16,fixed,4.0,1,941,-12.7241,-15.1897,2.7001
random,16,fixed,4.0,1,942,-6.7626,-5.0759,6.2287
random,16,fixed,4.0,1,943,-7.3867,-7.5146,4.4871
random,16,fixed,4.0,1,944,-0.2994,-6.2393,3.0704
random,16,fixed,4.0,1,945,-7.1904,-10.6747,3.9782
random,16,fixed,4.0,1,946,-5.1943,-8.6441,3.5883
random,16,fixed,4.0,1,947,-7.6331,-9.8893,3.9216
random,16,fixed,4.0,1,948,-4.2093,-9.9500,2.4909
random,16,fixed,4.0,1,949,-6.6264,-9.7916,4.4891
random,16,fixed,4.0,1,950,-10.0669,-14.8843,2.6726
random,16,fixed,4.0,1,951,-12.6591,-12.9300,4.3451
random,16,fixed,4.0,1,952,-12.0141,-12.0804,3.9675
random,16,fixed,4.0,1,953,-1.3068,-6.7932,3.8727
random,16,fixed,4.0,1,954,-7.3788,-10.3053,3.1059
random,16,fixed,4.0,1,955,-6.4589,-8.9976,5.0111
random,16,fixed,4.0,1,956,-6.2357,-10.6344,2.9670
random,16,fixed,4.0,1,957,-5.8692,-10.0600,3.0336
random,16,fixed,4.0,1,958,1.7962,-3.0386,3.9571
random,16,fixed,4.0,1,959,-12.1830,-15.8587,2.7607
random,16,fixed,4.0,1,960,-8.6283,-8.0964,5.8932
random,16,fixed,4.0,1,961,-10.0955,-13.6835,2.9973
random,16,fixed,4.0,1,962,-3.3365,-6.9079,3.8847
random,16,fixed,4.0,1,963,-0.1804,-5.1077,4.0841
random,16,fixed,4.0,1,964,-6.1844,-11.4312,3.6077
random,16,fixed,4.0,1,965,0.0972,-4.5978,3.6990
random,16,fixed,4.0,1,966,-1.1777,-6.8543,3.8171
random,16,fixed,4.0,1,967,-5.1197,-9.2543,4.1397
random,16,fixed,4.0,1,968,-6.6860,-11.6268,3.1187
random,16,fixed,4.0,1,969,-4.0556,-8.3368,3.8465
random,16,fixed,4.0,1,970,-13.3116,-15.8924,3.1637
random,16,fixed,4.0,1,971,-7.6178,-6.8004,4.3698
random,16,fixed,4.0,1,972,-8.9163,-12.2760,4.6246
random,16,fixed,4.0,1,973,-7.2345,-10.8072,3.8802
random,16,fixed,4.0,1,974,-5.4452,-9.9771,3.5153
random,16,fixed,4.0,1,975,-11.2906,-13.6089,3.2835
random,16,fixed,4.0,1,976,1.8059,-3.0651,4.0832
random,16,fixed,4.0,1,977,-11.9986,-14.2743,3.3478
random,16,fixed,4.0,1,978,-6.2793,-10.3117,2.9159
random,16,fixed,4.0,1,979,-7.3887,-8.9472,5.2586
random,16,fixed,4.0,1,980,-9.8944,-11.8653,4.0733
random,16,fixed,4.0,1,981,-6.8313,-12.1852,2.6521
random,16,fixed,4.0,1,982,-5.6381,-9.0365,3.6709
random,16,fixed,4.0,1,983,-9.3224,-11.8233,3.6983
random,16,fixed,4.0,1,984,-7.3147,-8.6927,4.1681
random,16,fixed,4.0,1,985,-12.1393,-15.7748,3.2411
random,16,fixed,4.0,1,986,2.8263,-3.4535,4.4165
random,16,fixed,4.0,1,987,-12.0414,-11.7999,3.7755
random,16,fixed,4.0,1,988,-6.0279,-9.3665,3.1816
random,16,fixed,4.0,1,989,-8.6991,-10.0838,5.0683
random,16,fixed,4.0,1,990,-6.2463,-7.4167,5.6871
random,16,fixed,4.0,1,991,-8.0509,-11.5484,3.4477
random,16,fixed,4.0,1,992,-6.1255,-8.8124,3.8769
random,16,fixed,4.0,1,993,-11.4621,-13.5099,2.8339
random,16,fixed,4.0,1,994,-7.4480,-10.4944,3.2153
random,16,fixed,4.0,1,995,-5.1242,-8.4297,3.9304
random,16,fixed,4.0,1,996,-3.5280,-9.8691,2.2952
random,16,fixed,4.0,1,997,-1.5965,-7.4648,3.8043
random,16,fixed,4.0,1,998,-8.6494,-14.6557,2.2692
random,16,fixed,4.0,1,999,-7.7792,-12.4637,2.8216
random,16,fixed,4.0,1,1000,-16.4518,-16.8800,8.1663
rl_homogeneous,16,fixed,4.0,1,1,-8.1629,2.5324,1.0438
rl_homogeneous,16,fixed,4.0,1,2,1.9775,0.0000,4.8944
rl_homogeneous,16,fixed,4.0,1,3,1.2719,69.0935,0.0946
rl_homogeneous,16,fixed,4.0,1,4,-7.8492,2.0504,2.4281
rl_homogeneous,16,fixed,4.0,1,5,29.4821,56.9432,-3.9067
rl_homogeneous,16,fixed,4.0,1,6,-3.8793,1.0202,1.3864
rl_homogeneous,16,fixed,4.0,1,7,0.4051,1.6048,3.2570
rl_homogeneous,16,fixed,4.0,1,8,-7.8370,-0.0404,1.6221
rl_homogeneous,16,fixed,4.0,1,9,-6.3783,5.2436,1.0895
rl_homogeneous,16,fixed,4.0,1,10,-5.6767,0.7918,1.3965
rl_homogeneous,16,fixed,4.0,1,11,-6.0352,4.8742,-0.1363
rl_homogeneous,16,fixed,4.0,1,12,2.1224,0.0000,3.6192
rl_homogeneous,16,fixed,4.0,1,13,6.6378,32.1823,-4.0704
rl_homogeneous,16,fixed,4.0,1,14,-15.5360,-0.3181,1.1334
rl_homogeneous,16,fixed,4.0,1,15,-6.7667,0.5613,0.5833
rl_homogeneous,16,fixed,4.0,1,16,-3.8825,12.1465,1.4845
rl_homogeneous,16,fixed,4.0,1,17,-2.3819,2.4157,0.5484
rl_homogeneous,16,fixed,4.0,1,18,-5.2352,4.4491,0.8026
rl_homogeneous,16,fixed,4.0,1,19,-5.3929,2.5686,1.5139
rl_homogeneous,16,fixed,4.0,1,20,-10.4032,0.0000,1.7119
rl_homogeneous,16,fixed,4.0,1,21,-5.4170,1.5384,0.7117
rl_homogeneous,16,fixed,4.0,1,22,-11.5089,3.1093,0.0646
rl_homogeneous,16,fixed,4.0,1,23,-11.9270,2.0734,2.4097
rl_homogeneous,16,fixed,4.0,1,24,-9.0774,0.7802,1.6943
rl_homogeneous,16,fixed,4.0,1,25,-3.8201,5.3390,1.2585
rl_homogeneous,16,fixed,4.0,1,26,-1.6021,3.2831,0.4989
rl_homogeneous,16,fixed,4.0,1,27,-0.0970,7.3053,1.1653
rl_homogeneous,16,fixed,4.0,1,28,-44.6851,-11.1400,18.4343
rl_homogeneous,16,fixed,4.0,1,29,0.0613,7.8937,-0.5634
rl_homogeneous,16,fixed,4.0,1,30,-4.0208,0.7122,3.3566
rl_homogeneous,16,fixed,4.0,1,31,4.2893,80.1235,-6.5624
rl_homogeneous,16,fixed,4.0,1,32,-9.2473,-0.9545,1.5722
rl_homogeneous,16,fixed,4.0,1,33,8.1686,22.4517,-0.5846
rl_homogeneous,16,fixed,4.0,1,34,51.0676,-26.2796,73.8817
rl_homogeneous,16,fixed,4.0,1,35,27.2975,52.7883,-4.7738
rl_homogeneous,16,fixed,4.0,1,36,3.7763,42.5579,-5.3029
rl_homogeneous,16,fixed,4.0,1,37,-2.8365,5.6360,2.8052
rl_homogeneous,16,fixed,4.0,1,38,1.8574,7.6977,1.4793
rl_homogeneous,16,fixed,4.0,1,39,0.5257,3.0532,3.1390
rl_homogeneous,16,fixed,4.0,1,40,-2.8687,10.0241,-0.7149
rl_homogeneous,16,fixed,4.0,1,41,12.5987,-15.2402,44.5741
rl_homogeneous,16,fixed,4.0,1,42,-37.6982,-35.7476,19.3692
rl_homogeneous,16,fixed,4.0,1,43,47.4040,-6.1314,47.1834
rl_homogeneous,16,fixed,4.0,1,44,-0.1692,4.5184,0.9208
rl_homogeneous,16,fixed,4.0,1,45,-0.2649,104.9675,-11.8244
rl_homogeneous,16,fixed,4.0,1,46,8.7713,121.0587,-19.6037
rl_homogeneous,16,fixed,4.0,1,47,-6.2765,10.8699,-1.6434
rl_homogeneous,16,fixed,4.0,1,48,-1.8695,0.5621,1.5962
rl_homogeneous,16,fixed,4.0,1,49,-2.4545,0.0706,2.8729
rl_homogeneous,16,fixed,4.0,1,50,-1.5729,22.8289,-2.8386
rl_homogeneous,16,fixed,4.0,1,51,-1.9730,5.5940,0.0851
rl_homogeneous,16,fixed,4.0,1,52,-37.6216,6.8039,14.3033
rl_homogeneous,16,fixed,4.0,1,53,-5.1273,1.3836,0.7912
rl_homogeneous,16,fixed,4.0,1,54,-8.2430,2.3733,0.4874
rl_homogeneous,16,fixed,4.0,1,55,-3.4176,5.8894,1.0677
rl_homogeneous,16,fixed,4.0,1,56,-1.9217,-15.8530,33.7023
rl_homogeneous,16,fixed,4.0,1,57,-48.1746,31.4063,12.3219
rl_homogeneous,16,fixed,4.0,1,58,-1.4135,16.2580,-0.2163
rl_homogeneous,16,fixed,4.0,1,59,8.8350,39.1693,-6.6348
rl_homogeneous,16,fixed,4.0,1,60,-3.6703,0.8711,2.3559
rl_homogeneous,16,fixed,4.0,1,61,-1.3851,0.0000,3.2057
rl_homogeneous,16,fixed,4.0,1,62,-7.3311,0.8157,1.5211
rl_homogeneous,16,fixed,4.0,1,63,-1.1084,6.0261,0.1296
rl_homogeneous,16,fixed,4.0,1,64,11.4530,121.6290,-13.9861
rl_homogeneous,16,fixed,4.0,1,65,-3.3053,0.1861,3.8216
rl_homogeneous,16,fixed,4.0,1,66,-35.3743,-17.6523,12.6096
rl_homogeneous,16,fixed,4.0,1,67,-6.5765,2.1841,1.6118
rl_homogeneous,16,fixed,4.0,1,68,23.8684,90.3104,-8.0083
rl_homogeneous,16,fixed,4.0,1,69,-23.3993,0.7370,16.1434
rl_homogeneous,16,fixed,4.0,1,70,1.9503,3.6958,2.3601
rl_homogeneous,16,fixed,4.0,1,71,-2.5574,0.0000,4.5540
rl_homogeneous,16,fixed,4.0,1,72,50.9515,66.0026,0.4264
rl_homogeneous,16,fixed,4.0,1,73,15.3656,-18.7456,55.4935
rl_homogeneous,16,fixed,4.0,1,74,-14.2054,3.2561,0.2082
rl_homogeneous,16,fixed,4.0,1,75,-1.8691,2.9738,0.6765
rl_homogeneous,16,fixed,4.0,1,76,-6.8893,2.7146,1.3262
rl_homogeneous,16,fixed,4.0,1,77,-21.2969,-11.4399,21.7390
rl_homogeneous,16,fixed,4.0,1,78,-3.0658,2.1426,2.1850
rl_homogeneous,16,fixed,4.0,1,79,-1.2652,6.9474,1.5534
rl_homogeneous,16,fixed,4.0,1,80,-3.7389,12.7924,-2.6903
rl_homogeneous,16,fixed,4.0,1,81,-7.6963,0.0000,1.4562
rl_homogeneous,16,fixed,4.0,1,82,-31.4100,-1.6901,14.7713
rl_homogeneous,16,fixed,4.0,1,83,-2.2718,4.4187,1.2031
rl_homogeneous,16,fixed,4.0,1,84,-0.7170,-0.0007,2.1930
rl_homogeneous,16,fixed,4.0,1,85,-2.0313,0.0000,1.7827
rl_homogeneous,16,fixed,4.0,1,86,0.4161,50.2877,-5.1936
rl_homogeneous,16,fixed,4.0,1,87,-3.6756,5.4490,0.6926
rl_homogeneous,16,fixed,4.0,1,88,-2.5063,4.9290,0.0960
rl_homogeneous,16,fixed,4.0,1,89,-1.2907,2.2145,2.0418
rl_homogeneous,16,fixed,4.0,1,90,-4.8494,0.7352,1.6633
rl_homogeneous,16,fixed,4.0,1,91,-3.5845,0.2826,2.5897
rl_homogeneous,16,fixed,4.0,1,92,33.2059,-10.3348,60.4616
rl_homogeneous,16,fixed,4.0,1,93,-3.2384,3.8032,2.0344
rl_homogeneous,16,fixed,4.0,1,94,-8.2489,5.7722,0.2809
rl_homogeneous,16,fixed,4.0,1,95,3.4150,17.3948,-2.0414
rl_homogeneous,16,fixed,4.0,1,96,13.5885,-36.2659,56.4524
rl_homogeneous,16,fixed,4.0,1,97,-51.1120,-36.0482,14.9997
rl_homogeneous,16,fixed,4.0,1,98,-1.0465,20.1225,-2.8168
rl_homogeneous,16,fixed,4.0,1,99,-0.7404,0.0000,4.1922
rl_homogeneous,16,fixed,4.0,1,100,-0.0687,13.1598,-0.8321
rl_homogeneous,16,fixed,4.0,1,101,-2.0822,3.8595,0.8927
rl_homogeneous,16,fixed,4.0,1,102,-3.9192,6.6606,0.1705
rl_homogeneous,16,fixed,4.0,1,103,-7.0843,6.9920,1.3997
rl_homogeneous,16,fixed,4.0,1,104,-8.1383,0.0311,1.3340
rl_homogeneous,16,fixed,4.0,1,105,-1.9457,0.0000,2.2058
rl_homogeneous,16,fixed,4.0,1,106,-4.5750,15.9903,-0.5441
rl_homogeneous,16,fixed,4.0,1,107,-5.6227,2.4880,1.0879
rl_homogeneous,16,fixed,4.0,1,108,0.7676,17.3838,14.3341
rl_homogeneous,16,fixed,4.0,1,109,-40.4738,-35.9804,20.3052
rl_homogeneous,16,fixed,4.0,1,110,-33.9753,-22.1494,26.3667
rl_homogeneous,16,fixed,4.0,1,111,-6.9864,0.1660,2.0854
rl_homogeneous,16,fixed,4.0,1,112,-8.8037,2.2495,0.9930
rl_homogeneous,16,fixed,4.0,1,113,1300.5743,842.9260,-2.3041
rl_homogeneous,16,fixed,4.0,1,114,-43.9980,-33.3026,18.3286
rl_homogeneous,16,fixed,4.0,1,115,-7.6611,9.0767,1.6395
rl_homogeneous,16,fixed,4.0,1,116,-4.6529,6.4686,-0.1942
rl_homogeneous,16,fixed,4.0,1,117,-1.8618,8.9333,-0.4512
rl_homogeneous,16,fixed,4.0,1,118,-2.6214,0.2736,1.5542
rl_homogeneous,16,fixed,4.0,1,119,-5.0449,4.7971,0.9672
rl_homogeneous,16,fixed,4.0,1,120,-0.4863,7.0031,0.3075
rl_homogeneous,16,fixed,4.0,1,121,-36.0950,-56.6097,29.7461
rl_homogeneous,16,fixed,4.0,1,122,-7.6384,5.3753,0.8536
rl_homogeneous,16,fixed,4.0,1,123,-39.8920,-32.9179,20.7137
rl_homogeneous,16,fixed,4.0,1,124,-2.0248,1.3253,2.1263
rl_homogeneous,16,fixed,4.0,1,125,-5.5189,0.0000,1.6710
rl_homogeneous,16,fixed,4.0,1,126,0.9665,0.0000,1.9725
rl_homogeneous,16,fixed,4.0,1,127,0.4006,0.3114,2.3590
rl_homogeneous,16,fixed,4.0,1,128,-8.1177,0.0000,2.0235
rl_homogeneous,16,fixed,4.0,1,129,4.2592,16.0260,-1.7514
rl_homogeneous,16,fixed,4.0,1,130,-0.8241,1.6910,2.5910
rl_homogeneous,16,fixed,4.0,1,131,-42.1222,-42.4809,28.6113
rl_homogeneous,16,fixed,4.0,1,132,-9.9557,-22.9240,36.1991
rl_homogeneous,16,fixed,4.0,1,133,3.4128,9.0743,0.1503
rl_homogeneous,16,fixed,4.0,1,134,4.8141,0.0000,4.3500
rl_homogeneous,16,fixed,4.0,1,135,-4.6245,1.6500,2.1515
rl_homogeneous,16,fixed,4.0,1,136,-2.4990,0.0000,3.4914
rl_homogeneous,16,fixed,4.0,1,137,-4.6209,3.7939,1.2003
rl_homogeneous,16,fixed,4.0,1,138,-4.3824,0.2511,2.3217
rl_homogeneous,16,fixed,4.0,1,139,2.4313,35.8385,-5.0086
rl_homogeneous,16,fixed,4.0,1,140,1.1826,43.2510,-7.0266
rl_homogeneous,16,fixed,4.0,1,141,-41.6412,-22.3897,18.6785
rl_homogeneous,16,fixed,4.0,1,142,389.2993,11.6275,307.2712
rl_homogeneous,16,fixed,4.0,1,143,-6.6830,2.2638,1.8014
rl_homogeneous,16,fixed,4.0,1,144,101.4966,-32.0853,117.0851
rl_homogeneous,16,fixed,4.0,1,145,-7.8643,110.2793,-14.7399
rl_homogeneous,16,fixed,4.0,1,146,-0.7025,1.9032,1.6164
rl_homogeneous,16,fixed,4.0,1,147,-2.8003,0.0000,2.6976
rl_homogeneous,16,fixed,4.0,1,148,-10.3984,19.9595,-0.6605
rl_homogeneous,16,fixed,4.0,1,149,-5.3999,0.0521,3.2063
rl_homogeneous,16,fixed,4.0,1,150,1042.8178,892.1056,45.2802
rl_homogeneous,16,fixed,4.0,1,151,-6.2823,6.2548,1.3862
rl_homogeneous,16,fixed,4.0,1,152,-11.4497,0.7977,1.5475
rl_homogeneous,16,fixed,4.0,1,153,-45.9578,10.5927,12.4196
rl_homogeneous,16,fixed,4.0,1,154,-39.4545,-22.8881,15.8022
rl_homogeneous,16,fixed,4.0,1,155,-42.7093,-43.4071,19.9729
rl_homogeneous,16,fixed,4.0,1,156,-3.8806,13.8622,-0.5525
rl_homogeneous,16,fixed,4.0,1,157,-0.1164,10.7149,-1.8075
rl_homogeneous,16,fixed,4.0,1,158,-5.5223,4.4072,0.1218
rl_homogeneous,16,fixed,4.0,1,159,2.3774,69.3423,-9.5129
rl_homogeneous,16,fixed,4.0,1,160,-11.5271,-0.3609,1.9994
rl_homogeneous,16,fixed,4.0,1,161,-29.3676,-13.3755,16.7599
rl_homogeneous,16,fixed,4.0,1,162,-3.2258,13.2965,0.5243
rl_homogeneous,16,fixed,4.0,1,163,-10.0850,2.0885,0.7653
rl_homogeneous,16,fixed,4.0,1,164,-7.9997,2.7912,3.7392
rl_homogeneous,16,fixed,4.0,1,165,196.3509,11.6379,130.7358
rl_homogeneous,16,fixed,4.0,1,166,-1.2219,4.0838,2.4902
rl_homogeneous,16,fixed,4.0,1,167,-43.7635,-47.4524,20.8713
rl_homogeneous,16,fixed,4.0,1,168,-9.3101,53.5220,-4.2691
rl_homogeneous,16,fixed,4.0,1,169,0.0290,34.1975,-3.8438
rl_homogeneous,16,fixed,4.0,1,170,-2.8761,0.0000,1.8245
rl_homogeneous,16,fixed,4.0,1,171,-1.6693,3.3007,0.4030
rl_homogeneous,16,fixed,4.0,1,172,-2.1988,0.5686,3.7124
rl_homogeneous,16,fixed,4.0,1,173,-2.2041,8.3193,1.3983
rl_homogeneous,16,fixed,4.0,1,174,-15.9119,8.9860,10.1463
rl_homogeneous,16,fixed,4.0,1,175,9.3118,-33.5330,60.7090
rl_homogeneous,16,fixed,4.0,1,176,-42.3664,-25.8231,14.1065
rl_homogeneous,16,fixed,4.0,1,177,-48.1112,-31.1068,18.4715
rl_homogeneous,16,fixed,4.0,1,178,-7.2024,0.7370,1.9091
rl_homogeneous,16,fixed,4.0,1,179,-6.9520,0.0540,1.7015
rl_homogeneous,16,fixed,4.0,1,180,-6.1732,1.5822,2.7867
rl_homogeneous,16,fixed,4.0,1,181,-7.2689,3.4535,2.5508
rl_homogeneous,16,fixed,4.0,1,182,-3.3397,0.0000,3.6104
rl_homogeneous,16,fixed,4.0,1,183,2.3409,0.0000,4.0053
rl_homogeneous,16,fixed,4.0,1,184,-3.9287,2.4110,1.2614
rl_homogeneous,16,fixed,4.0,1,185,-4.6401,3.4425,0.6903
rl_homogeneous,16,fixed,4.0,1,186,-8.0448,-0.0293,1.1156
rl_homogeneous,16,fixed,4.0,1,187,1.8728,33.4638,-3.8666
rl_homogeneous,16,fixed,4.0,1,188,-5.6845,6.5808,0.3761
rl_homogeneous,16,fixed,4.0,1,189,-2.2567,6.4237,1.7983
rl_homogeneous,16,fixed,4.0,1,190,-2.8669,4.0112,1.4221
rl_homogeneous,16,fixed,4.0,1,191,0.3813,4.7342,1.5172
rl_homogeneous,16,fixed,4.0,1,192,-3.7710,2.4489,0.3529
rl_homogeneous,16,fixed,4.0,1,193,-43.2672,-29.9754,22.7782
rl_homogeneous,16,fixed,4.0,1,194,-9.1325,2.0358,1.5788
rl_homogeneous,16,fixed,4.0,1,195,1.0113,0.2069,2.7909
rl_homogeneous,16,fixed,4.0,1,196,6.1704,10.1356,2.7144
rl_homogeneous,16,fixed,4.0,1,197,0.2091,7.2857,0.3067
rl_homogeneous,16,fixed,4.0,1,198,-1.1303,0.0000,2.5449
rl_homogeneous,16,fixed,4.0,1,199,-7.3476,-0.7815,1.3732
rl_homogeneous,16,fixed,4.0,1,200,-6.5774,-1.1373,2.2417
rl_homogeneous,16,fixed,4.0,1,201,-29.6582,12.3642,7.1895
rl_homogeneous,16,fixed,4.0,1,202,-0.8922,5.1961,2.2592
rl_homogeneous,16,fixed,4.0,1,203,-2.5293,0.1134,1.5873
rl_homogeneous,16,fixed,4.0,1,204,-22.6855,-17.3119,12.7619
rl_homogeneous,16,fixed,4.0,1,205,-23.1571,25.3682,6.1760
rl_homogeneous,16,fixed,4.0,1,206,-18.6291,-1.7707,23.1412
rl_homogeneous,16,fixed,4.0,1,207,3.3077,1.1804,4.0173
rl_homogeneous,16,fixed,4.0,1,208,902.6203,834.7961,38.3112
rl_homogeneous,16,fixed,4.0,1,209,240.7495,253.9242,9.7853
rl_homogeneous,16,fixed,4.0,1,210,-50.0238,-18.1646,12.5556
rl_homogeneous,16,fixed,4.0,1,211,-1.6859,2.2143,1.1359
rl_homogeneous,16,fixed,4.0,1,212,1.8103,6.8440,1.1872
rl_homogeneous,16,fixed,4.0,1,213,-4.3553,6.2182,0.2763
rl_homogeneous,16,fixed,4.0,1,214,-7.2246,5.4492,1.2181
rl_homogeneous,16,fixed,4.0,1,215,-7.2953,3.3364,1.5915
rl_homogeneous,16,fixed,4.0,1,216,173.0054,7.1251,131.8787
rl_homogeneous,16,fixed,4.0,1,217,-0.7864,7.8790,1.3056
rl_homogeneous,16,fixed,4.0,1,218,7.3929,79.0288,-12.7382
rl_homogeneous,16,fixed,4.0,1,219,-3.7857,0.4357,1.4016
rl_homogeneous,16,fixed,4.0,1,220,6.2670,27.3605,-4.5978
rl_homogeneous,16,fixed,4.0,1,221,-45.6301,-32.4374,18.9135
rl_homogeneous,16,fixed,4.0,1,222,-1.7157,0.0000,2.3432
rl_homogeneous,16,fixed,4.0,1,223,-1.8948,10.3039,-0.6513
rl_homogeneous,16,fixed,4.0,1,224,-0.0830,0.0000,3.2213
rl_homogeneous,16,fixed,4.0,1,225,-2.8738,2.5652,1.1987
rl_homogeneous,16,fixed,4.0,1,226,-7.5005,0.3479,1.4998
rl_homogeneous,16,fixed,4.0,1,227,-2.4170,0.0000,1.0898
rl_homogeneous,16,fixed,4.0,1,228,-41.9164,-25.3872,20.0640
rl_homogeneous,16,fixed,4.0,1,229,0.3423,31.2559,-4.4979
rl_homogeneous,16,fixed,4.0,1,230,-7.1021,2.6268,1.1281
rl_homogeneous,16,fixed,4.0,1,231,-2.0274,1.3850,1.8964
rl_homogeneous,16,fixed,4.0,1,232,-8.2423,0.4154,-0.1590
rl_homogeneous,16,fixed,4.0,1,233,-4.4157,0.0000,1.0904
rl_homogeneous,16,fixed,4.0,1,234,-47.2314,-47.2659,18.1763
rl_homogeneous,16,fixed,4.0,1,235,7.4842,19.8126,-4.0746
rl_homogeneous,16,fixed,4.0,1,236,-11.7433,-1.5291,1.5334
rl_homogeneous,16,fixed,4.0,1,237,3.5970,8.1188,-0.1417
rl_homogeneous,16,fixed,4.0,1,238,-3.7328,0.1638,1.9266
rl_homogeneous,16,fixed,4.0,1,239,-7.1918,0.0000,2.2408
rl_homogeneous,16,fixed,4.0,1,240,-30.1185,-15.9999,13.3895
rl_homogeneous,16,fixed,4.0,1,241,-6.4390,-0.2042,0.2027
rl_homogeneous,16,fixed,4.0,1,242,-0.2220,3.1874,0.5819
rl_homogeneous,16,fixed,4.0,1,243,7.7793,66.6936,-9.3374
rl_homogeneous,16,fixed,4.0,1,244,0.5015,16.9750,-0.8607
rl_homogeneous,16,fixed,4.0,1,245,-36.5660,16.1144,7.0590
rl_homogeneous,16,fixed,4.0,1,246,-0.1818,0.0000,3.0565
rl_homogeneous,16,fixed,4.0,1,247,-6.5472,1.7531,2.4082
rl_homogeneous,16,fixed,4.0,1,248,-5.4452,-0.6777,1.1538
rl_homogeneous,16,fixed,4.0,1,249,2.6170,13.2900,-1.8526
rl_homogeneous,16,fixed,4.0,1,250,1.2143,3.6503,2.0364
rl_homogeneous,16,fixed,4.0,1,251,-3.4608,1.7399,3.4270
rl_homogeneous,16,fixed,4.0,1,252,-8.8892,1.3798,1.9530
rl_homogeneous,16,fixed,4.0,1,253,-4.3871,-0.3268,1.3419
rl_homogeneous,16,fixed,4.0,1,254,-11.1201,-2.0257,1.5621
rl_homogeneous,16,fixed,4.0,1,255,0.3354,10.2158,-1.6763
rl_homogeneous,16,fixed,4.0,1,256,-25.9659,6.1378,9.3130
rl_homogeneous,16,fixed,4.0,1,257,5.4547,38.7399,-5.5623
rl_homogeneous,16,fixed,4.0,1,258,-0.6589,50.0703,-6.3827
rl_homogeneous,16,fixed,4.0,1,259,66.7059,-33.9431,93.2954
rl_homogeneous,16,fixed,4.0,1,260,-3.1015,2.4519,1.7200
rl_homogeneous,16,fixed,4.0,1,261,-32.2487,-21.8945,14.2448
rl_homogeneous,16,fixed,4.0,1,262,-9.4575,0.0372,0.8896
rl_homogeneous,16,fixed,4.0,1,263,-4.0329,2.0643,0.8774
rl_homogeneous,16,fixed,4.0,1,264,-3.3156,0.6845,0.6254
rl_homogeneous,16,fixed,4.0,1,265,8.3599,37.9553,-3.2633
rl_homogeneous,16,fixed,4.0,1,266,-8.1793,-0.1135,1.7433
rl_homogeneous,16,fixed,4.0,1,267,3.0746,23.3913,-1.7107
rl_homogeneous,16,fixed,4.0,1,268,390.6262,233.1950,146.3567
rl_homogeneous,16,fixed,4.0,1,269,-5.8942,0.6373,0.0655
rl_homogeneous,16,fixed,4.0,1,270,1.8956,21.0707,-3.1931
rl_homogeneous,16,fixed,4.0,1,271,-5.7359,8.2140,0.3482
rl_homogeneous,16,fixed,4.0,1,272,1.0460,0.0832,3.2954
rl_homogeneous,16,fixed,4.0,1,273,-35.9291,-27.4739,19.4467
rl_homogeneous,16,fixed,4.0,1,274,14.7321,51.5724,-1.8758
rl_homogeneous,16,fixed,4.0,1,275,-6.3409,0.0000,0.9869
rl_homogeneous,16,fixed,4.0,1,276,-5.9206,2.7335,4.5855
rl_homogeneous,16,fixed,4.0,1,277,1.4264,11.4193,1.1679
rl_homogeneous,16,fixed,4.0,1,278,-6.0428,3.8272,1.5358
rl_homogeneous,16,fixed,4.0,1,279,197.9078,14.2603,166.5241
rl_homogeneous,16,fixed,4.0,1,280,-8.6902,1.1501,1.5833
rl_homogeneous,16,fixed,4.0,1,281,-2.9856,0.1273,2.0350
rl_homogeneous,16,fixed,4.0,1,282,-7.2251,0.2915,0.2450
rl_homogeneous,16,fixed,4.0,1,283,12.2804,23.3566,0.4378
rl_homogeneous,16,fixed,4.0,1,284,-7.3675,10.8991,1.3465
rl_homogeneous,16,fixed,4.0,1,285,-6.1893,16.0851,-0.3422
rl_homogeneous,16,fixed,4.0,1,286,-4.5858,7.6682,0.0729
rl_homogeneous,16,fixed,4.0,1,287,-3.8820,2.1881,0.3402
rl_homogeneous,16,fixed,4.0,1,288,-3.7059,0.1305,2.3283
rl_homogeneous,16,fixed,4.0,1,289,-6.3146,2.6264,2.3966
rl_homogeneous,16,fixed,4.0,1,290,-3.2886,9.6356,-0.5755
rl_homogeneous,16,fixed,4.0,1,291,-44.1646,-28.4958,15.9195
rl_homogeneous,16,fixed,4.0,1,292,-7.7845,1.3824,0.6079
rl_homogeneous,16,fixed,4.0,1,293,-10.4084,-2.2659,1.7411
rl_homogeneous,16,fixed,4.0,1,294,-3.5056,11.6541,-0.6638
rl_homogeneous,16,fixed,4.0,1,295,-5.0569,2.3424,0.8044
rl_homogeneous,16,fixed,4.0,1,296,-3.9446,2.1900,2.6302
rl_homogeneous,16,fixed,4.0,1,297,13.7716,18.4215,-0.0821
rl_homogeneous,16,fixed,4.0,1,298,-2.6778,2.2144,4.0401
rl_homogeneous,16,fixed,4.0,1,299,-8.5257,80.9946,-7.1795
rl_homogeneous,16,fixed,4.0,1,300,-3.4944,-5.5272,33.4427
rl_homogeneous,16,fixed,4.0,1,301,-7.1659,-0.1348,1.6140
rl_homogeneous,16,fixed,4.0,1,302,-4.0700,8.8767,1.8411
rl_homogeneous,16,fixed,4.0,1,303,2.1951,13.2201,0.1667
rl_homogeneous,16,fixed,4.0,1,304,2.8745,0.0000,3.4130
rl_homogeneous,16,fixed,4.0,1,305,-3.9914,4.4775,-0.0992
rl_homogeneous,16,fixed,4.0,1,306,-2.1292,12.4955,-1.2379
rl_homogeneous,16,fixed,4.0,1,307,-3.4227,3.7665,0.3126
rl_homogeneous,16,fixed,4.0,1,308,-1.9096,0.0000,1.6595
rl_homogeneous,16,fixed,4.0,1,309,-7.6378,0.0000,3.4244
rl_homogeneous,16,fixed,4.0,1,310,4.2249,13.4945,0.1743
rl_homogeneous,16,fixed,4.0,1,311,-5.5821,4.8351,1.3053
rl_homogeneous,16,fixed,4.0,1,312,6.1494,31.4991,-6.3806
rl_homogeneous,16,fixed,4.0,1,313,-5.6671,6.3126,0.3592
rl_homogeneous,16,fixed,4.0,1,314,-40.1208,-37.7153,35.0482
rl_homogeneous,16,fixed,4.0,1,315,-0.8716,-0.0758,1.9120
rl_homogeneous,16,fixed,4.0,1,316,47.5097,16.7199,39.4499
rl_homogeneous,16,fixed,4.0,1,317,23.4976,-6.1756,51.9438
rl_homogeneous,16,fixed,4.0,1,318,10.9224,17.0922,0.8384
rl_homogeneous,16,fixed,4.0,1,319,-13.0803,-0.7433,2.8766
rl_homogeneous,16,fixed,4.0,1,320,-2.2922,4.5675,0.9558
rl_homogeneous,16,fixed,4.0,1,321,-3.6536,3.7743,1.9566
rl_homogeneous,16,fixed,4.0,1,322,-30.9090,106.4292,-7.4071
rl_homogeneous,16,fixed,4.0,1,323,-1.1324,4.4041,-0.0902
rl_homogeneous,16,fixed,4.0,1,324,0.9928,1.8637,1.2885
rl_homogeneous,16,fixed,4.0,1,325,-6.3551,0.0000,1.1302
rl_homogeneous,16,fixed,4.0,1,326,-9.9777,2.5086,2.6523
rl_homogeneous,16,fixed,4.0,1,327,-0.0697,0.0000,2.7939
rl_homogeneous,16,fixed,4.0,1,328,-2.0884,4.1075,0.1148
rl_homogeneous,16,fixed,4.0,1,329,-7.0257,0.0000,1.6101
rl_homogeneous,16,fixed,4.0,1,330,-5.0261,6.1217,-0.9559
rl_homogeneous,16,fixed,4.0,1,331,-18.7138,-23.1538,18.5968
rl_homogeneous,16,fixed,4.0,1,332,-36.4697,-28.1089,16.1424
rl_homogeneous,16,fixed,4.0,1,333,19.7523,-23.1805,58.3998
rl_homogeneous,16,fixed,4.0,1,334,-3.5275,1.8442,2.6490
rl_homogeneous,16,fixed,4.0,1,335,16.9496,91.9604,-14.5807
rl_homogeneous,16,fixed,4.0,1,336,-6.2216,2.6219,1.3061
rl_homogeneous,16,fixed,4.0,1,337,170.3120,0.8790,141.4729
rl_homogeneous,16,fixed,4.0,1,338,10.6561,37.9869,-4.2679
rl_homogeneous,16,fixed,4.0,1,339,0.6577,2.3728,2.7843
rl_homogeneous,16,fixed,4.0,1,340,-5.4738,0.0000,2.2086
rl_homogeneous,16,fixed,4.0,1,341,1.0869,0.0000,1.8617
rl_homogeneous,16,fixed,4.0,1,342,-4.4628,1.0343,0.7953
rl_homogeneous,16,fixed,4.0,1,343,-26.9562,-2.6648,8.6475
rl_homogeneous,16,fixed,4.0,1,344,-4.9390,1.7426,2.1690
rl_homogeneous,16,fixed,4.0,1,345,-2.8101,3.0799,1.7457
rl_homogeneous,16,fixed,4.0,1,346,9.2068,-20.8370,45.9378
rl_homogeneous,16,fixed,4.0,1,347,265.9899,207.2621,85.0220
rl_homogeneous,16,fixed,4.0,1,348,-11.8142,1.3268,0.3061
rl_homogeneous,16,fixed,4.0,1,349,-4.8289,3.5392,1.7216
rl_homogeneous,16,fixed,4.0,1,350,2.6564,0.4901,2.7301
rl_homogeneous,16,fixed,4.0,1,351,0.0402,28.3882,-3.5805
rl_homogeneous,16,fixed,4.0,1,352,-5.0715,4.4160,-0.3913
rl_homogeneous,16,fixed,4.0,1,353,-31.9946,-5.4095,9.5951
rl_homogeneous,16,fixed,4.0,1,354,-8.0727,0.0821,3.0537
rl_homogeneous,16,fixed,4.0,1,355,-0.6673,6.0087,2.3930
rl_homogeneous,16,fixed,4.0,1,356,1.4316,0.0000,2.7811
rl_homogeneous,16,fixed,4.0,1,357,-2.1580,9.7970,-0.6374
rl_homogeneous,16,fixed,4.0,1,358,-5.3565,3.1966,1.0944
rl_homogeneous,16,fixed,4.0,1,359,-7.1616,6.6411,0.5989
rl_homogeneous,16,fixed,4.0,1,360,-7.1010,1.6077,3.2927
rl_homogeneous,16,fixed,4.0,1,361,-3.6318,0.0000,1.9577
rl_homogeneous,16,fixed,4.0,1,362,55.8887,-8.7702,59.9232
rl_homogeneous,16,fixed,4.0,1,363,-5.0302,-0.0500,2.6926
rl_homogeneous,16,fixed,4.0,1,364,-0.1474,0.0000,4.4828
rl_homogeneous,16,fixed,4.0,1,365,44.3958,57.6300,-3.0547
rl_homogeneous,16,fixed,4.0,1,366,-7.0284,3.1446,1.6817
rl_homogeneous,16,fixed,4.0,1,367,4.0631,21.8826,1.4037
rl_homogeneous,16,fixed,4.0,1,368,-5.7560,4.9121,0.4746
rl_homogeneous,16,fixed,4.0,1,369,-8.0770,0.0000,1.8650
rl_homogeneous,16,fixed,4.0,1,370,-41.8875,-59.1933,20.5274
rl_homogeneous,16,fixed,4.0,1,371,-4.2365,0.4938,2.4952
rl_homogeneous,16,fixed,4.0,1,372,-7.2509,1.8147,0.7775
rl_homogeneous,16,fixed,4.0,1,373,-6.2161,4.9722,23.5448
rl_homogeneous,16,fixed,4.0,1,374,-1.8641,0.0000,1.8932
rl_homogeneous,16,fixed,4.0,1,375,-2.4670,12.0485,1.1950
rl_homogeneous,16,fixed,4.0,1,376,-1.2446,24.5886,-1.0612
rl_homogeneous,16,fixed,4.0,1,377,-7.9401,0.0000,1.8343
rl_homogeneous,16,fixed,4.0,1,378,-38.0839,-22.7983,16.3542
rl_homogeneous,16,fixed,4.0,1,379,-4.6243,11.6966,1.4178
rl_homogeneous,16,fixed,4.0,1,380,0.5960,101.3384,-14.1656
rl_homogeneous,16,fixed,4.0,1,381,-6.5950,4.9494,1.2156
rl_homogeneous,16,fixed,4.0,1,382,-3.3822,-31.8189,48.0299
rl_homogeneous,16,fixed,4.0,1,383,-3.6052,0.0395,0.8543
rl_homogeneous,16,fixed,4.0,1,384,3.9682,10.3117,-0.2538
rl_homogeneous,16,fixed,4.0,1,385,-3.2045,2.3087,1.2967
rl_homogeneous,16,fixed,4.0,1,386,-4.7138,6.3453,0.0239
rl_homogeneous,16,fixed,4.0,1,387,-10.5485,0.1168,2.3333
rl_homogeneous,16,fixed,4.0,1,388,0.2874,16.7209,-0.6507
rl_homogeneous,16,fixed,4.0,1,389,-10.1200,0.4175,2.3468
rl_homogeneous,16,fixed,4.0,1,390,-47.2480,-28.8685,18.3491
rl_homogeneous,16,fixed,4.0,1,391,1.9497,10.9640,0.4455
rl_homogeneous,16,fixed,4.0,1,392,-9.3404,0.1799,2.3743
rl_homogeneous,16,fixed,4.0,1,393,-8.0098,-0.3548,2.8157
rl_homogeneous,16,fixed,4.0,1,394,-0.9579,11.4436,-0.2732
rl_homogeneous,16,fixed,4.0,1,395,226.5807,25.2249,157.2066
rl_homogeneous,16,fixed,4.0,1,396,3.5055,42.0215,-5.4754
rl_homogeneous,16,fixed,4.0,1,397,-0.8953,0.0000,2.7987
rl_homogeneous,16,fixed,4.0,1,398,-46.5198,-40.4005,22.3036
rl_homogeneous,16,fixed,4.0,1,399,-4.6976,2.6262,1.5431
rl_homogeneous,16,fixed,4.0,1,400,-47.6536,-14.4911,12.2041
rl_homogeneous,16,fixed,4.0,1,401,-9.4822,-24.3184,32.9781
rl_homogeneous,16,fixed,4.0,1,402,15.3757,48.0061,-3.6698
rl_homogeneous,16,fixed,4.0,1,403,-2.9228,25.0865,-2.0804
rl_homogeneous,16,fixed,4.0,1,404,-48.7021,-32.1641,20.5627
rl_homogeneous,16,fixed,4.0,1,405,-9.0316,9.5803,-0.1624
rl_homogeneous,16,fixed,4.0,1,406,-1.9179,2.2254,0.8854
rl_homogeneous,16,fixed,4.0,1,407,-4.0663,-0.7336,1.7271
rl_homogeneous,16,fixed,4.0,1,408,-35.1253,-5.9894,10.1481
rl_homogeneous,16,fixed,4.0,1,409,-2.7794,0.4488,1.7835
rl_homogeneous,16,fixed,4.0,1,410,-41.4666,-20.2496,12.8924
rl_homogeneous,16,fixed,4.0,1,411,-0.5118,3.9766,1.2073
rl_homogeneous,16,fixed,4.0,1,412,-5.2105,2.4069,1.2601
rl_homogeneous,16,fixed,4.0,1,413,-8.0197,4.2180,1.3945
rl_homogeneous,16,fixed,4.0,1,414,-45.8364,-28.6876,16.5990
rl_homogeneous,16,fixed,4.0,1,415,1.0990,18.4145,-1.8963
rl_homogeneous,16,fixed,4.0,1,416,-4.3366,126.3862,-17.1221
rl_homogeneous,16,fixed,4.0,1,417,-3.7063,1.2006,1.2399
rl_homogeneous,16,fixed,4.0,1,418,-4.1049,6.5634,-0.0496
rl_homogeneous,16,fixed,4.0,1,419,-27.4165,-11.7384,13.2299
rl_homogeneous,16,fixed,4.0,1,420,-7.9487,3.1630,1.2561
rl_homogeneous,16,fixed,4.0,1,421,-49.7317,-41.6795,20.9448
rl_homogeneous,16,fixed,4.0,1,422,-49.3006,-37.5928,21.1974
rl_homogeneous,16,fixed,4.0,1,423,-6.2211,0.0441,3.5847
rl_homogeneous,16,fixed,4.0,1,424,-3.3064,2.0518,-0.3134
rl_homogeneous,16,fixed,4.0,1,425,-5.5536,1.1780,0.5256
rl_homogeneous,16,fixed,4.0,1,426,79.1806,-0.3511,84.5911
rl_homogeneous,16,fixed,4.0,1,427,1.5863,6.9170,1.6022
rl_homogeneous,16,fixed,4.0,1,428,-8.4124,-0.7894,1.8395
rl_homogeneous,16,fixed,4.0,1,429,-10.4525,3.8561,1.1604
rl_homogeneous,16,fixed,4.0,1,430,-1.2603,0.0000,2.1942
rl_homogeneous,16,fixed,4.0,1,431,6.7149,38.8990,-5.7299
rl_homogeneous,16,fixed,4.0,1,432,0.8463,9.1024,0.0569
rl_homogeneous,16,fixed,4.0,1,433,-4.1301,5.3562,0.5138
rl_homogeneous,16,fixed,4.0,1,434,0.3446,9.6755,0.1921
rl_homogeneous,16,fixed,4.0,1,435,-4.2095,1.3785,2.8043
rl_homogeneous,16,fixed,4.0,1,436,1.7007,18.4026,-3.0545
rl_homogeneous,16,fixed,4.0,1,437,-5.8855,3.8594,1.4102
rl_homogeneous,16,fixed,4.0,1,438,-4.2617,3.1916,2.9091
rl_homogeneous,16,fixed,4.0,1,439,28.9473,27.8683,45.2769
rl_homogeneous,16,fixed,4.0,1,440,-38.8750,-28.5582,36.9407
rl_homogeneous,16,fixed,4.0,1,441,-2.9207,5.8258,0.1815
rl_homogeneous,16,fixed,4.0,1,442,-0.0717,18.7236,-1.5222
rl_homogeneous,16,fixed,4.0,1,443,-7.4632,0.3323,1.3818
rl_homogeneous,16,fixed,4.0,1,444,-6.3377,0.0000,2.5788
rl_homogeneous,16,fixed,4.0,1,445,-3.8075,1.9469,0.9997
rl_homogeneous,16,fixed,4.0,1,446,-4.6793,14.3583,-2.2468
rl_homogeneous,16,fixed,4.0,1,447,-0.5766,0.0000,1.7835
rl_homogeneous,16,fixed,4.0,1,448,-44.9593,-23.8494,13.4993
rl_homogeneous,16,fixed,4.0,1,449,-10.2174,0.0421,1.8951
rl_homogeneous,16,fixed,4.0,1,450,-6.8269,2.2583,1.4046
rl_homogeneous,16,fixed,4.0,1,451,-1.6006,18.5238,-1.1440
rl_homogeneous,16,fixed,4.0,1,452,-6.4421,-0.4264,0.8866
rl_homogeneous,16,fixed,4.0,1,453,-11.1261,0.0000,2.3523
rl_homogeneous,16,fixed,4.0,1,454,0.5934,8.4238,2.1927
rl_homogeneous,16,fixed,4.0,1,455,-4.7516,0.9731,0.5738
rl_homogeneous,16,fixed,4.0,1,456,-7.0861,-0.6122,1.3207
rl_homogeneous,16,fixed,4.0,1,457,-8.0887,6.9464,0.4390
rl_homogeneous,16,fixed,4.0,1,458,-2.8538,3.7754,1.2757
rl_homogeneous,16,fixed,4.0,1,459,-11.5938,2.3506,2.4431
rl_homogeneous,16,fixed,4.0,1,460,-3.6320,3.2855,-0.2677
rl_homogeneous,16,fixed,4.0,1,461,-3.3470,0.0000,2.9320
rl_homogeneous,16,fixed,4.0,1,462,4.0456,3.5549,24.3587
rl_homogeneous,16,fixed,4.0,1,463,-37.4983,-14.0868,16.1207
rl_homogeneous,16,fixed,4.0,1,464,17.6721,33.7620,-3.3995
rl_homogeneous,16,fixed,4.0,1,465,-1.9740,14.3169,-0.4751
rl_homogeneous,16,fixed,4.0,1,466,-3.5692,5.1205,1.9418
rl_homogeneous,16,fixed,4.0,1,467,4.9750,73.1342,-9.2886
rl_homogeneous,16,fixed,4.0,1,468,0.1161,26.1101,-3.6611
rl_homogeneous,16,fixed,4.0,1,469,-5.5815,0.0000,1.6708
rl_homogeneous,16,fixed,4.0,1,470,-0.7111,37.0310,-4.0859
rl_homogeneous,16,fixed,4.0,1,471,50.8059,79.6055,21.3580
rl_homogeneous,16,fixed,4.0,1,472,-6.2838,0.1572,2.0465
rl_homogeneous,16,fixed,4.0,1,473,-3.7612,3.6384,-0.1217
rl_homogeneous,16,fixed,4.0,1,474,-51.1277,-41.8948,16.8859
rl_homogeneous,16,fixed,4.0,1,475,-8.9382,0.7911,1.4248
rl_homogeneous,16,fixed,4.0,1,476,-2.6236,8.7039,-0.3226
rl_homogeneous,16,fixed,4.0,1,477,-2.8977,2.0800,1.4759
rl_homogeneous,16,fixed,4.0,1,478,-1.2573,5.6063,0.1295
rl_homogeneous,16,fixed,4.0,1,479,-3.2006,0.1333,1.2167
rl_homogeneous,16,fixed,4.0,1,480,119.4956,-18.7365,115.5590
rl_homogeneous,16,fixed,4.0,1,481,4.5867,21.1311,-2.5739
rl_homogeneous,16,fixed,4.0,1,482,-46.8318,-36.0374,20.4306
rl_homogeneous,16,fixed,4.0,1,483,0.9967,3.1513,2.4992
rl_homogeneous,16,fixed,4.0,1,484,76.1682,29.3896,53.0057
rl_homogeneous,16,fixed,4.0,1,485,-5.9743,4.0230,0.6229
rl_homogeneous,16,fixed,4.0,1,486,13.7775,108.8856,-16.0675
rl_homogeneous,16,fixed,4.0,1,487,0.6913,8.1012,-0.4641
rl_homogeneous,16,fixed,4.0,1,488,-37.2186,-21.2449,17.4072
rl_homogeneous,16,fixed,4.0,1,489,0.0923,0.0000,4.0044
rl_homogeneous,16,fixed,4.0,1,490,-46.2735,-33.4556,16.5409
rl_homogeneous,16,fixed,4.0,1,491,-5.4089,0.0675,0.7276
rl_homogeneous,16,fixed,4.0,1,492,421.3232,32.3627,303.7653
rl_homogeneous,16,fixed,4.0,1,493,0.1202,3.2261,1.2182
rl_homogeneous,16,fixed,4.0,1,494,-4.0261,3.8670,-0.0036
rl_homogeneous,16,fixed,4.0,1,495,1.8357,25.2414,-0.1912
rl_homogeneous,16,fixed,4.0,1,496,-4.0512,0.0000,2.3784
rl_homogeneous,16,fixed,4.0,1,497,-9.7513,0.0000,2.5330
rl_homogeneous,16,fixed,4.0,1,498,0.9321,3.4952,1.2273
rl_homogeneous,16,fixed,4.0,1,499,-6.4284,4.9026,0.4730
rl_homogeneous,16,fixed,4.0,1,500,-19.8147,106.5395,-10.1578
rl_homogeneous,16,fixed,4.0,1,501,7.4008,19.6529,0.3406
rl_homogeneous,16,fixed,4.0,1,502,-0.1757,0.0482,2.5262
rl_homogeneous,16,fixed,4.0,1,503,-6.3697,-0.9978,0.8907
rl_homogeneous,16,fixed,4.0,1,504,-51.3110,-49.8863,22.8695
rl_homogeneous,16,fixed,4.0,1,505,2.9405,45.5834,-5.0348
rl_homogeneous,16,fixed,4.0,1,506,16.3701,-19.5353,34.1610
rl_homogeneous,16,fixed,4.0,1,507,-8.0448,1.9074,0.8570
rl_homogeneous,16,fixed,4.0,1,508,14.8308,-0.8980,37.6492
rl_homogeneous,16,fixed,4.0,1,509,-3.3609,0.0000,1.2558
rl_homogeneous,16,fixed,4.0,1,510,-4.2241,5.1606,0.7161
rl_homogeneous,16,fixed,4.0,1,511,-8.7210,5.1470,1.2284
rl_homogeneous,16,fixed,4.0,1,512,-1.5273,0.0000,3.3143
rl_homogeneous,16,fixed,4.0,1,513,-0.4209,0.0000,1.8830
rl_homogeneous,16,fixed,4.0,1,514,-1.9503,1.3088,0.0560
rl_homogeneous,16,fixed,4.0,1,515,-0.7364,0.0000,2.6725
rl_homogeneous,16,fixed,4.0,1,516,44.8659,58.2845,17.2227
rl_homogeneous,16,fixed,4.0,1,517,-6.1346,1.9156,0.5741
rl_homogeneous,16,fixed,4.0,1,518,-6.2732,2.8377,2.6688
rl_homogeneous,16,fixed,4.0,1,519,-6.1606,0.2135,1.3632
rl_homogeneous,16,fixed,4.0,1,520,313.7139,12.1305,246.3461
rl_homogeneous,16,fixed,4.0,1,521,-6.0890,3.0193,0.9543
rl_homogeneous,16,fixed,4.0,1,522,-0.6001,0.1780,3.1523
rl_homogeneous,16,fixed,4.0,1,523,405.3633,8.8328,335.9468
rl_homogeneous,16,fixed,4.0,1,524,-6.6643,1.3838,0.4103
rl_homogeneous,16,fixed,4.0,1,525,4.1708,28.2526,-4.4743
rl_homogeneous,16,fixed,4.0,1,526,-5.7264,0.1932,0.9912
rl_homogeneous,16,fixed,4.0,1,527,-3.3235,3.5582,0.4575
rl_homogeneous,16,fixed,4.0,1,528,0.3129,8.2460,0.5166
rl_homogeneous,16,fixed,4.0,1,529,-30.7606,8.0822,9.8775
rl_homogeneous,16,fixed,4.0,1,530,-7.0554,-18.1506,35.2612
rl_homogeneous,16,fixed,4.0,1,531,-3.1977,0.0000,1.8979
rl_homogeneous,16,fixed,4.0,1,532,-5.9435,0.2077,1.0220
rl_homogeneous,16,fixed,4.0,1,533,-4.5093,0.8735,0.7237
rl_homogeneous,16,fixed,4.0,1,534,5.6509,55.4501,9.6719
rl_homogeneous,16,fixed,4.0,1,535,0.3920,12.1410,-1.9062
rl_homogeneous,16,fixed,4.0,1,536,-7.4815,2.9902,1.3024
rl_homogeneous,16,fixed,4.0,1,537,-5.2991,6.0792,-0.5940
rl_homogeneous,16,fixed,4.0,1,538,-0.3178,6.4585,0.6662
rl_homogeneous,16,fixed,4.0,1,539,-7.2073,0.2767,0.5986
rl_homogeneous,16,fixed,4.0,1,540,-3.7876,0.0000,1.9395
rl_homogeneous,16,fixed,4.0,1,541,399.6052,186.1358,157.5779
rl_homogeneous,16,fixed,4.0,1,542,3.0667,9.8980,0.4090
rl_homogeneous,16,fixed,4.0,1,543,-38.7009,-39.6550,21.0356
rl_homogeneous,16,fixed,4.0,1,544,-5.8598,3.2449,0.2304
rl_homogeneous,16,fixed,4.0,1,545,-8.4224,0.0000,0.8349
rl_homogeneous,16,fixed,4.0,1,546,-3.6586,4.9281,0.3057
rl_homogeneous,16,fixed,4.0,1,547,-2.0459,0.0000,4.5834
rl_homogeneous,16,fixed,4.0,1,548,-4.0502,5.7564,-0.5347
rl_homogeneous,16,fixed,4.0,1,549,-1.2417,0.0000,1.7023
rl_homogeneous,16,fixed,4.0,1,550,0.8570,2.8368,1.1420
rl_homogeneous,16,fixed,4.0,1,551,-5.6226,1.9314,1.2788
rl_homogeneous,16,fixed,4.0,1,552,0.2531,0.5636,4.1801
rl_homogeneous,16,fixed,4.0,1,553,-31.4071,-55.7319,19.9900
rl_homogeneous,16,fixed,4.0,1,554,-2.9300,0.4239,0.9154
rl_homogeneous,16,fixed,4.0,1,555,-42.4585,-10.0112,12.2952
rl_homogeneous,16,fixed,4.0,1,556,-5.3297,0.7360,3.2407
rl_homogeneous,16,fixed,4.0,1,557,-28.9541,0.9004,9.0230
rl_homogeneous,16,fixed,4.0,1,558,-7.7411,1.6143,2.9982
rl_homogeneous,16,fixed,4.0,1,559,0.1476,15.2750,-1.1795
rl_homogeneous,16,fixed,4.0,1,560,905.6921,731.8730,149.6983
rl_homogeneous,16,fixed,4.0,1,561,-9.5969,0.6787,2.2173
rl_homogeneous,16,fixed,4.0,1,562,1.3107,1.0622,4.5137
rl_homogeneous,16,fixed,4.0,1,563,-49.2588,-36.3952,20.5494
rl_homogeneous,16,fixed,4.0,1,564,-5.8848,0.0000,2.6488
rl_homogeneous,16,fixed,4.0,1,565,-12.4986,2.9325,0.5001
rl_homogeneous,16,fixed,4.0,1,566,-6.1820,2.1272,-0.5047
rl_homogeneous,16,fixed,4.0,1,567,-4.6420,0.0000,2.0405
rl_homogeneous,16,fixed,4.0,1,568,-3.2613,2.1592,4.0658
rl_homogeneous,16,fixed,4.0,1,569,-4.8183,4.8990,0.2735
rl_homogeneous,16,fixed,4.0,1,570,-12.2735,-2.1247,23.9784
rl_homogeneous,16,fixed,4.0,1,571,-40.0183,-26.3479,16.8917
rl_homogeneous,16,fixed,4.0,1,572,-5.9666,5.7974,0.7863
rl_homogeneous,16,fixed,4.0,1,573,-2.9335,2.7410,0.9164
rl_homogeneous,16,fixed,4.0,1,574,77.8781,-28.4166,107.3308
rl_homogeneous,16,fixed,4.0,1,575,-6.8045,0.0000,0.4064
rl_homogeneous,16,fixed,4.0,1,576,-0.9519,5.5034,-0.7800
rl_homogeneous,16,fixed,4.0,1,577,-4.8586,9.3574,0.5688
rl_homogeneous,16,fixed,4.0,1,578,-26.9687,-21.6761,12.9444
rl_homogeneous,16,fixed,4.0,1,579,-5.4156,4.2683,1.8073
rl_homogeneous,16,fixed,4.0,1,580,-1.6665,13.6896,-1.7978
rl_homogeneous,16,fixed,4.0,1,581,3.2585,29.9367,-4.1260
rl_homogeneous,16,fixed,4.0,1,582,-6.4010,2.1842,1.8600
rl_homogeneous,16,fixed,4.0,1,583,-0.5221,40.1260,-5.2790
rl_homogeneous,16,fixed,4.0,1,584,1.8777,16.6082,-1.2979
rl_homogeneous,16,fixed,4.0,1,585,-1.0113,1.3107,1.2630
rl_homogeneous,16,fixed,4.0,1,586,-39.4939,-28.5344,17.5823
rl_homogeneous,16,fixed,4.0,1,587,-2.0972,2.7766,1.1769
rl_homogeneous,16,fixed,4.0,1,588,-10.1230,1.7510,2.1659
rl_homogeneous,16,fixed,4.0,1,589,-7.2754,1.3762,0.0220
rl_homogeneous,16,fixed,4.0,1,590,-7.4726,-21.5891,30.9187
rl_homogeneous,16,fixed,4.0,1,591,-9.2628,1.1306,1.5524
rl_homogeneous,16,fixed,4.0,1,592,-5.7462,0.0000,2.3520
rl_homogeneous,16,fixed,4.0,1,593,3.5904,0.0846,7.3064
rl_homogeneous,16,fixed,4.0,1,594,-5.9134,0.0000,1.4681
rl_homogeneous,16,fixed,4.0,1,595,48.4323,-4.5808,79.8433
rl_homogeneous,16,fixed,4.0,1,596,-40.8611,-23.2271,21.1389
rl_homogeneous,16,fixed,4.0,1,597,65.6879,-43.8441,106.5105
rl_homogeneous,16,fixed,4.0,1,598,-7.8747,3.3716,1.1941
rl_homogeneous,16,fixed,4.0,1,599,-24.3330,1.4492,20.0467
rl_homogeneous,16,fixed,4.0,1,600,-6.8174,13.0708,3.3900
rl_homogeneous,16,fixed,4.0,1,601,161.4292,-18.4435,143.9560
rl_homogeneous,16,fixed,4.0,1,602,-30.0734,-27.3448,25.9205
rl_homogeneous,16,fixed,4.0,1,603,8.0616,-0.4338,46.6876
rl_homogeneous,16,fixed,4.0,1,604,-6.6588,-28.3646,42.5669
rl_homogeneous,16,fixed,4.0,1,605,-10.5408,5.1421,1.5696
rl_homogeneous,16,fixed,4.0,1,606,-4.5098,2.4661,0.6360
rl_homogeneous,16,fixed,4.0,1,607,1.0526,9.1546,1.7137
rl_homogeneous,16,fixed,4.0,1,608,0.7387,0.6237,2.6968
rl_homogeneous,16,fixed,4.0,1,609,-1.9744,0.0707,2.9282
rl_homogeneous,16,fixed,4.0,1,610,-0.7181,5.3356,2.8789
rl_homogeneous,16,fixed,4.0,1,611,-43.9857,6.9257,12.5501
rl_homogeneous,16,fixed,4.0,1,612,-9.3198,2.3702,1.4924
rl_homogeneous,16,fixed,4.0,1,613,-22.4235,105.4432,0.0927
rl_homogeneous,16,fixed,4.0,1,614,-11.4333,5.2510,0.3636
rl_homogeneous,16,fixed,4.0,1,615,-17.8916,-10.8860,8.0767
rl_homogeneous,16,fixed,4.0,1,616,-5.3335,0.0000,3.0696
rl_homogeneous,16,fixed,4.0,1,617,-10.1858,0.4731,1.6312
rl_homogeneous,16,fixed,4.0,1,618,-0.1640,0.0000,4.2076
rl_homogeneous,16,fixed,4.0,1,619,78.5388,-42.7470,96.1673
rl_homogeneous,16,fixed,4.0,1,620,-7.9033,0.2480,2.0185
rl_homogeneous,16,fixed,4.0,1,621,7.7457,40.7376,-5.3077
rl_homogeneous,16,fixed,4.0,1,622,-3.9612,1.1195,1.2749
rl_homogeneous,16,fixed,4.0,1,623,-2.3114,-34.1826,45.3876
rl_homogeneous,16,fixed,4.0,1,624,-26.0852,16.7690,6.2477
rl_homogeneous,16,fixed,4.0,1,625,-7.6459,2.4598,1.7335
rl_homogeneous,16,fixed,4.0,1,626,0.7865,1.4743,3.1623
rl_homogeneous,16,fixed,4.0,1,627,21.5494,63.0687,-11.7097
rl_homogeneous,16,fixed,4.0,1,628,918.8275,923.2198,40.6907
rl_homogeneous,16,fixed,4.0,1,629,61.6359,104.1560,-10.6423
rl_homogeneous,16,fixed,4.0,1,630,-9.3429,-1.1286,1.5038
rl_homogeneous,16,fixed,4.0,1,631,-22.3503,136.1044,-15.0581
rl_homogeneous,16,fixed,4.0,1,632,-30.9136,-17.5380,20.7749
rl_homogeneous,16,fixed,4.0,1,633,25.9048,1.5132,40.3140
rl_homogeneous,16,fixed,4.0,1,634,-1.2081,0.4399,4.0342
rl_homogeneous,16,fixed,4.0,1,635,0.2628,0.2147,2.7658
rl_homogeneous,16,fixed,4.0,1,636,-2.7140,0.0000,2.5252
rl_homogeneous,16,fixed,4.0,1,637,-42.3270,-34.4482,18.5437
rl_homogeneous,16,fixed,4.0,1,638,-6.9866,1.8701,1.1438
rl_homogeneous,16,fixed,4.0,1,639,394.0975,83.7156,216.3318
rl_homogeneous,16,fixed,4.0,1,640,-3.2125,3.1418,1.3333
rl_homogeneous,16,fixed,4.0,1,641,-4.1044,5.6124,0.6187
rl_homogeneous,16,fixed,4.0,1,642,2.3149,3.0869,4.5340
rl_homogeneous,16,fixed,4.0,1,643,-4.0782,3.4390,3.3153
rl_homogeneous,16,fixed,4.0,1,644,-9.0482,0.7571,2.8315
rl_homogeneous,16,fixed,4.0,1,645,-2.7184,3.1335,1.8378
rl_homogeneous,16,fixed,4.0,1,646,-1.5638,0.0000,3.4588
rl_homogeneous,16,fixed,4.0,1,647,-8.5384,-0.8949,0.9299
rl_homogeneous,16,fixed,4.0,1,648,2.5840,5.5312,0.8414
rl_homogeneous,16,fixed,4.0,1,649,48.4648,-16.1919,91.4538
rl_homogeneous,16,fixed,4.0,1,650,-33.2972,-33.5593,19.0690
rl_homogeneous,16,fixed,4.0,1,651,-0.3772,9.0012,1.8889
rl_homogeneous,16,fixed,4.0,1,652,-7.1953,-0.1282,1.5725
rl_homogeneous,16,fixed,4.0,1,653,-5.1875,0.5180,1.6576
rl_homogeneous,16,fixed,4.0,1,654,-3.4042,1.2833,0.2994
rl_homogeneous,16,fixed,4.0,1,655,-5.2009,1.1885,2.1567
rl_homogeneous,16,fixed,4.0,1,656,2.1976,119.6254,-18.6982
rl_homogeneous,16,fixed,4.0,1,657,-0.7644,7.9415,-0.4722
rl_homogeneous,16,fixed,4.0,1,658,-5.5567,-0.0067,1.8209
rl_homogeneous,16,fixed,4.0,1,659,-1.5281,1.2305,3.3431
rl_homogeneous,16,fixed,4.0,1,660,-9.6668,0.1083,2.2215
rl_homogeneous,16,fixed,4.0,1,661,-0.9396,7.6639,-0.9355
rl_homogeneous,16,fixed,4.0,1,662,-5.0896,0.0000,1.7866
rl_homogeneous,16,fixed,4.0,1,663,-21.4622,36.7090,3.7947
rl_homogeneous,16,fixed,4.0,1,664,-4.2297,1.8257,0.8665
rl_homogeneous,16,fixed,4.0,1,665,-4.0620,10.8081,-0.1660
rl_homogeneous,16,fixed,4.0,1,666,-6.1839,1.2159,0.6449
rl_homogeneous,16,fixed,4.0,1,667,20.5421,36.1216,-0.7880
rl_homogeneous,16,fixed,4.0,1,668,-4.6903,0.0000,2.0345
rl_homogeneous,16,fixed,4.0,1,669,73.1836,-31.1935,99.1671
rl_homogeneous,16,fixed,4.0,1,670,3.9200,0.0000,5.3585
rl_homogeneous,16,fixed,4.0,1,671,35.4019,99.3609,-12.7420
rl_homogeneous,16,fixed,4.0,1,672,-0.4956,10.4696,-0.5082
rl_homogeneous,16,fixed,4.0,1,673,-11.4113,115.9848,-12.5608
rl_homogeneous,16,fixed,4.0,1,674,-6.4400,0.3004,1.9662
rl_homogeneous,16,fixed,4.0,1,675,-6.2245,0.8940,0.7354
rl_homogeneous,16,fixed,4.0,1,676,-3.4056,-0.8658,0.7248
rl_homogeneous,16,fixed,4.0,1,677,-6.8934,8.2138,0.5858
rl_homogeneous,16,fixed,4.0,1,678,-0.9322,0.8496,1.1769
rl_homogeneous,16,fixed,4.0,1,679,-8.2317,0.0293,1.2243
rl_homogeneous,16,fixed,4.0,1,680,-9.3295,0.0000,1.8599
rl_homogeneous,16,fixed,4.0,1,681,0.2541,11.6413,-0.2447
rl_homogeneous,16,fixed,4.0,1,682,0.9552,0.0000,2.9152
rl_homogeneous,16,fixed,4.0,1,683,-3.7841,3.1308,0.8097
rl_homogeneous,16,fixed,4.0,1,684,-32.9584,-26.1642,24.5622
rl_homogeneous,16,fixed,4.0,1,685,-0.5925,10.4825,-0.9135
rl_homogeneous,16,fixed,4.0,1,686,-6.7852,0.2422,2.7680
rl_homogeneous,16,fixed,4.0,1,687,103.3323,0.8847,107.1633
rl_homogeneous,16,fixed,4.0,1,688,-6.8562,0.0000,0.8840
rl_homogeneous,16,fixed,4.0,1,689,-6.2069,12.1885,-0.6529
rl_homogeneous,16,fixed,4.0,1,690,-0.9077,31.0859,-3.9181
rl_homogeneous,16,fixed,4.0,1,691,-7.0919,7.0273,1.6446
rl_homogeneous,16,fixed,4.0,1,692,-3.2191,3.6370,-0.0128
rl_homogeneous,16,fixed,4.0,1,693,7.2257,17.6315,1.1291
rl_homogeneous,16,fixed,4.0,1,694,-6.6556,5.2495,0.0833
rl_homogeneous,16,fixed,4.0,1,695,-0.1407,2.4475,2.0333
rl_homogeneous,16,fixed,4.0,1,696,-2.1039,13.4032,-0.3171
rl_homogeneous,16,fixed,4.0,1,697,-6.7290,2.6332,0.4140
rl_homogeneous,16,fixed,4.0,1,698,-4.2699,2.5797,3.0375
rl_homogeneous,16,fixed,4.0,1,699,-0.4898,15.1674,-0.3265
rl_homogeneous,16,fixed,4.0,1,700,51.1943,13.6904,75.3243
rl_homogeneous,16,fixed,4.0,1,701,-0.2682,1.3381,2.5284
rl_homogeneous,16,fixed,4.0,1,702,-40.9459,-24.2680,16.3912
rl_homogeneous,16,fixed,4.0,1,703,-3.6539,8.2618,0.8297
rl_homogeneous,16,fixed,4.0,1,704,-7.2684,4.4446,2.1683
rl_homogeneous,16,fixed,4.0,1,705,-17.4714,-33.9714,33.0712
rl_homogeneous,16,fixed,4.0,1,706,-49.7114,-16.0335,13.8981
rl_homogeneous,16,fixed,4.0,1,707,-6.6745,1.6713,1.8216
rl_homogeneous,16,fixed,4.0,1,708,2.9947,5.5726,3.9684
rl_homogeneous,16,fixed,4.0,1,709,-10.5281,0.6554,1.7837
rl_homogeneous,16,fixed,4.0,1,710,0.8345,11.9481,-1.0854
rl_homogeneous,16,fixed,4.0,1,711,5.2849,0.0000,5.8002
rl_homogeneous,16,fixed,4.0,1,712,1.9744,0.0000,4.4066
rl_homogeneous,16,fixed,4.0,1,713,55.5139,0.2769,53.9697
rl_homogeneous,16,fixed,4.0,1,714,-11.6951,3.4078,1.1435
rl_homogeneous,16,fixed,4.0,1,715,-7.8730,183.4033,-26.4225
rl_homogeneous,16,fixed,4.0,1,716,-1.7999,2.4521,3.8891
rl_homogeneous,16,fixed,4.0,1,717,-2.4723,2.2382,1.8412
rl_homogeneous,16,fixed,4.0,1,718,9.0077,84.4914,-9.3690
rl_homogeneous,16,fixed,4.0,1,719,-9.0228,1.0193,1.1504
rl_homogeneous,16,fixed,4.0,1,720,-7.1681,13.3846,14.7388
rl_homogeneous,16,fixed,4.0,1,721,-0.9876,0.0000,2.6159
rl_homogeneous,16,fixed,4.0,1,722,-5.7861,149.9403,-21.4789
rl_homogeneous,16,fixed,4.0,1,723,-37.1112,-15.8802,12.7924
rl_homogeneous,16,fixed,4.0,1,724,-5.5018,4.4925,1.3234
rl_homogeneous,16,fixed,4.0,1,725,-6.1570,87.8129,-9.4588
rl_homogeneous,16,fixed,4.0,1,726,55.1973,111.3649,9.6915
rl_homogeneous,16,fixed,4.0,1,727,-4.5129,0.0000,1.9958
rl_homogeneous,16,fixed,4.0,1,728,-5.3166,7.8806,-0.7867
rl_homogeneous,16,fixed,4.0,1,729,-0.4328,2.9601,2.2106
rl_homogeneous,16,fixed,4.0,1,730,-1.8109,7.3894,-0.7312
rl_homogeneous,16,fixed,4.0,1,731,-2.7203,11.5720,-0.9261
rl_homogeneous,16,fixed,4.0,1,732,-3.5628,1.5982,2.4614
rl_homogeneous,16,fixed,4.0,1,733,-4.7822,1.0116,2.5008
rl_homogeneous,16,fixed,4.0,1,734,-6.8918,0.1005,1.1078
rl_homogeneous,16,fixed,4.0,1,735,-10.6288,0.7141,2.5013
rl_homogeneous,16,fixed,4.0,1,736,7.9413,14.4766,0.3257
rl_homogeneous,16,fixed,4.0,1,737,-1.5875,3.4674,0.2543
rl_homogeneous,16,fixed,4.0,1,738,-7.2246,1.8802,-0.3232
rl_homogeneous,16,fixed,4.0,1,739,-5.0413,-0.1119,2.3926
rl_homogeneous,16,fixed,4.0,1,740,-9.6655,2.2992,1.9054
rl_homogeneous,16,fixed,4.0,1,741,-5.3642,7.6758,-0.0187
rl_homogeneous,16,fixed,4.0,1,742,-15.5629,52.6888,-2.4665
rl_homogeneous,16,fixed,4.0,1,743,-7.6602,0.0000,3.5649
rl_homogeneous,16,fixed,4.0,1,744,-8.2445,1.8318,0.9323
rl_homogeneous,16,fixed,4.0,1,745,-6.6254,0.5163,1.7547
rl_homogeneous,16,fixed,4.0,1,746,-14.3112,-19.9388,23.4894
rl_homogeneous,16,fixed,4.0,1,747,-5.0437,0.0000,1.7909
rl_homogeneous,16,fixed,4.0,1,748,-2.5721,0.0000,1.5614
rl_homogeneous,16,fixed,4.0,1,749,-5.2914,1.6794,3.4980
rl_homogeneous,16,fixed,4.0,1,750,-9.1791,0.0663,0.6914
rl_homogeneous,16,fixed,4.0,1,751,-7.7141,2.9170,1.2585
rl_homogeneous,16,fixed,4.0,1,752,-7.2498,2.8765,0.5303
rl_homogeneous,16,fixed,4.0,1,753,-4.4920,1.2975,1.5582
rl_homogeneous,16,fixed,4.0,1,754,-2.8361,3.7066,2.3872
rl_homogeneous,16,fixed,4.0,1,755,-8.0653,1.3868,0.7715
rl_homogeneous,16,fixed,4.0,1,756,0.0483,-0.4088,5.3298
rl_homogeneous,16,fixed,4.0,1,757,-5.4095,2.4331,0.8784
rl_homogeneous,16,fixed,4.0,1,758,1.8460,8.1674,1.0972
rl_homogeneous,16,fixed,4.0,1,759,-3.6228,11.2858,-1.9461
rl_homogeneous,16,fixed,4.0,1,760,-6.2085,0.0000,2.2641
rl_homogeneous,16,fixed,4.0,1,761,2.3731,-9.5768,34.6255
rl_homogeneous,16,fixed,4.0,1,762,-4.6855,5.6490,-0.4828
rl_homogeneous,16,fixed,4.0,1,763,-7.7938,1.1916,0.0059
rl_homogeneous,16,fixed,4.0,1,764,-1.9806,0.7835,2.1032
rl_homogeneous,16,fixed,4.0,1,765,-17.8292,76.9850,-0.2276
rl_homogeneous,16,fixed,4.0,1,766,5.4252,49.5159,-8.2085
rl_homogeneous,16,fixed,4.0,1,767,29.9788,-6.7143,47.5817
rl_homogeneous,16,fixed,4.0,1,768,0.4888,1.0805,3.8403
rl_homogeneous,16,fixed,4.0,1,769,-8.8539,-7.4292,28.6089
rl_homogeneous,16,fixed,4.0,1,770,1357.9269,1206.8470,0.8117
rl_homogeneous,16,fixed,4.0,1,771,-8.4936,1.0502,1.8897
rl_homogeneous,16,fixed,4.0,1,772,-11.3614,0.0000,1.2232
rl_homogeneous,16,fixed,4.0,1,773,-3.7629,4.6414,0.6991
rl_homogeneous,16,fixed,4.0,1,774,6.0956,12.6881,1.4417
rl_homogeneous,16,fixed,4.0,1,775,-2.8500,7.3883,0.7123
rl_homogeneous,16,fixed,4.0,1,776,-6.6180,0.0000,2.4736
rl_homogeneous,16,fixed,4.0,1,777,3.9942,0.0000,6.9239
rl_homogeneous,16,fixed,4.0,1,778,-3.6891,3.2292,0.7237
rl_homogeneous,16,fixed,4.0,1,779,-6.9848,3.2537,1.0382
rl_homogeneous,16,fixed,4.0,1,780,-7.3380,2.1151,2.1454
rl_homogeneous,16,fixed,4.0,1,781,-30.5557,-37.2980,22.9001
rl_homogeneous,16,fixed,4.0,1,782,-3.9011,3.6538,1.6349
rl_homogeneous,16,fixed,4.0,1,783,-2.5143,0.8458,1.5426
rl_homogeneous,16,fixed,4.0,1,784,-2.7850,1.5323,3.2655
rl_homogeneous,16,fixed,4.0,1,785,-4.7035,2.5197,1.6087
rl_homogeneous,16,fixed,4.0,1,786,1.9731,7.9346,2.7330
rl_homogeneous,16,fixed,4.0,1,787,-3.0626,6.8598,-0.3626
rl_homogeneous,16,fixed,4.0,1,788,-4.8452,0.1759,0.5031
rl_homogeneous,16,fixed,4.0,1,789,-8.2165,0.7955,1.8765
rl_homogeneous,16,fixed,4.0,1,790,-23.4828,28.1633,3.7307
rl_homogeneous,16,fixed,4.0,1,791,-45.6944,-12.8241,15.6460
rl_homogeneous,16,fixed,4.0,1,792,-10.5963,0.0000,0.6843
rl_homogeneous,16,fixed,4.0,1,793,3.3303,14.8094,1.2233
rl_homogeneous,16,fixed,4.0,1,794,3.7692,0.0000,5.1188
rl_homogeneous,16,fixed,4.0,1,795,-5.5932,3.2798,2.5262
rl_homogeneous,16,fixed,4.0,1,796,17.1575,75.3453,-8.2112
rl_homogeneous,16,fixed,4.0,1,797,-6.7963,-1.4667,1.4387
rl_homogeneous,16,fixed,4.0,1,798,-5.1425,0.0000,4.1738
rl_homogeneous,16,fixed,4.0,1,799,-4.4810,3.4576,-0.2811
rl_homogeneous,16,fixed,4.0,1,800,-6.6302,0.8003,2.2446
rl_homogeneous,16,fixed,4.0,1,801,0.0520,9.0036,0.4540
rl_homogeneous,16,fixed,4.0,1,802,-3.8280,1.5784,1.2817
rl_homogeneous,16,fixed,4.0,1,803,-5.8342,0.2970,0.0574
rl_homogeneous,16,fixed,4.0,1,804,-0.6890,0.0000,2.3103
rl_homogeneous,16,fixed,4.0,1,805,0.8623,2.9777,4.0406
rl_homogeneous,16,fixed,4.0,1,806,-8.7563,0.0000,0.5663
rl_homogeneous,16,fixed,4.0,1,807,-0.4577,4.7045,0.2291
rl_homogeneous,16,fixed,4.0,1,808,-30.1632,25.2632,2.2884
rl_homogeneous,16,fixed,4.0,1,809,-4.1205,59.7100,-7.1945
rl_homogeneous,16,fixed,4.0,1,810,-2.0295,11.8020,-1.2929
rl_homogeneous,16,fixed,4.0,1,811,-2.5987,6.0902,2.3639
rl_homogeneous,16,fixed,4.0,1,812,1.0135,9.4896,-1.2262
rl_homogeneous,16,fixed,4.0,1,813,0.3003,13.9789,-1.3141
rl_homogeneous,16,fixed,4.0,1,814,-5.3141,0.1239,1.1714
rl_homogeneous,16,fixed,4.0,1,815,-3.7313,2.7997,1.1581
rl_homogeneous,16,fixed,4.0,1,816,-5.4543,0.6486,1.2480
rl_homogeneous,16,fixed,4.0,1,817,-11.2633,-10.7744,19.0478
rl_homogeneous,16,fixed,4.0,1,818,-7.0589,-0.2991,1.2879
rl_homogeneous,16,fixed,4.0,1,819,-50.3142,-33.2229,17.9692
rl_homogeneous,16,fixed,4.0,1,820,-3.0439,1.3082,3.6418
rl_homogeneous,16,fixed,4.0,1,821,-38.4375,-27.9644,18.4719
rl_homogeneous,16,fixed,4.0,1,822,-1.2363,2.0085,1.2626
rl_homogeneous,16,fixed,4.0,1,823,-6.7102,4.3340,-0.4343
rl_homogeneous,16,fixed,4.0,1,824,-0.7665,7.6272,0.9717
rl_homogeneous,16,fixed,4.0,1,825,0.0459,0.0000,2.4527
rl_homogeneous,16,fixed,4.0,1,826,1.9110,0.2989,4.6601
rl_homogeneous,16,fixed,4.0,1,827,-4.8381,2.3540,0.5875
rl_homogeneous,16,fixed,4.0,1,828,-7.4085,-1.0197,0.9305
rl_homogeneous,16,fixed,4.0,1,829,1.8564,14.5898,-1.6298
rl_homogeneous,16,fixed,4.0,1,830,-6.7696,1.6222,1.9471
rl_homogeneous,16,fixed,4.0,1,831,-7.8793,11.8790,-0.7506
rl_homogeneous,16,fixed,4.0,1,832,-5.5336,4.4754,0.4610
rl_homogeneous,16,fixed,4.0,1,833,230.9009,82.8901,134.1277
rl_homogeneous,16,fixed,4.0,1,834,-2.8657,0.0000,2.0409
rl_homogeneous,16,fixed,4.0,1,835,-5.8829,3.5912,0.2648
rl_homogeneous,16,fixed,4.0,1,836,-6.3805,0.0000,1.7931
rl_homogeneous,16,fixed,4.0,1,837,-5.4210,3.0263,2.1328
rl_homogeneous,16,fixed,4.0,1,838,-4.0809,7.6186,0.3745
rl_homogeneous,16,fixed,4.0,1,839,8.8412,49.9648,-8.9587
rl_homogeneous,16,fixed,4.0,1,840,115.3399,62.1089,57.5212
rl_homogeneous,16,fixed,4.0,1,841,-1.5130,13.2678,-0.1212
rl_homogeneous,16,fixed,4.0,1,842,-38.1366,-16.5498,13.2894
rl_homogeneous,16,fixed,4.0,1,843,-16.8405,50.1137,-1.8109
rl_homogeneous,16,fixed,4.0,1,844,-1.1435,0.0000,2.2491
rl_homogeneous,16,fixed,4.0,1,845,3.7131,53.8190,-4.7727
rl_homogeneous,16,fixed,4.0,1,846,-47.1402,-36.2923,22.2454
rl_homogeneous,16,fixed,4.0,1,847,-18.9210,-55.6530,24.1655
rl_homogeneous,16,fixed,4.0,1,848,0.2324,0.0000,4.2786
rl_homogeneous,16,fixed,4.0,1,849,-9.3261,2.9328,1.1317
rl_homogeneous,16,fixed,4.0,1,850,0.6595,1.7301,2.1299
rl_homogeneous,16,fixed,4.0,1,851,1.4628,19.7990,-0.6468
rl_homogeneous,16,fixed,4.0,1,852,-5.5668,2.6116,-0.4848
rl_homogeneous,16,fixed,4.0,1,853,-7.4913,1.9219,1.7964
rl_homogeneous,16,fixed,4.0,1,854,-7.6453,3.2151,1.5180
rl_homogeneous,16,fixed,4.0,1,855,-8.7658,0.8712,1.5448
rl_homogeneous,16,fixed,4.0,1,856,-6.6006,63.2228,-2.8929
rl_homogeneous,16,fixed,4.0,1,857,-3.8647,4.8285,1.0773
rl_homogeneous,16,fixed,4.0,1,858,-8.4692,0.0000,0.0748
rl_homogeneous,16,fixed,4.0,1,859,-8.2211,0.0000,1.5328
rl_homogeneous,16,fixed,4.0,1,860,-4.2706,5.3827,0.5670
rl_homogeneous,16,fixed,4.0,1,861,-8.1685,-0.1782,1.6291
rl_homogeneous,16,fixed,4.0,1,862,-9.8894,-0.1745,1.0615
rl_homogeneous,16,fixed,4.0,1,863,511.3371,421.1602,141.7116
rl_homogeneous,16,fixed,4.0,1,864,-0.3446,8.1926,-0.5882
rl_homogeneous,16,fixed,4.0,1,865,-43.9875,-34.0086,18.0865
rl_homogeneous,16,fixed,4.0,1,866,-0.0796,30.1527,-5.1018
rl_homogeneous,16,fixed,4.0,1,867,-4.3537,1.4864,-0.1773
rl_homogeneous,16,fixed,4.0,1,868,12.7870,1.3915,24.9144
rl_homogeneous,16,fixed,4.0,1,869,42.6330,12.9263,46.6147
rl_homogeneous,16,fixed,4.0,1,870,-5.4337,1.8650,0.6985
rl_homogeneous,16,fixed,4.0,1,871,-1.6431,7.2807,-1.1175
rl_homogeneous,16,fixed,4.0,1,872,-43.1334,-27.2888,16.3709
rl_homogeneous,16,fixed,4.0,1,873,-3.4752,0.9240,1.5840
rl_homogeneous,16,fixed,4.0,1,874,-47.2461,-1.4571,20.7130
rl_homogeneous,16,fixed,4.0,1,875,-1.4038,10.4376,-0.4983
rl_homogeneous,16,fixed,4.0,1,876,-45.1074,-47.9823,23.0572
rl_homogeneous,16,fixed,4.0,1,877,-5.7339,2.4565,0.7434
rl_homogeneous,16,fixed,4.0,1,878,-4.8336,1.8167,1.0286
rl_homogeneous,16,fixed,4.0,1,879,-0.9028,45.2572,-5.1920
rl_homogeneous,16,fixed,4.0,1,880,-5.9672,0.0000,1.8061
rl_homogeneous,16,fixed,4.0,1,881,3.2200,42.9273,-6.1405
rl_homogeneous,16,fixed,4.0,1,882,-7.9028,1.1042,0.8757
rl_homogeneous,16,fixed,4.0,1,883,-4.3458,1.7440,0.8440
rl_homogeneous,16,fixed,4.0,1,884,-3.7607,7.0002,1.3184
rl_homogeneous,16,fixed,4.0,1,885,-3.1997,3.4485,0.9585
rl_homogeneous,16,fixed,4.0,1,886,3.4126,7.3281,1.4760
rl_homogeneous,16,fixed,4.0,1,887,-3.7020,2.8141,1.3090
rl_homogeneous,16,fixed,4.0,1,888,-8.8238,0.0589,1.5351
rl_homogeneous,16,fixed,4.0,1,889,-7.8200,5.3405,1.1203
rl_homogeneous,16,fixed,4.0,1,890,-10.2154,7.8489,35.0702
rl_homogeneous,16,fixed,4.0,1,891,-6.2648,4.3576,1.3902
rl_homogeneous,16,fixed,4.0,1,892,-3.5721,1.7984,1.8805
rl_homogeneous,16,fixed,4.0,1,893,3.1441,8.2455,-0.7614
rl_homogeneous,16,fixed,4.0,1,894,-1.6573,3.5345,1.2277
rl_homogeneous,16,fixed,4.0,1,895,-9.1333,0.7917,1.2580
rl_homogeneous,16,fixed,4.0,1,896,-8.3203,0.0000,1.8312
rl_homogeneous,16,fixed,4.0,1,897,-1.1685,15.1451,-1.7476
rl_homogeneous,16,fixed,4.0,1,898,12.7044,111.3322,-16.3333
rl_homogeneous,16,fixed,4.0,1,899,-5.6876,1.3856,1.1126
rl_homogeneous,16,fixed,4.0,1,900,3.8142,0.0000,4.3610
rl_homogeneous,16,fixed,4.0,1,901,-8.1870,7.5023,23.0090
rl_homogeneous,16,fixed,4.0,1,902,-3.9153,0.3493,0.9641
rl_homogeneous,16,fixed,4.0,1,903,-6.0961,2.3750,1.3756
rl_homogeneous,16,fixed,4.0,1,904,1.0686,4.5823,4.9425
rl_homogeneous,16,fixed,4.0,1,905,-0.7550,33.2892,-3.9288
rl_homogeneous,16,fixed,4.0,1,906,-0.6098,6.1383,0.5430
rl_homogeneous,16,fixed,4.0,1,907,3.1908,14.0763,1.2651
rl_homogeneous,16,fixed,4.0,1,908,29.0081,147.9448,-0.9636
rl_homogeneous,16,fixed,4.0,1,909,0.0127,0.0000,2.9823
rl_homogeneous,16,fixed,4.0,1,910,10.7347,181.3255,-19.7734
rl_homogeneous,16,fixed,4.0,1,911,-1.1249,10.0193,-1.2126
rl_homogeneous,16,fixed,4.0,1,912,127.7614,-9.2621,118.7013
rl_homogeneous,16,fixed,4.0,1,913,-0.5563,2.8436,1.1235
rl_homogeneous,16,fixed,4.0,1,914,1.3411,2.0355,3.3926
rl_homogeneous,16,fixed,4.0,1,915,0.6802,15.1758,-2.0920
rl_homogeneous,16,fixed,4.0,1,916,-0.7829,6.5373,1.1320
rl_homogeneous,16,fixed,4.0,1,917,-12.9636,-27.0264,37.3391
rl_homogeneous,16,fixed,4.0,1,918,-7.8514,2.3360,0.0563
rl_homogeneous,16,fixed,4.0,1,919,-8.7434,0.0000,3.1907
rl_homogeneous,16,fixed,4.0,1,920,-48.9964,-28.7089,17.6209
rl_homogeneous,16,fixed,4.0,1,921,1.6793,12.6726,-0.5432
rl_homogeneous,16,fixed,4.0,1,922,-30.7264,26.1780,5.9938
rl_homogeneous,16,fixed,4.0,1,923,-4.9898,-0.0238,1.6069
rl_homogeneous,16,fixed,4.0,1,924,-5.6990,1.0020,1.3072
rl_homogeneous,16,fixed,4.0,1,925,18.0603,55.3634,-0.1140
rl_homogeneous,16,fixed,4.0,1,926,-3.1951,9.7042,-0.7961
rl_homogeneous,16,fixed,4.0,1,927,-5.9405,1.2438,2.7607
rl_homogeneous,16,fixed,4.0,1,928,89.8191,-2.7059,84.0882
rl_homogeneous,16,fixed,4.0,1,929,-30.9193,-13.0892,7.7783
rl_homogeneous,16,fixed,4.0,1,930,-1.5660,3.2018,1.0485
rl_homogeneous,16,fixed,4.0,1,931,-0.1293,2.5889,1.2329
rl_homogeneous,16,fixed,4.0,1,932,-6.4974,0.0000,2.3045
rl_homogeneous,16,fixed,4.0,1,933,-3.9839,-0.0039,1.5290
rl_homogeneous,16,fixed,4.0,1,934,-9.8856,99.0148,-10.9955
rl_homogeneous,16,fixed,4.0,1,935,-5.8541,1.0513,0.2790
rl_homogeneous,16,fixed,4.0,1,936,-5.1013,0.4001,0.6355
rl_homogeneous,16,fixed,4.0,1,937,51.6496,-9.3197,66.2017
rl_homogeneous,16,fixed,4.0,1,938,-12.9971,0.0000,1.8897
rl_homogeneous,16,fixed,4.0,1,939,-6.8805,22.0214,16.8260
rl_homogeneous,16,fixed,4.0,1,940,-0.8120,0.0000,3.5061
rl_homogeneous,16,fixed,4.0,1,941,129.2783,-27.9026,127.7050
rl_homogeneous,16,fixed,4.0,1,942,-1.4590,10.8475,2.4808
rl_homogeneous,16,fixed,4.0,1,943,-8.1163,1.2526,3.0579
rl_homogeneous,16,fixed,4.0,1,944,-39.4914,0.8336,14.1065
rl_homogeneous,16,fixed,4.0,1,945,-5.8751,1.2618,1.5419
rl_homogeneous,16,fixed,4.0,1,946,0.6606,19.5158,-1.9699
rl_homogeneous,16,fixed,4.0,1,947,-7.7169,0.6033,1.7869
rl_homogeneous,16,fixed,4.0,1,948,-3.2653,0.4800,0.6413
rl_homogeneous,16,fixed,4.0,1,949,36.9981,-31.0684,66.9377
rl_homogeneous,16,fixed,4.0,1,950,-5.9680,1.8506,0.6370
rl_homogeneous,16,fixed,4.0,1,951,-11.2466,-0.3680,2.6008
rl_homogeneous,16,fixed,4.0,1,952,-12.0894,1.4073,1.2382
rl_homogeneous,16,fixed,4.0,1,953,-1.1640,0.0000,2.9147
rl_homogeneous,16,fixed,4.0,1,954,-4.9025,4.5895,0.2283
rl_homogeneous,16,fixed,4.0,1,955,-6.9942,0.0000,3.1333
rl_homogeneous,16,fixed,4.0,1,956,-0.7953,92.6679,-13.6087
rl_homogeneous,16,fixed,4.0,1,957,-4.1349,1.6231,0.7544
rl_homogeneous,16,fixed,4.0,1,958,1.6542,0.0238,3.4633
rl_homogeneous,16,fixed,4.0,1,959,-3.9325,3.2866,-1.1270
rl_homogeneous,16,fixed,4.0,1,960,-7.8722,6.8103,2.6730
rl_homogeneous,16,fixed,4.0,1,961,-3.2865,37.5895,-4.9311
rl_homogeneous,16,fixed,4.0,1,962,-2.0910,23.2721,-2.1147
rl_homogeneous,16,fixed,4.0,1,963,1.2117,4.5236,1.8764
rl_homogeneous,16,fixed,4.0,1,964,-4.6030,4.1412,0.2889
rl_homogeneous,16,fixed,4.0,1,965,1.1748,0.0000,2.5014
rl_homogeneous,16,fixed,4.0,1,966,5.7939,-20.7674,29.9995
rl_homogeneous,16,fixed,4.0,1,967,-2.5594,5.2194,0.9870
rl_homogeneous,16,fixed,4.0,1,968,-8.4779,47.7944,-4.4199
rl_homogeneous,16,fixed,4.0,1,969,48.6505,-0.8186,81.7663
rl_homogeneous,16,fixed,4.0,1,970,-4.5481,11.1009,-0.3792
rl_homogeneous,16,fixed,4.0,1,971,-32.0898,-11.1741,12.3677
rl_homogeneous,16,fixed,4.0,1,972,-5.5952,3.0411,1.2003
rl_homogeneous,16,fixed,4.0,1,973,-5.1139,2.3055,2.1779
rl_homogeneous,16,fixed,4.0,1,974,-3.0527,3.5202,0.7876
rl_homogeneous,16,fixed,4.0,1,975,-50.6248,-32.0130,17.5822
rl_homogeneous,16,fixed,4.0,1,976,3.3490,3.4838,2.7283
rl_homogeneous,16,fixed,4.0,1,977,-6.0714,1.2293,1.2115
rl_homogeneous,16,fixed,4.0,1,978,-35.0620,-25.3109,14.1128
rl_homogeneous,16,fixed,4.0,1,979,-7.0277,1.7031,3.1216
rl_homogeneous,16,fixed,4.0,1,980,-7.7342,1.9783,1.5449
rl_homogeneous,16,fixed,4.0,1,981,-4.9521,0.8480,0.4883
rl_homogeneous,16,fixed,4.0,1,982,-5.1478,7.3482,0.7915
rl_homogeneous,16,fixed,4.0,1,983,-6.6194,4.3330,-0.0382
rl_homogeneous,16,fixed,4.0,1,984,-33.4714,-3.2610,11.1288
rl_homogeneous,16,fixed,4.0,1,985,-6.9464,5.2408,0.0521
rl_homogeneous,16,fixed,4.0,1,986,3.3612,0.0000,3.8330
rl_homogeneous,16,fixed,4.0,1,987,-47.5864,-24.4849,15.5691
rl_homogeneous,16,fixed,4.0,1,988,-2.2782,6.4766,0.4520
rl_homogeneous,16,fixed,4.0,1,989,-2.9218,7.1473,0.2005
rl_homogeneous,16,fixed,4.0,1,990,-6.1970,0.2069,4.4327
rl_homogeneous,16,fixed,4.0,1,991,-9.2529,1.2574,0.9570
rl_homogeneous,16,fixed,4.0,1,992,-5.2938,0.0000,2.1144
rl_homogeneous,16,fixed,4.0,1,993,-5.9199,2.8530,-0.1692
rl_homogeneous,16,fixed,4.0,1,994,-8.2007,3.0342,0.9049
rl_homogeneous,16,fixed,4.0,1,995,-4.9930,0.0000,2.0915
rl_homogeneous,16,fixed,4.0,1,996,-4.0815,9.7181,-1.6568
rl_homogeneous,16,fixed,4.0,1,997,-1.2257,2.4022,1.7089
rl_homogeneous,16,fixed,4.0,1,998,4.1894,17.3535,-1.9090
rl_homogeneous,16,fixed,4.0,1,999,-2.8107,6.4530,-0.9789
rl_homogeneous,16,fixed,4.0,1,1000,22.2374,91.2286,-8.4655
rl_heterogeneous,16,fixed,4.0,1,1,-4.2739,-6.2556,2.8696
rl_heterogeneous,16,fixed,4.0,1,2,0.5400,1.1027,5.0508
rl_heterogeneous,16,fixed,4.0,1,3,-38.1849,-55.9432,23.3431
rl_heterogeneous,16,fixed,4.0,1,4,-5.6412,-3.0256,2.6539
rl_heterogeneous,16,fixed,4.0,1,5,84.1432,-18.9219,91.1931
rl_heterogeneous,16,fixed,4.0,1,6,-4.6838,5.4977,0.7249
rl_heterogeneous,16,fixed,4.0,1,7,0.8431,-1.0877,3.9761
rl_heterogeneous,16,fixed,4.0,1,8,-7.2099,-4.3679,2.1296
rl_heterogeneous,16,fixed,4.0,1,9,-10.0591,-3.6030,3.2032
rl_heterogeneous,16,fixed,4.0,1,10,-5.9387,-5.8773,2.5756
rl_heterogeneous,16,fixed,4.0,1,11,-5.4033,-6.6940,2.1995
rl_heterogeneous,16,fixed,4.0,1,12,2.5760,-4.9057,4.1864
rl_heterogeneous,16,fixed,4.0,1,13,10.0132,18.2563,-2.2990
rl_heterogeneous,16,fixed,4.0,1,14,-15.0434,-2.9884,1.6787
rl_heterogeneous,16,fixed,4.0,1,15,-7.4961,-8.4630,2.6632
rl_heterogeneous,16,fixed,4.0,1,16,-3.0519,1.4576,3.3321
rl_heterogeneous,16,fixed,4.0,1,17,-3.7689,-6.6034,2.3139
rl_heterogeneous,16,fixed,4.0,1,18,-0.1705,1.0647,0.3027
rl_heterogeneous,16,fixed,4.0,1,19,-1.9391,0.7404,1.7760
rl_heterogeneous,16,fixed,4.0,1,20,-8.0514,-2.3230,3.0092
rl_heterogeneous,16,fixed,4.0,1,21,-5.9765,-5.7686,2.2508
rl_heterogeneous,16,fixed,4.0,1,22,-10.2042,-10.5892,3.3871
rl_heterogeneous,16,fixed,4.0,1,23,-9.2563,0.0380,3.6566
rl_heterogeneous,16,fixed,4.0,1,24,-8.4683,-3.8642,3.0498
rl_heterogeneous,16,fixed,4.0,1,25,-2.3354,-3.2445,3.0261
rl_heterogeneous,16,fixed,4.0,1,26,-1.7452,-6.0882,2.1561
rl_heterogeneous,16,fixed,4.0,1,27,-0.3636,3.9000,0.6469
rl_heterogeneous,16,fixed,4.0,1,28,-23.6858,25.3836,5.5068
rl_heterogeneous,16,fixed,4.0,1,29,-3.6132,-7.4164,2.2183
rl_heterogeneous,16,fixed,4.0,1,30,-2.7551,0.8226,3.7020
rl_heterogeneous,16,fixed,4.0,1,31,-44.3315,-60.2885,22.0458
rl_heterogeneous,16,fixed,4.0,1,32,-12.0500,-2.5753,0.9035
rl_heterogeneous,16,fixed,4.0,1,33,4.5072,9.5061,3.0405
rl_heterogeneous,16,fixed,4.0,1,34,8.1078,-5.8888,31.6669
rl_heterogeneous,16,fixed,4.0,1,35,-49.6285,-23.5622,17.1540
rl_heterogeneous,16,fixed,4.0,1,36,70.0236,52.2348,42.2417
rl_heterogeneous,16,fixed,4.0,1,37,-3.1734,-1.7062,4.0088
rl_heterogeneous,16,fixed,4.0,1,38,2.9871,-1.3453,2.9498
rl_heterogeneous,16,fixed,4.0,1,39,0.3942,1.3464,3.2174
rl_heterogeneous,16,fixed,4.0,1,40,27.6817,40.8825,1.5054
rl_heterogeneous,16,fixed,4.0,1,41,0.8528,3.9365,2.1072
rl_heterogeneous,16,fixed,4.0,1,42,-8.3644,-7.1159,3.0675
rl_heterogeneous,16,fixed,4.0,1,43,14.9442,45.0204,-2.7869
rl_heterogeneous,16,fixed,4.0,1,44,2.4212,-1.2954,1.6091
rl_heterogeneous,16,fixed,4.0,1,45,-3.2197,-2.7263,0.6276
rl_heterogeneous,16,fixed,4.0,1,46,-35.7554,-18.1931,17.0064
rl_heterogeneous,16,fixed,4.0,1,47,-4.7765,-5.7684,2.1303
rl_heterogeneous,16,fixed,4.0,1,48,-2.2549,-5.7508,2.8022
rl_heterogeneous,16,fixed,4.0,1,49,-1.8023,-1.6636,2.5692
rl_heterogeneous,16,fixed,4.0,1,50,-0.6302,-1.8032,0.5917
rl_heterogeneous,16,fixed,4.0,1,51,-1.8742,-5.1910,2.2839
rl_heterogeneous,16,fixed,4.0,1,52,-1.5299,-5.6413,4.0992
rl_heterogeneous,16,fixed,4.0,1,53,-4.3250,-6.6902,2.1671
rl_heterogeneous,16,fixed,4.0,1,54,-4.7872,-4.6773,1.8270
rl_heterogeneous,16,fixed,4.0,1,55,-2.9871,-5.5360,3.5947
rl_heterogeneous,16,fixed,4.0,1,56,-30.5645,-35.9779,30.2143
rl_heterogeneous,16,fixed,4.0,1,57,-0.2454,-8.7047,3.8616
rl_heterogeneous,16,fixed,4.0,1,58,-2.6128,-6.0451,1.8300
rl_heterogeneous,16,fixed,4.0,1,59,-2.9991,-6.3076,2.4784
rl_heterogeneous,16,fixed,4.0,1,60,4.0426,0.5189,0.0704
rl_heterogeneous,16,fixed,4.0,1,61,-2.4951,-2.6245,3.8303
rl_heterogeneous,16,fixed,4.0,1,62,-5.1520,-4.3906,3.3835
rl_heterogeneous,16,fixed,4.0,1,63,0.0081,-2.8202,1.4625
rl_heterogeneous,16,fixed,4.0,1,64,-46.7897,-50.5801,20.2730
rl_heterogeneous,16,fixed,4.0,1,65,-2.5769,0.0565,3.4791
rl_heterogeneous,16,fixed,4.0,1,66,15.4387,11.7690,-2.6398
rl_heterogeneous,16,fixed,4.0,1,67,-6.2914,-12.4657,3.5633
rl_heterogeneous,16,fixed,4.0,1,68,-31.3509,-7.5805,16.2899
rl_heterogeneous,16,fixed,4.0,1,69,0.2501,-2.0506,2.8614
rl_heterogeneous,16,fixed,4.0,1,70,3.9386,-0.7617,2.4454
rl_heterogeneous,16,fixed,4.0,1,71,-1.3203,-3.2426,5.2423
rl_heterogeneous,16,fixed,4.0,1,72,-5.5407,2.6747,2.0186
rl_heterogeneous,16,fixed,4.0,1,73,6.2229,34.5626,-2.4383
rl_heterogeneous,16,fixed,4.0,1,74,-9.0438,-7.3377,2.2542
rl_heterogeneous,16,fixed,4.0,1,75,-0.8761,-1.2152,2.1712
rl_heterogeneous,16,fixed,4.0,1,76,3.1925,6.1213,1.8746
rl_heterogeneous,16,fixed,4.0,1,77,-1.7465,-1.3000,4.0902
rl_heterogeneous,16,fixed,4.0,1,78,-3.4844,-3.6535,3.1432
rl_heterogeneous,16,fixed,4.0,1,79,37.9970,43.5669,1.6883
rl_heterogeneous,16,fixed,4.0,1,80,-6.1020,-7.5154,1.9246
rl_heterogeneous,16,fixed,4.0,1,81,-8.5270,0.7760,1.5061
rl_heterogeneous,16,fixed,4.0,1,82,-31.7818,-20.7446,18.1937
rl_heterogeneous,16,fixed,4.0,1,83,-0.0892,0.1392,1.6564
rl_heterogeneous,16,fixed,4.0,1,84,0.6342,-5.0503,3.3574
rl_heterogeneous,16,fixed,4.0,1,85,-0.4126,-7.7071,3.2246
rl_heterogeneous,16,fixed,4.0,1,86,-35.3268,-30.9806,26.7146
rl_heterogeneous,16,fixed,4.0,1,87,-10.4966,-7.8435,2.9943
rl_heterogeneous,16,fixed,4.0,1,88,31.1446,105.2473,-14.5120
rl_heterogeneous,16,fixed,4.0,1,89,-0.1576,-3.4852,2.5845
rl_heterogeneous,16,fixed,4.0,1,90,-4.1377,-4.2961,3.0655
rl_heterogeneous,16,fixed,4.0,1,91,-3.3618,-0.9623,2.5928
rl_heterogeneous,16,fixed,4.0,1,92,-5.6200,-9.0200,2.7217
rl_heterogeneous,16,fixed,4.0,1,93,-3.0412,-3.2125,2.7104
rl_heterogeneous,16,fixed,4.0,1,94,-6.4959,-3.3828,2.7017
rl_heterogeneous,16,fixed,4.0,1,95,-3.9422,-3.2168,0.6807
rl_heterogeneous,16,fixed,4.0,1,96,-3.3279,-10.1901,2.6101
rl_heterogeneous,16,fixed,4.0,1,97,-44.6660,-70.2278,27.0048
rl_heterogeneous,16,fixed,4.0,1,98,96.7727,20.4014,30.1449
rl_heterogeneous,16,fixed,4.0,1,99,-1.0457,2.4027,3.8418
rl_heterogeneous,16,fixed,4.0,1,100,-46.5128,-20.8717,20.3783
rl_heterogeneous,16,fixed,4.0,1,101,-1.5853,-6.0569,2.3941
rl_heterogeneous,16,fixed,4.0,1,102,0.7826,-2.0043,0.7894
rl_heterogeneous,16,fixed,4.0,1,103,4.1469,17.1849,-0.4247
rl_heterogeneous,16,fixed,4.0,1,104,-8.0880,-6.1137,2.6686
rl_heterogeneous,16,fixed,4.0,1,105,-1.1572,-0.8327,1.9604
rl_heterogeneous,16,fixed,4.0,1,106,-6.5739,-3.9070,3.4024
rl_heterogeneous,16,fixed,4.0,1,107,-4.0212,-9.1001,3.1200
rl_heterogeneous,16,fixed,4.0,1,108,-2.3932,-2.7688,3.2151
rl_heterogeneous,16,fixed,4.0,1,109,-42.0515,-50.5840,22.3969
rl_heterogeneous,16,fixed,4.0,1,110,-2.3692,-0.1275,3.8461
rl_heterogeneous,16,fixed,4.0,1,111,-4.7942,-0.0664,2.2653
rl_heterogeneous,16,fixed,4.0,1,112,-8.9095,-1.1752,1.5209
rl_heterogeneous,16,fixed,4.0,1,113,-29.4427,25.4488,1.0994
rl_heterogeneous,16,fixed,4.0,1,114,-3.6335,-8.3180,3.0344
rl_heterogeneous,16,fixed,4.0,1,115,17.6623,-0.4798,44.2036
rl_heterogeneous,16,fixed,4.0,1,116,3.5495,13.4817,-0.7309
rl_heterogeneous,16,fixed,4.0,1,117,1.4515,20.1425,-1.8799
rl_heterogeneous,16,fixed,4.0,1,118,-4.3401,-6.2707,2.9249
rl_heterogeneous,16,fixed,4.0,1,119,-4.2850,-0.7272,2.4557
rl_heterogeneous,16,fixed,4.0,1,120,-2.5914,-6.0919,2.5815
rl_heterogeneous,16,fixed,4.0,1,121,-36.8608,-29.7979,18.1537
rl_heterogeneous,16,fixed,4.0,1,122,-13.9299,43.2215,-0.9312
rl_heterogeneous,16,fixed,4.0,1,123,2.6697,-3.7502,4.2215
rl_heterogeneous,16,fixed,4.0,1,124,-0.5023,-3.7258,3.1620
rl_heterogeneous,16,fixed,4.0,1,125,-3.8922,2.6409,0.7929
rl_heterogeneous,16,fixed,4.0,1,126,-1.1267,-5.6306,2.8864
rl_heterogeneous,16,fixed,4.0,1,127,0.0421,-5.9710,3.6945
rl_heterogeneous,16,fixed,4.0,1,128,-8.7991,-6.8393,3.0376
rl_heterogeneous,16,fixed,4.0,1,129,0.4000,-5.3477,3.1647
rl_heterogeneous,16,fixed,4.0,1,130,-0.5353,-3.4095,3.3950
rl_heterogeneous,16,fixed,4.0,1,131,0.2587,6.3969,1.0485
rl_heterogeneous,16,fixed,4.0,1,132,-24.0773,-42.5060,37.8743
rl_heterogeneous,16,fixed,4.0,1,133,1.2291,4.6306,1.4411
rl_heterogeneous,16,fixed,4.0,1,134,4.3576,2.6249,4.0226
rl_heterogeneous,16,fixed,4.0,1,135,-3.5940,-5.7281,3.4081
rl_heterogeneous,16,fixed,4.0,1,136,-2.8482,-0.2713,3.4693
rl_heterogeneous,16,fixed,4.0,1,137,-4.1928,4.5947,1.5263
rl_heterogeneous,16,fixed,4.0,1,138,-2.8899,4.1814,1.9466
rl_heterogeneous,16,fixed,4.0,1,139,0.5885,-12.6575,4.2436
rl_heterogeneous,16,fixed,4.0,1,140,-0.5050,1.6480,-0.6826
rl_heterogeneous,16,fixed,4.0,1,141,-44.5604,-52.7488,24.3930
rl_heterogeneous,16,fixed,4.0,1,142,-5.4237,-5.2499,3.1376
rl_heterogeneous,16,fixed,4.0,1,143,23.9609,36.5977,7.9521
rl_heterogeneous,16,fixed,4.0,1,144,-4.9051,-6.5748,1.7590
rl_heterogeneous,16,fixed,4.0,1,145,-5.8406,-7.3087,2.8341
rl_heterogeneous,16,fixed,4.0,1,146,-1.6082,1.7180,2.0342
rl_heterogeneous,16,fixed,4.0,1,147,-1.8574,-3.1221,3.0458
rl_heterogeneous,16,fixed,4.0,1,148,-38.0172,-22.4197,13.3405
rl_heterogeneous,16,fixed,4.0,1,149,-4.6772,4.6363,2.1248
rl_heterogeneous,16,fixed,4.0,1,150,-6.6403,-7.4094,2.1454
rl_heterogeneous,16,fixed,4.0,1,151,-8.7213,-4.3262,3.4140
rl_heterogeneous,16,fixed,4.0,1,152,-9.8933,-5.6274,2.7650
rl_heterogeneous,16,fixed,4.0,1,153,-1.6344,-7.2572,2.2588
rl_heterogeneous,16,fixed,4.0,1,154,1.1857,19.7313,-2.7908
rl_heterogeneous,16,fixed,4.0,1,155,-43.4179,-46.7693,20.8648
rl_heterogeneous,16,fixed,4.0,1,156,-3.2842,-4.8427,1.5364
rl_heterogeneous,16,fixed,4.0,1,157,8.1608,17.8390,-0.1214
rl_heterogeneous,16,fixed,4.0,1,158,-7.9577,-9.5356,3.1086
rl_heterogeneous,16,fixed,4.0,1,159,15.7554,38.2729,2.6619
rl_heterogeneous,16,fixed,4.0,1,160,-12.0567,-4.7177,2.3561
rl_heterogeneous,16,fixed,4.0,1,161,-30.6053,-0.7127,14.6576
rl_heterogeneous,16,fixed,4.0,1,162,0.9540,14.8943,-0.7124
rl_heterogeneous,16,fixed,4.0,1,163,-8.6516,-1.8529,1.2117
rl_heterogeneous,16,fixed,4.0,1,164,-4.4970,3.2366,5.3367
rl_heterogeneous,16,fixed,4.0,1,165,-35.4394,-13.1672,22.4376
rl_heterogeneous,16,fixed,4.0,1,166,0.7360,-3.1188,2.8361
rl_heterogeneous,16,fixed,4.0,1,167,-45.3220,-48.9029,21.6431
rl_heterogeneous,16,fixed,4.0,1,168,-5.0194,57.7173,-6.4275
rl_heterogeneous,16,fixed,4.0,1,169,-2.4908,-2.7883,3.0254
rl_heterogeneous,16,fixed,4.0,1,170,-1.9051,-8.0945,3.8637
rl_heterogeneous,16,fixed,4.0,1,171,178.6524,228.7333,48.8069
rl_heterogeneous,16,fixed,4.0,1,172,-1.8982,-1.0577,3.5619
rl_heterogeneous,16,fixed,4.0,1,173,4.1197,35.9167,-5.3261
rl_heterogeneous,16,fixed,4.0,1,174,62.2848,34.2102,7.8657
rl_heterogeneous,16,fixed,4.0,1,175,11.0643,16.3294,1.0336
rl_heterogeneous,16,fixed,4.0,1,176,-4.2877,-5.3544,1.3911
rl_heterogeneous,16,fixed,4.0,1,177,-0.3174,-8.4411,2.2529
rl_heterogeneous,16,fixed,4.0,1,178,-6.1739,-7.2752,3.5039
rl_heterogeneous,16,fixed,4.0,1,179,-4.6738,-3.9407,2.3983
rl_heterogeneous,16,fixed,4.0,1,180,-5.9480,-0.2349,2.9234
rl_heterogeneous,16,fixed,4.0,1,181,-7.8379,1.7656,2.7377
rl_heterogeneous,16,fixed,4.0,1,182,-2.0125,-2.6715,3.7098
rl_heterogeneous,16,fixed,4.0,1,183,2.2994,0.0480,4.8952
rl_heterogeneous,16,fixed,4.0,1,184,-2.0026,-3.5009,2.1794
rl_heterogeneous,16,fixed,4.0,1,185,-2.7452,-1.6861,1.3291
rl_heterogeneous,16,fixed,4.0,1,186,-5.1326,-3.9961,1.8842
rl_heterogeneous,16,fixed,4.0,1,187,-4.4354,-7.7406,2.6608
rl_heterogeneous,16,fixed,4.0,1,188,-1.7603,-2.0802,2.0301
rl_heterogeneous,16,fixed,4.0,1,189,0.1905,-2.3334,2.8403
rl_heterogeneous,16,fixed,4.0,1,190,-0.8492,-3.0343,1.7859
rl_heterogeneous,16,fixed,4.0,1,191,-12.9332,26.9256,10.9773
rl_heterogeneous,16,fixed,4.0,1,192,-34.1954,21.6184,5.5869
rl_heterogeneous,16,fixed,4.0,1,193,-37.7768,-23.8959,20.2749
rl_heterogeneous,16,fixed,4.0,1,194,-9.8436,-4.6639,2.7969
rl_heterogeneous,16,fixed,4.0,1,195,0.5711,19.0511,-0.3687
rl_heterogeneous,16,fixed,4.0,1,196,4.4783,0.5572,4.7115
rl_heterogeneous,16,fixed,4.0,1,197,-7.6647,-8.6688,1.8380
rl_heterogeneous,16,fixed,4.0,1,198,0.2827,-4.9943,3.5627
rl_heterogeneous,16,fixed,4.0,1,199,-8.0096,-7.3824,3.1144
rl_heterogeneous,16,fixed,4.0,1,200,-6.8171,-8.0534,3.4494
rl_heterogeneous,16,fixed,4.0,1,201,-29.0239,-38.9437,23.8899
rl_heterogeneous,16,fixed,4.0,1,202,-1.0979,2.5574,2.6394
rl_heterogeneous,16,fixed,4.0,1,203,-0.8586,-4.6271,2.7053
rl_heterogeneous,16,fixed,4.0,1,204,-4.8127,-8.1920,3.1844
rl_heterogeneous,16,fixed,4.0,1,205,-10.6947,-10.8953,3.7347
rl_heterogeneous,16,fixed,4.0,1,206,15.4415,184.0854,-29.5126
rl_heterogeneous,16,fixed,4.0,1,207,3.5126,2.8300,3.6741
rl_heterogeneous,16,fixed,4.0,1,208,-0.4961,-1.5673,2.2910
rl_heterogeneous,16,fixed,4.0,1,209,-16.5148,-10.2360,2.9922
rl_heterogeneous,16,fixed,4.0,1,210,-33.6570,17.7365,2.0300
rl_heterogeneous,16,fixed,4.0,1,211,-1.0021,-4.3846,2.5064
rl_heterogeneous,16,fixed,4.0,1,212,0.5694,-2.8849,2.8430
rl_heterogeneous,16,fixed,4.0,1,213,-6.2181,-2.8591,2.3570
rl_heterogeneous,16,fixed,4.0,1,214,-7.9310,-3.3402,2.5770
rl_heterogeneous,16,fixed,4.0,1,215,-6.3171,-2.7982,2.3945
rl_heterogeneous,16,fixed,4.0,1,216,-38.6110,-43.5534,19.3832
rl_heterogeneous,16,fixed,4.0,1,217,-2.6209,60.4234,-3.8369
rl_heterogeneous,16,fixed,4.0,1,218,25.6496,118.3270,-2.2266
rl_heterogeneous,16,fixed,4.0,1,219,-4.2230,-7.6095,2.8481
rl_heterogeneous,16,fixed,4.0,1,220,-5.9746,-7.2905,2.0961
rl_heterogeneous,16,fixed,4.0,1,221,-32.6390,4.6270,12.6834
rl_heterogeneous,16,fixed,4.0,1,222,1.8064,-6.2015,3.3218
rl_heterogeneous,16,fixed,4.0,1,223,-0.6513,-6.5188,1.0164
rl_heterogeneous,16,fixed,4.0,1,224,0.6838,-2.6843,3.5302
rl_heterogeneous,16,fixed,4.0,1,225,-3.9974,-4.9971,2.9846
rl_heterogeneous,16,fixed,4.0,1,226,-9.5696,-10.1751,3.6648
rl_heterogeneous,16,fixed,4.0,1,227,-1.4563,-5.4148,2.2611
rl_heterogeneous,16,fixed,4.0,1,228,3.6576,-11.2327,40.8786
rl_heterogeneous,16,fixed,4.0,1,229,-5.6778,-2.2385,2.2075
rl_heterogeneous,16,fixed,4.0,1,230,-5.1233,0.9895,1.4903
rl_heterogeneous,16,fixed,4.0,1,231,-1.3671,-6.6112,3.2596
rl_heterogeneous,16,fixed,4.0,1,232,-9.2683,-9.0982,1.8715
rl_heterogeneous,16,fixed,4.0,1,233,-4.2229,-7.7579,2.2001
rl_heterogeneous,16,fixed,4.0,1,234,-49.7116,-41.5710,19.6756
rl_heterogeneous,16,fixed,4.0,1,235,-35.7743,-8.4161,16.3907
rl_heterogeneous,16,fixed,4.0,1,236,-13.3311,-6.0534,1.4628
rl_heterogeneous,16,fixed,4.0,1,237,-0.0462,-1.1553,1.8761
rl_heterogeneous,16,fixed,4.0,1,238,-0.6148,-3.4187,1.9203
rl_heterogeneous,16,fixed,4.0,1,239,-4.3169,2.8217,2.0266
rl_heterogeneous,16,fixed,4.0,1,240,-41.6109,-24.2495,17.2769
rl_heterogeneous,16,fixed,4.0,1,241,-2.3693,-5.5396,1.2021
rl_heterogeneous,16,fixed,4.0,1,242,-0.5181,-6.6858,2.5585
rl_heterogeneous,16,fixed,4.0,1,243,-0.7170,-3.4439,3.0802
rl_heterogeneous,16,fixed,4.0,1,244,2.3663,-2.2572,2.5284
rl_heterogeneous,16,fixed,4.0,1,245,-39.5601,-43.3174,18.0202
rl_heterogeneous,16,fixed,4.0,1,246,0.2417,-1.6394,3.6167
rl_heterogeneous,16,fixed,4.0,1,247,-6.5376,-5.9809,3.8190
rl_heterogeneous,16,fixed,4.0,1,248,-0.5619,-0.7917,0.9658
rl_heterogeneous,16,fixed,4.0,1,249,-1.0174,-4.2696,2.0618
rl_heterogeneous,16,fixed,4.0,1,250,0.8856,0.9538,2.5980
rl_heterogeneous,16,fixed,4.0,1,251,-3.5399,5.5339,2.5650
rl_heterogeneous,16,fixed,4.0,1,252,-2.1924,9.5817,0.5508
rl_heterogeneous,16,fixed,4.0,1,253,-3.6238,-6.5111,2.6748
rl_heterogeneous,16,fixed,4.0,1,254,-10.0164,-10.0371,3.3976
rl_heterogeneous,16,fixed,4.0,1,255,0.2648,-0.2724,1.0771
rl_heterogeneous,16,fixed,4.0,1,256,-21.8260,39.4553,2.0758
rl_heterogeneous,16,fixed,4.0,1,257,108.1792,57.4716,48.4436
rl_heterogeneous,16,fixed,4.0,1,258,-5.8683,-5.8265,3.2104
rl_heterogeneous,16,fixed,4.0,1,259,18.1213,32.3943,1.1882
rl_heterogeneous,16,fixed,4.0,1,260,-2.1857,-2.5596,2.7946
rl_heterogeneous,16,fixed,4.0,1,261,-38.9287,-23.0359,14.8724
rl_heterogeneous,16,fixed,4.0,1,262,-9.8842,-8.4224,2.8724
rl_heterogeneous,16,fixed,4.0,1,263,-4.6457,-3.2115,1.6875
rl_heterogeneous,16,fixed,4.0,1,264,-3.3645,-6.1370,1.8117
rl_heterogeneous,16,fixed,4.0,1,265,-6.0837,-12.5501,2.3700
rl_heterogeneous,16,fixed,4.0,1,266,-9.1783,-38.1995,37.9255
rl_heterogeneous,16,fixed,4.0,1,267,-3.1109,-0.0337,2.4060
rl_heterogeneous,16,fixed,4.0,1,268,8.9087,9.8598,1.9750
rl_heterogeneous,16,fixed,4.0,1,269,-5.9313,-7.1028,1.6412
rl_heterogeneous,16,fixed,4.0,1,270,-26.3111,-23.1062,17.9607
rl_heterogeneous,16,fixed,4.0,1,271,-10.4246,-2.0240,1.5407
rl_heterogeneous,16,fixed,4.0,1,272,1.4404,-1.7182,3.3433
rl_heterogeneous,16,fixed,4.0,1,273,-0.2485,3.5399,3.8538
rl_heterogeneous,16,fixed,4.0,1,274,-7.8976,-10.1232,3.4442
rl_heterogeneous,16,fixed,4.0,1,275,-4.8445,-4.0409,1.2435
rl_heterogeneous,16,fixed,4.0,1,276,-5.2399,4.0774,4.0682
rl_heterogeneous,16,fixed,4.0,1,277,1.2231,-4.8560,4.3255
rl_heterogeneous,16,fixed,4.0,1,278,-0.4614,4.5474,0.8050
rl_heterogeneous,16,fixed,4.0,1,279,-5.8213,-8.2522,2.8412
rl_heterogeneous,16,fixed,4.0,1,280,-8.1558,-1.3552,2.0647
rl_heterogeneous,16,fixed,4.0,1,281,-3.7385,-4.5994,2.8745
rl_heterogeneous,16,fixed,4.0,1,282,-7.2513,-6.6721,1.7226
rl_heterogeneous,16,fixed,4.0,1,283,11.6534,-37.1841,45.2322
rl_heterogeneous,16,fixed,4.0,1,284,-44.0397,-35.0110,19.8225
rl_heterogeneous,16,fixed,4.0,1,285,-7.3239,-9.5754,3.5719
rl_heterogeneous,16,fixed,4.0,1,286,136.1600,-25.6837,166.0197
rl_heterogeneous,16,fixed,4.0,1,287,-2.2023,-3.0674,1.3948
rl_heterogeneous,16,fixed,4.0,1,288,-2.0009,-5.9231,3.4083
rl_heterogeneous,16,fixed,4.0,1,289,-5.1914,-3.0807,3.2250
rl_heterogeneous,16,fixed,4.0,1,290,-6.1535,-6.7128,3.5680
rl_heterogeneous,16,fixed,4.0,1,291,-51.1131,-44.0024,20.5543
rl_heterogeneous,16,fixed,4.0,1,292,44.2161,31.4914,15.1790
rl_heterogeneous,16,fixed,4.0,1,293,-10.7682,-6.7675,2.1555
rl_heterogeneous,16,fixed,4.0,1,294,1.3409,28.6176,-3.4868
rl_heterogeneous,16,fixed,4.0,1,295,-5.9504,-5.0989,1.9877
rl_heterogeneous,16,fixed,4.0,1,296,-2.1212,-2.1008,2.1822
rl_heterogeneous,16,fixed,4.0,1,297,8.4438,27.3541,-2.5851
rl_heterogeneous,16,fixed,4.0,1,298,-2.7752,4.6350,3.6974
rl_heterogeneous,16,fixed,4.0,1,299,-4.6154,-8.5450,2.9745
rl_heterogeneous,16,fixed,4.0,1,300,-9.1937,-7.9410,2.9595
rl_heterogeneous,16,fixed,4.0,1,301,-4.7939,-3.4371,1.0699
rl_heterogeneous,16,fixed,4.0,1,302,-3.4261,1.2272,3.4102
rl_heterogeneous,16,fixed,4.0,1,303,-24.1455,-11.2655,26.6137
rl_heterogeneous,16,fixed,4.0,1,304,1.9924,4.5690,2.6208
rl_heterogeneous,16,fixed,4.0,1,305,-4.1311,-7.7401,2.3815
rl_heterogeneous,16,fixed,4.0,1,306,10.0067,14.4403,-2.6009
rl_heterogeneous,16,fixed,4.0,1,307,-2.9444,-8.6344,2.4724
rl_heterogeneous,16,fixed,4.0,1,308,-2.1272,-0.1112,1.4146
rl_heterogeneous,16,fixed,4.0,1,309,-7.3988,4.1142,2.6635
rl_heterogeneous,16,fixed,4.0,1,310,-1.9542,-6.9907,2.7222
rl_heterogeneous,16,fixed,4.0,1,311,-7.3360,0.0598,1.0539
rl_heterogeneous,16,fixed,4.0,1,312,-38.5606,-38.4070,18.2264
rl_heterogeneous,16,fixed,4.0,1,313,-5.8350,-5.1456,2.4300
rl_heterogeneous,16,fixed,4.0,1,314,-51.9615,-39.5596,21.5617
rl_heterogeneous,16,fixed,4.0,1,315,-1.4826,-7.9862,3.4166
rl_heterogeneous,16,fixed,4.0,1,316,0.0813,5.1902,0.4677
rl_heterogeneous,16,fixed,4.0,1,317,-2.5299,-8.4165,1.8673
rl_heterogeneous,16,fixed,4.0,1,318,6.8411,39.4684,-1.8263
rl_heterogeneous,16,fixed,4.0,1,319,-9.8409,-4.9664,3.1022
rl_heterogeneous,16,fixed,4.0,1,320,-0.9272,-9.1260,2.8246
rl_heterogeneous,16,fixed,4.0,1,321,-2.0473,-1.9807,2.6230
rl_heterogeneous,16,fixed,4.0,1,322,-1.9035,-9.5629,4.4792
rl_heterogeneous,16,fixed,4.0,1,323,137.9492,-25.1353,140.8465
rl_heterogeneous,16,fixed,4.0,1,324,-34.9092,-31.1420,17.6973
rl_heterogeneous,16,fixed,4.0,1,325,-6.7492,-7.5815,2.3005
rl_heterogeneous,16,fixed,4.0,1,326,-8.9394,-0.1742,2.8345
rl_heterogeneous,16,fixed,4.0,1,327,-1.1272,-2.5021,3.4949
rl_heterogeneous,16,fixed,4.0,1,328,-2.1513,-3.4885,2.0142
rl_heterogeneous,16,fixed,4.0,1,329,-6.8163,-5.6314,2.9030
rl_heterogeneous,16,fixed,4.0,1,330,-6.5807,-6.4724,1.4934
rl_heterogeneous,16,fixed,4.0,1,331,2.5173,-1.9472,4.8376
rl_heterogeneous,16,fixed,4.0,1,332,-2.6298,-4.9499,2.8414
rl_heterogeneous,16,fixed,4.0,1,333,-9.1969,-10.5998,4.1005
rl_heterogeneous,16,fixed,4.0,1,334,-2.9089,-3.9695,3.4801
rl_heterogeneous,16,fixed,4.0,1,335,1.7036,-2.5113,3.9228
rl_heterogeneous,16,fixed,4.0,1,336,-36.0642,-23.0513,20.9540
rl_heterogeneous,16,fixed,4.0,1,337,-3.0234,-7.4126,1.7853
rl_heterogeneous,16,fixed,4.0,1,338,-6.9712,-5.7691,2.0239
rl_heterogeneous,16,fixed,4.0,1,339,2.0231,1.5884,2.8697
rl_heterogeneous,16,fixed,4.0,1,340,-5.8784,-6.2586,3.5326
rl_heterogeneous,16,fixed,4.0,1,341,-0.2468,-3.4034,2.6800
rl_heterogeneous,16,fixed,4.0,1,342,-4.6981,-6.4580,2.2944
rl_heterogeneous,16,fixed,4.0,1,343,2.6173,-0.4343,0.8475
rl_heterogeneous,16,fixed,4.0,1,344,-4.3433,-0.4578,2.6359
rl_heterogeneous,16,fixed,4.0,1,345,1.2382,1.0423,1.2196
rl_heterogeneous,16,fixed,4.0,1,346,-14.0165,-42.5084,39.1108
rl_heterogeneous,16,fixed,4.0,1,347,-8.3838,-12.5753,2.3102
rl_heterogeneous,16,fixed,4.0,1,348,-2.3805,-0.4207,2.8189
rl_heterogeneous,16,fixed,4.0,1,349,0.8266,-2.6956,1.8651
rl_heterogeneous,16,fixed,4.0,1,350,2.0184,0.7115,2.9863
rl_heterogeneous,16,fixed,4.0,1,351,-3.4618,-5.2748,1.8210
rl_heterogeneous,16,fixed,4.0,1,352,-6.7104,-7.8471,2.3700
rl_heterogeneous,16,fixed,4.0,1,353,-32.4773,-59.8504,36.0451
rl_heterogeneous,16,fixed,4.0,1,354,-8.0308,2.4791,2.4105
rl_heterogeneous,16,fixed,4.0,1,355,-1.8145,-2.4082,3.5398
rl_heterogeneous,16,fixed,4.0,1,356,1.6011,3.0695,2.2421
rl_heterogeneous,16,fixed,4.0,1,357,9.7046,15.7888,0.7959
rl_heterogeneous,16,fixed,4.0,1,358,-4.5948,-7.3791,2.8413
rl_heterogeneous,16,fixed,4.0,1,359,-7.1716,-5.6851,2.4249
rl_heterogeneous,16,fixed,4.0,1,360,-6.1498,-4.7556,4.7163
rl_heterogeneous,16,fixed,4.0,1,361,-1.6344,-1.5297,2.5298
rl_heterogeneous,16,fixed,4.0,1,362,-3.8164,-9.6479,1.9907
rl_heterogeneous,16,fixed,4.0,1,363,-3.5923,3.8376,1.4498
rl_heterogeneous,16,fixed,4.0,1,364,0.0050,-6.1323,5.7338
rl_heterogeneous,16,fixed,4.0,1,365,1.0105,-1.4804,1.7119
rl_heterogeneous,16,fixed,4.0,1,366,-5.5742,-7.6446,3.1616
rl_heterogeneous,16,fixed,4.0,1,367,7.8479,2.7133,3.0274
rl_heterogeneous,16,fixed,4.0,1,368,-5.5603,-3.4615,2.0916
rl_heterogeneous,16,fixed,4.0,1,369,-8.2347,-6.7194,3.3075
rl_heterogeneous,16,fixed,4.0,1,370,-44.5283,-22.3768,15.4976
rl_heterogeneous,16,fixed,4.0,1,371,-1.9415,-3.5260,3.5198
rl_heterogeneous,16,fixed,4.0,1,372,-5.2454,-5.1746,2.1272
rl_heterogeneous,16,fixed,4.0,1,373,-5.6254,-7.0035,1.5253
rl_heterogeneous,16,fixed,4.0,1,374,-1.3139,-2.3202,2.1332
rl_heterogeneous,16,fixed,4.0,1,375,-9.9349,-6.4650,3.9098
rl_heterogeneous,16,fixed,4.0,1,376,16.8140,40.4693,7.7973
rl_heterogeneous,16,fixed,4.0,1,377,-6.9584,-4.7162,2.8210
rl_heterogeneous,16,fixed,4.0,1,378,-42.4408,-20.9758,17.0772
rl_heterogeneous,16,fixed,4.0,1,379,-5.0339,7.0593,2.8697
rl_heterogeneous,16,fixed,4.0,1,380,25.5033,10.9037,1.5488
rl_heterogeneous,16,fixed,4.0,1,381,-6.4822,-6.0802,3.2838
rl_heterogeneous,16,fixed,4.0,1,382,4.2128,5.0034,0.7214
rl_heterogeneous,16,fixed,4.0,1,383,-1.1812,-1.8307,1.2277
rl_heterogeneous,16,fixed,4.0,1,384,-43.7725,-30.4074,23.3609
rl_heterogeneous,16,fixed,4.0,1,385,-2.7162,-7.3679,3.3064
rl_heterogeneous,16,fixed,4.0,1,386,59.5055,113.1654,-4.4655
rl_heterogeneous,16,fixed,4.0,1,387,-9.8640,-4.3780,3.2761
rl_heterogeneous,16,fixed,4.0,1,388,-3.0717,3.0030,1.7378
rl_heterogeneous,16,fixed,4.0,1,389,-10.1413,-4.6986,3.7265
rl_heterogeneous,16,fixed,4.0,1,390,-48.9451,-33.2228,19.6854
rl_heterogeneous,16,fixed,4.0,1,391,0.9030,-3.5596,3.5397
rl_heterogeneous,16,fixed,4.0,1,392,-7.5705,-6.6265,4.1683
rl_heterogeneous,16,fixed,4.0,1,393,-8.4883,-2.9991,3.6101
rl_heterogeneous,16,fixed,4.0,1,394,-4.7914,-3.3094,35.4944
rl_heterogeneous,16,fixed,4.0,1,395,-5.6852,-7.1573,2.5777
rl_heterogeneous,16,fixed,4.0,1,396,3.8302,-28.3510,54.5334
rl_heterogeneous,16,fixed,4.0,1,397,-0.7578,-7.0088,4.4368
rl_heterogeneous,16,fixed,4.0,1,398,2.9816,41.5295,16.4745
rl_heterogeneous,16,fixed,4.0,1,399,-4.4288,-5.7293,3.0046
rl_heterogeneous,16,fixed,4.0,1,400,-50.5669,-49.6982,19.3762
rl_heterogeneous,16,fixed,4.0,1,401,-8.3875,-16.2231,4.5259
rl_heterogeneous,16,fixed,4.0,1,402,-0.8952,-4.8938,2.1711
rl_heterogeneous,16,fixed,4.0,1,403,-2.7453,-4.1535,0.9319
rl_heterogeneous,16,fixed,4.0,1,404,-3.7692,-4.2577,1.8239
rl_heterogeneous,16,fixed,4.0,1,405,1.8670,-6.7956,3.1993
rl_heterogeneous,16,fixed,4.0,1,406,-2.2936,-0.1691,1.0635
rl_heterogeneous,16,fixed,4.0,1,407,-1.9206,-4.9172,2.0858
rl_heterogeneous,16,fixed,4.0,1,408,-0.6103,4.2899,0.3808
rl_heterogeneous,16,fixed,4.0,1,409,-4.2796,-3.5879,3.0177
rl_heterogeneous,16,fixed,4.0,1,410,-11.8910,8.3740,3.0758
rl_heterogeneous,16,fixed,4.0,1,411,3.2736,-4.3330,1.7065
rl_heterogeneous,16,fixed,4.0,1,412,-0.6864,1.0075,1.0565
rl_heterogeneous,16,fixed,4.0,1,413,-9.0267,-3.9392,3.6330
rl_heterogeneous,16,fixed,4.0,1,414,-28.4306,25.9959,1.7373
rl_heterogeneous,16,fixed,4.0,1,415,4.7443,53.2750,11.9409
rl_heterogeneous,16,fixed,4.0,1,416,-3.5353,0.2914,2.2272
rl_heterogeneous,16,fixed,4.0,1,417,-3.2273,4.0167,0.6177
rl_heterogeneous,16,fixed,4.0,1,418,-5.7659,-7.8448,2.2080
rl_heterogeneous,16,fixed,4.0,1,419,2.3402,2.9526,1.7679
rl_heterogeneous,16,fixed,4.0,1,420,-5.8058,-2.1187,2.1392
rl_heterogeneous,16,fixed,4.0,1,421,12.4886,158.6067,-15.0923
rl_heterogeneous,16,fixed,4.0,1,422,-28.5740,9.0958,6.9319
rl_heterogeneous,16,fixed,4.0,1,423,-5.0098,7.6394,2.2269
rl_heterogeneous,16,fixed,4.0,1,424,-4.2858,-6.4533,1.6349
rl_heterogeneous,16,fixed,4.0,1,425,-8.5804,-10.0587,3.4935
rl_heterogeneous,16,fixed,4.0,1,426,-22.9157,-35.5126,33.3685
rl_heterogeneous,16,fixed,4.0,1,427,-0.1780,0.2779,3.2261
rl_heterogeneous,16,fixed,4.0,1,428,3.0202,40.2849,-3.3409
rl_heterogeneous,16,fixed,4.0,1,429,-10.7374,-2.4133,2.3699
rl_heterogeneous,16,fixed,4.0,1,430,-1.4020,1.4342,2.1307
rl_heterogeneous,16,fixed,4.0,1,431,3.9609,43.2790,-6.8289
rl_heterogeneous,16,fixed,4.0,1,432,55.1756,-26.0218,83.8429
rl_heterogeneous,16,fixed,4.0,1,433,-5.8873,-8.9272,3.3672
rl_heterogeneous,16,fixed,4.0,1,434,5.9755,21.6643,-2.5099
rl_heterogeneous,16,fixed,4.0,1,435,-1.1812,-2.8970,2.9757
rl_heterogeneous,16,fixed,4.0,1,436,-33.5459,-58.8321,26.4515
rl_heterogeneous,16,fixed,4.0,1,437,-17.5408,16.2445,3.5209
rl_heterogeneous,16,fixed,4.0,1,438,-1.7165,5.1872,2.1501
rl_heterogeneous,16,fixed,4.0,1,439,-0.4009,18.0004,2.4684
rl_heterogeneous,16,fixed,4.0,1,440,-34.8924,-3.3427,12.6391
rl_heterogeneous,16,fixed,4.0,1,441,15.9723,9.0559,-1.6992
rl_heterogeneous,16,fixed,4.0,1,442,-5.1497,-14.8980,2.7847
rl_heterogeneous,16,fixed,4.0,1,443,-7.9661,-3.8895,2.5619
rl_heterogeneous,16,fixed,4.0,1,444,-3.8411,-5.1265,3.4278
rl_heterogeneous,16,fixed,4.0,1,445,-3.3118,-6.8238,3.0447
rl_heterogeneous,16,fixed,4.0,1,446,-25.5516,37.7050,2.2553
rl_heterogeneous,16,fixed,4.0,1,447,0.3368,-3.6034,1.9256
rl_heterogeneous,16,fixed,4.0,1,448,-29.9945,5.5129,6.1389
rl_heterogeneous,16,fixed,4.0,1,449,-7.0951,3.9278,1.3269
rl_heterogeneous,16,fixed,4.0,1,450,2.1116,-0.7951,1.0987
rl_heterogeneous,16,fixed,4.0,1,451,-24.0594,3.4617,16.5994
rl_heterogeneous,16,fixed,4.0,1,452,-49.7440,-31.2085,17.7920
rl_heterogeneous,16,fixed,4.0,1,453,-11.5922,-3.5842,3.2404
rl_heterogeneous,16,fixed,4.0,1,454,2.5865,-2.3939,3.4991
rl_heterogeneous,16,fixed,4.0,1,455,207.3588,96.6672,133.7289
rl_heterogeneous,16,fixed,4.0,1,456,-7.7296,-9.6253,2.9993
rl_heterogeneous,16,fixed,4.0,1,457,-9.1340,2.5106,1.1895
rl_heterogeneous,16,fixed,4.0,1,458,-6.4036,-6.1344,3.3573
rl_heterogeneous,16,fixed,4.0,1,459,-8.3475,4.4332,2.5416
rl_heterogeneous,16,fixed,4.0,1,460,5.3155,5.2635,-0.1189
rl_heterogeneous,16,fixed,4.0,1,461,-4.6812,-1.6290,3.3250
rl_heterogeneous,16,fixed,4.0,1,462,-2.5292,-5.4884,3.0082
rl_heterogeneous,16,fixed,4.0,1,463,7.0854,22.8932,-3.0526
rl_heterogeneous,16,fixed,4.0,1,464,48.0181,35.7287,12.2994
rl_heterogeneous,16,fixed,4.0,1,465,-5.8055,-3.3241,2.7132
rl_heterogeneous,16,fixed,4.0,1,466,-1.6859,5.1672,1.7168
rl_heterogeneous,16,fixed,4.0,1,467,-2.2070,81.4460,-10.9446
rl_heterogeneous,16,fixed,4.0,1,468,-0.7689,15.6427,-1.4858
rl_heterogeneous,16,fixed,4.0,1,469,-5.9177,2.1286,1.3155
rl_heterogeneous,16,fixed,4.0,1,470,-2.6075,1.5894,1.8068
rl_heterogeneous,16,fixed,4.0,1,471,-0.5017,1.0369,2.5547
rl_heterogeneous,16,fixed,4.0,1,472,-4.9148,-3.4146,2.0531
rl_heterogeneous,16,fixed,4.0,1,473,-41.1979,-36.5127,17.5780
rl_heterogeneous,16,fixed,4.0,1,474,-34.9338,-22.5964,10.2832
rl_heterogeneous,16,fixed,4.0,1,475,8.3817,47.6305,6.2330
rl_heterogeneous,16,fixed,4.0,1,476,28.1858,19.2457,1.4620
rl_heterogeneous,16,fixed,4.0,1,477,-2.1614,-3.2485,2.6201
rl_heterogeneous,16,fixed,4.0,1,478,-0.9488,-3.0441,2.3138
rl_heterogeneous,16,fixed,4.0,1,479,-0.2007,-5.2463,1.2980
rl_heterogeneous,16,fixed,4.0,1,480,15.8974,34.1909,0.7703
rl_heterogeneous,16,fixed,4.0,1,481,-3.3588,-7.4716,2.8062
rl_heterogeneous,16,fixed,4.0,1,482,-6.9196,-7.8274,1.7554
rl_heterogeneous,16,fixed,4.0,1,483,4.0774,4.9617,1.1122
rl_heterogeneous,16,fixed,4.0,1,484,136.3116,96.3466,75.1093
rl_heterogeneous,16,fixed,4.0,1,485,-3.6901,-4.6708,1.4479
rl_heterogeneous,16,fixed,4.0,1,486,-2.0135,6.4057,1.2279
rl_heterogeneous,16,fixed,4.0,1,487,53.7802,-15.9747,74.5948
rl_heterogeneous,16,fixed,4.0,1,488,3.0572,1.3883,1.7653
rl_heterogeneous,16,fixed,4.0,1,489,-0.1155,-5.9935,5.0250
rl_heterogeneous,16,fixed,4.0,1,490,-43.3496,-39.4360,16.8489
rl_heterogeneous,16,fixed,4.0,1,491,7.1564,8.3427,1.9460
rl_heterogeneous,16,fixed,4.0,1,492,86.3995,3.7220,72.1531
rl_heterogeneous,16,fixed,4.0,1,493,49.4930,185.1882,-9.3750
rl_heterogeneous,16,fixed,4.0,1,494,-7.0402,-8.8976,2.3796
rl_heterogeneous,16,fixed,4.0,1,495,-6.7550,-13.9130,3.2404
rl_heterogeneous,16,fixed,4.0,1,496,-3.1369,-6.2441,3.7071
rl_heterogeneous,16,fixed,4.0,1,497,-5.3790,-1.1816,3.0051
rl_heterogeneous,16,fixed,4.0,1,498,0.5912,-4.7769,3.1063
rl_heterogeneous,16,fixed,4.0,1,499,-6.4898,-7.1687,2.7513
rl_heterogeneous,16,fixed,4.0,1,500,-0.2065,-8.3137,2.5869
rl_heterogeneous,16,fixed,4.0,1,501,-7.3013,-5.0939,2.8906
rl_heterogeneous,16,fixed,4.0,1,502,-1.0294,-4.4440,3.6155
rl_heterogeneous,16,fixed,4.0,1,503,-1.9499,36.1663,-4.1324
rl_heterogeneous,16,fixed,4.0,1,504,45.5618,119.7653,7.3679
rl_heterogeneous,16,fixed,4.0,1,505,-37.4878,-18.3439,21.5156
rl_heterogeneous,16,fixed,4.0,1,506,-3.0675,-4.8245,1.5485
rl_heterogeneous,16,fixed,4.0,1,507,-8.4501,-5.7482,2.7655
rl_heterogeneous,16,fixed,4.0,1,508,14.7569,-42.3865,53.7664
rl_heterogeneous,16,fixed,4.0,1,509,-2.6267,-9.9564,3.4034
rl_heterogeneous,16,fixed,4.0,1,510,-4.2533,-4.5778,2.5700
rl_heterogeneous,16,fixed,4.0,1,511,-5.5684,-1.7302,2.3613
rl_heterogeneous,16,fixed,4.0,1,512,-0.8583,1.3238,3.0494
rl_heterogeneous,16,fixed,4.0,1,513,-0.4153,-2.7634,2.4000
rl_heterogeneous,16,fixed,4.0,1,514,-4.7163,-5.8530,1.6928
rl_heterogeneous,16,fixed,4.0,1,515,0.8604,2.1637,2.0552
rl_heterogeneous,16,fixed,4.0,1,516,-30.2152,-26.9453,12.4313
rl_heterogeneous,16,fixed,4.0,1,517,-1.6366,-2.4636,1.2335
rl_heterogeneous,16,fixed,4.0,1,518,-3.1094,-0.1729,3.0863
rl_heterogeneous,16,fixed,4.0,1,519,-8.5531,-8.0530,2.9508
rl_heterogeneous,16,fixed,4.0,1,520,56.2611,-35.3890,103.2875
rl_heterogeneous,16,fixed,4.0,1,521,-10.5045,-4.7506,0.9269
rl_heterogeneous,16,fixed,4.0,1,522,-1.0348,-8.1245,4.3428
rl_heterogeneous,16,fixed,4.0,1,523,-17.6579,2.1976,14.7562
rl_heterogeneous,16,fixed,4.0,1,524,-7.1533,-8.5368,2.6756
rl_heterogeneous,16,fixed,4.0,1,525,5.5793,10.8395,-1.8529
rl_heterogeneous,16,fixed,4.0,1,526,-8.1593,-9.5190,3.3121
rl_heterogeneous,16,fixed,4.0,1,527,-3.0418,-5.1194,2.3296
rl_heterogeneous,16,fixed,4.0,1,528,-1.3067,-3.0970,2.6558
rl_heterogeneous,16,fixed,4.0,1,529,-6.2091,2.5879,3.0263
rl_heterogeneous,16,fixed,4.0,1,530,-35.2178,1.1215,21.0040
rl_heterogeneous,16,fixed,4.0,1,531,-2.3147,-3.0350,2.4938
rl_heterogeneous,16,fixed,4.0,1,532,-4.9915,-5.2655,1.9670
rl_heterogeneous,16,fixed,4.0,1,533,-3.5928,-6.8698,1.9808
rl_heterogeneous,16,fixed,4.0,1,534,-5.3812,-10.0417,3.0096
rl_heterogeneous,16,fixed,4.0,1,535,36.3002,45.1660,-1.3658
rl_heterogeneous,16,fixed,4.0,1,536,-3.6154,-3.0351,1.7717
rl_heterogeneous,16,fixed,4.0,1,537,-4.6790,-7.0977,1.9820
rl_heterogeneous,16,fixed,4.0,1,538,-16.8951,41.1303,3.3563
rl_heterogeneous,16,fixed,4.0,1,539,-7.6112,-7.1708,2.0346
rl_heterogeneous,16,fixed,4.0,1,540,-3.9165,-2.0148,2.3615
rl_heterogeneous,16,fixed,4.0,1,541,-53.3502,-46.5712,20.1389
rl_heterogeneous,16,fixed,4.0,1,542,-1.6638,-2.8961,3.6083
rl_heterogeneous,16,fixed,4.0,1,543,-4.9890,-7.1555,3.5014
rl_heterogeneous,16,fixed,4.0,1,544,48.1959,63.6414,29.2710
rl_heterogeneous,16,fixed,4.0,1,545,-6.8338,-4.1727,0.9661
rl_heterogeneous,16,fixed,4.0,1,546,-5.8342,-4.6723,2.2428
rl_heterogeneous,16,fixed,4.0,1,547,-1.8753,0.2442,4.4943
rl_heterogeneous,16,fixed,4.0,1,548,-1.2877,-1.4624,1.3722
rl_heterogeneous,16,fixed,4.0,1,549,-1.7373,-6.8505,2.9959
rl_heterogeneous,16,fixed,4.0,1,550,1.4049,-2.0204,2.3522
rl_heterogeneous,16,fixed,4.0,1,551,-4.5823,-1.7703,1.6540
rl_heterogeneous,16,fixed,4.0,1,552,-0.9382,-2.7304,5.0928
rl_heterogeneous,16,fixed,4.0,1,553,-46.7082,-36.9760,21.2396
rl_heterogeneous,16,fixed,4.0,1,554,-0.4439,-6.9524,2.4742
rl_heterogeneous,16,fixed,4.0,1,555,47.6683,137.3262,-24.8699
rl_heterogeneous,16,fixed,4.0,1,556,-4.4025,-1.7918,3.4602
rl_heterogeneous,16,fixed,4.0,1,557,-22.6303,25.7883,3.4236
rl_heterogeneous,16,fixed,4.0,1,558,-8.5603,4.5349,2.6222
rl_heterogeneous,16,fixed,4.0,1,559,1.3648,-7.8399,2.6361
rl_heterogeneous,16,fixed,4.0,1,560,-6.5668,-12.6310,2.7832
rl_heterogeneous,16,fixed,4.0,1,561,-7.3295,-2.3650,3.0669
rl_heterogeneous,16,fixed,4.0,1,562,3.4527,-3.4717,4.7852
rl_heterogeneous,16,fixed,4.0,1,563,-23.2287,-0.8470,15.1828
rl_heterogeneous,16,fixed,4.0,1,564,-3.0290,-4.2210,2.9934
rl_heterogeneous,16,fixed,4.0,1,565,-9.4721,-5.3092,2.2486
rl_heterogeneous,16,fixed,4.0,1,566,-2.6826,-5.3491,2.2407
rl_heterogeneous,16,fixed,4.0,1,567,-3.5781,-3.2917,2.2212
rl_heterogeneous,16,fixed,4.0,1,568,-2.9226,3.4182,3.7341
rl_heterogeneous,16,fixed,4.0,1,569,-3.8930,-3.0497,1.7846
rl_heterogeneous,16,fixed,4.0,1,570,50.2895,11.5152,50.6481
rl_heterogeneous,16,fixed,4.0,1,571,-6.5235,-6.7429,3.6602
rl_heterogeneous,16,fixed,4.0,1,572,-4.1740,-1.0911,2.7748
rl_heterogeneous,16,fixed,4.0,1,573,-2.0533,-7.8259,2.5641
rl_heterogeneous,16,fixed,4.0,1,574,-51.5679,-39.4850,19.2215
rl_heterogeneous,16,fixed,4.0,1,575,-6.1963,-7.5510,1.8683
rl_heterogeneous,16,fixed,4.0,1,576,-2.3369,-3.6667,0.9194
rl_heterogeneous,16,fixed,4.0,1,577,-2.6636,2.3457,1.8887
rl_heterogeneous,16,fixed,4.0,1,578,-46.5620,-41.0156,22.0130
rl_heterogeneous,16,fixed,4.0,1,579,-1.4630,0.0715,2.1456
rl_heterogeneous,16,fixed,4.0,1,580,-3.3014,-4.2896,1.6186
rl_heterogeneous,16,fixed,4.0,1,581,4.9598,6.3832,2.7861
rl_heterogeneous,16,fixed,4.0,1,582,-7.3158,-5.1592,3.5372
rl_heterogeneous,16,fixed,4.0,1,583,7.7717,53.7405,-6.7718
rl_heterogeneous,16,fixed,4.0,1,584,2.0874,6.0809,0.3333
rl_heterogeneous,16,fixed,4.0,1,585,0.0083,-1.2613,1.9319
rl_heterogeneous,16,fixed,4.0,1,586,-0.8295,-6.5870,3.3772
rl_heterogeneous,16,fixed,4.0,1,587,-3.8659,-2.5175,2.6857
rl_heterogeneous,16,fixed,4.0,1,588,-9.4555,-6.0650,3.2492
rl_heterogeneous,16,fixed,4.0,1,589,-7.6318,-10.0464,2.0830
rl_heterogeneous,16,fixed,4.0,1,590,-4.6961,-11.1710,3.4906
rl_heterogeneous,16,fixed,4.0,1,591,497.2293,928.3858,126.0819
rl_heterogeneous,16,fixed,4.0,1,592,-4.2003,-3.7514,2.9346
rl_heterogeneous,16,fixed,4.0,1,593,5.0966,-0.5669,6.7816
rl_heterogeneous,16,fixed,4.0,1,594,-4.7030,-5.3482,2.8787
rl_heterogeneous,16,fixed,4.0,1,595,-7.0757,-8.3603,2.9191
rl_heterogeneous,16,fixed,4.0,1,596,-37.0931,-8.8121,17.7435
rl_heterogeneous,16,fixed,4.0,1,597,219.0668,257.1487,82.7871
rl_heterogeneous,16,fixed,4.0,1,598,-7.7973,-4.5780,2.7787
rl_heterogeneous,16,fixed,4.0,1,599,-47.0524,-36.9581,24.2793
rl_heterogeneous,16,fixed,4.0,1,600,-24.9561,49.1903,-2.1544
rl_heterogeneous,16,fixed,4.0,1,601,-1.0731,2.3139,0.4936
rl_heterogeneous,16,fixed,4.0,1,602,-42.6004,-39.9382,25.1236
rl_heterogeneous,16,fixed,4.0,1,603,-3.9361,-7.7077,2.2772
rl_heterogeneous,16,fixed,4.0,1,604,-2.0016,33.0126,10.8744
rl_heterogeneous,16,fixed,4.0,1,605,-9.1723,10.9802,0.1857
rl_heterogeneous,16,fixed,4.0,1,606,-6.5302,-11.8212,3.2807
rl_heterogeneous,16,fixed,4.0,1,607,2.3492,-2.4742,3.6612
rl_heterogeneous,16,fixed,4.0,1,608,4.3397,6.5883,0.5793
rl_heterogeneous,16,fixed,4.0,1,609,-2.9802,-4.0706,3.5110
rl_heterogeneous,16,fixed,4.0,1,610,-0.4230,-0.8840,3.7756
rl_heterogeneous,16,fixed,4.0,1,611,-45.7038,-40.6925,22.0880
rl_heterogeneous,16,fixed,4.0,1,612,-2.7790,-0.4889,2.5722
rl_heterogeneous,16,fixed,4.0,1,613,-0.4563,-0.3348,2.3399
rl_heterogeneous,16,fixed,4.0,1,614,-50.2902,-71.0227,25.1098
rl_heterogeneous,16,fixed,4.0,1,615,0.2004,3.8334,0.7405
rl_heterogeneous,16,fixed,4.0,1,616,-5.6373,-3.3403,3.8899
rl_heterogeneous,16,fixed,4.0,1,617,-7.3525,-6.1571,2.7166
rl_heterogeneous,16,fixed,4.0,1,618,-0.7370,-5.0769,5.1826
rl_heterogeneous,16,fixed,4.0,1,619,-1.7171,-8.5273,2.8759
rl_heterogeneous,16,fixed,4.0,1,620,46.5891,33.2376,20.8925
rl_heterogeneous,16,fixed,4.0,1,621,10.0769,15.0269,1.5133
rl_heterogeneous,16,fixed,4.0,1,622,-4.4883,-6.5565,2.5586
rl_heterogeneous,16,fixed,4.0,1,623,-1.7782,20.6140,-1.0221
rl_heterogeneous,16,fixed,4.0,1,624,-34.1656,-9.2074,13.3270
rl_heterogeneous,16,fixed,4.0,1,625,-5.6139,-1.2246,2.7785
rl_heterogeneous,16,fixed,4.0,1,626,1.8373,1.5567,2.8681
rl_heterogeneous,16,fixed,4.0,1,627,-46.8545,-32.4964,23.4740
rl_heterogeneous,16,fixed,4.0,1,628,-7.4294,-1.2148,1.6834
rl_heterogeneous,16,fixed,4.0,1,629,91.5525,-52.1270,103.5533
rl_heterogeneous,16,fixed,4.0,1,630,-8.6271,-8.4741,2.7216
rl_heterogeneous,16,fixed,4.0,1,631,-44.9465,-56.2445,23.3209
rl_heterogeneous,16,fixed,4.0,1,632,-3.3796,-2.1672,4.4057
rl_heterogeneous,16,fixed,4.0,1,633,-5.2923,40.8774,-4.0698
rl_heterogeneous,16,fixed,4.0,1,634,-2.5242,-4.2147,4.9095
rl_heterogeneous,16,fixed,4.0,1,635,-1.9355,-0.7264,3.3643
rl_heterogeneous,16,fixed,4.0,1,636,-1.6831,-3.6494,3.2381
rl_heterogeneous,16,fixed,4.0,1,637,-2.7925,-7.0670,2.6267
rl_heterogeneous,16,fixed,4.0,1,638,-6.8869,-5.5720,2.7568
rl_heterogeneous,16,fixed,4.0,1,639,-2.1543,-6.5825,1.5771
rl_heterogeneous,16,fixed,4.0,1,640,-4.1540,-3.9937,2.8993
rl_heterogeneous,16,fixed,4.0,1,641,-7.7462,-2.2688,2.3615
rl_heterogeneous,16,fixed,4.0,1,642,3.7691,-2.3358,4.6530
rl_heterogeneous,16,fixed,4.0,1,643,-5.2052,19.5841,23.6070
rl_heterogeneous,16,fixed,4.0,1,644,-5.5975,0.7550,2.7994
rl_heterogeneous,16,fixed,4.0,1,645,-1.6959,-5.3993,3.1011
rl_heterogeneous,16,fixed,4.0,1,646,-0.8344,-1.2200,4.0002
rl_heterogeneous,16,fixed,4.0,1,647,-4.1234,-7.5806,2.6988
rl_heterogeneous,16,fixed,4.0,1,648,3.6786,-1.2211,2.3189
rl_heterogeneous,16,fixed,4.0,1,649,7.7412,7.4612,-0.4814
rl_heterogeneous,16,fixed,4.0,1,650,-39.7276,-30.8337,22.7034
rl_heterogeneous,16,fixed,4.0,1,651,-36.0724,-55.6600,23.5937
rl_heterogeneous,16,fixed,4.0,1,652,-7.7436,-6.2586,2.3772
rl_heterogeneous,16,fixed,4.0,1,653,-3.5338,-1.4478,1.2552
rl_heterogeneous,16,fixed,4.0,1,654,-3.9959,-6.5938,2.2696
rl_heterogeneous,16,fixed,4.0,1,655,-2.3547,-2.8494,2.3266
rl_heterogeneous,16,fixed,4.0,1,656,-4.3879,11.0305,-1.2093
rl_heterogeneous,16,fixed,4.0,1,657,-6.5172,-8.3267,2.7456
rl_heterogeneous,16,fixed,4.0,1,658,-3.8884,-7.3185,2.8548
rl_heterogeneous,16,fixed,4.0,1,659,-2.1021,-1.3700,3.7390
rl_heterogeneous,16,fixed,4.0,1,660,-11.0229,-3.3467,2.6819
rl_heterogeneous,16,fixed,4.0,1,661,-0.9145,-4.6091,2.1821
rl_heterogeneous,16,fixed,4.0,1,662,-3.7763,3.3886,0.7449
rl_heterogeneous,16,fixed,4.0,1,663,-1.3427,-1.4857,1.3410
rl_heterogeneous,16,fixed,4.0,1,664,-6.1003,-8.3498,2.9967
rl_heterogeneous,16,fixed,4.0,1,665,-6.5334,-5.8237,2.6393
rl_heterogeneous,16,fixed,4.0,1,666,-5.3901,-3.4430,1.7003
rl_heterogeneous,16,fixed,4.0,1,667,11.9257,11.2292,1.0973
rl_heterogeneous,16,fixed,4.0,1,668,-5.2310,-3.6670,2.8099
rl_heterogeneous,16,fixed,4.0,1,669,88.9477,-22.2016,102.1568
rl_heterogeneous,16,fixed,4.0,1,670,6.3850,0.9829,4.5355
rl_heterogeneous,16,fixed,4.0,1,671,-41.0652,-62.5272,30.1926
rl_heterogeneous,16,fixed,4.0,1,672,-1.1668,-7.5975,2.8127
rl_heterogeneous,16,fixed,4.0,1,673,-1.6347,-3.8435,2.4846
rl_heterogeneous,16,fixed,4.0,1,674,-5.1571,-0.5766,1.7444
rl_heterogeneous,16,fixed,4.0,1,675,-6.5964,-7.8772,2.4964
rl_heterogeneous,16,fixed,4.0,1,676,-17.9491,-12.9907,10.7017
rl_heterogeneous,16,fixed,4.0,1,677,48.2594,73.9750,-7.8146
rl_heterogeneous,16,fixed,4.0,1,678,3.1982,-4.1678,1.5279
rl_heterogeneous,16,fixed,4.0,1,679,-4.8854,-4.4113,2.3514
rl_heterogeneous,16,fixed,4.0,1,680,-6.7234,-4.6363,3.3731
rl_heterogeneous,16,fixed,4.0,1,681,-0.3790,1.5521,1.6371
rl_heterogeneous,16,fixed,4.0,1,682,1.3021,-5.0083,3.2864
rl_heterogeneous,16,fixed,4.0,1,683,-49.1326,-39.6625,18.7512
rl_heterogeneous,16,fixed,4.0,1,684,-5.7832,62.1971,-4.3620
rl_heterogeneous,16,fixed,4.0,1,685,-4.6168,-5.4861,2.8586
rl_heterogeneous,16,fixed,4.0,1,686,-5.2654,0.4003,2.7560
rl_heterogeneous,16,fixed,4.0,1,687,16.0213,17.4320,1.9940
rl_heterogeneous,16,fixed,4.0,1,688,-6.2881,-7.4840,2.5488
rl_heterogeneous,16,fixed,4.0,1,689,11.8089,37.4327,-3.6980
rl_heterogeneous,16,fixed,4.0,1,690,-1.2551,14.5723,-0.9131
rl_heterogeneous,16,fixed,4.0,1,691,-4.1911,-0.1522,2.7098
rl_heterogeneous,16,fixed,4.0,1,692,-4.3156,-6.6653,1.9542
rl_heterogeneous,16,fixed,4.0,1,693,88.4623,-20.0387,109.0120
rl_heterogeneous,16,fixed,4.0,1,694,-2.3124,-4.7019,1.8920
rl_heterogeneous,16,fixed,4.0,1,695,2.9930,1.4908,1.1606
rl_heterogeneous,16,fixed,4.0,1,696,-2.9402,-4.3173,3.0895
rl_heterogeneous,16,fixed,4.0,1,697,-7.2327,-8.5657,2.4461
rl_heterogeneous,16,fixed,4.0,1,698,-3.1658,-0.0298,3.5726
rl_heterogeneous,16,fixed,4.0,1,699,-2.7579,1.2706,2.6219
rl_heterogeneous,16,fixed,4.0,1,700,0.4185,37.8059,-3.7226
rl_heterogeneous,16,fixed,4.0,1,701,0.8482,-3.8050,3.4119
rl_heterogeneous,16,fixed,4.0,1,702,-11.1461,65.7343,-3.0637
rl_heterogeneous,16,fixed,4.0,1,703,12.4232,32.6354,-0.5010
rl_heterogeneous,16,fixed,4.0,1,704,-4.1060,11.8438,0.9485
rl_heterogeneous,16,fixed,4.0,1,705,-17.8036,-18.3618,35.6919
rl_heterogeneous,16,fixed,4.0,1,706,43.1935,106.4279,-0.5946
rl_heterogeneous,16,fixed,4.0,1,707,3.9043,17.4127,0.6875
rl_heterogeneous,16,fixed,4.0,1,708,3.3257,-3.5419,5.3639
rl_heterogeneous,16,fixed,4.0,1,709,-11.8992,-6.9314,2.7892
rl_heterogeneous,16,fixed,4.0,1,710,1.3441,-2.8847,1.6846
rl_heterogeneous,16,fixed,4.0,1,711,5.3346,3.0988,5.2914
rl_heterogeneous,16,fixed,4.0,1,712,2.7386,0.7872,4.0903
rl_heterogeneous,16,fixed,4.0,1,713,1.6926,8.7628,-0.0122
rl_heterogeneous,16,fixed,4.0,1,714,-12.6153,-5.1629,2.7479
rl_heterogeneous,16,fixed,4.0,1,715,-3.3277,-9.8361,2.7291
rl_heterogeneous,16,fixed,4.0,1,716,-1.5679,0.0629,4.1152
rl_heterogeneous,16,fixed,4.0,1,717,0.1414,-4.1086,2.0489
rl_heterogeneous,16,fixed,4.0,1,718,-22.2000,43.4259,-0.4042
rl_heterogeneous,16,fixed,4.0,1,719,-8.2671,1.7082,0.7685
rl_heterogeneous,16,fixed,4.0,1,720,-17.5821,-34.6748,39.0505
rl_heterogeneous,16,fixed,4.0,1,721,-1.1700,-3.2055,4.0074
rl_heterogeneous,16,fixed,4.0,1,722,0.9517,-5.3337,4.2932
rl_heterogeneous,16,fixed,4.0,1,723,-2.3958,-8.0644,2.0388
rl_heterogeneous,16,fixed,4.0,1,724,1.3519,24.7447,-2.0783
rl_heterogeneous,16,fixed,4.0,1,725,-6.2879,-13.4305,2.8683
rl_heterogeneous,16,fixed,4.0,1,726,-0.9262,-2.5391,1.3175
rl_heterogeneous,16,fixed,4.0,1,727,-3.1335,-5.4589,3.5667
rl_heterogeneous,16,fixed,4.0,1,728,-4.8539,-3.2730,2.1355
rl_heterogeneous,16,fixed,4.0,1,729,-1.6897,8.0244,1.5799
rl_heterogeneous,16,fixed,4.0,1,730,2.2844,24.3828,-3.4964
rl_heterogeneous,16,fixed,4.0,1,731,0.9374,14.6230,-1.7665
rl_heterogeneous,16,fixed,4.0,1,732,-2.6791,0.0303,3.1380
rl_heterogeneous,16,fixed,4.0,1,733,-4.9370,-2.6417,2.8283
rl_heterogeneous,16,fixed,4.0,1,734,4.6568,2.9571,1.8761
rl_heterogeneous,16,fixed,4.0,1,735,-22.1607,33.7612,0.5079
rl_heterogeneous,16,fixed,4.0,1,736,-1.5037,-5.2650,2.9105
rl_heterogeneous,16,fixed,4.0,1,737,-2.3144,-5.5775,1.9015
rl_heterogeneous,16,fixed,4.0,1,738,-3.3553,-2.5819,0.9094
rl_heterogeneous,16,fixed,4.0,1,739,0.7590,-7.0743,3.2048
rl_heterogeneous,16,fixed,4.0,1,740,-8.4105,-2.9785,2.9181
rl_heterogeneous,16,fixed,4.0,1,741,-5.8410,-0.8770,1.6281
rl_heterogeneous,16,fixed,4.0,1,742,3.8578,3.7632,-0.9704
rl_heterogeneous,16,fixed,4.0,1,743,-9.0199,-1.3710,4.1787
rl_heterogeneous,16,fixed,4.0,1,744,-6.1443,-6.3069,1.3494
rl_heterogeneous,16,fixed,4.0,1,745,-7.1677,-7.2821,2.9485
rl_heterogeneous,16,fixed,4.0,1,746,-32.9982,-46.2238,28.9323
rl_heterogeneous,16,fixed,4.0,1,747,-3.8849,-5.0535,3.4298
rl_heterogeneous,16,fixed,4.0,1,748,-1.8048,-6.9557,3.1910
rl_heterogeneous,16,fixed,4.0,1,749,-4.9452,1.1218,3.9732
rl_heterogeneous,16,fixed,4.0,1,750,-7.1390,-8.5055,2.6793
rl_heterogeneous,16,fixed,4.0,1,751,-7.2106,-0.9964,1.4788
rl_heterogeneous,16,fixed,4.0,1,752,-6.2382,-9.9956,3.2048
rl_heterogeneous,16,fixed,4.0,1,753,6.0877,42.8048,-7.2701
rl_heterogeneous,16,fixed,4.0,1,754,-17.4483,28.4191,3.8161
rl_heterogeneous,16,fixed,4.0,1,755,12.5529,38.4431,-0.1851
rl_heterogeneous,16,fixed,4.0,1,756,1.9041,6.9201,3.5685
rl_heterogeneous,16,fixed,4.0,1,757,-5.1252,-6.4715,2.6628
rl_heterogeneous,16,fixed,4.0,1,758,-34.0453,-19.5951,24.9907
rl_heterogeneous,16,fixed,4.0,1,759,-8.3542,-7.0837,2.2216
rl_heterogeneous,16,fixed,4.0,1,760,-5.0189,-2.7090,2.5565
rl_heterogeneous,16,fixed,4.0,1,761,3.0295,9.4804,0.1389
rl_heterogeneous,16,fixed,4.0,1,762,-47.9967,-31.8349,18.6912
rl_heterogeneous,16,fixed,4.0,1,763,-6.9962,-7.2950,0.8155
rl_heterogeneous,16,fixed,4.0,1,764,-1.0081,-2.6650,2.2874
rl_heterogeneous,16,fixed,4.0,1,765,-38.3113,-0.2081,10.9630
rl_heterogeneous,16,fixed,4.0,1,766,-0.1470,-6.4248,2.2789
rl_heterogeneous,16,fixed,4.0,1,767,-3.1481,-12.8653,3.3689
rl_heterogeneous,16,fixed,4.0,1,768,0.5823,-4.4452,4.4157
rl_heterogeneous,16,fixed,4.0,1,769,-32.1550,-25.9499,27.8042
rl_heterogeneous,16,fixed,4.0,1,770,317.2735,294.4555,3.3722
rl_heterogeneous,16,fixed,4.0,1,771,-3.7360,25.6142,6.2441
rl_heterogeneous,16,fixed,4.0,1,772,-10.6731,-7.6610,3.1790
rl_heterogeneous,16,fixed,4.0,1,773,-2.6705,-2.8307,1.9596
rl_heterogeneous,16,fixed,4.0,1,774,2.4701,1.0233,2.9725
rl_heterogeneous,16,fixed,4.0,1,775,-8.8663,-6.9138,2.8411
rl_heterogeneous,16,fixed,4.0,1,776,-7.8735,-7.0785,3.9319
rl_heterogeneous,16,fixed,4.0,1,777,4.4676,0.3976,6.7256
rl_heterogeneous,16,fixed,4.0,1,778,-36.9774,-21.9308,23.4187
rl_heterogeneous,16,fixed,4.0,1,779,-8.2973,-6.7192,2.8779
rl_heterogeneous,16,fixed,4.0,1,780,-4.3644,1.7834,1.3496
rl_heterogeneous,16,fixed,4.0,1,781,-22.0995,60.4109,-0.4021
rl_heterogeneous,16,fixed,4.0,1,782,-35.2251,-27.6871,18.8758
rl_heterogeneous,16,fixed,4.0,1,783,-1.1605,-2.2912,1.4978
rl_heterogeneous,16,fixed,4.0,1,784,0.4666,1.3819,2.7213
rl_heterogeneous,16,fixed,4.0,1,785,-3.5641,-2.0289,1.8157
rl_heterogeneous,16,fixed,4.0,1,786,0.4189,-1.6250,4.4082
rl_heterogeneous,16,fixed,4.0,1,787,-3.9571,-5.5127,2.1791
rl_heterogeneous,16,fixed,4.0,1,788,-6.2140,-9.4818,2.5898
rl_heterogeneous,16,fixed,4.0,1,789,-7.9581,-4.6592,2.8068
rl_heterogeneous,16,fixed,4.0,1,790,3.6412,1.8655,1.7487
rl_heterogeneous,16,fixed,4.0,1,791,3.4127,146.9136,-15.1815
rl_heterogeneous,16,fixed,4.0,1,792,-10.8071,-10.0946,2.3162
rl_heterogeneous,16,fixed,4.0,1,793,1.7816,2.2388,3.9298
rl_heterogeneous,16,fixed,4.0,1,794,3.9782,3.1827,4.4650
rl_heterogeneous,16,fixed,4.0,1,795,-18.4995,26.4951,2.1247
rl_heterogeneous,16,fixed,4.0,1,796,-1.6489,52.4760,3.4010
rl_heterogeneous,16,fixed,4.0,1,797,-6.6119,-6.5240,2.0724
rl_heterogeneous,16,fixed,4.0,1,798,-5.7469,-3.4165,4.7108
rl_heterogeneous,16,fixed,4.0,1,799,-6.2750,-6.5480,1.7771
rl_heterogeneous,16,fixed,4.0,1,800,-3.6645,-1.7244,2.1160
rl_heterogeneous,16,fixed,4.0,1,801,-6.8782,87.7473,-10.6430
rl_heterogeneous,16,fixed,4.0,1,802,-4.1757,-6.1264,3.0394
rl_heterogeneous,16,fixed,4.0,1,803,19.4879,39.4585,9.2115
rl_heterogeneous,16,fixed,4.0,1,804,0.3281,5.1551,1.0455
rl_heterogeneous,16,fixed,4.0,1,805,-0.1323,-2.2199,5.0802
rl_heterogeneous,16,fixed,4.0,1,806,-7.6014,-12.2528,3.2846
rl_heterogeneous,16,fixed,4.0,1,807,-0.2091,0.7472,0.2438
rl_heterogeneous,16,fixed,4.0,1,808,-8.0924,-8.9859,2.0073
rl_heterogeneous,16,fixed,4.0,1,809,-7.6808,3.1337,2.8701
rl_heterogeneous,16,fixed,4.0,1,810,-32.4433,-21.3080,12.7403
rl_heterogeneous,16,fixed,4.0,1,811,-1.4982,57.3231,-1.1158
rl_heterogeneous,16,fixed,4.0,1,812,-0.0938,27.1658,-3.5507
rl_heterogeneous,16,fixed,4.0,1,813,0.6489,-3.3747,2.8185
rl_heterogeneous,16,fixed,4.0,1,814,-5.7531,-6.9825,2.7960
rl_heterogeneous,16,fixed,4.0,1,815,3.7944,5.2126,1.6587
rl_heterogeneous,16,fixed,4.0,1,816,3.4126,33.0498,-4.2493
rl_heterogeneous,16,fixed,4.0,1,817,-3.3665,2.8534,5.6821
rl_heterogeneous,16,fixed,4.0,1,818,-6.7367,-7.6630,2.7887
rl_heterogeneous,16,fixed,4.0,1,819,16.2428,58.2632,-11.1320
rl_heterogeneous,16,fixed,4.0,1,820,-2.8830,0.4126,3.7868
rl_heterogeneous,16,fixed,4.0,1,821,-0.0129,-5.2419,2.6490
rl_heterogeneous,16,fixed,4.0,1,822,-3.5595,-3.6819,2.7236
rl_heterogeneous,16,fixed,4.0,1,823,-6.7312,-6.5652,1.6217
rl_heterogeneous,16,fixed,4.0,1,824,-3.1328,-0.5288,3.0749
rl_heterogeneous,16,fixed,4.0,1,825,2.1993,-4.6706,3.1747
rl_heterogeneous,16,fixed,4.0,1,826,2.7685,-6.1435,5.6417
rl_heterogeneous,16,fixed,4.0,1,827,-2.8939,-7.8256,1.3834
rl_heterogeneous,16,fixed,4.0,1,828,-23.2047,-22.0131,32.1555
rl_heterogeneous,16,fixed,4.0,1,829,31.5997,-52.4279,71.0403
rl_heterogeneous,16,fixed,4.0,1,830,-3.2579,-5.8402,3.0334
rl_heterogeneous,16,fixed,4.0,1,831,-7.3855,-4.6534,1.8070
rl_heterogeneous,16,fixed,4.0,1,832,-5.0985,-4.7564,1.9330
rl_heterogeneous,16,fixed,4.0,1,833,-27.4560,-40.5627,26.3549
rl_heterogeneous,16,fixed,4.0,1,834,-1.6165,-2.1960,2.1300
rl_heterogeneous,16,fixed,4.0,1,835,-44.7787,-52.5595,20.8214
rl_heterogeneous,16,fixed,4.0,1,836,-7.7478,0.2177,1.9406
rl_heterogeneous,16,fixed,4.0,1,837,-0.4854,-2.1302,1.5837
rl_heterogeneous,16,fixed,4.0,1,838,-4.5846,-4.3264,2.2133
rl_heterogeneous,16,fixed,4.0,1,839,173.7558,7.2093,146.4746
rl_heterogeneous,16,fixed,4.0,1,840,-1.9515,-3.1816,2.0072
rl_heterogeneous,16,fixed,4.0,1,841,-4.6098,-2.9705,3.9352
rl_heterogeneous,16,fixed,4.0,1,842,-31.1365,4.1556,7.8600
rl_heterogeneous,16,fixed,4.0,1,843,5.4133,-4.3165,1.3363
rl_heterogeneous,16,fixed,4.0,1,844,-0.6262,-4.8491,2.6305
rl_heterogeneous,16,fixed,4.0,1,845,43.9544,42.8386,20.3198
rl_heterogeneous,16,fixed,4.0,1,846,-51.8189,-40.3128,23.7020
rl_heterogeneous,16,fixed,4.0,1,847,5.2439,-31.5574,52.2716
rl_heterogeneous,16,fixed,4.0,1,848,0.7300,1.8611,3.4606
rl_heterogeneous,16,fixed,4.0,1,849,-7.9785,-6.3452,3.0436
rl_heterogeneous,16,fixed,4.0,1,850,-0.6892,-2.3019,3.2372
rl_heterogeneous,16,fixed,4.0,1,851,-4.9684,59.8743,-5.1996
rl_heterogeneous,16,fixed,4.0,1,852,-8.5681,-6.8059,1.5603
rl_heterogeneous,16,fixed,4.0,1,853,-5.0994,-0.2010,1.6986
rl_heterogeneous,16,fixed,4.0,1,854,-8.6878,-4.5228,2.9177
rl_heterogeneous,16,fixed,4.0,1,855,-9.7578,-0.5681,1.6464
rl_heterogeneous,16,fixed,4.0,1,856,3.0472,0.7748,5.6066
rl_heterogeneous,16,fixed,4.0,1,857,-0.9126,-1.7671,1.7658
rl_heterogeneous,16,fixed,4.0,1,858,-5.6950,-6.1287,1.0697
rl_heterogeneous,16,fixed,4.0,1,859,-7.4626,-3.0501,1.6724
rl_heterogeneous,16,fixed,4.0,1,860,1.4471,2.2782,0.7775
rl_heterogeneous,16,fixed,4.0,1,861,-3.8292,2.2200,2.1359
rl_heterogeneous,16,fixed,4.0,1,862,-9.4200,-10.8788,2.9917
rl_heterogeneous,16,fixed,4.0,1,863,-43.7845,-33.7359,17.1173
rl_heterogeneous,16,fixed,4.0,1,864,0.0711,-4.6280,2.0679
rl_heterogeneous,16,fixed,4.0,1,865,-2.6815,-3.9507,1.1048
rl_heterogeneous,16,fixed,4.0,1,866,-5.3127,33.7111,-2.7560
rl_heterogeneous,16,fixed,4.0,1,867,-5.2202,-7.0204,1.8188
rl_heterogeneous,16,fixed,4.0,1,868,-17.1667,-14.8968,26.6898
rl_heterogeneous,16,fixed,4.0,1,869,19.6059,3.9754,42.7621
rl_heterogeneous,16,fixed,4.0,1,870,-4.4014,-8.1918,2.3147
rl_heterogeneous,16,fixed,4.0,1,871,-1.2201,-9.2235,2.1369
rl_heterogeneous,16,fixed,4.0,1,872,-5.3126,-6.7886,3.0967
rl_heterogeneous,16,fixed,4.0,1,873,-4.6008,-9.0139,3.6541
rl_heterogeneous,16,fixed,4.0,1,874,9.5756,18.7214,-2.0590
rl_heterogeneous,16,fixed,4.0,1,875,69.6568,80.6209,17.5300
rl_heterogeneous,16,fixed,4.0,1,876,65.6949,107.0698,16.3559
rl_heterogeneous,16,fixed,4.0,1,877,102.1687,-48.4848,118.1073
rl_heterogeneous,16,fixed,4.0,1,878,-4.3828,-5.6395,1.8787
rl_heterogeneous,16,fixed,4.0,1,879,1.6152,39.9555,-4.4432
rl_heterogeneous,16,fixed,4.0,1,880,-5.7532,-3.5564,2.2366
rl_heterogeneous,16,fixed,4.0,1,881,1.4484,2.2910,0.7448
rl_heterogeneous,16,fixed,4.0,1,882,-6.5933,-7.4213,2.6200
rl_heterogeneous,16,fixed,4.0,1,883,2.7313,3.9975,2.3042
rl_heterogeneous,16,fixed,4.0,1,884,-0.6283,-2.7357,2.6663
rl_heterogeneous,16,fixed,4.0,1,885,2.2016,27.9038,-3.0893
rl_heterogeneous,16,fixed,4.0,1,886,-1.0733,-3.7748,2.1606
rl_heterogeneous,16,fixed,4.0,1,887,-0.7964,-2.6249,2.6712
rl_heterogeneous,16,fixed,4.0,1,888,-8.7933,-1.3581,1.6807
rl_heterogeneous,16,fixed,4.0,1,889,220.2778,228.5344,4.7067
rl_heterogeneous,16,fixed,4.0,1,890,-0.0240,-4.8735,3.1044
rl_heterogeneous,16,fixed,4.0,1,891,-1.6285,31.7270,-3.5831
rl_heterogeneous,16,fixed,4.0,1,892,-5.8478,-3.4213,2.3993
rl_heterogeneous,16,fixed,4.0,1,893,-1.7792,-3.4508,2.9969
rl_heterogeneous,16,fixed,4.0,1,894,-1.4254,1.7222,1.2428
rl_heterogeneous,16,fixed,4.0,1,895,-7.9744,-4.1354,2.4136
rl_heterogeneous,16,fixed,4.0,1,896,-8.3045,-0.1581,1.8717
rl_heterogeneous,16,fixed,4.0,1,897,63.1193,-25.1826,67.2940
rl_heterogeneous,16,fixed,4.0,1,898,-12.9480,-1.3583,23.9301
rl_heterogeneous,16,fixed,4.0,1,899,6.3983,3.3059,3.1633
rl_heterogeneous,16,fixed,4.0,1,900,4.3482,1.9294,3.8424
rl_heterogeneous,16,fixed,4.0,1,901,12.0743,-5.2707,48.6728
rl_heterogeneous,16,fixed,4.0,1,902,-2.8471,-3.5078,1.3236
rl_heterogeneous,16,fixed,4.0,1,903,-9.0204,-4.9371,2.7126
rl_heterogeneous,16,fixed,4.0,1,904,-1.5337,0.6656,6.3300
rl_heterogeneous,16,fixed,4.0,1,905,-2.2023,-2.3551,2.9476
rl_heterogeneous,16,fixed,4.0,1,906,-2.1476,-5.7628,3.0938
rl_heterogeneous,16,fixed,4.0,1,907,19.0256,15.9124,1.7119
rl_heterogeneous,16,fixed,4.0,1,908,63.0955,175.4051,-3.2425
rl_heterogeneous,16,fixed,4.0,1,909,-0.2223,-7.1287,4.1674
rl_heterogeneous,16,fixed,4.0,1,910,21.9264,-38.9583,60.0755
rl_heterogeneous,16,fixed,4.0,1,911,6.4843,21.6001,-1.0566
rl_heterogeneous,16,fixed,4.0,1,912,-1.2020,-2.8749,2.4744
rl_heterogeneous,16,fixed,4.0,1,913,-1.3459,-4.5674,2.4737
rl_heterogeneous,16,fixed,4.0,1,914,1.2593,-3.2125,4.2550
rl_heterogeneous,16,fixed,4.0,1,915,5.1648,1.9215,0.6466
rl_heterogeneous,16,fixed,4.0,1,916,2.4440,3.2460,1.2779
rl_heterogeneous,16,fixed,4.0,1,917,-3.6579,-8.1719,3.4906
rl_heterogeneous,16,fixed,4.0,1,918,-5.6542,-5.2248,1.3031
rl_heterogeneous,16,fixed,4.0,1,919,-6.7780,-2.2061,3.9873
rl_heterogeneous,16,fixed,4.0,1,920,129.9979,190.4021,18.4929
rl_heterogeneous,16,fixed,4.0,1,921,-21.8204,22.3710,4.9858
rl_heterogeneous,16,fixed,4.0,1,922,-39.1033,-34.3679,20.5633
rl_heterogeneous,16,fixed,4.0,1,923,-5.9644,-6.4844,3.6182
rl_heterogeneous,16,fixed,4.0,1,924,-7.7680,-5.1339,2.2971
rl_heterogeneous,16,fixed,4.0,1,925,-2.1066,6.8653,0.3728
rl_heterogeneous,16,fixed,4.0,1,926,-0.3667,3.1095,1.7043
rl_heterogeneous,16,fixed,4.0,1,927,-4.2611,-3.2466,2.8107
rl_heterogeneous,16,fixed,4.0,1,928,-1.0810,-0.4062,1.5130
rl_heterogeneous,16,fixed,4.0,1,929,568.3714,497.7661,122.6935
rl_heterogeneous,16,fixed,4.0,1,930,0.8543,-2.7603,1.6883
rl_heterogeneous,16,fixed,4.0,1,931,0.0859,-3.8632,1.6264
rl_heterogeneous,16,fixed,4.0,1,932,-3.3152,-0.9879,2.8419
rl_heterogeneous,16,fixed,4.0,1,933,-4.4465,-2.2790,1.7510
rl_heterogeneous,16,fixed,4.0,1,934,-42.3608,-42.7783,23.0191
rl_heterogeneous,16,fixed,4.0,1,935,16.2287,36.5489,-0.7870
rl_heterogeneous,16,fixed,4.0,1,936,186.5732,55.6910,180.4988
rl_heterogeneous,16,fixed,4.0,1,937,6.8846,-13.6698,47.9699
rl_heterogeneous,16,fixed,4.0,1,938,-12.7370,-2.2941,2.0651
rl_heterogeneous,16,fixed,4.0,1,939,4.7784,24.3972,-4.3219
rl_heterogeneous,16,fixed,4.0,1,940,0.5485,-0.0661,3.2593
rl_heterogeneous,16,fixed,4.0,1,941,29.5454,19.7445,2.6577
rl_heterogeneous,16,fixed,4.0,1,942,-4.5262,1.2300,4.5650
rl_heterogeneous,16,fixed,4.0,1,943,-6.2934,-0.7910,3.0082
rl_heterogeneous,16,fixed,4.0,1,944,-35.9635,-42.5265,19.4899
rl_heterogeneous,16,fixed,4.0,1,945,-7.0415,-6.7874,3.4847
rl_heterogeneous,16,fixed,4.0,1,946,0.6807,2.2385,1.1721
rl_heterogeneous,16,fixed,4.0,1,947,-6.7493,-5.6484,2.5875
rl_heterogeneous,16,fixed,4.0,1,948,-2.8341,-5.2678,1.6278
rl_heterogeneous,16,fixed,4.0,1,949,12.3450,13.7829,0.8581
rl_heterogeneous,16,fixed,4.0,1,950,-3.8903,-8.5439,2.0777
rl_heterogeneous,16,fixed,4.0,1,951,-11.1071,-1.4746,2.9016
rl_heterogeneous,16,fixed,4.0,1,952,-9.7833,-0.0150,1.0114
rl_heterogeneous,16,fixed,4.0,1,953,-1.4811,-6.2909,4.0101
rl_heterogeneous,16,fixed,4.0,1,954,5.3316,28.9892,-4.0619
rl_heterogeneous,16,fixed,4.0,1,955,-6.3758,-2.2127,3.3088
rl_heterogeneous,16,fixed,4.0,1,956,-43.0649,-60.0803,23.9958
rl_heterogeneous,16,fixed,4.0,1,957,-5.5912,-6.9627,2.8309
rl_heterogeneous,16,fixed,4.0,1,958,0.8603,-1.8693,3.9066
rl_heterogeneous,16,fixed,4.0,1,959,128.1253,-32.2132,134.5399
rl_heterogeneous,16,fixed,4.0,1,960,-7.1169,-5.2656,4.6992
rl_heterogeneous,16,fixed,4.0,1,961,-14.7473,-4.9035,23.1434
rl_heterogeneous,16,fixed,4.0,1,962,-2.2624,2.5763,1.6317
rl_heterogeneous,16,fixed,4.0,1,963,-0.2272,-0.9705,3.0339
rl_heterogeneous,16,fixed,4.0,1,964,-1.2132,-5.4030,1.3345
rl_heterogeneous,16,fixed,4.0,1,965,0.5810,-3.8367,3.3876
rl_heterogeneous,16,fixed,4.0,1,966,0.4559,-2.5826,2.5654
rl_heterogeneous,16,fixed,4.0,1,967,-2.7485,-6.0764,3.2712
rl_heterogeneous,16,fixed,4.0,1,968,-46.7262,-58.6542,27.7990
rl_heterogeneous,16,fixed,4.0,1,969,-0.2188,16.3751,-1.2429
rl_heterogeneous,16,fixed,4.0,1,970,-2.2051,9.2113,0.2479
rl_heterogeneous,16,fixed,4.0,1,971,-6.1617,5.6801,1.2733
rl_heterogeneous,16,fixed,4.0,1,972,63.9085,-21.6710,77.3225
rl_heterogeneous,16,fixed,4.0,1,973,-4.4215,-3.1575,3.1903
rl_heterogeneous,16,fixed,4.0,1,974,-4.3165,-4.1148,2.8942
rl_heterogeneous,16,fixed,4.0,1,975,-50.8259,-50.6365,21.0715
rl_heterogeneous,16,fixed,4.0,1,976,3.9446,-1.4784,3.0936
rl_heterogeneous,16,fixed,4.0,1,977,-6.7729,-8.7133,2.6200
rl_heterogeneous,16,fixed,4.0,1,978,-0.3432,-1.6689,1.6194
rl_heterogeneous,16,fixed,4.0,1,979,-4.7277,1.4943,2.3635
rl_heterogeneous,16,fixed,4.0,1,980,-7.6646,-8.6803,3.3144
rl_heterogeneous,16,fixed,4.0,1,981,-5.6956,-8.5953,2.6916
rl_heterogeneous,16,fixed,4.0,1,982,2.9176,0.0373,0.2355
rl_heterogeneous,16,fixed,4.0,1,983,-6.5752,-8.5479,2.5957
rl_heterogeneous,16,fixed,4.0,1,984,-46.8582,-59.0984,24.4372
rl_heterogeneous,16,fixed,4.0,1,985,-6.2199,-11.1128,2.5765
rl_heterogeneous,16,fixed,4.0,1,986,3.2597,-4.3889,4.2926
rl_heterogeneous,16,fixed,4.0,1,987,-3.2445,-6.5006,2.6700
rl_heterogeneous,16,fixed,4.0,1,988,3.5621,18.0644,11.7449
rl_heterogeneous,16,fixed,4.0,1,989,-3.9771,-4.6541,2.7127
rl_heterogeneous,16,fixed,4.0,1,990,-5.2324,-0.3368,4.6886
rl_heterogeneous,16,fixed,4.0,1,991,-10.5348,-4.9303,2.0183
rl_heterogeneous,16,fixed,4.0,1,992,-4.1975,-8.2549,3.5391
rl_heterogeneous,16,fixed,4.0,1,993,-7.0912,-8.5331,2.2235
rl_heterogeneous,16,fixed,4.0,1,994,-5.6413,1.7617,1.6158
rl_heterogeneous,16,fixed,4.0,1,995,-2.7515,-1.0086,2.3031
rl_heterogeneous,16,fixed,4.0,1,996,0.4307,-1.3632,0.2297
rl_heterogeneous,16,fixed,4.0,1,997,-1.6456,-3.6420,3.0772
rl_heterogeneous,16,fixed,4.0,1,998,-2.8120,-13.2475,3.5290
rl_heterogeneous,16,fixed,4.0,1,999,-7.2169,-8.6231,2.5725
rl_heterogeneous,16,fixed,4.0,1,1000,-1.8966,-10.8621,3.0272
