population,copies,depth,depth_divisor,spread,seed,background_return,bloc_return,maker_pnl
none,0,scaling,1.0,0,1,-4.6837,0.0000,-0.8113
none,0,scaling,1.0,0,2,7.1177,0.0000,4.7971
none,0,scaling,1.0,0,3,-11.3917,0.0000,-1.8547
none,0,scaling,1.0,0,4,-1.7441,0.0000,0.8275
none,0,scaling,1.0,0,5,-7.1287,0.0000,-2.6826
none,0,scaling,1.0,0,6,0.5182,0.0000,0.2039
none,0,scaling,1.0,0,7,6.0317,0.0000,3.4936
none,0,scaling,1.0,0,8,-4.8628,0.0000,-1.4091
none,0,scaling,1.0,0,9,-2.3533,0.0000,0.1626
none,0,scaling,1.0,0,10,1.2166,0.0000,0.2630
none,0,scaling,1.0,0,11,-0.5438,0.0000,-1.2560
none,0,scaling,1.0,0,12,8.5144,0.0000,3.6851
none,0,scaling,1.0,0,13,0.2663,0.0000,3.4904
none,0,scaling,1.0,0,14,-11.5434,0.0000,-2.6839
none,0,scaling,1.0,0,15,-2.0998,0.0000,-1.2670
none,0,scaling,1.0,0,16,3.1552,0.0000,2.3672
none,0,scaling,1.0,0,17,-4.2877,0.0000,-3.0158
none,0,scaling,1.0,0,18,-1.8233,0.0000,-1.7515
none,0,scaling,1.0,0,19,-4.5284,0.0000,-1.3909
none,0,scaling,1.0,0,20,-6.7983,0.0000,-0.6988
none,0,scaling,1.0,0,21,1.2724,0.0000,-0.3597
none,0,scaling,1.0,0,22,-7.4675,0.0000,-3.3923
none,0,scaling,1.0,0,23,-8.1664,0.0000,0.0924
none,0,scaling,1.0,0,24,-4.8282,0.0000,-0.4611
none,0,scaling,1.0,0,25,-1.9674,0.0000,-0.2539
none,0,scaling,1.0,0,26,4.5334,0.0000,0.4995
none,0,scaling,1.0,0,27,-2.6211,0.0000,-0.5206
none,0,scaling,1.0,0,28,4.0349,0.0000,3.8170
none,0,scaling,1.0,0,29,-1.2491,0.0000,-1.7886
none,0,scaling,1.0,0,30,1.6220,0.0000,2.7156
none,0,scaling,1.0,0,31,-6.9010,0.0000,-0.9565
none,0,scaling,1.0,0,32,-10.5434,0.0000,-3.1209
none,0,scaling,1.0,0,33,4.8870,0.0000,5.7283
none,0,scaling,1.0,0,34,-2.3236,0.0000,-1.6914
none,0,scaling,1.0,0,35,0.8938,0.0000,-0.9215
none,0,scaling,1.0,0,36,-2.9895,0.0000,-1.5586
none,0,scaling,1.0,0,37,1.3677,0.0000,2.9833
none,0,scaling,1.0,0,38,5.4202,0.0000,3.0520
none,0,scaling,1.0,0,39,5.4075,0.0000,3.3915
none,0,scaling,1.0,0,40,-8.7307,0.0000,-2.0862
none,0,scaling,1.0,0,41,1.9360,0.0000,1.3117
none,0,scaling,1.0,0,42,-11.6599,0.0000,0.0041
none,0,scaling,1.0,0,43,2.7322,0.0000,3.0810
none,0,scaling,1.0,0,44,3.0539,0.0000,1.4495
none,0,scaling,1.0,0,45,-2.4832,0.0000,-1.3723
none,0,scaling,1.0,0,46,-3.7926,0.0000,-2.4053
none,0,scaling,1.0,0,47,-3.8669,0.0000,-1.5168
none,0,scaling,1.0,0,48,2.9280,0.0000,1.1439
none,0,scaling,1.0,0,49,3.8423,0.0000,2.0809
none,0,scaling,1.0,0,50,-4.3721,0.0000,-0.8055
none,0,scaling,1.0,0,51,2.0718,0.0000,0.3057
none,0,scaling,1.0,0,52,2.0278,0.0000,3.1001
none,0,scaling,1.0,0,53,-0.7397,0.0000,-0.4080
none,0,scaling,1.0,0,54,-2.9701,0.0000,-1.5897
none,0,scaling,1.0,0,55,1.4681,0.0000,0.9535
none,0,scaling,1.0,0,56,0.5421,0.0000,3.1040
none,0,scaling,1.0,0,57,5.6933,0.0000,2.4256
none,0,scaling,1.0,0,58,-3.6946,0.0000,-0.1692
none,0,scaling,1.0,0,59,4.7964,0.0000,-0.4810
none,0,scaling,1.0,0,60,-1.9742,0.0000,1.8793
none,0,scaling,1.0,0,61,4.3168,0.0000,2.4523
none,0,scaling,1.0,0,62,-2.6441,0.0000,-0.2656
none,0,scaling,1.0,0,63,1.4193,0.0000,0.0796
none,0,scaling,1.0,0,64,-6.0086,0.0000,-1.3822
none,0,scaling,1.0,0,65,1.1338,0.0000,2.9190
none,0,scaling,1.0,0,66,0.3322,0.0000,-1.9653
none,0,scaling,1.0,0,67,-8.4838,0.0000,-2.5551
none,0,scaling,1.0,0,68,-4.3074,0.0000,-2.4808
none,0,scaling,1.0,0,69,0.3296,0.0000,2.3161
none,0,scaling,1.0,0,70,6.4525,0.0000,3.1469
none,0,scaling,1.0,0,71,3.2761,0.0000,3.7265
none,0,scaling,1.0,0,72,-5.1981,0.0000,1.2096
none,0,scaling,1.0,0,73,-8.6495,0.0000,-1.1633
none,0,scaling,1.0,0,74,-8.4533,0.0000,-2.7401
none,0,scaling,1.0,0,75,3.6917,0.0000,0.3217
none,0,scaling,1.0,0,76,-4.5699,0.0000,-1.6391
none,0,scaling,1.0,0,77,0.8387,0.0000,3.0860
none,0,scaling,1.0,0,78,1.2552,0.0000,1.2581
none,0,scaling,1.0,0,79,-11.2330,0.0000,-2.5069
none,0,scaling,1.0,0,80,-3.0284,0.0000,-2.0279
none,0,scaling,1.0,0,81,-2.5674,0.0000,-0.6705
none,0,scaling,1.0,0,82,1.1815,0.0000,4.0895
none,0,scaling,1.0,0,83,0.0330,0.0000,1.4201
none,0,scaling,1.0,0,84,4.2055,0.0000,1.5915
none,0,scaling,1.0,0,85,3.9906,0.0000,0.7071
none,0,scaling,1.0,0,86,-0.2501,0.0000,1.8008
none,0,scaling,1.0,0,87,-7.0097,0.0000,-2.8718
none,0,scaling,1.0,0,88,-5.4611,0.0000,-0.8997
none,0,scaling,1.0,0,89,3.5187,0.0000,2.0664
none,0,scaling,1.0,0,90,-0.1947,0.0000,0.6099
none,0,scaling,1.0,0,91,1.8462,0.0000,1.7106
none,0,scaling,1.0,0,92,-6.0823,0.0000,-1.5795
none,0,scaling,1.0,0,93,0.4267,0.0000,2.3431
none,0,scaling,1.0,0,94,-7.3538,0.0000,-1.6200
none,0,scaling,1.0,0,95,0.8741,0.0000,-0.5397
none,0,scaling,1.0,0,96,-0.7239,0.0000,-2.1420
none,0,scaling,1.0,0,97,-11.9513,0.0000,-4.1186
none,0,scaling,1.0,0,98,-10.4999,0.0000,-3.1398
none,0,scaling,1.0,0,99,2.6601,0.0000,3.7423
none,0,scaling,1.0,0,100,4.1442,0.0000,0.9487
none,0,scaling,1.0,0,101,-0.4200,0.0000,1.2623
none,0,scaling,1.0,0,102,-1.0442,0.0000,0.9555
none,0,scaling,1.0,0,103,-8.2416,0.0000,-0.0873
none,0,scaling,1.0,0,104,-3.9998,0.0000,-0.9269
none,0,scaling,1.0,0,105,4.5872,0.0000,1.5051
none,0,scaling,1.0,0,106,-5.8905,0.0000,0.5280
none,0,scaling,1.0,0,107,-2.3647,0.0000,-2.0720
none,0,scaling,1.0,0,108,-0.3716,0.0000,2.2136
none,0,scaling,1.0,0,109,-0.5670,0.0000,-1.0997
none,0,scaling,1.0,0,110,2.0700,0.0000,3.2653
none,0,scaling,1.0,0,111,-4.9250,0.0000,0.2159
none,0,scaling,1.0,0,112,-2.5012,0.0000,-0.9045
none,0,scaling,1.0,0,113,-5.0479,0.0000,-3.6345
none,0,scaling,1.0,0,114,-5.8789,0.0000,0.3182
none,0,scaling,1.0,0,115,-2.5367,0.0000,1.6312
none,0,scaling,1.0,0,116,-1.2870,0.0000,-1.9981
none,0,scaling,1.0,0,117,-0.7637,0.0000,0.0020
none,0,scaling,1.0,0,118,2.0565,0.0000,0.4023
none,0,scaling,1.0,0,119,-3.6503,0.0000,0.2073
none,0,scaling,1.0,0,120,-3.1088,0.0000,-1.1931
none,0,scaling,1.0,0,121,6.0902,0.0000,1.9131
none,0,scaling,1.0,0,122,-5.0576,0.0000,-0.0506
none,0,scaling,1.0,0,123,2.0948,0.0000,3.5811
none,0,scaling,1.0,0,124,0.3398,0.0000,1.8571
none,0,scaling,1.0,0,125,-1.0383,0.0000,0.1476
none,0,scaling,1.0,0,126,6.9242,0.0000,2.0332
none,0,scaling,1.0,0,127,7.4696,0.0000,2.0161
none,0,scaling,1.0,0,128,-3.0838,0.0000,0.0181
none,0,scaling,1.0,0,129,0.7366,0.0000,2.4449
none,0,scaling,1.0,0,130,6.0812,0.0000,2.2392
none,0,scaling,1.0,0,131,-0.5717,0.0000,1.5185
none,0,scaling,1.0,0,132,0.4481,0.0000,1.5898
none,0,scaling,1.0,0,133,2.2207,0.0000,2.2302
none,0,scaling,1.0,0,134,8.4664,0.0000,5.2081
none,0,scaling,1.0,0,135,1.8981,0.0000,1.3803
none,0,scaling,1.0,0,136,2.8112,0.0000,2.7794
none,0,scaling,1.0,0,137,-1.9573,0.0000,-0.9962
none,0,scaling,1.0,0,138,1.9876,0.0000,1.0469
none,0,scaling,1.0,0,139,5.0556,0.0000,1.2275
none,0,scaling,1.0,0,140,-5.8392,0.0000,-2.5077
none,0,scaling,1.0,0,141,1.6721,0.0000,2.0847
none,0,scaling,1.0,0,142,-7.0570,0.0000,-2.7012
none,0,scaling,1.0,0,143,-1.6298,0.0000,-1.0077
none,0,scaling,1.0,0,144,-2.8421,0.0000,-1.8117
none,0,scaling,1.0,0,145,-5.0336,0.0000,-1.8578
none,0,scaling,1.0,0,146,5.5326,0.0000,1.8876
none,0,scaling,1.0,0,147,0.7024,0.0000,1.5647
none,0,scaling,1.0,0,148,-4.6186,0.0000,-0.8588
none,0,scaling,1.0,0,149,-0.6982,0.0000,1.7808
none,0,scaling,1.0,0,150,-4.9081,0.0000,-2.4105
none,0,scaling,1.0,0,151,-5.0120,0.0000,-0.8747
none,0,scaling,1.0,0,152,-5.9932,0.0000,-1.1152
none,0,scaling,1.0,0,153,3.7006,0.0000,0.0303
none,0,scaling,1.0,0,154,-10.5143,0.0000,0.1834
none,0,scaling,1.0,0,155,1.1884,0.0000,0.3645
none,0,scaling,1.0,0,156,-5.0445,0.0000,-2.9656
none,0,scaling,1.0,0,157,0.0671,0.0000,-1.3263
none,0,scaling,1.0,0,158,0.1870,0.0000,-0.6170
none,0,scaling,1.0,0,159,-18.1364,0.0000,-5.4668
none,0,scaling,1.0,0,160,-8.1085,0.0000,-1.4541
none,0,scaling,1.0,0,161,-1.3156,0.0000,3.1515
none,0,scaling,1.0,0,162,4.8456,0.0000,1.5623
none,0,scaling,1.0,0,163,-3.2258,0.0000,-1.4448
none,0,scaling,1.0,0,164,-2.4664,0.0000,2.0869
none,0,scaling,1.0,0,165,-5.0613,0.0000,-2.8126
none,0,scaling,1.0,0,166,4.5727,0.0000,2.5312
none,0,scaling,1.0,0,167,1.2229,0.0000,0.2057
none,0,scaling,1.0,0,168,3.9167,0.0000,1.2484
none,0,scaling,1.0,0,169,0.4703,0.0000,0.6928
none,0,scaling,1.0,0,170,1.7409,0.0000,0.6532
none,0,scaling,1.0,0,171,-1.9080,0.0000,-2.2078
none,0,scaling,1.0,0,172,2.1399,0.0000,3.2812
none,0,scaling,1.0,0,173,3.6890,0.0000,1.2851
none,0,scaling,1.0,0,174,-3.0643,0.0000,-1.0563
none,0,scaling,1.0,0,175,-2.9526,0.0000,0.9657
none,0,scaling,1.0,0,176,-1.6087,0.0000,-2.1122
none,0,scaling,1.0,0,177,-0.8637,0.0000,-0.2489
none,0,scaling,1.0,0,178,-1.9056,0.0000,0.2150
none,0,scaling,1.0,0,179,0.8548,0.0000,-0.1177
none,0,scaling,1.0,0,180,1.0343,0.0000,0.9156
none,0,scaling,1.0,0,181,-2.9329,0.0000,1.6696
none,0,scaling,1.0,0,182,1.3929,0.0000,2.6667
none,0,scaling,1.0,0,183,7.6447,0.0000,4.4044
none,0,scaling,1.0,0,184,2.8056,0.0000,0.7829
none,0,scaling,1.0,0,185,-1.8056,0.0000,0.2556
none,0,scaling,1.0,0,186,-4.5793,0.0000,-1.1834
none,0,scaling,1.0,0,187,-0.0364,0.0000,-0.5750
none,0,scaling,1.0,0,188,-1.6013,0.0000,-0.6265
none,0,scaling,1.0,0,189,-0.3500,0.0000,2.1534
none,0,scaling,1.0,0,190,1.1670,0.0000,1.2231
none,0,scaling,1.0,0,191,2.3226,0.0000,2.2909
none,0,scaling,1.0,0,192,-0.4487,0.0000,-1.2932
none,0,scaling,1.0,0,193,-0.0647,0.0000,1.0069
none,0,scaling,1.0,0,194,-5.6699,0.0000,-0.8234
none,0,scaling,1.0,0,195,5.3611,0.0000,2.7105
none,0,scaling,1.0,0,196,8.5545,0.0000,5.8022
none,0,scaling,1.0,0,197,-3.6150,0.0000,-2.3439
none,0,scaling,1.0,0,198,3.7808,0.0000,2.0576
none,0,scaling,1.0,0,199,-5.8192,0.0000,-1.7788
none,0,scaling,1.0,0,200,-2.2146,0.0000,-0.6341
none,0,scaling,1.0,0,201,-1.8596,0.0000,0.3854
none,0,scaling,1.0,0,202,4.4740,0.0000,1.9452
none,0,scaling,1.0,0,203,3.7300,0.0000,0.9420
none,0,scaling,1.0,0,204,-1.4415,0.0000,-1.2063
none,0,scaling,1.0,0,205,-8.3847,0.0000,-1.5346
none,0,scaling,1.0,0,206,-2.1986,0.0000,-0.5819
none,0,scaling,1.0,0,207,9.5165,0.0000,4.5676
none,0,scaling,1.0,0,208,-6.4514,0.0000,-2.6006
none,0,scaling,1.0,0,209,-18.3602,0.0000,-5.6790
none,0,scaling,1.0,0,210,-14.6148,0.0000,-4.6940
none,0,scaling,1.0,0,211,5.5796,0.0000,0.4992
none,0,scaling,1.0,0,212,5.0313,0.0000,2.3607
none,0,scaling,1.0,0,213,-0.8346,0.0000,-0.4041
none,0,scaling,1.0,0,214,-3.8216,0.0000,0.5442
none,0,scaling,1.0,0,215,-2.3789,0.0000,0.3110
none,0,scaling,1.0,0,216,-1.5355,0.0000,0.9000
none,0,scaling,1.0,0,217,0.8609,0.0000,0.8512
none,0,scaling,1.0,0,218,-3.1881,0.0000,-0.5963
none,0,scaling,1.0,0,219,1.9328,0.0000,0.1619
none,0,scaling,1.0,0,220,-5.0477,0.0000,-1.8793
none,0,scaling,1.0,0,221,-5.5338,0.0000,0.8823
none,0,scaling,1.0,0,222,4.1428,0.0000,1.3576
none,0,scaling,1.0,0,223,-3.6079,0.0000,-2.1367
none,0,scaling,1.0,0,224,4.8068,0.0000,2.9805
none,0,scaling,1.0,0,225,3.2733,0.0000,0.9338
none,0,scaling,1.0,0,226,-3.8078,0.0000,-1.1933
none,0,scaling,1.0,0,227,2.7558,0.0000,0.1958
none,0,scaling,1.0,0,228,1.7861,0.0000,3.6359
none,0,scaling,1.0,0,229,-1.9010,0.0000,0.6255
none,0,scaling,1.0,0,230,-3.1097,0.0000,-0.2532
none,0,scaling,1.0,0,231,2.6746,0.0000,1.2890
none,0,scaling,1.0,0,232,-3.4459,0.0000,-2.5641
none,0,scaling,1.0,0,233,2.5257,0.0000,-0.6441
none,0,scaling,1.0,0,234,-7.3186,0.0000,-2.8104
none,0,scaling,1.0,0,235,-2.0309,0.0000,1.5154
none,0,scaling,1.0,0,236,-11.0391,0.0000,-2.9883
none,0,scaling,1.0,0,237,3.5064,0.0000,2.1786
none,0,scaling,1.0,0,238,2.8313,0.0000,0.8170
none,0,scaling,1.0,0,239,-3.8022,0.0000,0.5117
none,0,scaling,1.0,0,240,0.6375,0.0000,-0.6425
none,0,scaling,1.0,0,241,-3.0373,0.0000,-2.1834
none,0,scaling,1.0,0,242,5.4696,0.0000,0.5146
none,0,scaling,1.0,0,243,1.6921,0.0000,1.8690
none,0,scaling,1.0,0,244,2.6075,0.0000,3.1334
none,0,scaling,1.0,0,245,-2.7033,0.0000,-1.2992
none,0,scaling,1.0,0,246,5.6800,0.0000,2.8489
none,0,scaling,1.0,0,247,-1.2394,0.0000,1.1087
none,0,scaling,1.0,0,248,-8.3864,0.0000,-3.0927
none,0,scaling,1.0,0,249,1.9717,0.0000,0.6484
none,0,scaling,1.0,0,250,6.6799,0.0000,2.4647
none,0,scaling,1.0,0,251,1.2745,0.0000,2.5011
none,0,scaling,1.0,0,252,-7.3966,0.0000,-1.3525
none,0,scaling,1.0,0,253,-1.8065,0.0000,-0.1501
none,0,scaling,1.0,0,254,-8.4814,0.0000,-2.6664
none,0,scaling,1.0,0,255,2.4194,0.0000,-0.5812
none,0,scaling,1.0,0,256,5.3516,0.0000,2.7205
none,0,scaling,1.0,0,257,-5.4875,0.0000,-1.7251
none,0,scaling,1.0,0,258,-2.7957,0.0000,0.4041
none,0,scaling,1.0,0,259,-10.7052,0.0000,-2.7322
none,0,scaling,1.0,0,260,1.2730,0.0000,1.4555
none,0,scaling,1.0,0,261,1.3950,0.0000,-0.0737
none,0,scaling,1.0,0,262,-5.8621,0.0000,-1.9604
none,0,scaling,1.0,0,263,-9.1722,0.0000,-3.2329
none,0,scaling,1.0,0,264,1.4136,0.0000,-0.1079
none,0,scaling,1.0,0,265,-12.3838,0.0000,-4.4952
none,0,scaling,1.0,0,266,-6.7791,0.0000,-1.9559
none,0,scaling,1.0,0,267,0.9150,0.0000,1.5020
none,0,scaling,1.0,0,268,-6.0477,0.0000,-3.1651
none,0,scaling,1.0,0,269,-2.5235,0.0000,-1.8944
none,0,scaling,1.0,0,270,-0.2988,0.0000,-0.1071
none,0,scaling,1.0,0,271,-6.0372,0.0000,-1.5836
none,0,scaling,1.0,0,272,4.7158,0.0000,3.1562
none,0,scaling,1.0,0,273,3.0102,0.0000,3.9234
none,0,scaling,1.0,0,274,-6.9426,0.0000,-1.4021
none,0,scaling,1.0,0,275,-1.2267,0.0000,-0.5311
none,0,scaling,1.0,0,276,-1.1048,0.0000,3.5326
none,0,scaling,1.0,0,277,5.4362,0.0000,3.0768
none,0,scaling,1.0,0,278,-3.4019,0.0000,0.7675
none,0,scaling,1.0,0,279,-1.3009,0.0000,-1.1870
none,0,scaling,1.0,0,280,-4.8178,0.0000,-0.6971
none,0,scaling,1.0,0,281,4.1446,0.0000,1.0363
none,0,scaling,1.0,0,282,-4.1898,0.0000,-2.3384
none,0,scaling,1.0,0,283,-2.7234,0.0000,-2.0938
none,0,scaling,1.0,0,284,-15.2021,0.0000,-1.3594
none,0,scaling,1.0,0,285,-2.9662,0.0000,-1.8981
none,0,scaling,1.0,0,286,-5.3540,0.0000,-1.3906
none,0,scaling,1.0,0,287,-0.0346,0.0000,-0.5369
none,0,scaling,1.0,0,288,2.4137,0.0000,1.1928
none,0,scaling,1.0,0,289,-1.2485,0.0000,1.4255
none,0,scaling,1.0,0,290,-1.2893,0.0000,0.1611
none,0,scaling,1.0,0,291,-6.1960,0.0000,-3.2459
none,0,scaling,1.0,0,292,-9.3893,0.0000,-3.5360
none,0,scaling,1.0,0,293,-13.6772,0.0000,-4.2294
none,0,scaling,1.0,0,294,3.2624,0.0000,0.3315
none,0,scaling,1.0,0,295,-1.5609,0.0000,-0.6345
none,0,scaling,1.0,0,296,1.8443,0.0000,1.6554
none,0,scaling,1.0,0,297,6.0970,0.0000,3.6286
none,0,scaling,1.0,0,298,2.5737,0.0000,3.0169
none,0,scaling,1.0,0,299,0.3927,0.0000,0.0523
none,0,scaling,1.0,0,300,-4.1027,0.0000,-0.6832
none,0,scaling,1.0,0,301,-4.1045,0.0000,-1.2213
none,0,scaling,1.0,0,302,-3.8763,0.0000,1.9267
none,0,scaling,1.0,0,303,2.6433,0.0000,1.9813
none,0,scaling,1.0,0,304,7.1218,0.0000,4.1168
none,0,scaling,1.0,0,305,2.0731,0.0000,-0.6400
none,0,scaling,1.0,0,306,-7.3885,0.0000,-3.8761
none,0,scaling,1.0,0,307,-1.3225,0.0000,-2.1971
none,0,scaling,1.0,0,308,5.0315,0.0000,0.8698
none,0,scaling,1.0,0,309,-3.8844,0.0000,1.3621
none,0,scaling,1.0,0,310,2.1416,0.0000,0.7222
none,0,scaling,1.0,0,311,-4.7098,0.0000,-1.4526
none,0,scaling,1.0,0,312,-4.9080,0.0000,0.7734
none,0,scaling,1.0,0,313,-3.0789,0.0000,-0.7825
none,0,scaling,1.0,0,314,-6.5486,0.0000,0.8052
none,0,scaling,1.0,0,315,3.6651,0.0000,1.1933
none,0,scaling,1.0,0,316,-3.0707,0.0000,-0.7701
none,0,scaling,1.0,0,317,-4.4106,0.0000,-2.9896
none,0,scaling,1.0,0,318,4.8021,0.0000,6.5467
none,0,scaling,1.0,0,319,-10.1141,0.0000,-1.2065
none,0,scaling,1.0,0,320,6.0631,0.0000,0.2397
none,0,scaling,1.0,0,321,0.6082,0.0000,1.8334
none,0,scaling,1.0,0,322,4.8315,0.0000,1.6444
none,0,scaling,1.0,0,323,2.5535,0.0000,0.0762
none,0,scaling,1.0,0,324,5.5653,0.0000,1.5424
none,0,scaling,1.0,0,325,-2.3266,0.0000,-0.5625
none,0,scaling,1.0,0,326,-3.1578,0.0000,0.5676
none,0,scaling,1.0,0,327,4.5848,0.0000,2.2890
none,0,scaling,1.0,0,328,3.6684,0.0000,0.1450
none,0,scaling,1.0,0,329,-1.6169,0.0000,-0.1931
none,0,scaling,1.0,0,330,-7.1090,0.0000,-2.6704
none,0,scaling,1.0,0,331,6.1484,0.0000,5.1289
none,0,scaling,1.0,0,332,-0.7068,0.0000,1.1468
none,0,scaling,1.0,0,333,-9.0323,0.0000,-2.7749
none,0,scaling,1.0,0,334,-0.4643,0.0000,2.2021
none,0,scaling,1.0,0,335,3.5071,0.0000,4.0370
none,0,scaling,1.0,0,336,-3.4431,0.0000,-0.2943
none,0,scaling,1.0,0,337,-3.6665,0.0000,-3.6054
none,0,scaling,1.0,0,338,-7.2364,0.0000,-2.9339
none,0,scaling,1.0,0,339,4.7492,0.0000,2.9470
none,0,scaling,1.0,0,340,-0.5844,0.0000,0.6623
none,0,scaling,1.0,0,341,6.6136,0.0000,1.2852
none,0,scaling,1.0,0,342,-1.3337,0.0000,-0.9228
none,0,scaling,1.0,0,343,-4.1024,0.0000,-0.8124
none,0,scaling,1.0,0,344,-0.4657,0.0000,1.2262
none,0,scaling,1.0,0,345,2.9300,0.0000,1.3041
none,0,scaling,1.0,0,346,5.1830,0.0000,3.6749
none,0,scaling,1.0,0,347,-12.1289,0.0000,-5.5545
none,0,scaling,1.0,0,348,-8.7762,0.0000,-3.2485
none,0,scaling,1.0,0,349,0.6894,0.0000,0.9419
none,0,scaling,1.0,0,350,7.8820,0.0000,2.6279
none,0,scaling,1.0,0,351,-4.6314,0.0000,-1.5808
none,0,scaling,1.0,0,352,-1.6626,0.0000,-1.3961
none,0,scaling,1.0,0,353,-0.2393,0.0000,0.0505
none,0,scaling,1.0,0,354,-4.1226,0.0000,1.0871
none,0,scaling,1.0,0,355,3.0084,0.0000,3.1242
none,0,scaling,1.0,0,356,6.4059,0.0000,2.5590
none,0,scaling,1.0,0,357,-3.6606,0.0000,-0.4120
none,0,scaling,1.0,0,358,1.2273,0.0000,0.2051
none,0,scaling,1.0,0,359,-3.7187,0.0000,-0.6946
none,0,scaling,1.0,0,360,-4.1896,0.0000,1.6305
none,0,scaling,1.0,0,361,1.2871,0.0000,0.6824
none,0,scaling,1.0,0,362,-8.2551,0.0000,-4.4429
none,0,scaling,1.0,0,363,-0.2764,0.0000,1.5921
none,0,scaling,1.0,0,364,4.7343,0.0000,4.1018
none,0,scaling,1.0,0,365,-4.9546,0.0000,-2.2639
none,0,scaling,1.0,0,366,-1.8506,0.0000,0.1535
none,0,scaling,1.0,0,367,7.6567,0.0000,6.1659
none,0,scaling,1.0,0,368,-0.1724,0.0000,-0.0630
none,0,scaling,1.0,0,369,-2.2180,0.0000,-0.2306
none,0,scaling,1.0,0,370,-4.1839,0.0000,-1.4813
none,0,scaling,1.0,0,371,1.8031,0.0000,1.0416
none,0,scaling,1.0,0,372,-4.0643,0.0000,-0.5359
none,0,scaling,1.0,0,373,-9.3532,0.0000,-3.9894
none,0,scaling,1.0,0,374,3.7863,0.0000,0.9388
none,0,scaling,1.0,0,375,-7.9985,0.0000,-1.8335
none,0,scaling,1.0,0,376,-12.5374,0.0000,-5.2325
none,0,scaling,1.0,0,377,-3.8572,0.0000,-0.4764
none,0,scaling,1.0,0,378,-1.8554,0.0000,1.8914
none,0,scaling,1.0,0,379,-0.7330,0.0000,2.3286
none,0,scaling,1.0,0,380,2.2775,0.0000,-0.3885
none,0,scaling,1.0,0,381,-3.9096,0.0000,0.3621
none,0,scaling,1.0,0,382,-5.7222,0.0000,-0.3349
none,0,scaling,1.0,0,383,0.7037,0.0000,-0.3245
none,0,scaling,1.0,0,384,4.8810,0.0000,2.3247
none,0,scaling,1.0,0,385,2.0565,0.0000,0.4819
none,0,scaling,1.0,0,386,-9.3855,0.0000,-3.0146
none,0,scaling,1.0,0,387,-8.7174,0.0000,-1.5233
none,0,scaling,1.0,0,388,-14.2240,0.0000,-4.1838
none,0,scaling,1.0,0,389,-10.2098,0.0000,-1.8858
none,0,scaling,1.0,0,390,-7.6927,0.0000,-1.4901
none,0,scaling,1.0,0,391,3.3767,0.0000,3.1146
none,0,scaling,1.0,0,392,-3.1555,0.0000,-0.1428
none,0,scaling,1.0,0,393,-0.9741,0.0000,0.8418
none,0,scaling,1.0,0,394,-8.2274,0.0000,-1.6162
none,0,scaling,1.0,0,395,-8.2409,0.0000,-3.2141
none,0,scaling,1.0,0,396,-13.2827,0.0000,-4.3901
none,0,scaling,1.0,0,397,4.4390,0.0000,2.2694
none,0,scaling,1.0,0,398,-0.3857,0.0000,0.3967
none,0,scaling,1.0,0,399,0.8514,0.0000,0.5444
none,0,scaling,1.0,0,400,-3.1739,0.0000,-3.2409
none,0,scaling,1.0,0,401,-6.3866,0.0000,-2.7704
none,0,scaling,1.0,0,402,-2.4468,0.0000,-2.6340
none,0,scaling,1.0,0,403,-3.7737,0.0000,-1.4610
none,0,scaling,1.0,0,404,-8.4177,0.0000,0.2176
none,0,scaling,1.0,0,405,-3.5277,0.0000,-1.9444
none,0,scaling,1.0,0,406,0.7828,0.0000,0.9507
none,0,scaling,1.0,0,407,1.0294,0.0000,0.2760
none,0,scaling,1.0,0,408,-4.8936,0.0000,-0.6860
none,0,scaling,1.0,0,409,1.0321,0.0000,1.1772
none,0,scaling,1.0,0,410,-7.1489,0.0000,-1.8925
none,0,scaling,1.0,0,411,4.9098,0.0000,1.5598
none,0,scaling,1.0,0,412,-0.6555,0.0000,0.0964
none,0,scaling,1.0,0,413,-5.0974,0.0000,-0.0012
none,0,scaling,1.0,0,414,-7.0759,0.0000,-1.0562
none,0,scaling,1.0,0,415,3.2705,0.0000,1.3196
none,0,scaling,1.0,0,416,-2.7409,0.0000,0.2667
none,0,scaling,1.0,0,417,-0.5544,0.0000,0.2428
none,0,scaling,1.0,0,418,-2.9966,0.0000,-1.3580
none,0,scaling,1.0,0,419,4.8786,0.0000,3.2949
none,0,scaling,1.0,0,420,-4.6031,0.0000,0.2647
none,0,scaling,1.0,0,421,1.1379,0.0000,-1.5726
none,0,scaling,1.0,0,422,-1.3383,0.0000,0.2778
none,0,scaling,1.0,0,423,-1.0953,0.0000,1.8011
none,0,scaling,1.0,0,424,-0.3464,0.0000,-0.9244
none,0,scaling,1.0,0,425,-5.3185,0.0000,-2.1357
none,0,scaling,1.0,0,426,-2.1539,0.0000,-0.2565
none,0,scaling,1.0,0,427,5.5687,0.0000,2.8279
none,0,scaling,1.0,0,428,-14.4185,0.0000,-5.0106
none,0,scaling,1.0,0,429,-8.2427,0.0000,-0.7922
none,0,scaling,1.0,0,430,3.6561,0.0000,1.6080
none,0,scaling,1.0,0,431,-6.8177,0.0000,-1.9789
none,0,scaling,1.0,0,432,-3.7042,0.0000,-2.0265
none,0,scaling,1.0,0,433,-3.3473,0.0000,-0.6804
none,0,scaling,1.0,0,434,0.4228,0.0000,1.6493
none,0,scaling,1.0,0,435,3.2999,0.0000,1.6748
none,0,scaling,1.0,0,436,-2.1856,0.0000,-1.3001
none,0,scaling,1.0,0,437,-4.0994,0.0000,1.0825
none,0,scaling,1.0,0,438,0.8211,0.0000,2.5418
none,0,scaling,1.0,0,439,-13.4660,0.0000,-1.4153
none,0,scaling,1.0,0,440,-6.0998,0.0000,-2.6361
none,0,scaling,1.0,0,441,-2.3395,0.0000,-0.3746
none,0,scaling,1.0,0,442,-10.9891,0.0000,-4.5856
none,0,scaling,1.0,0,443,-4.1188,0.0000,-1.0566
none,0,scaling,1.0,0,444,-2.1781,0.0000,0.5012
none,0,scaling,1.0,0,445,2.7227,0.0000,-0.2491
none,0,scaling,1.0,0,446,-2.9638,0.0000,-1.7844
none,0,scaling,1.0,0,447,4.0319,0.0000,1.3692
none,0,scaling,1.0,0,448,-11.5369,0.0000,-3.2241
none,0,scaling,1.0,0,449,-6.4459,0.0000,-0.9365
none,0,scaling,1.0,0,450,-5.7706,0.0000,-1.5796
none,0,scaling,1.0,0,451,-3.4826,0.0000,1.4033
none,0,scaling,1.0,0,452,-4.6399,0.0000,-2.2091
none,0,scaling,1.0,0,453,-5.1454,0.0000,-0.4956
none,0,scaling,1.0,0,454,3.6551,0.0000,3.6492
none,0,scaling,1.0,0,455,-8.0230,0.0000,-3.6551
none,0,scaling,1.0,0,456,-11.5678,0.0000,-3.5378
none,0,scaling,1.0,0,457,-2.5610,0.0000,-0.6713
none,0,scaling,1.0,0,458,-1.5096,0.0000,-0.0331
none,0,scaling,1.0,0,459,-8.1794,0.0000,0.1226
none,0,scaling,1.0,0,460,0.5755,0.0000,-2.0502
none,0,scaling,1.0,0,461,3.2286,0.0000,1.6440
none,0,scaling,1.0,0,462,-2.5983,0.0000,0.6605
none,0,scaling,1.0,0,463,7.1821,0.0000,2.6275
none,0,scaling,1.0,0,464,-0.8641,0.0000,-2.7713
none,0,scaling,1.0,0,465,-5.7900,0.0000,0.7111
none,0,scaling,1.0,0,466,-2.2192,0.0000,1.6067
none,0,scaling,1.0,0,467,-3.2799,0.0000,-1.8698
none,0,scaling,1.0,0,468,-2.3062,0.0000,0.6916
none,0,scaling,1.0,0,469,-1.0240,0.0000,0.0688
none,0,scaling,1.0,0,470,-6.7147,0.0000,-1.3725
none,0,scaling,1.0,0,471,-9.4626,0.0000,-3.9618
none,0,scaling,1.0,0,472,-0.9244,0.0000,0.9440
none,0,scaling,1.0,0,473,0.9216,0.0000,-0.5176
none,0,scaling,1.0,0,474,-6.8378,0.0000,-4.1842
none,0,scaling,1.0,0,475,-7.0571,0.0000,-2.0306
none,0,scaling,1.0,0,476,-9.0826,0.0000,-3.6174
none,0,scaling,1.0,0,477,0.8431,0.0000,0.9663
none,0,scaling,1.0,0,478,2.4175,0.0000,0.5288
none,0,scaling,1.0,0,479,2.5376,0.0000,0.1729
none,0,scaling,1.0,0,480,-6.9844,0.0000,-2.0292
none,0,scaling,1.0,0,481,-2.6259,0.0000,-0.8738
none,0,scaling,1.0,0,482,-6.1607,0.0000,-3.5219
none,0,scaling,1.0,0,483,6.7960,0.0000,3.1230
none,0,scaling,1.0,0,484,-5.9514,0.0000,-3.4496
none,0,scaling,1.0,0,485,-1.8019,0.0000,-0.1782
none,0,scaling,1.0,0,486,-9.1844,0.0000,-2.5879
none,0,scaling,1.0,0,487,-0.0895,0.0000,-0.9305
none,0,scaling,1.0,0,488,1.8986,0.0000,1.2413
none,0,scaling,1.0,0,489,5.0139,0.0000,3.8238
none,0,scaling,1.0,0,490,-11.6820,0.0000,-2.5134
none,0,scaling,1.0,0,491,-2.6051,0.0000,-2.2946
none,0,scaling,1.0,0,492,-9.2381,0.0000,-2.9376
none,0,scaling,1.0,0,493,6.3081,0.0000,1.4390
none,0,scaling,1.0,0,494,-1.1722,0.0000,-2.0731
none,0,scaling,1.0,0,495,-9.1144,0.0000,-2.5297
none,0,scaling,1.0,0,496,1.8490,0.0000,1.2210
none,0,scaling,1.0,0,497,-4.5198,0.0000,0.2733
none,0,scaling,1.0,0,498,6.2286,0.0000,1.5778
none,0,scaling,1.0,0,499,-5.4198,0.0000,-1.3052
none,0,scaling,1.0,0,500,-0.3492,0.0000,0.6782
none,0,scaling,1.0,0,501,-4.5775,0.0000,-1.5410
none,0,scaling,1.0,0,502,4.5024,0.0000,2.2675
none,0,scaling,1.0,0,503,-0.6499,0.0000,-1.2242
none,0,scaling,1.0,0,504,-2.6977,0.0000,-1.6291
none,0,scaling,1.0,0,505,0.8337,0.0000,3.8900
none,0,scaling,1.0,0,506,0.2537,0.0000,-0.2272
none,0,scaling,1.0,0,507,-3.4629,0.0000,-1.0282
none,0,scaling,1.0,0,508,-21.0970,0.0000,-6.3420
none,0,scaling,1.0,0,509,2.7354,0.0000,-0.0975
none,0,scaling,1.0,0,510,-2.0300,0.0000,0.8954
none,0,scaling,1.0,0,511,-8.3821,0.0000,-2.1455
none,0,scaling,1.0,0,512,2.6204,0.0000,2.7491
none,0,scaling,1.0,0,513,6.6348,0.0000,1.3933
none,0,scaling,1.0,0,514,3.2432,0.0000,-0.1817
none,0,scaling,1.0,0,515,4.1479,0.0000,2.3889
none,0,scaling,1.0,0,516,-6.1122,0.0000,-1.1669
none,0,scaling,1.0,0,517,-2.7390,0.0000,-1.0128
none,0,scaling,1.0,0,518,-0.6827,0.0000,1.1636
none,0,scaling,1.0,0,519,-7.1470,0.0000,-2.3964
none,0,scaling,1.0,0,520,-7.6423,0.0000,-3.1167
none,0,scaling,1.0,0,521,-8.3620,0.0000,-2.9165
none,0,scaling,1.0,0,522,6.0210,0.0000,2.7451
none,0,scaling,1.0,0,523,-8.4697,0.0000,-1.6784
none,0,scaling,1.0,0,524,-1.5174,0.0000,-1.5333
none,0,scaling,1.0,0,525,-3.3751,0.0000,0.8921
none,0,scaling,1.0,0,526,-4.1758,0.0000,-1.4165
none,0,scaling,1.0,0,527,-2.5943,0.0000,-2.2074
none,0,scaling,1.0,0,528,3.8582,0.0000,1.6684
none,0,scaling,1.0,0,529,-1.1047,0.0000,1.6472
none,0,scaling,1.0,0,530,-4.0202,0.0000,2.1647
none,0,scaling,1.0,0,531,0.3587,0.0000,0.6499
none,0,scaling,1.0,0,532,-0.7395,0.0000,-0.4228
none,0,scaling,1.0,0,533,1.3917,0.0000,-0.7086
none,0,scaling,1.0,0,534,-9.4598,0.0000,-1.4766
none,0,scaling,1.0,0,535,-3.4664,0.0000,-2.4691
none,0,scaling,1.0,0,536,-7.5097,0.0000,0.3570
none,0,scaling,1.0,0,537,-5.9336,0.0000,-2.1235
none,0,scaling,1.0,0,538,0.3323,0.0000,2.1313
none,0,scaling,1.0,0,539,-2.8709,0.0000,-1.1967
none,0,scaling,1.0,0,540,0.9743,0.0000,0.4592
none,0,scaling,1.0,0,541,-7.9037,0.0000,-3.4909
none,0,scaling,1.0,0,542,2.5297,0.0000,2.3346
none,0,scaling,1.0,0,543,-3.8860,0.0000,-0.6552
none,0,scaling,1.0,0,544,-6.1496,0.0000,-2.4064
none,0,scaling,1.0,0,545,-1.7835,0.0000,-1.5133
none,0,scaling,1.0,0,546,-1.9378,0.0000,0.2072
none,0,scaling,1.0,0,547,2.3387,0.0000,3.8653
none,0,scaling,1.0,0,548,-0.2750,0.0000,-1.1198
none,0,scaling,1.0,0,549,4.0203,0.0000,1.0436
none,0,scaling,1.0,0,550,1.9342,0.0000,1.5011
none,0,scaling,1.0,0,551,-1.1440,0.0000,-0.4048
none,0,scaling,1.0,0,552,6.9925,0.0000,3.9751
none,0,scaling,1.0,0,553,4.5905,0.0000,0.9156
none,0,scaling,1.0,0,554,-0.5177,0.0000,-0.2323
none,0,scaling,1.0,0,555,-3.7099,0.0000,-0.9920
none,0,scaling,1.0,0,556,-1.2754,0.0000,1.8091
none,0,scaling,1.0,0,557,-0.9551,0.0000,-0.4293
none,0,scaling,1.0,0,558,-3.8952,0.0000,1.5765
none,0,scaling,1.0,0,559,3.4997,0.0000,1.9201
none,0,scaling,1.0,0,560,-14.4469,0.0000,-5.1199
none,0,scaling,1.0,0,561,-5.5091,0.0000,-0.0245
none,0,scaling,1.0,0,562,7.9799,0.0000,4.5431
none,0,scaling,1.0,0,563,-2.7195,0.0000,-0.2274
none,0,scaling,1.0,0,564,0.4266,0.0000,1.3134
none,0,scaling,1.0,0,565,-11.0521,0.0000,-2.4909
none,0,scaling,1.0,0,566,-5.4033,0.0000,-2.8065
none,0,scaling,1.0,0,567,0.3240,0.0000,0.6809
none,0,scaling,1.0,0,568,0.6332,0.0000,3.3941
none,0,scaling,1.0,0,569,0.4226,0.0000,-0.1928
none,0,scaling,1.0,0,570,-7.2391,0.0000,-1.5417
none,0,scaling,1.0,0,571,-0.7449,0.0000,0.5928
none,0,scaling,1.0,0,572,-2.1593,0.0000,0.4438
none,0,scaling,1.0,0,573,2.7767,0.0000,0.4834
none,0,scaling,1.0,0,574,-7.1459,0.0000,-2.2853
none,0,scaling,1.0,0,575,-2.7530,0.0000,-1.6275
none,0,scaling,1.0,0,576,2.2243,0.0000,-0.6985
none,0,scaling,1.0,0,577,-2.6900,0.0000,-0.2805
none,0,scaling,1.0,0,578,0.1389,0.0000,1.5439
none,0,scaling,1.0,0,579,-4.7490,0.0000,1.6856
none,0,scaling,1.0,0,580,-2.9070,0.0000,-0.9294
none,0,scaling,1.0,0,581,-22.1054,0.0000,-7.7488
none,0,scaling,1.0,0,582,-1.4877,0.0000,0.8842
none,0,scaling,1.0,0,583,-11.6009,0.0000,-4.4079
none,0,scaling,1.0,0,584,2.0648,0.0000,1.6347
none,0,scaling,1.0,0,585,2.7576,0.0000,1.0228
none,0,scaling,1.0,0,586,-3.2465,0.0000,1.8469
none,0,scaling,1.0,0,587,1.6117,0.0000,0.8479
none,0,scaling,1.0,0,588,-10.9399,0.0000,-1.6026
none,0,scaling,1.0,0,589,-1.9011,0.0000,-1.9005
none,0,scaling,1.0,0,590,-9.0967,0.0000,-2.6865
none,0,scaling,1.0,0,591,-6.3978,0.0000,-1.2167
none,0,scaling,1.0,0,592,0.1889,0.0000,0.4665
none,0,scaling,1.0,0,593,10.6754,0.0000,7.5572
none,0,scaling,1.0,0,594,-2.7026,0.0000,-0.3600
none,0,scaling,1.0,0,595,-8.9313,0.0000,-3.4265
none,0,scaling,1.0,0,596,-3.2707,0.0000,2.3336
none,0,scaling,1.0,0,597,-6.8376,0.0000,-5.3508
none,0,scaling,1.0,0,598,-6.2100,0.0000,-1.3414
none,0,scaling,1.0,0,599,-5.3185,0.0000,-2.7475
none,0,scaling,1.0,0,600,-1.5005,0.0000,-1.8101
none,0,scaling,1.0,0,601,-7.1379,0.0000,-2.7446
none,0,scaling,1.0,0,602,-2.6405,0.0000,4.4746
none,0,scaling,1.0,0,603,-3.2531,0.0000,-1.4328
none,0,scaling,1.0,0,604,-9.1180,0.0000,-3.2317
none,0,scaling,1.0,0,605,-4.0102,0.0000,-0.3157
none,0,scaling,1.0,0,606,-4.5877,0.0000,-3.1993
none,0,scaling,1.0,0,607,3.0520,0.0000,3.9840
none,0,scaling,1.0,0,608,6.0019,0.0000,2.7121
none,0,scaling,1.0,0,609,4.5607,0.0000,2.2553
none,0,scaling,1.0,0,610,2.8863,0.0000,3.8076
none,0,scaling,1.0,0,611,-11.4303,0.0000,0.4216
none,0,scaling,1.0,0,612,-7.6510,0.0000,-1.3640
none,0,scaling,1.0,0,613,-7.0364,0.0000,-3.2291
none,0,scaling,1.0,0,614,-6.1426,0.0000,-1.7169
none,0,scaling,1.0,0,615,-1.6132,0.0000,0.7131
none,0,scaling,1.0,0,616,0.4012,0.0000,2.0457
none,0,scaling,1.0,0,617,-4.0093,0.0000,-0.6310
none,0,scaling,1.0,0,618,6.3065,0.0000,3.9985
none,0,scaling,1.0,0,619,-7.7651,0.0000,-3.5650
none,0,scaling,1.0,0,620,-15.3378,0.0000,-5.1312
none,0,scaling,1.0,0,621,-7.8987,0.0000,-3.2745
none,0,scaling,1.0,0,622,3.1781,0.0000,0.3595
none,0,scaling,1.0,0,623,-6.1345,0.0000,0.3706
none,0,scaling,1.0,0,624,-5.4269,0.0000,1.5984
none,0,scaling,1.0,0,625,-6.3958,0.0000,-0.8713
none,0,scaling,1.0,0,626,2.9930,0.0000,3.3536
none,0,scaling,1.0,0,627,-5.8653,0.0000,-1.6234
none,0,scaling,1.0,0,628,-6.4538,0.0000,-2.7681
none,0,scaling,1.0,0,629,-9.7512,0.0000,-5.6062
none,0,scaling,1.0,0,630,-6.7590,0.0000,-1.7251
none,0,scaling,1.0,0,631,1.8367,0.0000,0.6001
none,0,scaling,1.0,0,632,0.1618,0.0000,3.2449
none,0,scaling,1.0,0,633,-9.0390,0.0000,-4.0028
none,0,scaling,1.0,0,634,2.9949,0.0000,3.4183
none,0,scaling,1.0,0,635,5.9884,0.0000,2.1041
none,0,scaling,1.0,0,636,3.4590,0.0000,1.6868
none,0,scaling,1.0,0,637,-5.4694,0.0000,-1.0901
none,0,scaling,1.0,0,638,-5.8026,0.0000,-2.1814
none,0,scaling,1.0,0,639,-1.7483,0.0000,-2.2388
none,0,scaling,1.0,0,640,0.5584,0.0000,0.9390
none,0,scaling,1.0,0,641,-1.2429,0.0000,0.5320
none,0,scaling,1.0,0,642,7.1530,0.0000,5.3232
none,0,scaling,1.0,0,643,0.1012,0.0000,2.9014
none,0,scaling,1.0,0,644,-4.2142,0.0000,0.5425
none,0,scaling,1.0,0,645,1.6196,0.0000,1.4721
none,0,scaling,1.0,0,646,3.1503,0.0000,2.7244
none,0,scaling,1.0,0,647,-6.4566,0.0000,-2.1480
none,0,scaling,1.0,0,648,7.4692,0.0000,1.9125
none,0,scaling,1.0,0,649,-3.8864,0.0000,-2.0092
none,0,scaling,1.0,0,650,5.1364,0.0000,3.2457
none,0,scaling,1.0,0,651,2.6754,0.0000,3.4526
none,0,scaling,1.0,0,652,-3.0396,0.0000,-1.0595
none,0,scaling,1.0,0,653,-1.5587,0.0000,0.4051
none,0,scaling,1.0,0,654,2.3003,0.0000,-1.0449
none,0,scaling,1.0,0,655,-1.9813,0.0000,1.2287
none,0,scaling,1.0,0,656,-8.3408,0.0000,-2.3580
none,0,scaling,1.0,0,657,0.9197,0.0000,-0.7217
none,0,scaling,1.0,0,658,1.4323,0.0000,0.3418
none,0,scaling,1.0,0,659,2.8978,0.0000,2.9696
none,0,scaling,1.0,0,660,-7.6758,0.0000,-1.1200
none,0,scaling,1.0,0,661,1.0928,0.0000,0.0053
none,0,scaling,1.0,0,662,0.2445,0.0000,-0.0293
none,0,scaling,1.0,0,663,0.6844,0.0000,1.3967
none,0,scaling,1.0,0,664,-5.3179,0.0000,-2.6984
none,0,scaling,1.0,0,665,-1.8265,0.0000,-0.0778
none,0,scaling,1.0,0,666,-1.9824,0.0000,-1.2637
none,0,scaling,1.0,0,667,-6.7353,0.0000,-2.9752
none,0,scaling,1.0,0,668,0.3049,0.0000,0.2533
none,0,scaling,1.0,0,669,1.4377,0.0000,0.0541
none,0,scaling,1.0,0,670,8.0548,0.0000,5.9687
none,0,scaling,1.0,0,671,3.4630,0.0000,6.1445
none,0,scaling,1.0,0,672,-0.2313,0.0000,1.2946
none,0,scaling,1.0,0,673,-0.3537,0.0000,0.8596
none,0,scaling,1.0,0,674,-2.1964,0.0000,-0.0033
none,0,scaling,1.0,0,675,-4.0151,0.0000,-0.6307
none,0,scaling,1.0,0,676,-0.5837,0.0000,-1.1045
none,0,scaling,1.0,0,677,-10.7266,0.0000,-1.2827
none,0,scaling,1.0,0,678,5.1194,0.0000,0.5412
none,0,scaling,1.0,0,679,-2.4997,0.0000,-0.9672
none,0,scaling,1.0,0,680,-4.0677,0.0000,-0.5823
none,0,scaling,1.0,0,681,2.5901,0.0000,1.2020
none,0,scaling,1.0,0,682,5.3208,0.0000,2.8441
none,0,scaling,1.0,0,683,-5.2641,0.0000,-2.3702
none,0,scaling,1.0,0,684,3.5818,0.0000,2.9048
none,0,scaling,1.0,0,685,-2.4107,0.0000,0.0665
none,0,scaling,1.0,0,686,-2.0086,0.0000,1.1758
none,0,scaling,1.0,0,687,-8.8166,0.0000,-1.1760
none,0,scaling,1.0,0,688,-1.9709,0.0000,-1.0354
none,0,scaling,1.0,0,689,-3.0371,0.0000,-0.1957
none,0,scaling,1.0,0,690,-4.1261,0.0000,0.8403
none,0,scaling,1.0,0,691,-4.3266,0.0000,0.0211
none,0,scaling,1.0,0,692,-2.0534,0.0000,-2.5147
none,0,scaling,1.0,0,693,0.8200,0.0000,0.4904
none,0,scaling,1.0,0,694,-2.1863,0.0000,-0.8432
none,0,scaling,1.0,0,695,6.2137,0.0000,2.1737
none,0,scaling,1.0,0,696,3.5863,0.0000,1.8217
none,0,scaling,1.0,0,697,-2.2401,0.0000,-0.8187
none,0,scaling,1.0,0,698,0.2119,0.0000,2.7675
none,0,scaling,1.0,0,699,-3.4189,0.0000,2.1841
none,0,scaling,1.0,0,700,-3.7194,0.0000,-1.7663
none,0,scaling,1.0,0,701,4.9551,0.0000,2.3901
none,0,scaling,1.0,0,702,-9.7711,0.0000,-4.7095
none,0,scaling,1.0,0,703,-2.2961,0.0000,-0.0671
none,0,scaling,1.0,0,704,-3.9723,0.0000,0.7456
none,0,scaling,1.0,0,705,-8.7680,0.0000,-2.7517
none,0,scaling,1.0,0,706,-10.8268,0.0000,-2.8934
none,0,scaling,1.0,0,707,-3.7197,0.0000,0.0716
none,0,scaling,1.0,0,708,8.5027,0.0000,5.3007
none,0,scaling,1.0,0,709,-9.5741,0.0000,-2.0541
none,0,scaling,1.0,0,710,0.7508,0.0000,-0.1193
none,0,scaling,1.0,0,711,11.7443,0.0000,6.4139
none,0,scaling,1.0,0,712,6.4778,0.0000,4.4287
none,0,scaling,1.0,0,713,-2.7369,0.0000,-0.9967
none,0,scaling,1.0,0,714,-14.6169,0.0000,-3.6768
none,0,scaling,1.0,0,715,1.3825,0.0000,-0.1345
none,0,scaling,1.0,0,716,2.2618,0.0000,3.4260
none,0,scaling,1.0,0,717,4.1843,0.0000,1.3127
none,0,scaling,1.0,0,718,0.9452,0.0000,-1.9130
none,0,scaling,1.0,0,719,-4.8966,0.0000,-0.9572
none,0,scaling,1.0,0,720,-4.0932,0.0000,-0.6395
none,0,scaling,1.0,0,721,2.4689,0.0000,1.9264
none,0,scaling,1.0,0,722,3.9272,0.0000,3.5968
none,0,scaling,1.0,0,723,-1.2040,0.0000,-0.7261
none,0,scaling,1.0,0,724,-2.3756,0.0000,-0.4978
none,0,scaling,1.0,0,725,-5.1769,0.0000,-2.6461
none,0,scaling,1.0,0,726,-6.8662,0.0000,-3.9010
none,0,scaling,1.0,0,727,-0.1925,0.0000,0.4880
none,0,scaling,1.0,0,728,-2.7551,0.0000,-1.0760
none,0,scaling,1.0,0,729,5.1364,0.0000,2.0092
none,0,scaling,1.0,0,730,-2.6595,0.0000,-0.6007
none,0,scaling,1.0,0,731,-0.8931,0.0000,-0.3806
none,0,scaling,1.0,0,732,0.1684,0.0000,1.9570
none,0,scaling,1.0,0,733,0.2389,0.0000,1.5797
none,0,scaling,1.0,0,734,-6.1179,0.0000,-1.4878
none,0,scaling,1.0,0,735,-10.3404,0.0000,0.3503
none,0,scaling,1.0,0,736,3.7099,0.0000,1.6047
none,0,scaling,1.0,0,737,2.7118,0.0000,0.5816
none,0,scaling,1.0,0,738,-5.6922,0.0000,-2.7872
none,0,scaling,1.0,0,739,-0.0780,0.0000,0.8195
none,0,scaling,1.0,0,740,-5.4002,0.0000,0.5134
none,0,scaling,1.0,0,741,-0.8691,0.0000,-0.1871
none,0,scaling,1.0,0,742,0.5013,0.0000,0.2450
none,0,scaling,1.0,0,743,-4.5518,0.0000,1.5448
none,0,scaling,1.0,0,744,-15.7751,0.0000,-4.8153
none,0,scaling,1.0,0,745,-1.2203,0.0000,-0.0271
none,0,scaling,1.0,0,746,-9.6757,0.0000,-4.4301
none,0,scaling,1.0,0,747,0.0714,0.0000,0.3350
none,0,scaling,1.0,0,748,3.1354,0.0000,0.6190
none,0,scaling,1.0,0,749,0.5271,0.0000,2.4928
none,0,scaling,1.0,0,750,-4.6316,0.0000,-2.1451
none,0,scaling,1.0,0,751,-4.2495,0.0000,-0.3876
none,0,scaling,1.0,0,752,-4.6050,0.0000,-1.8721
none,0,scaling,1.0,0,753,-2.2105,0.0000,0.2127
none,0,scaling,1.0,0,754,-1.0407,0.0000,2.4622
none,0,scaling,1.0,0,755,-10.3262,0.0000,-3.4393
none,0,scaling,1.0,0,756,6.3408,0.0000,4.7246
none,0,scaling,1.0,0,757,-3.3899,0.0000,-0.5229
none,0,scaling,1.0,0,758,3.2907,0.0000,2.8274
none,0,scaling,1.0,0,759,-0.2804,0.0000,-1.4948
none,0,scaling,1.0,0,760,-1.0169,0.0000,0.6143
none,0,scaling,1.0,0,761,-2.8561,0.0000,0.4413
none,0,scaling,1.0,0,762,-4.6797,0.0000,-1.5003
none,0,scaling,1.0,0,763,-2.3986,0.0000,-1.9336
none,0,scaling,1.0,0,764,3.1265,0.0000,1.4749
none,0,scaling,1.0,0,765,-0.8772,0.0000,-0.1546
none,0,scaling,1.0,0,766,-0.4569,0.0000,1.3392
none,0,scaling,1.0,0,767,-14.7905,0.0000,-6.0449
none,0,scaling,1.0,0,768,7.2850,0.0000,3.7428
none,0,scaling,1.0,0,769,-9.6913,0.0000,-1.6854
none,0,scaling,1.0,0,770,-7.1593,0.0000,-2.4678
none,0,scaling,1.0,0,771,-7.5109,0.0000,-0.4129
none,0,scaling,1.0,0,772,-6.3203,0.0000,-1.9448
none,0,scaling,1.0,0,773,-4.0279,0.0000,-0.8481
none,0,scaling,1.0,0,774,7.1563,0.0000,3.7611
none,0,scaling,1.0,0,775,-6.8797,0.0000,-2.0849
none,0,scaling,1.0,0,776,-2.7340,0.0000,0.5262
none,0,scaling,1.0,0,777,8.7351,0.0000,7.3453
none,0,scaling,1.0,0,778,-1.1379,0.0000,0.2518
none,0,scaling,1.0,0,779,-4.3869,0.0000,-1.6106
none,0,scaling,1.0,0,780,-2.2303,0.0000,0.3418
none,0,scaling,1.0,0,781,-3.3225,0.0000,-0.3146
none,0,scaling,1.0,0,782,-0.3789,0.0000,1.0811
none,0,scaling,1.0,0,783,1.4378,0.0000,0.7205
none,0,scaling,1.0,0,784,3.9312,0.0000,2.4921
none,0,scaling,1.0,0,785,-0.5359,0.0000,0.5892
none,0,scaling,1.0,0,786,5.4751,0.0000,4.1952
none,0,scaling,1.0,0,787,1.3999,0.0000,-0.1964
none,0,scaling,1.0,0,788,2.1449,0.0000,-1.6090
none,0,scaling,1.0,0,789,-3.6660,0.0000,-0.3387
none,0,scaling,1.0,0,790,2.6689,0.0000,1.7477
none,0,scaling,1.0,0,791,-1.6846,0.0000,0.3562
none,0,scaling,1.0,0,792,-4.8323,0.0000,-2.1608
none,0,scaling,1.0,0,793,6.3222,0.0000,4.6885
none,0,scaling,1.0,0,794,10.3592,0.0000,5.6779
none,0,scaling,1.0,0,795,-2.4719,0.0000,1.6266
none,0,scaling,1.0,0,796,0.5005,0.0000,1.9998
none,0,scaling,1.0,0,797,-1.4683,0.0000,-1.0765
none,0,scaling,1.0,0,798,0.5633,0.0000,2.4064
none,0,scaling,1.0,0,799,0.4084,0.0000,-0.9432
none,0,scaling,1.0,0,800,-1.6476,0.0000,0.6141
none,0,scaling,1.0,0,801,3.4654,0.0000,1.9794
none,0,scaling,1.0,0,802,1.6480,0.0000,0.8897
none,0,scaling,1.0,0,803,-4.0064,0.0000,-2.5930
none,0,scaling,1.0,0,804,3.9637,0.0000,1.8561
none,0,scaling,1.0,0,805,8.5091,0.0000,4.3055
none,0,scaling,1.0,0,806,-2.9551,0.0000,-2.0675
none,0,scaling,1.0,0,807,2.8586,0.0000,0.2298
none,0,scaling,1.0,0,808,-7.7133,0.0000,-3.2250
none,0,scaling,1.0,0,809,-4.9364,0.0000,1.1642
none,0,scaling,1.0,0,810,-7.4908,0.0000,-0.1128
none,0,scaling,1.0,0,811,-0.0627,0.0000,3.2399
none,0,scaling,1.0,0,812,-1.6852,0.0000,-0.0436
none,0,scaling,1.0,0,813,0.7818,0.0000,0.8065
none,0,scaling,1.0,0,814,-0.4483,0.0000,-0.1072
none,0,scaling,1.0,0,815,-0.1632,0.0000,0.1671
none,0,scaling,1.0,0,816,2.4896,0.0000,-0.2459
none,0,scaling,1.0,0,817,-1.8382,0.0000,5.4358
none,0,scaling,1.0,0,818,-1.7509,0.0000,-0.8472
none,0,scaling,1.0,0,819,-1.8658,0.0000,-1.8668
none,0,scaling,1.0,0,820,2.0969,0.0000,2.9861
none,0,scaling,1.0,0,821,-6.4734,0.0000,-2.1888
none,0,scaling,1.0,0,822,1.1706,0.0000,1.4050
none,0,scaling,1.0,0,823,-1.6985,0.0000,-1.4967
none,0,scaling,1.0,0,824,2.4322,0.0000,1.9097
none,0,scaling,1.0,0,825,6.6059,0.0000,2.2510
none,0,scaling,1.0,0,826,7.7284,0.0000,4.7014
none,0,scaling,1.0,0,827,-8.9427,0.0000,-3.9467
none,0,scaling,1.0,0,828,-7.2427,0.0000,-3.2253
none,0,scaling,1.0,0,829,3.5689,0.0000,0.0713
none,0,scaling,1.0,0,830,-2.4301,0.0000,0.1000
none,0,scaling,1.0,0,831,-8.4596,0.0000,-1.8670
none,0,scaling,1.0,0,832,-2.2468,0.0000,-0.2678
none,0,scaling,1.0,0,833,-10.6000,0.0000,-3.0499
none,0,scaling,1.0,0,834,2.8642,0.0000,0.7398
none,0,scaling,1.0,0,835,-6.7558,0.0000,-2.6075
none,0,scaling,1.0,0,836,-4.1074,0.0000,-0.1894
none,0,scaling,1.0,0,837,-2.4447,0.0000,1.5109
none,0,scaling,1.0,0,838,-0.2236,0.0000,0.1300
none,0,scaling,1.0,0,839,0.4004,0.0000,-1.3219
none,0,scaling,1.0,0,840,-2.2242,0.0000,-0.3159
none,0,scaling,1.0,0,841,1.0482,0.0000,2.1112
none,0,scaling,1.0,0,842,-1.8658,0.0000,-0.1371
none,0,scaling,1.0,0,843,-5.4321,0.0000,2.1080
none,0,scaling,1.0,0,844,3.8002,0.0000,1.5648
none,0,scaling,1.0,0,845,-4.7762,0.0000,-0.7197
none,0,scaling,1.0,0,846,-8.6879,0.0000,-1.2855
none,0,scaling,1.0,0,847,-13.0656,0.0000,-5.6643
none,0,scaling,1.0,0,848,6.8152,0.0000,3.9019
none,0,scaling,1.0,0,849,-5.9764,0.0000,-0.5866
none,0,scaling,1.0,0,850,5.3578,0.0000,1.8792
none,0,scaling,1.0,0,851,5.9908,0.0000,2.8592
none,0,scaling,1.0,0,852,-3.4342,0.0000,-1.5485
none,0,scaling,1.0,0,853,-2.6131,0.0000,0.5764
none,0,scaling,1.0,0,854,-4.2376,0.0000,0.3172
none,0,scaling,1.0,0,855,-8.4047,0.0000,-2.0855
none,0,scaling,1.0,0,856,8.8965,0.0000,6.1906
none,0,scaling,1.0,0,857,0.3582,0.0000,1.3495
none,0,scaling,1.0,0,858,-4.9227,0.0000,-2.1884
none,0,scaling,1.0,0,859,-1.8394,0.0000,-0.4849
none,0,scaling,1.0,0,860,-0.7498,0.0000,0.1096
none,0,scaling,1.0,0,861,-9.4808,0.0000,-2.6635
none,0,scaling,1.0,0,862,-5.5799,0.0000,-1.7007
none,0,scaling,1.0,0,863,-5.2493,0.0000,-1.4257
none,0,scaling,1.0,0,864,-2.2147,0.0000,-0.9852
none,0,scaling,1.0,0,865,-8.1460,0.0000,-4.1947
none,0,scaling,1.0,0,866,-7.6131,0.0000,-1.1849
none,0,scaling,1.0,0,867,-0.6600,0.0000,-1.2228
none,0,scaling,1.0,0,868,-6.8468,0.0000,-2.6784
none,0,scaling,1.0,0,869,-3.6160,0.0000,1.8732
none,0,scaling,1.0,0,870,0.1078,0.0000,-0.3075
none,0,scaling,1.0,0,871,0.5269,0.0000,0.2834
none,0,scaling,1.0,0,872,-2.2380,0.0000,-0.3857
none,0,scaling,1.0,0,873,3.1242,0.0000,0.3707
none,0,scaling,1.0,0,874,-2.2069,0.0000,1.8805
none,0,scaling,1.0,0,875,-3.5884,0.0000,-3.1315
none,0,scaling,1.0,0,876,6.2913,0.0000,1.6595
none,0,scaling,1.0,0,877,-12.9065,0.0000,-5.1165
none,0,scaling,1.0,0,878,-0.4966,0.0000,0.0786
none,0,scaling,1.0,0,879,3.6622,0.0000,2.6770
none,0,scaling,1.0,0,880,-2.7216,0.0000,-0.0737
none,0,scaling,1.0,0,881,-7.8532,0.0000,-3.9522
none,0,scaling,1.0,0,882,-2.6915,0.0000,-0.8029
none,0,scaling,1.0,0,883,-2.3411,0.0000,-1.9394
none,0,scaling,1.0,0,884,2.0199,0.0000,1.3879
none,0,scaling,1.0,0,885,-3.5926,0.0000,-0.2045
none,0,scaling,1.0,0,886,3.4590,0.0000,1.2629
none,0,scaling,1.0,0,887,1.2590,0.0000,0.2980
none,0,scaling,1.0,0,888,-5.1989,0.0000,-0.7378
none,0,scaling,1.0,0,889,-9.7405,0.0000,-2.3505
none,0,scaling,1.0,0,890,0.1117,0.0000,2.1638
none,0,scaling,1.0,0,891,-3.2885,0.0000,0.3852
none,0,scaling,1.0,0,892,-0.6293,0.0000,0.6394
none,0,scaling,1.0,0,893,6.4927,0.0000,1.2219
none,0,scaling,1.0,0,894,1.4516,0.0000,1.1701
none,0,scaling,1.0,0,895,-3.0052,0.0000,-1.1726
none,0,scaling,1.0,0,896,-3.0545,0.0000,-0.0945
none,0,scaling,1.0,0,897,-6.7668,0.0000,-1.2912
none,0,scaling,1.0,0,898,-4.2148,0.0000,0.6403
none,0,scaling,1.0,0,899,-6.7280,0.0000,-2.5124
none,0,scaling,1.0,0,900,7.7480,0.0000,4.3111
none,0,scaling,1.0,0,901,-7.3193,0.0000,-2.6346
none,0,scaling,1.0,0,902,1.3232,0.0000,0.1656
none,0,scaling,1.0,0,903,-5.2730,0.0000,-1.0395
none,0,scaling,1.0,0,904,2.3423,0.0000,5.8224
none,0,scaling,1.0,0,905,0.5821,0.0000,0.7286
none,0,scaling,1.0,0,906,2.3875,0.0000,1.2644
none,0,scaling,1.0,0,907,-9.5795,0.0000,-3.7520
none,0,scaling,1.0,0,908,-9.3301,0.0000,-2.8392
none,0,scaling,1.0,0,909,5.8658,0.0000,2.4924
none,0,scaling,1.0,0,910,-4.4778,0.0000,-1.2593
none,0,scaling,1.0,0,911,-2.0241,0.0000,-0.5802
none,0,scaling,1.0,0,912,-5.2996,0.0000,-1.5488
none,0,scaling,1.0,0,913,3.6953,0.0000,0.8683
none,0,scaling,1.0,0,914,6.6873,0.0000,3.4987
none,0,scaling,1.0,0,915,-4.8767,0.0000,-1.1910
none,0,scaling,1.0,0,916,2.2188,0.0000,2.1804
none,0,scaling,1.0,0,917,0.7720,0.0000,0.9387
none,0,scaling,1.0,0,918,-5.9739,0.0000,-2.1430
none,0,scaling,1.0,0,919,-3.1539,0.0000,1.1938
none,0,scaling,1.0,0,920,-6.9778,0.0000,-1.0828
none,0,scaling,1.0,0,921,2.8548,0.0000,2.1981
none,0,scaling,1.0,0,922,-2.1776,0.0000,0.5180
none,0,scaling,1.0,0,923,0.1820,0.0000,0.1674
none,0,scaling,1.0,0,924,-2.3350,0.0000,-1.1173
none,0,scaling,1.0,0,925,-8.6315,0.0000,-1.7922
none,0,scaling,1.0,0,926,-5.8734,0.0000,-1.7046
none,0,scaling,1.0,0,927,-1.5198,0.0000,1.5133
none,0,scaling,1.0,0,928,-4.9742,0.0000,-1.8682
none,0,scaling,1.0,0,929,-10.5614,0.0000,-4.2821
none,0,scaling,1.0,0,930,4.0991,0.0000,1.1124
none,0,scaling,1.0,0,931,1.9617,0.0000,1.3665
none,0,scaling,1.0,0,932,-0.6272,0.0000,0.4073
none,0,scaling,1.0,0,933,0.3030,0.0000,0.4061
none,0,scaling,1.0,0,934,0.9264,0.0000,0.7304
none,0,scaling,1.0,0,935,-6.7172,0.0000,-2.8298
none,0,scaling,1.0,0,936,0.4259,0.0000,-1.1438
none,0,scaling,1.0,0,937,-8.3230,0.0000,-1.9536
none,0,scaling,1.0,0,938,-10.0746,0.0000,-1.0671
none,0,scaling,1.0,0,939,-1.4102,0.0000,0.8934
none,0,scaling,1.0,0,940,4.1944,0.0000,3.3066
none,0,scaling,1.0,0,941,-6.1046,0.0000,-2.5076
none,0,scaling,1.0,0,942,-1.5753,0.0000,3.8041
none,0,scaling,1.0,0,943,-4.1464,0.0000,1.0808
none,0,scaling,1.0,0,944,7.7023,0.0000,1.4197
none,0,scaling,1.0,0,945,-0.2486,0.0000,0.1441
none,0,scaling,1.0,0,946,3.8724,0.0000,0.9012
none,0,scaling,1.0,0,947,-2.0157,0.0000,-0.4211
none,0,scaling,1.0,0,948,3.3574,0.0000,-0.3549
none,0,scaling,1.0,0,949,0.5371,0.0000,1.6404
none,0,scaling,1.0,0,950,-3.7763,0.0000,-2.4308
none,0,scaling,1.0,0,951,-8.0220,0.0000,-0.7430
none,0,scaling,1.0,0,952,-7.4862,0.0000,-1.6411
none,0,scaling,1.0,0,953,3.9924,0.0000,2.7347
none,0,scaling,1.0,0,954,-3.6016,0.0000,-0.7263
none,0,scaling,1.0,0,955,-2.5271,0.0000,1.0150
none,0,scaling,1.0,0,956,-1.8160,0.0000,-0.7255
none,0,scaling,1.0,0,957,-0.8561,0.0000,-0.3333
none,0,scaling,1.0,0,958,7.4038,0.0000,3.4771
none,0,scaling,1.0,0,959,-5.5307,0.0000,-3.6223
none,0,scaling,1.0,0,960,-4.5496,0.0000,2.6182
none,0,scaling,1.0,0,961,-1.8119,0.0000,-1.6609
none,0,scaling,1.0,0,962,1.5682,0.0000,1.7949
none,0,scaling,1.0,0,963,4.3627,0.0000,2.7216
none,0,scaling,1.0,0,964,-1.0957,0.0000,-0.2701
none,0,scaling,1.0,0,965,5.7789,0.0000,2.5204
none,0,scaling,1.0,0,966,6.8321,0.0000,1.9224
none,0,scaling,1.0,0,967,0.5302,0.0000,1.1252
none,0,scaling,1.0,0,968,0.0987,0.0000,-1.0438
none,0,scaling,1.0,0,969,1.2776,0.0000,0.7090
none,0,scaling,1.0,0,970,-8.1647,0.0000,-2.5138
none,0,scaling,1.0,0,971,-5.3671,0.0000,0.9208
none,0,scaling,1.0,0,972,-1.7050,0.0000,0.2621
none,0,scaling,1.0,0,973,-1.5733,0.0000,0.8811
none,0,scaling,1.0,0,974,1.0644,0.0000,0.5371
none,0,scaling,1.0,0,975,-3.1293,0.0000,-1.8520
none,0,scaling,1.0,0,976,8.9261,0.0000,3.8104
none,0,scaling,1.0,0,977,-6.3817,0.0000,-2.1008
none,0,scaling,1.0,0,978,2.9547,0.0000,-0.4059
none,0,scaling,1.0,0,979,-1.8707,0.0000,1.7357
none,0,scaling,1.0,0,980,-4.7635,0.0000,-0.4944
none,0,scaling,1.0,0,981,0.1949,0.0000,-0.9263
none,0,scaling,1.0,0,982,0.4268,0.0000,0.4082
none,0,scaling,1.0,0,983,-4.1923,0.0000,-0.6062
none,0,scaling,1.0,0,984,-2.3273,0.0000,1.0300
none,0,scaling,1.0,0,985,-7.2508,0.0000,-3.3729
none,0,scaling,1.0,0,986,9.8076,0.0000,4.1920
none,0,scaling,1.0,0,987,-8.8113,0.0000,-1.6982
none,0,scaling,1.0,0,988,-1.9367,0.0000,0.1321
none,0,scaling,1.0,0,989,-2.9099,0.0000,1.2143
none,0,scaling,1.0,0,990,-0.0038,0.0000,2.7161
none,0,scaling,1.0,0,991,-5.6602,0.0000,-1.4324
none,0,scaling,1.0,0,992,0.2943,0.0000,0.8529
none,0,scaling,1.0,0,993,-6.7177,0.0000,-2.6579
none,0,scaling,1.0,0,994,-4.6346,0.0000,-0.9726
none,0,scaling,1.0,0,995,-0.1432,0.0000,0.5624
none,0,scaling,1.0,0,996,1.6086,0.0000,-1.8798
none,0,scaling,1.0,0,997,3.8044,0.0000,1.5266
none,0,scaling,1.0,0,998,1.4190,0.0000,-2.4553
none,0,scaling,1.0,0,999,-3.1119,0.0000,-1.3698
none,0,scaling,1.0,0,1000,-0.0500,0.0000,0.0547
momentum,16,scaling,1.0,0,1,-2.8487,3.4622,-1.1934
momentum,16,scaling,1.0,0,2,7.9109,15.2719,4.7213
momentum,16,scaling,1.0,0,3,-10.5864,2.4082,-2.3692
momentum,16,scaling,1.0,0,4,-2.8934,8.1835,0.6678
momentum,16,scaling,1.0,0,5,-7.2294,-4.1741,-2.8890
momentum,16,scaling,1.0,0,6,0.7434,11.3184,-0.2022
momentum,16,scaling,1.0,0,7,6.7916,12.8629,3.3868
momentum,16,scaling,1.0,0,8,-6.7756,-13.3918,-1.0477
momentum,16,scaling,1.0,0,9,-2.0668,7.6944,-0.0611
momentum,16,scaling,1.0,0,10,0.2693,-7.9950,0.6899
momentum,16,scaling,1.0,0,11,-1.6646,-8.0834,-1.0748
momentum,16,scaling,1.0,0,12,7.8414,5.3196,3.8869
momentum,16,scaling,1.0,0,13,2.1462,23.2194,2.7231
momentum,16,scaling,1.0,0,14,-10.1982,-2.2175,-3.0903
momentum,16,scaling,1.0,0,15,-2.3840,-9.4152,-1.1433
momentum,16,scaling,1.0,0,16,2.7854,30.0406,1.6388
momentum,16,scaling,1.0,0,17,-3.8633,-5.7850,-3.0559
momentum,16,scaling,1.0,0,18,-2.0303,8.4089,-2.0343
momentum,16,scaling,1.0,0,19,-4.8732,-8.4438,-1.2974
momentum,16,scaling,1.0,0,20,-5.2035,7.7044,-1.1603
momentum,16,scaling,1.0,0,21,0.3195,-14.6119,0.2613
momentum,16,scaling,1.0,0,22,-8.9407,-10.9347,-3.3815
momentum,16,scaling,1.0,0,23,-7.0654,7.2885,-0.4180
momentum,16,scaling,1.0,0,24,-5.2969,-3.9806,-0.4557
momentum,16,scaling,1.0,0,25,-2.1462,-5.5630,-0.1591
momentum,16,scaling,1.0,0,26,3.9908,-6.2110,0.8481
momentum,16,scaling,1.0,0,27,-3.4661,-4.3922,-0.3535
momentum,16,scaling,1.0,0,28,6.7398,19.8395,3.1602
momentum,16,scaling,1.0,0,29,-0.5119,-5.1379,-1.7948
momentum,16,scaling,1.0,0,30,1.2484,2.3251,2.9044
momentum,16,scaling,1.0,0,31,-5.8249,10.7901,-1.6043
momentum,16,scaling,1.0,0,32,-9.8242,1.5598,-3.6317
momentum,16,scaling,1.0,0,33,6.9931,40.5831,4.7350
momentum,16,scaling,1.0,0,34,-1.6740,-3.2363,-1.6614
momentum,16,scaling,1.0,0,35,1.3044,-13.0682,-0.4408
momentum,16,scaling,1.0,0,36,-2.3703,-5.1521,-1.4850
momentum,16,scaling,1.0,0,37,2.2816,8.7511,2.6759
momentum,16,scaling,1.0,0,38,5.1300,-1.8398,3.3961
momentum,16,scaling,1.0,0,39,5.8187,10.5858,3.4009
momentum,16,scaling,1.0,0,40,-8.3600,3.1772,-2.3263
momentum,16,scaling,1.0,0,41,1.9657,10.8114,1.1326
momentum,16,scaling,1.0,0,42,-10.1181,16.4763,-0.9531
momentum,16,scaling,1.0,0,43,3.2013,12.2060,2.7570
momentum,16,scaling,1.0,0,44,2.9361,1.7604,1.5222
momentum,16,scaling,1.0,0,45,-1.1794,3.2894,-1.6976
momentum,16,scaling,1.0,0,46,-3.9730,-4.8827,-2.4678
momentum,16,scaling,1.0,0,47,-2.7992,-0.7164,-1.7908
momentum,16,scaling,1.0,0,48,2.4885,-5.0127,1.4908
momentum,16,scaling,1.0,0,49,3.5669,-0.2365,2.2684
momentum,16,scaling,1.0,0,50,-2.4183,13.8443,-1.4734
momentum,16,scaling,1.0,0,51,3.1020,6.2470,0.2132
momentum,16,scaling,1.0,0,52,2.7603,-2.6844,3.1970
momentum,16,scaling,1.0,0,53,-0.5868,-8.5217,-0.1884
momentum,16,scaling,1.0,0,54,-2.9171,2.1407,-1.8479
momentum,16,scaling,1.0,0,55,0.6763,-6.2807,1.1836
momentum,16,scaling,1.0,0,56,1.4527,5.7120,2.9647
momentum,16,scaling,1.0,0,57,6.8409,10.7927,2.2875
momentum,16,scaling,1.0,0,58,-3.8086,-5.6487,-0.0191
momentum,16,scaling,1.0,0,59,2.8543,-15.7589,0.1846
momentum,16,scaling,1.0,0,60,-1.2521,6.4382,1.5959
momentum,16,scaling,1.0,0,61,3.8707,1.8902,2.5674
momentum,16,scaling,1.0,0,62,-2.4678,-4.9443,-0.1011
momentum,16,scaling,1.0,0,63,0.9072,-5.9626,0.3943
momentum,16,scaling,1.0,0,64,-4.0333,3.0330,-1.6390
momentum,16,scaling,1.0,0,65,1.2547,-2.2823,3.1402
momentum,16,scaling,1.0,0,66,0.1468,-4.6876,-1.8356
momentum,16,scaling,1.0,0,67,-7.9374,-0.1757,-2.7826
momentum,16,scaling,1.0,0,68,-7.0340,-16.0403,-2.0586
momentum,16,scaling,1.0,0,69,0.4629,9.2501,1.9272
momentum,16,scaling,1.0,0,70,7.6511,13.2707,2.9593
momentum,16,scaling,1.0,0,71,2.8688,-7.7331,4.2473
momentum,16,scaling,1.0,0,72,-4.2657,9.4557,0.8654
momentum,16,scaling,1.0,0,73,-5.4414,17.0016,-1.9904
momentum,16,scaling,1.0,0,74,-8.6840,-5.5410,-2.8935
momentum,16,scaling,1.0,0,75,4.5467,7.2294,0.2738
momentum,16,scaling,1.0,0,76,-3.8514,-3.4184,-1.6008
momentum,16,scaling,1.0,0,77,2.4782,10.8818,2.8346
momentum,16,scaling,1.0,0,78,2.0296,6.0430,0.9865
momentum,16,scaling,1.0,0,79,-10.2712,4.9819,-3.1242
momentum,16,scaling,1.0,0,80,-3.3805,-2.2176,-2.1830
momentum,16,scaling,1.0,0,81,-2.3354,7.2813,-1.1030
momentum,16,scaling,1.0,0,82,2.5127,16.6577,3.7248
momentum,16,scaling,1.0,0,83,1.0076,10.6580,1.2059
momentum,16,scaling,1.0,0,84,3.8950,-3.1291,1.8710
momentum,16,scaling,1.0,0,85,3.8886,-3.5955,1.0108
momentum,16,scaling,1.0,0,86,-0.8945,1.2920,1.7592
momentum,16,scaling,1.0,0,87,-7.5160,-12.3606,-2.6776
momentum,16,scaling,1.0,0,88,-3.6536,-5.3519,-0.9461
momentum,16,scaling,1.0,0,89,3.2441,-0.8422,2.3050
momentum,16,scaling,1.0,0,90,0.3583,-0.2668,0.5292
momentum,16,scaling,1.0,0,91,2.0101,8.6343,1.4598
momentum,16,scaling,1.0,0,92,-4.9849,2.5158,-1.9937
momentum,16,scaling,1.0,0,93,1.3487,6.5025,2.2284
momentum,16,scaling,1.0,0,94,-6.0419,7.8916,-2.2372
momentum,16,scaling,1.0,0,95,1.7507,2.6012,-0.6649
momentum,16,scaling,1.0,0,96,-1.6061,-8.4194,-1.8037
momentum,16,scaling,1.0,0,97,-11.3544,4.9671,-4.6778
momentum,16,scaling,1.0,0,98,-9.9746,-4.4503,-3.3440
momentum,16,scaling,1.0,0,99,4.1680,18.1733,3.2377
momentum,16,scaling,1.0,0,100,4.7116,3.9187,1.0360
momentum,16,scaling,1.0,0,101,-0.2320,0.9521,1.2947
momentum,16,scaling,1.0,0,102,-0.0679,6.2007,0.6582
momentum,16,scaling,1.0,0,103,-7.5399,17.5038,-0.7973
momentum,16,scaling,1.0,0,104,-2.6394,-4.8916,-0.8792
momentum,16,scaling,1.0,0,105,4.0395,1.7293,1.5791
momentum,16,scaling,1.0,0,106,-4.3949,10.9699,-0.0024
momentum,16,scaling,1.0,0,107,-3.8860,-19.5096,-1.5322
momentum,16,scaling,1.0,0,108,0.2589,3.7735,2.0370
momentum,16,scaling,1.0,0,109,0.5725,7.4004,-1.5101
momentum,16,scaling,1.0,0,110,2.3345,19.3871,2.7120
momentum,16,scaling,1.0,0,111,-3.6297,4.1191,0.0217
momentum,16,scaling,1.0,0,112,-1.7561,4.9424,-1.2496
momentum,16,scaling,1.0,0,113,-4.0639,-5.4162,-3.8294
momentum,16,scaling,1.0,0,114,-5.7235,-4.9811,0.4270
momentum,16,scaling,1.0,0,115,-0.7456,32.1365,0.5116
momentum,16,scaling,1.0,0,116,-0.6904,21.0770,-2.8136
momentum,16,scaling,1.0,0,117,-0.2422,-6.7857,0.1886
momentum,16,scaling,1.0,0,118,2.2292,2.0158,0.2536
momentum,16,scaling,1.0,0,119,-2.8022,10.5671,-0.1710
momentum,16,scaling,1.0,0,120,-1.6673,-3.4487,-1.1877
momentum,16,scaling,1.0,0,121,7.2427,10.0664,1.7106
momentum,16,scaling,1.0,0,122,-3.2445,18.0455,-0.8766
momentum,16,scaling,1.0,0,123,3.8687,28.9079,2.8077
momentum,16,scaling,1.0,0,124,0.8948,-3.0058,1.9749
momentum,16,scaling,1.0,0,125,-0.4086,-1.4182,0.0959
momentum,16,scaling,1.0,0,126,7.0769,1.1307,2.2509
momentum,16,scaling,1.0,0,127,7.0603,-9.2694,2.5942
momentum,16,scaling,1.0,0,128,-2.3999,-0.7497,-0.1819
momentum,16,scaling,1.0,0,129,0.7787,-6.1786,2.7613
momentum,16,scaling,1.0,0,130,5.8044,0.5756,2.4220
momentum,16,scaling,1.0,0,131,-0.1225,9.3670,1.1740
momentum,16,scaling,1.0,0,132,2.0170,28.5997,0.5870
momentum,16,scaling,1.0,0,133,1.9001,8.0611,2.1363
momentum,16,scaling,1.0,0,134,9.4523,16.6894,5.0077
momentum,16,scaling,1.0,0,135,2.2525,4.2094,1.4230
momentum,16,scaling,1.0,0,136,4.8270,8.6011,2.6441
momentum,16,scaling,1.0,0,137,-0.1838,20.1938,-1.7244
momentum,16,scaling,1.0,0,138,1.5696,9.4276,1.0011
momentum,16,scaling,1.0,0,139,3.6962,12.8039,0.9322
momentum,16,scaling,1.0,0,140,-4.7989,0.0376,-2.8887
momentum,16,scaling,1.0,0,141,2.5183,18.4551,1.4513
momentum,16,scaling,1.0,0,142,-7.2701,-5.3705,-2.8291
momentum,16,scaling,1.0,0,143,-2.0601,14.9615,-1.4713
momentum,16,scaling,1.0,0,144,-1.9776,-2.7323,-1.9266
momentum,16,scaling,1.0,0,145,-4.7465,7.1769,-2.3885
momentum,16,scaling,1.0,0,146,5.5759,18.8138,1.5770
momentum,16,scaling,1.0,0,147,0.5469,-0.7740,1.5805
momentum,16,scaling,1.0,0,148,-3.0219,2.5683,-1.2856
momentum,16,scaling,1.0,0,149,0.0287,12.5149,1.3302
momentum,16,scaling,1.0,0,150,-4.3531,-0.4146,-2.6697
momentum,16,scaling,1.0,0,151,-5.3830,-2.1672,-1.0771
momentum,16,scaling,1.0,0,152,-5.6376,-7.2167,-1.0447
momentum,16,scaling,1.0,0,153,2.9161,-4.2582,0.2088
momentum,16,scaling,1.0,0,154,-7.3461,21.8273,-1.0007
momentum,16,scaling,1.0,0,155,2.2197,-0.0178,0.3711
momentum,16,scaling,1.0,0,156,-5.3976,-12.2393,-2.7974
momentum,16,scaling,1.0,0,157,1.1552,2.0462,-1.3564
momentum,16,scaling,1.0,0,158,-0.4370,-12.7784,-0.1482
momentum,16,scaling,1.0,0,159,-17.0481,-5.0241,-6.0537
momentum,16,scaling,1.0,0,160,-8.6477,-13.1976,-1.2817
momentum,16,scaling,1.0,0,161,1.5246,27.0583,2.0816
momentum,16,scaling,1.0,0,162,5.8605,32.9243,0.6435
momentum,16,scaling,1.0,0,163,-4.5208,5.3627,-1.6977
momentum,16,scaling,1.0,0,164,-1.6762,17.1739,1.6765
momentum,16,scaling,1.0,0,165,-4.1781,-0.5513,-3.0516
momentum,16,scaling,1.0,0,166,4.5447,2.5783,2.6064
momentum,16,scaling,1.0,0,167,2.4744,14.1464,-0.3227
momentum,16,scaling,1.0,0,168,4.1716,12.4916,0.8877
momentum,16,scaling,1.0,0,169,2.3889,19.7132,0.0963
momentum,16,scaling,1.0,0,170,1.5507,-9.6913,1.0134
momentum,16,scaling,1.0,0,171,-2.7810,-4.5796,-2.2273
momentum,16,scaling,1.0,0,172,3.2907,9.4404,3.0195
momentum,16,scaling,1.0,0,173,3.0305,17.0480,0.7646
momentum,16,scaling,1.0,0,174,-2.8550,-3.0381,-0.9591
momentum,16,scaling,1.0,0,175,0.6316,20.1673,0.2242
momentum,16,scaling,1.0,0,176,-1.8144,-1.8142,-2.2324
momentum,16,scaling,1.0,0,177,0.2997,12.8073,-0.8908
momentum,16,scaling,1.0,0,178,-1.9252,-10.4370,0.5261
momentum,16,scaling,1.0,0,179,-0.0499,-8.2079,0.2431
momentum,16,scaling,1.0,0,180,0.9168,3.8635,0.7708
momentum,16,scaling,1.0,0,181,-2.4633,-2.9519,1.6424
momentum,16,scaling,1.0,0,182,1.7633,10.8974,2.4945
momentum,16,scaling,1.0,0,183,7.6035,3.7169,4.7179
momentum,16,scaling,1.0,0,184,2.9754,1.3962,0.9258
momentum,16,scaling,1.0,0,185,-0.6436,11.9488,-0.2008
momentum,16,scaling,1.0,0,186,-4.3517,-6.6753,-1.1782
momentum,16,scaling,1.0,0,187,-1.0012,-10.2175,-0.3134
momentum,16,scaling,1.0,0,188,-0.7698,2.7358,-0.8028
momentum,16,scaling,1.0,0,189,-0.2048,13.4223,1.6792
momentum,16,scaling,1.0,0,190,1.1868,-2.8977,1.3261
momentum,16,scaling,1.0,0,191,3.3332,12.4411,2.0631
momentum,16,scaling,1.0,0,192,-0.3195,-10.2011,-1.0222
momentum,16,scaling,1.0,0,193,2.3206,4.5189,0.7680
momentum,16,scaling,1.0,0,194,-4.9023,-0.9439,-0.9331
momentum,16,scaling,1.0,0,195,6.1731,-1.2650,2.8380
momentum,16,scaling,1.0,0,196,11.7656,18.8596,5.4702
momentum,16,scaling,1.0,0,197,-2.5522,5.8108,-2.6575
momentum,16,scaling,1.0,0,198,4.8317,-1.6837,2.1648
momentum,16,scaling,1.0,0,199,-5.4684,-2.7195,-1.8149
momentum,16,scaling,1.0,0,200,-1.3197,6.4241,-0.8636
momentum,16,scaling,1.0,0,201,0.0423,13.4229,-0.0969
momentum,16,scaling,1.0,0,202,3.8693,9.7127,1.6573
momentum,16,scaling,1.0,0,203,3.7248,-2.3921,1.1571
momentum,16,scaling,1.0,0,204,-1.8760,-9.9054,-1.0072
momentum,16,scaling,1.0,0,205,-7.6582,-2.3699,-1.7723
momentum,16,scaling,1.0,0,206,-1.0149,-1.8132,-0.6056
momentum,16,scaling,1.0,0,207,10.6578,5.2681,4.6612
momentum,16,scaling,1.0,0,208,-5.8235,-5.0403,-2.7899
momentum,16,scaling,1.0,0,209,-18.1332,-10.6605,-6.0368
momentum,16,scaling,1.0,0,210,-14.7055,-4.7327,-5.1431
momentum,16,scaling,1.0,0,211,5.2069,-5.3009,0.8546
momentum,16,scaling,1.0,0,212,5.9167,10.6058,2.1269
momentum,16,scaling,1.0,0,213,-0.0151,10.4057,-0.9156
momentum,16,scaling,1.0,0,214,-3.0230,8.1493,0.2857
momentum,16,scaling,1.0,0,215,-2.2338,0.6514,0.1943
momentum,16,scaling,1.0,0,216,-1.2848,15.1837,0.5476
momentum,16,scaling,1.0,0,217,2.7525,10.8777,0.5118
momentum,16,scaling,1.0,0,218,-1.5634,2.8584,-0.8038
momentum,16,scaling,1.0,0,219,1.0590,-5.2807,0.3613
momentum,16,scaling,1.0,0,220,-5.0662,-10.9151,-1.7048
momentum,16,scaling,1.0,0,221,-2.4801,14.1791,0.2427
momentum,16,scaling,1.0,0,222,4.1834,-5.6352,1.7183
momentum,16,scaling,1.0,0,223,-4.5606,-18.4073,-1.6324
momentum,16,scaling,1.0,0,224,4.3097,0.1637,3.0870
momentum,16,scaling,1.0,0,225,3.1828,-8.6247,1.3750
momentum,16,scaling,1.0,0,226,-5.3211,-14.1869,-0.7825
momentum,16,scaling,1.0,0,227,4.0678,13.4412,-0.1226
momentum,16,scaling,1.0,0,228,2.7327,3.8069,3.7126
momentum,16,scaling,1.0,0,229,-0.9131,4.4168,0.3970
momentum,16,scaling,1.0,0,230,-1.6971,2.5368,-0.4296
momentum,16,scaling,1.0,0,231,2.7453,1.3432,1.4459
momentum,16,scaling,1.0,0,232,-2.2597,3.0196,-2.9722
momentum,16,scaling,1.0,0,233,2.2342,-3.1747,-0.6138
momentum,16,scaling,1.0,0,234,-6.8866,-7.8218,-2.9212
momentum,16,scaling,1.0,0,235,-2.3939,0.9486,1.5872
momentum,16,scaling,1.0,0,236,-10.6009,1.8230,-3.4603
momentum,16,scaling,1.0,0,237,5.3305,11.0496,1.9025
momentum,16,scaling,1.0,0,238,2.8367,-3.1257,1.1116
momentum,16,scaling,1.0,0,239,-2.5943,4.8867,0.3839
momentum,16,scaling,1.0,0,240,0.1862,5.3140,-0.7164
momentum,16,scaling,1.0,0,241,-3.2643,-7.3919,-2.1435
momentum,16,scaling,1.0,0,242,5.6247,-0.2831,0.7409
momentum,16,scaling,1.0,0,243,3.7051,9.1302,1.7097
momentum,16,scaling,1.0,0,244,2.7978,9.2875,2.8766
momentum,16,scaling,1.0,0,245,-1.2614,18.4721,-2.0244
momentum,16,scaling,1.0,0,246,4.2850,-4.1147,3.3755
momentum,16,scaling,1.0,0,247,-1.7580,6.0910,1.0343
momentum,16,scaling,1.0,0,248,-8.1520,-11.7756,-2.9959
momentum,16,scaling,1.0,0,249,2.9538,12.6019,0.1867
momentum,16,scaling,1.0,0,250,6.6072,12.0499,2.2506
momentum,16,scaling,1.0,0,251,4.5347,25.1511,1.7162
momentum,16,scaling,1.0,0,252,-7.9860,-12.3937,-1.1677
momentum,16,scaling,1.0,0,253,-1.1339,-3.5298,-0.0724
momentum,16,scaling,1.0,0,254,-8.1627,-9.6384,-2.7113
momentum,16,scaling,1.0,0,255,3.8476,-0.1009,-0.5899
momentum,16,scaling,1.0,0,256,5.8796,15.5280,2.3540
momentum,16,scaling,1.0,0,257,-4.3424,-3.2779,-1.7901
momentum,16,scaling,1.0,0,258,-2.8753,-9.4037,0.5955
momentum,16,scaling,1.0,0,259,-9.7108,6.0748,-3.2627
momentum,16,scaling,1.0,0,260,0.4355,6.1900,1.4279
momentum,16,scaling,1.0,0,261,0.9691,-9.0780,0.1904
momentum,16,scaling,1.0,0,262,-5.1480,-3.3612,-2.1720
momentum,16,scaling,1.0,0,263,-7.5283,-6.3787,-3.4917
momentum,16,scaling,1.0,0,264,2.0343,-5.0967,0.1009
momentum,16,scaling,1.0,0,265,-11.9617,-17.6556,-4.4924
momentum,16,scaling,1.0,0,266,-6.1896,0.3977,-2.2495
momentum,16,scaling,1.0,0,267,0.4674,19.8343,0.8242
momentum,16,scaling,1.0,0,268,-5.1375,-5.2045,-3.3507
momentum,16,scaling,1.0,0,269,-3.2037,-6.2597,-1.8685
momentum,16,scaling,1.0,0,270,0.9454,8.9334,-0.4908
momentum,16,scaling,1.0,0,271,-4.6244,17.3315,-2.2867
momentum,16,scaling,1.0,0,272,5.0267,1.8667,3.3554
momentum,16,scaling,1.0,0,273,3.9582,11.8085,3.6047
momentum,16,scaling,1.0,0,274,-5.8641,-1.5299,-1.5337
momentum,16,scaling,1.0,0,275,-0.8008,2.6628,-0.7331
momentum,16,scaling,1.0,0,276,-0.7989,13.8006,3.1126
momentum,16,scaling,1.0,0,277,6.4873,15.8670,2.6950
momentum,16,scaling,1.0,0,278,-1.9957,7.1251,0.4299
momentum,16,scaling,1.0,0,279,-1.0148,-3.1067,-1.2571
momentum,16,scaling,1.0,0,280,-3.3188,3.3703,-0.9959
momentum,16,scaling,1.0,0,281,3.7258,3.1547,1.1595
momentum,16,scaling,1.0,0,282,-4.9458,-12.8958,-2.1615
momentum,16,scaling,1.0,0,283,-1.1530,-4.7294,-2.0800
momentum,16,scaling,1.0,0,284,-12.7713,8.8408,-2.1537
momentum,16,scaling,1.0,0,285,-2.4407,-9.6657,-1.6907
momentum,16,scaling,1.0,0,286,-4.0239,13.0697,-1.9727
momentum,16,scaling,1.0,0,287,0.0256,-1.7080,-0.5982
momentum,16,scaling,1.0,0,288,2.0003,0.8057,1.3331
momentum,16,scaling,1.0,0,289,-1.0730,-0.4083,1.5109
momentum,16,scaling,1.0,0,290,-1.6385,-0.9162,0.1305
momentum,16,scaling,1.0,0,291,-5.8703,-2.7567,-3.5084
momentum,16,scaling,1.0,0,292,-7.8322,-2.5997,-3.7504
momentum,16,scaling,1.0,0,293,-12.7507,-8.5770,-4.5105
momentum,16,scaling,1.0,0,294,4.2829,11.5096,-0.0579
momentum,16,scaling,1.0,0,295,-0.7108,0.8258,-0.8621
momentum,16,scaling,1.0,0,296,2.9736,2.7660,1.6268
momentum,16,scaling,1.0,0,297,5.6888,0.2305,3.8911
momentum,16,scaling,1.0,0,298,3.5864,28.2370,2.1492
momentum,16,scaling,1.0,0,299,1.0690,5.7556,-0.0584
momentum,16,scaling,1.0,0,300,-3.8706,-4.0193,-0.6070
momentum,16,scaling,1.0,0,301,-4.0706,-7.0037,-1.0451
momentum,16,scaling,1.0,0,302,-3.0488,22.8018,1.2405
momentum,16,scaling,1.0,0,303,4.3299,22.1447,1.3192
momentum,16,scaling,1.0,0,304,7.9301,10.6736,3.9851
momentum,16,scaling,1.0,0,305,1.6279,-5.9287,-0.3158
momentum,16,scaling,1.0,0,306,-5.1379,5.9524,-4.4176
momentum,16,scaling,1.0,0,307,-0.6724,-9.3367,-1.9805
momentum,16,scaling,1.0,0,308,5.1850,6.0587,0.8540
momentum,16,scaling,1.0,0,309,-2.2120,23.8620,0.5308
momentum,16,scaling,1.0,0,310,0.5498,-8.1284,1.2691
momentum,16,scaling,1.0,0,311,-4.7769,1.0172,-1.6417
momentum,16,scaling,1.0,0,312,-5.3641,16.5360,0.0675
momentum,16,scaling,1.0,0,313,-2.3430,-0.2046,-1.0069
momentum,16,scaling,1.0,0,314,-4.6073,29.7412,-0.2665
momentum,16,scaling,1.0,0,315,3.1814,-8.4027,1.6609
momentum,16,scaling,1.0,0,316,-2.7920,11.7651,-1.3219
momentum,16,scaling,1.0,0,317,-3.5324,-1.7851,-3.1809
momentum,16,scaling,1.0,0,318,5.5460,16.7674,6.2747
momentum,16,scaling,1.0,0,319,-10.0706,-1.8313,-1.3929
momentum,16,scaling,1.0,0,320,5.6554,-0.3755,0.5201
momentum,16,scaling,1.0,0,321,1.9088,6.3102,1.7576
momentum,16,scaling,1.0,0,322,5.1969,1.1691,1.6851
momentum,16,scaling,1.0,0,323,3.7362,7.9584,-0.0820
momentum,16,scaling,1.0,0,324,5.5269,-1.7310,1.8692
momentum,16,scaling,1.0,0,325,-1.1284,-2.0844,-0.6745
momentum,16,scaling,1.0,0,326,-4.3797,7.1182,0.2943
momentum,16,scaling,1.0,0,327,4.3624,-3.2883,2.6674
momentum,16,scaling,1.0,0,328,4.4083,-2.2566,0.1874
momentum,16,scaling,1.0,0,329,-1.3672,-4.7169,-0.1323
momentum,16,scaling,1.0,0,330,-6.6559,-0.8247,-2.9926
momentum,16,scaling,1.0,0,331,7.9532,29.6305,4.5661
momentum,16,scaling,1.0,0,332,0.4882,9.3453,0.7222
momentum,16,scaling,1.0,0,333,-7.9720,-1.5809,-3.0600
momentum,16,scaling,1.0,0,334,0.3632,-3.1710,2.3589
momentum,16,scaling,1.0,0,335,5.2336,24.0513,3.2729
momentum,16,scaling,1.0,0,336,-3.7354,-2.7948,-0.2503
momentum,16,scaling,1.0,0,337,-3.5009,-7.4643,-3.6454
momentum,16,scaling,1.0,0,338,-6.2835,1.8621,-3.2957
momentum,16,scaling,1.0,0,339,5.2826,4.0524,3.0643
momentum,16,scaling,1.0,0,340,-0.8716,-7.0060,0.8952
momentum,16,scaling,1.0,0,341,7.1159,8.6476,1.0788
momentum,16,scaling,1.0,0,342,-1.2399,-10.5905,-0.5978
momentum,16,scaling,1.0,0,343,-3.3626,13.6767,-1.4399
momentum,16,scaling,1.0,0,344,0.8875,7.6434,0.9145
momentum,16,scaling,1.0,0,345,2.8269,0.9016,1.3036
momentum,16,scaling,1.0,0,346,5.9373,18.4302,3.2211
momentum,16,scaling,1.0,0,347,-13.0922,-15.5014,-5.5467
momentum,16,scaling,1.0,0,348,-9.3725,2.2090,-3.6576
momentum,16,scaling,1.0,0,349,0.8712,-0.4882,0.9125
momentum,16,scaling,1.0,0,350,8.4148,14.5061,2.4861
momentum,16,scaling,1.0,0,351,-5.1751,-5.8182,-1.6044
momentum,16,scaling,1.0,0,352,-1.2486,-5.8130,-1.3993
momentum,16,scaling,1.0,0,353,0.9949,15.8466,-0.4823
momentum,16,scaling,1.0,0,354,-3.4909,7.3555,0.6497
momentum,16,scaling,1.0,0,355,2.7531,16.9272,2.8086
momentum,16,scaling,1.0,0,356,9.1080,12.8318,2.1707
momentum,16,scaling,1.0,0,357,-3.3548,24.8497,-1.1568
momentum,16,scaling,1.0,0,358,1.4889,8.0659,-0.0355
momentum,16,scaling,1.0,0,359,-4.8984,-8.9388,-0.5317
momentum,16,scaling,1.0,0,360,-3.5983,5.7582,1.3565
momentum,16,scaling,1.0,0,361,2.1870,0.8736,0.6672
momentum,16,scaling,1.0,0,362,-8.3288,-3.9090,-4.5644
momentum,16,scaling,1.0,0,363,0.9418,10.8283,1.1846
momentum,16,scaling,1.0,0,364,4.4264,-7.9327,4.5749
momentum,16,scaling,1.0,0,365,-5.6373,-9.2441,-2.0505
momentum,16,scaling,1.0,0,366,-1.5499,-4.1810,0.2363
momentum,16,scaling,1.0,0,367,7.9886,17.0174,5.9053
momentum,16,scaling,1.0,0,368,-1.0519,-5.9141,0.1905
momentum,16,scaling,1.0,0,369,-2.0088,-14.9628,0.1981
momentum,16,scaling,1.0,0,370,-2.2243,-0.7637,-1.7371
momentum,16,scaling,1.0,0,371,2.5329,1.4156,1.1183
momentum,16,scaling,1.0,0,372,-3.4781,-6.6637,-0.5171
momentum,16,scaling,1.0,0,373,-8.9633,1.8627,-4.3779
momentum,16,scaling,1.0,0,374,4.0097,-3.6891,1.0995
momentum,16,scaling,1.0,0,375,-7.9543,-2.3566,-1.8806
momentum,16,scaling,1.0,0,376,-11.4806,4.8002,-5.9599
momentum,16,scaling,1.0,0,377,-3.1400,-2.3545,-0.5847
momentum,16,scaling,1.0,0,378,-1.0897,30.7186,0.7995
momentum,16,scaling,1.0,0,379,0.0934,23.6205,1.7622
momentum,16,scaling,1.0,0,380,1.7791,13.3932,-0.7652
momentum,16,scaling,1.0,0,381,-2.7632,5.1051,0.0358
momentum,16,scaling,1.0,0,382,-4.4444,3.9265,-0.6506
momentum,16,scaling,1.0,0,383,2.3087,1.9175,-0.3657
momentum,16,scaling,1.0,0,384,7.3039,10.7582,2.1346
momentum,16,scaling,1.0,0,385,2.1019,-5.4010,0.7527
momentum,16,scaling,1.0,0,386,-8.8541,-1.6512,-3.2657
momentum,16,scaling,1.0,0,387,-7.8704,-7.2350,-1.5858
momentum,16,scaling,1.0,0,388,-13.1745,-0.3642,-4.6488
momentum,16,scaling,1.0,0,389,-10.0162,-0.6876,-2.1144
momentum,16,scaling,1.0,0,390,-4.9576,14.3025,-2.2361
momentum,16,scaling,1.0,0,391,3.7132,-2.1994,3.2370
momentum,16,scaling,1.0,0,392,-4.5237,0.6367,-0.1742
momentum,16,scaling,1.0,0,393,-0.8376,2.4347,0.8497
momentum,16,scaling,1.0,0,394,-7.1805,21.2130,-2.5208
momentum,16,scaling,1.0,0,395,-8.7085,-3.0085,-3.4627
momentum,16,scaling,1.0,0,396,-12.7580,-12.3632,-4.4608
momentum,16,scaling,1.0,0,397,3.6572,-6.7727,2.7045
momentum,16,scaling,1.0,0,398,-0.2223,-1.0719,0.4969
momentum,16,scaling,1.0,0,399,1.3001,-3.1671,0.6683
momentum,16,scaling,1.0,0,400,-3.4972,12.3316,-3.8539
momentum,16,scaling,1.0,0,401,-5.5467,-9.9769,-2.6728
momentum,16,scaling,1.0,0,402,-1.6862,3.0909,-3.0009
momentum,16,scaling,1.0,0,403,-2.3808,-0.8407,-1.6172
momentum,16,scaling,1.0,0,404,-7.5543,25.3604,-0.7903
momentum,16,scaling,1.0,0,405,-2.7250,-1.0636,-2.1533
momentum,16,scaling,1.0,0,406,2.2349,8.8756,0.6090
momentum,16,scaling,1.0,0,407,0.0866,-7.4902,0.5963
momentum,16,scaling,1.0,0,408,-4.3831,3.7453,-1.0548
momentum,16,scaling,1.0,0,409,1.4118,4.3806,1.0013
momentum,16,scaling,1.0,0,410,-7.2123,-0.9994,-2.1834
momentum,16,scaling,1.0,0,411,4.7019,8.3723,1.4011
momentum,16,scaling,1.0,0,412,0.2474,6.0046,-0.0285
momentum,16,scaling,1.0,0,413,-3.3432,8.2525,-0.3921
momentum,16,scaling,1.0,0,414,-5.7605,-1.7032,-1.3595
momentum,16,scaling,1.0,0,415,5.0960,3.3536,1.3557
momentum,16,scaling,1.0,0,416,-1.4643,14.9246,-0.2624
momentum,16,scaling,1.0,0,417,0.7574,14.7411,-0.3873
momentum,16,scaling,1.0,0,418,-3.2899,-9.3066,-1.0881
momentum,16,scaling,1.0,0,419,5.3825,19.1892,2.9508
momentum,16,scaling,1.0,0,420,-4.1903,5.0474,-0.1147
momentum,16,scaling,1.0,0,421,1.0107,-4.5457,-1.4593
momentum,16,scaling,1.0,0,422,-0.9292,-0.5533,0.1680
momentum,16,scaling,1.0,0,423,-1.2160,20.4539,1.2609
momentum,16,scaling,1.0,0,424,-0.7264,-11.3348,-0.5627
momentum,16,scaling,1.0,0,425,-5.9918,-11.4018,-2.0050
momentum,16,scaling,1.0,0,426,-0.6131,5.0231,-0.4849
momentum,16,scaling,1.0,0,427,5.8884,9.0917,2.7985
momentum,16,scaling,1.0,0,428,-13.7006,-9.0657,-5.3107
momentum,16,scaling,1.0,0,429,-6.2839,9.2535,-1.4599
momentum,16,scaling,1.0,0,430,4.3576,7.1953,1.4555
momentum,16,scaling,1.0,0,431,-5.0711,4.2226,-2.3080
momentum,16,scaling,1.0,0,432,-3.5229,2.9286,-2.1531
momentum,16,scaling,1.0,0,433,-2.6014,-5.3122,-0.6226
momentum,16,scaling,1.0,0,434,0.4635,11.1166,1.3855
momentum,16,scaling,1.0,0,435,3.1776,6.3972,1.6110
momentum,16,scaling,1.0,0,436,-1.5463,-8.4124,-1.2101
momentum,16,scaling,1.0,0,437,-3.4470,7.1819,0.6363
momentum,16,scaling,1.0,0,438,1.9910,15.9271,2.0259
momentum,16,scaling,1.0,0,439,-13.1772,17.3122,-2.3432
momentum,16,scaling,1.0,0,440,-5.2668,-5.0136,-2.6887
momentum,16,scaling,1.0,0,441,-2.2606,6.3850,-0.7736
momentum,16,scaling,1.0,0,442,-10.2415,-1.3036,-5.0261
momentum,16,scaling,1.0,0,443,-4.2754,-4.9157,-0.9846
momentum,16,scaling,1.0,0,444,-2.4152,-10.7401,0.7440
momentum,16,scaling,1.0,0,445,2.0976,-8.7725,0.0544
momentum,16,scaling,1.0,0,446,-2.9852,-9.6982,-1.7164
momentum,16,scaling,1.0,0,447,3.8986,5.8327,1.2497
momentum,16,scaling,1.0,0,448,-11.3146,10.3600,-3.9586
momentum,16,scaling,1.0,0,449,-5.3617,18.2822,-1.8284
momentum,16,scaling,1.0,0,450,-6.6283,-12.9949,-1.3252
momentum,16,scaling,1.0,0,451,-0.8117,7.3987,1.0717
momentum,16,scaling,1.0,0,452,-4.0226,-7.6036,-2.1222
momentum,16,scaling,1.0,0,453,-6.0641,-8.2787,-0.3958
momentum,16,scaling,1.0,0,454,4.3165,11.8389,3.3725
momentum,16,scaling,1.0,0,455,-8.5135,-8.9183,-3.6683
momentum,16,scaling,1.0,0,456,-11.0406,-9.2849,-3.5854
momentum,16,scaling,1.0,0,457,-1.7865,18.9763,-1.4894
momentum,16,scaling,1.0,0,458,-1.6695,0.4276,-0.0966
momentum,16,scaling,1.0,0,459,-7.6631,5.9987,-0.3703
momentum,16,scaling,1.0,0,460,-0.1315,-4.6149,-1.9186
momentum,16,scaling,1.0,0,461,1.5599,-12.4247,2.2870
momentum,16,scaling,1.0,0,462,-1.6622,6.6571,0.4146
momentum,16,scaling,1.0,0,463,7.0517,14.2771,2.5922
momentum,16,scaling,1.0,0,464,0.2335,7.1124,-3.2141
momentum,16,scaling,1.0,0,465,-5.1227,2.0007,0.5756
momentum,16,scaling,1.0,0,466,-0.9517,25.9524,0.5512
momentum,16,scaling,1.0,0,467,-2.3078,5.9879,-2.3892
momentum,16,scaling,1.0,0,468,-2.0856,0.9478,0.5594
momentum,16,scaling,1.0,0,469,-1.5054,-0.9833,0.0462
momentum,16,scaling,1.0,0,470,-4.3677,7.2271,-2.0389
momentum,16,scaling,1.0,0,471,-9.7164,-16.2478,-3.7475
momentum,16,scaling,1.0,0,472,-0.5547,-3.9460,1.0813
momentum,16,scaling,1.0,0,473,0.6063,-8.7898,-0.2720
momentum,16,scaling,1.0,0,474,-6.8029,0.5075,-4.3930
momentum,16,scaling,1.0,0,475,-7.3115,-11.6931,-1.8928
momentum,16,scaling,1.0,0,476,-7.8787,1.0037,-4.0543
momentum,16,scaling,1.0,0,477,2.1196,9.7193,0.7389
momentum,16,scaling,1.0,0,478,2.3059,-7.5158,0.8796
momentum,16,scaling,1.0,0,479,2.6868,-7.5090,0.5528
momentum,16,scaling,1.0,0,480,-6.5096,1.1526,-2.1683
momentum,16,scaling,1.0,0,481,-2.0197,0.3934,-0.8652
momentum,16,scaling,1.0,0,482,-5.8797,6.6257,-4.1487
momentum,16,scaling,1.0,0,483,8.4763,13.0980,2.9405
momentum,16,scaling,1.0,0,484,-4.9713,4.7466,-3.8152
momentum,16,scaling,1.0,0,485,-0.8708,-5.3155,-0.1464
momentum,16,scaling,1.0,0,486,-9.3027,-17.3907,-2.3832
momentum,16,scaling,1.0,0,487,0.0722,-8.8487,-0.7552
momentum,16,scaling,1.0,0,488,2.8374,3.8315,1.1073
momentum,16,scaling,1.0,0,489,4.8226,-4.7025,4.1781
momentum,16,scaling,1.0,0,490,-9.5666,13.6088,-3.4287
momentum,16,scaling,1.0,0,491,-2.6859,-2.5260,-2.4533
momentum,16,scaling,1.0,0,492,-8.4078,-10.8302,-2.8617
momentum,16,scaling,1.0,0,493,8.3478,22.4625,0.9044
momentum,16,scaling,1.0,0,494,-1.1285,-4.8807,-2.0366
momentum,16,scaling,1.0,0,495,-8.3197,1.2983,-2.8206
momentum,16,scaling,1.0,0,496,2.6960,3.7731,1.0600
momentum,16,scaling,1.0,0,497,-4.7587,1.3791,0.0850
momentum,16,scaling,1.0,0,498,5.7992,-8.4729,2.1601
momentum,16,scaling,1.0,0,499,-4.1192,-5.3316,-1.2723
momentum,16,scaling,1.0,0,500,-0.7224,-8.0448,0.9903
momentum,16,scaling,1.0,0,501,-4.9744,-11.4237,-1.2644
momentum,16,scaling,1.0,0,502,4.8668,0.0335,2.5023
momentum,16,scaling,1.0,0,503,0.1186,-10.9822,-0.9021
momentum,16,scaling,1.0,0,504,-2.6156,-4.5905,-1.5300
momentum,16,scaling,1.0,0,505,1.1814,8.4223,3.8099
momentum,16,scaling,1.0,0,506,1.1845,-2.3263,-0.2272
momentum,16,scaling,1.0,0,507,-3.7342,-2.7955,-1.1320
momentum,16,scaling,1.0,0,508,-19.6543,-4.5611,-6.9110
momentum,16,scaling,1.0,0,509,1.9252,-6.1777,0.1675
momentum,16,scaling,1.0,0,510,-1.4220,-1.4893,0.8703
momentum,16,scaling,1.0,0,511,-8.2701,0.8793,-2.3507
momentum,16,scaling,1.0,0,512,4.5237,7.6585,2.6541
momentum,16,scaling,1.0,0,513,5.1345,2.0458,1.5570
momentum,16,scaling,1.0,0,514,3.3968,-9.9240,0.1576
momentum,16,scaling,1.0,0,515,5.9443,4.2333,2.4083
momentum,16,scaling,1.0,0,516,-4.0575,3.4354,-1.6224
momentum,16,scaling,1.0,0,517,-2.0860,13.8368,-1.4571
momentum,16,scaling,1.0,0,518,-0.7167,7.6170,0.9150
momentum,16,scaling,1.0,0,519,-7.2608,-11.1589,-2.2144
momentum,16,scaling,1.0,0,520,-7.3715,-9.6842,-3.0916
momentum,16,scaling,1.0,0,521,-7.1906,-3.0382,-3.1912
momentum,16,scaling,1.0,0,522,5.5121,1.5720,2.9829
momentum,16,scaling,1.0,0,523,-5.5806,3.3165,-2.0808
momentum,16,scaling,1.0,0,524,-2.5550,-15.9787,-1.1607
momentum,16,scaling,1.0,0,525,-2.6304,5.2702,0.6204
momentum,16,scaling,1.0,0,526,-4.5183,-9.9418,-1.1453
momentum,16,scaling,1.0,0,527,-3.1591,-8.1514,-2.0976
momentum,16,scaling,1.0,0,528,3.1650,-4.5038,1.9554
momentum,16,scaling,1.0,0,529,0.1775,13.1661,1.2815
momentum,16,scaling,1.0,0,530,-1.9038,31.0854,1.1035
momentum,16,scaling,1.0,0,531,0.3361,-9.6454,0.9257
momentum,16,scaling,1.0,0,532,0.3348,0.5536,-0.5237
momentum,16,scaling,1.0,0,533,0.2924,-5.4194,-0.3516
momentum,16,scaling,1.0,0,534,-8.5147,-2.5143,-1.8498
momentum,16,scaling,1.0,0,535,-3.2702,-5.2684,-2.4576
momentum,16,scaling,1.0,0,536,-4.6527,13.8421,-0.2886
momentum,16,scaling,1.0,0,537,-6.7285,-7.5070,-2.1932
momentum,16,scaling,1.0,0,538,1.9930,9.3151,1.9025
momentum,16,scaling,1.0,0,539,-3.5538,-2.4303,-1.1685
momentum,16,scaling,1.0,0,540,1.7141,2.2838,0.2785
momentum,16,scaling,1.0,0,541,-7.9633,-9.0693,-3.4492
momentum,16,scaling,1.0,0,542,1.0035,-5.7757,2.7736
momentum,16,scaling,1.0,0,543,-2.7742,5.9908,-0.9326
momentum,16,scaling,1.0,0,544,-5.8130,-5.3970,-2.3853
momentum,16,scaling,1.0,0,545,-1.8932,-5.0484,-1.5229
momentum,16,scaling,1.0,0,546,-2.3453,-2.6251,0.3093
momentum,16,scaling,1.0,0,547,2.8438,0.1787,3.9455
momentum,16,scaling,1.0,0,548,-0.0641,4.4180,-1.3978
momentum,16,scaling,1.0,0,549,4.0141,-8.5003,1.4143
momentum,16,scaling,1.0,0,550,2.2823,-1.6501,1.5947
momentum,16,scaling,1.0,0,551,-0.6726,3.3080,-0.7254
momentum,16,scaling,1.0,0,552,6.9061,6.6891,4.1640
momentum,16,scaling,1.0,0,553,4.8992,13.2818,0.6701
momentum,16,scaling,1.0,0,554,1.3182,0.9190,-0.3123
momentum,16,scaling,1.0,0,555,-1.2452,5.2922,-1.3337
momentum,16,scaling,1.0,0,556,-0.9290,-2.9079,1.9154
momentum,16,scaling,1.0,0,557,-0.2601,13.7914,-0.9943
momentum,16,scaling,1.0,0,558,-3.2202,11.6110,1.1017
momentum,16,scaling,1.0,0,559,4.8180,12.6046,1.6960
momentum,16,scaling,1.0,0,560,-15.2032,-15.4798,-5.1453
momentum,16,scaling,1.0,0,561,-4.3923,-2.8180,-0.1740
momentum,16,scaling,1.0,0,562,7.3752,4.4191,4.8084
momentum,16,scaling,1.0,0,563,-2.5379,1.3835,-0.3295
momentum,16,scaling,1.0,0,564,1.1776,-1.5059,1.4678
momentum,16,scaling,1.0,0,565,-11.4232,-6.1199,-2.7585
momentum,16,scaling,1.0,0,566,-5.3260,-8.5759,-2.8288
momentum,16,scaling,1.0,0,567,1.0699,-3.3371,0.6695
momentum,16,scaling,1.0,0,568,2.7189,13.1915,3.0335
momentum,16,scaling,1.0,0,569,0.9730,0.7749,-0.3352
momentum,16,scaling,1.0,0,570,-6.9103,2.7172,-1.9050
momentum,16,scaling,1.0,0,571,1.2628,13.7396,0.1279
momentum,16,scaling,1.0,0,572,-1.0153,-2.7709,0.4433
momentum,16,scaling,1.0,0,573,2.0483,-4.0892,0.8104
momentum,16,scaling,1.0,0,574,-5.4337,14.5847,-3.0035
momentum,16,scaling,1.0,0,575,-3.1142,-9.7346,-1.5380
momentum,16,scaling,1.0,0,576,2.4893,7.2988,-0.8164
momentum,16,scaling,1.0,0,577,-0.2864,13.2379,-0.7914
momentum,16,scaling,1.0,0,578,0.7891,2.8388,1.4030
momentum,16,scaling,1.0,0,579,-4.7518,9.6817,1.3879
momentum,16,scaling,1.0,0,580,-3.3287,-2.6623,-0.8813
momentum,16,scaling,1.0,0,581,-21.7039,-7.6798,-8.3763
momentum,16,scaling,1.0,0,582,-2.2260,-12.1299,1.2923
momentum,16,scaling,1.0,0,583,-11.6394,-5.0359,-4.7525
momentum,16,scaling,1.0,0,584,1.8620,-7.0185,1.9180
momentum,16,scaling,1.0,0,585,2.7013,4.4803,1.0575
momentum,16,scaling,1.0,0,586,-0.7486,25.0535,1.0313
momentum,16,scaling,1.0,0,587,2.0076,3.0572,0.8842
momentum,16,scaling,1.0,0,588,-9.9030,-3.1596,-1.7908
momentum,16,scaling,1.0,0,589,-2.1063,-10.4340,-1.7290
momentum,16,scaling,1.0,0,590,-9.1828,-8.4747,-2.7229
momentum,16,scaling,1.0,0,591,-6.0186,2.1358,-1.4430
momentum,16,scaling,1.0,0,592,0.6195,-1.6808,0.4851
momentum,16,scaling,1.0,0,593,11.1328,22.4398,7.2967
momentum,16,scaling,1.0,0,594,-1.5153,-1.2605,-0.5202
momentum,16,scaling,1.0,0,595,-9.9509,-17.0930,-3.1673
momentum,16,scaling,1.0,0,596,-3.8068,8.8984,2.0938
momentum,16,scaling,1.0,0,597,-7.2710,-16.7814,-5.2152
momentum,16,scaling,1.0,0,598,-6.1503,1.2032,-1.5822
momentum,16,scaling,1.0,0,599,-5.4076,-2.0795,-2.8147
momentum,16,scaling,1.0,0,600,-0.5021,-2.1222,-2.0038
momentum,16,scaling,1.0,0,601,-7.1688,-8.1588,-2.7755
momentum,16,scaling,1.0,0,602,-2.6969,24.9518,3.7451
momentum,16,scaling,1.0,0,603,-3.3748,2.7501,-1.6212
momentum,16,scaling,1.0,0,604,-8.5460,-12.1635,-3.1821
momentum,16,scaling,1.0,0,605,-1.3500,26.5313,-1.4571
momentum,16,scaling,1.0,0,606,-4.4711,-14.4092,-2.9124
momentum,16,scaling,1.0,0,607,3.8628,8.7415,3.8951
momentum,16,scaling,1.0,0,608,5.9855,-2.4069,3.0724
momentum,16,scaling,1.0,0,609,4.5588,-3.4646,2.6106
momentum,16,scaling,1.0,0,610,3.0733,9.4129,3.7111
momentum,16,scaling,1.0,0,611,-10.4323,-4.7857,0.3041
momentum,16,scaling,1.0,0,612,-6.8020,5.4684,-1.7466
momentum,16,scaling,1.0,0,613,-6.4825,13.8064,-3.9096
momentum,16,scaling,1.0,0,614,-5.3182,7.9250,-2.3069
momentum,16,scaling,1.0,0,615,-2.3028,8.0629,0.4094
momentum,16,scaling,1.0,0,616,0.2913,1.9664,2.1934
momentum,16,scaling,1.0,0,617,-4.1186,-4.8667,-0.5841
momentum,16,scaling,1.0,0,618,5.8521,3.7961,4.2864
momentum,16,scaling,1.0,0,619,-6.7353,-11.8261,-3.5854
momentum,16,scaling,1.0,0,620,-14.1320,0.0886,-5.7727
momentum,16,scaling,1.0,0,621,-8.1528,-7.9134,-3.2494
momentum,16,scaling,1.0,0,622,3.0001,-8.7990,0.6799
momentum,16,scaling,1.0,0,623,-4.4277,19.8031,-0.3644
momentum,16,scaling,1.0,0,624,-4.3985,18.1759,0.9059
momentum,16,scaling,1.0,0,625,-6.6163,5.4171,-1.1047
momentum,16,scaling,1.0,0,626,4.2822,0.5537,3.3651
momentum,16,scaling,1.0,0,627,-4.4097,4.2053,-1.9128
momentum,16,scaling,1.0,0,628,-5.4627,12.0277,-3.5359
momentum,16,scaling,1.0,0,629,-9.0429,-13.2447,-5.5861
momentum,16,scaling,1.0,0,630,-7.2117,-11.1632,-1.5478
momentum,16,scaling,1.0,0,631,3.8849,14.1972,0.1382
momentum,16,scaling,1.0,0,632,0.2783,6.3524,3.0816
momentum,16,scaling,1.0,0,633,-8.9820,-13.8587,-3.8449
momentum,16,scaling,1.0,0,634,2.9150,-4.4936,3.7104
momentum,16,scaling,1.0,0,635,5.7109,2.3824,2.1315
momentum,16,scaling,1.0,0,636,3.3808,1.3866,1.7751
momentum,16,scaling,1.0,0,637,-4.6523,1.6483,-1.4032
momentum,16,scaling,1.0,0,638,-6.7195,-5.8801,-2.1619
momentum,16,scaling,1.0,0,639,-1.5023,6.9715,-2.5378
momentum,16,scaling,1.0,0,640,0.5233,-1.9532,1.1079
momentum,16,scaling,1.0,0,641,-2.0617,-3.6871,0.7463
momentum,16,scaling,1.0,0,642,7.1694,2.9365,5.5814
momentum,16,scaling,1.0,0,643,1.9601,27.6239,2.0973
momentum,16,scaling,1.0,0,644,-2.2556,4.5570,0.3012
momentum,16,scaling,1.0,0,645,0.6399,-2.2117,1.7293
momentum,16,scaling,1.0,0,646,2.2645,-6.9300,3.1510
momentum,16,scaling,1.0,0,647,-7.0087,-17.2916,-1.7083
momentum,16,scaling,1.0,0,648,8.7864,13.8237,1.7318
momentum,16,scaling,1.0,0,649,-2.0403,12.7611,-2.5595
momentum,16,scaling,1.0,0,650,4.9819,9.0155,3.1537
momentum,16,scaling,1.0,0,651,3.5330,1.3621,3.6483
momentum,16,scaling,1.0,0,652,-2.4883,-9.0087,-0.8669
momentum,16,scaling,1.0,0,653,-0.2861,5.2540,0.0260
momentum,16,scaling,1.0,0,654,1.2139,-8.8120,-0.5779
momentum,16,scaling,1.0,0,655,-1.8474,5.5699,1.0189
momentum,16,scaling,1.0,0,656,-7.3536,-9.1234,-2.4446
momentum,16,scaling,1.0,0,657,0.1984,-11.0196,-0.3292
momentum,16,scaling,1.0,0,658,0.2042,-3.6807,0.6236
momentum,16,scaling,1.0,0,659,2.3671,3.4257,3.1641
momentum,16,scaling,1.0,0,660,-6.0848,2.6794,-1.4080
momentum,16,scaling,1.0,0,661,1.2490,-6.4833,0.2398
momentum,16,scaling,1.0,0,662,-0.1529,10.8554,-0.4366
momentum,16,scaling,1.0,0,663,1.5216,9.7667,1.0316
momentum,16,scaling,1.0,0,664,-5.1512,-9.5198,-2.5431
momentum,16,scaling,1.0,0,665,-2.0501,-9.0180,0.2209
momentum,16,scaling,1.0,0,666,-1.7753,-2.6528,-1.3216
momentum,16,scaling,1.0,0,667,-6.7366,-6.2128,-2.9470
momentum,16,scaling,1.0,0,668,-0.0819,-4.1825,0.3462
momentum,16,scaling,1.0,0,669,3.0854,21.6840,-0.5373
momentum,16,scaling,1.0,0,670,9.1452,8.1645,6.0357
momentum,16,scaling,1.0,0,671,4.0534,29.2223,5.3882
momentum,16,scaling,1.0,0,672,0.3162,3.0734,1.2323
momentum,16,scaling,1.0,0,673,0.8135,-3.2405,0.7970
momentum,16,scaling,1.0,0,674,-1.7322,2.4375,-0.2403
momentum,16,scaling,1.0,0,675,-3.6906,-4.9622,-0.6503
momentum,16,scaling,1.0,0,676,-1.0080,-16.3763,-0.5579
momentum,16,scaling,1.0,0,677,-8.7331,6.2888,-1.8789
momentum,16,scaling,1.0,0,678,4.7075,-4.3000,0.9690
momentum,16,scaling,1.0,0,679,-1.8873,-2.8385,-1.0550
momentum,16,scaling,1.0,0,680,-2.7924,0.3972,-0.7046
momentum,16,scaling,1.0,0,681,2.3569,13.5132,0.7766
momentum,16,scaling,1.0,0,682,4.9353,-4.7041,3.1664
momentum,16,scaling,1.0,0,683,-4.9781,-5.8338,-2.3368
momentum,16,scaling,1.0,0,684,5.0609,10.9863,2.6877
momentum,16,scaling,1.0,0,685,-2.3130,-10.8706,0.3399
momentum,16,scaling,1.0,0,686,-1.9258,-1.7778,1.2649
momentum,16,scaling,1.0,0,687,-6.7987,11.9102,-1.8035
momentum,16,scaling,1.0,0,688,-2.5503,-12.9504,-0.6466
momentum,16,scaling,1.0,0,689,-4.0532,0.6040,-0.2970
momentum,16,scaling,1.0,0,690,-2.6562,10.3153,0.2357
momentum,16,scaling,1.0,0,691,-4.2363,4.1780,-0.1256
momentum,16,scaling,1.0,0,692,-2.6649,-6.5151,-2.4345
momentum,16,scaling,1.0,0,693,1.7985,9.7932,0.2972
momentum,16,scaling,1.0,0,694,-2.5861,-3.1272,-0.8667
momentum,16,scaling,1.0,0,695,7.4693,16.8343,1.6897
momentum,16,scaling,1.0,0,696,3.4121,-4.3088,2.2285
momentum,16,scaling,1.0,0,697,-2.1885,-4.0139,-0.7985
momentum,16,scaling,1.0,0,698,1.8833,8.0183,2.5796
momentum,16,scaling,1.0,0,699,0.0657,21.7850,1.3559
momentum,16,scaling,1.0,0,700,-3.3300,4.0901,-1.9768
momentum,16,scaling,1.0,0,701,5.4342,7.2486,2.4525
momentum,16,scaling,1.0,0,702,-9.3113,-7.8867,-4.9680
momentum,16,scaling,1.0,0,703,-2.0251,4.2585,-0.3374
momentum,16,scaling,1.0,0,704,-2.3383,0.0411,0.7210
momentum,16,scaling,1.0,0,705,-8.4053,-3.8727,-3.0802
momentum,16,scaling,1.0,0,706,-10.3937,-3.6055,-3.1963
momentum,16,scaling,1.0,0,707,-3.4697,-4.6904,0.1204
momentum,16,scaling,1.0,0,708,7.9019,-2.6458,5.7243
momentum,16,scaling,1.0,0,709,-9.4006,-1.3902,-2.3189
momentum,16,scaling,1.0,0,710,0.7974,6.6077,-0.3891
momentum,16,scaling,1.0,0,711,12.7648,15.5575,6.4539
momentum,16,scaling,1.0,0,712,6.8645,6.8859,4.5431
momentum,16,scaling,1.0,0,713,-1.4679,-2.0897,-0.9982
momentum,16,scaling,1.0,0,714,-15.1437,-9.1440,-3.8562
momentum,16,scaling,1.0,0,715,1.3444,8.6750,-0.4573
momentum,16,scaling,1.0,0,716,2.8807,16.2471,3.1415
momentum,16,scaling,1.0,0,717,3.4379,0.5848,1.5005
momentum,16,scaling,1.0,0,718,0.5500,3.3335,-2.0865
momentum,16,scaling,1.0,0,719,-3.8132,3.6463,-1.3762
momentum,16,scaling,1.0,0,720,-2.1194,8.6820,-1.0554
momentum,16,scaling,1.0,0,721,3.3998,-1.5471,2.1586
momentum,16,scaling,1.0,0,722,5.1224,7.1102,3.5586
momentum,16,scaling,1.0,0,723,-1.4787,0.7899,-0.9080
momentum,16,scaling,1.0,0,724,-2.3629,-4.9870,-0.3466
momentum,16,scaling,1.0,0,725,-5.6075,-11.9532,-2.5213
momentum,16,scaling,1.0,0,726,-6.2080,5.0637,-4.3854
momentum,16,scaling,1.0,0,727,-0.2185,-5.7676,0.7434
momentum,16,scaling,1.0,0,728,-2.0678,0.7680,-1.3190
momentum,16,scaling,1.0,0,729,7.4817,15.0205,1.5606
momentum,16,scaling,1.0,0,730,-2.6162,6.8234,-0.9605
momentum,16,scaling,1.0,0,731,0.1266,2.8832,-0.6450
momentum,16,scaling,1.0,0,732,1.1515,2.5833,1.9160
momentum,16,scaling,1.0,0,733,1.1357,6.2723,1.3107
momentum,16,scaling,1.0,0,734,-4.6180,-1.5073,-1.6446
momentum,16,scaling,1.0,0,735,-8.6809,8.1084,-0.3030
momentum,16,scaling,1.0,0,736,4.4076,1.2605,1.7646
momentum,16,scaling,1.0,0,737,3.0792,13.8240,0.3251
momentum,16,scaling,1.0,0,738,-5.4630,-5.7362,-2.9497
momentum,16,scaling,1.0,0,739,0.4167,5.0132,0.7345
momentum,16,scaling,1.0,0,740,-5.3553,4.3925,0.1675
momentum,16,scaling,1.0,0,741,0.1667,11.1593,-0.5030
momentum,16,scaling,1.0,0,742,0.0462,2.7096,0.0922
momentum,16,scaling,1.0,0,743,-2.7943,16.7898,0.8474
momentum,16,scaling,1.0,0,744,-14.0978,-6.7598,-5.1119
momentum,16,scaling,1.0,0,745,-1.7144,0.3465,-0.1349
momentum,16,scaling,1.0,0,746,-9.6446,-1.3597,-4.8871
momentum,16,scaling,1.0,0,747,-0.4694,-3.8173,0.4857
momentum,16,scaling,1.0,0,748,2.3120,-5.7050,0.8813
momentum,16,scaling,1.0,0,749,0.8579,2.1599,2.5840
momentum,16,scaling,1.0,0,750,-4.8418,-14.6417,-1.9549
momentum,16,scaling,1.0,0,751,-3.9162,8.6473,-0.7179
momentum,16,scaling,1.0,0,752,-5.5365,-4.9966,-1.7978
momentum,16,scaling,1.0,0,753,-2.3801,-9.9536,0.5323
momentum,16,scaling,1.0,0,754,-0.4154,-3.9734,2.5274
momentum,16,scaling,1.0,0,755,-10.6028,-10.8099,-3.3817
momentum,16,scaling,1.0,0,756,6.2244,10.8705,4.7887
momentum,16,scaling,1.0,0,757,-3.8621,-12.7027,-0.2351
momentum,16,scaling,1.0,0,758,4.0996,13.2500,2.5368
momentum,16,scaling,1.0,0,759,0.9739,4.7511,-1.8307
momentum,16,scaling,1.0,0,760,0.5618,-1.8747,0.5990
momentum,16,scaling,1.0,0,761,-1.3227,4.9092,0.2082
momentum,16,scaling,1.0,0,762,-3.9225,-5.1974,-1.5949
momentum,16,scaling,1.0,0,763,-2.6368,-5.5195,-1.9250
momentum,16,scaling,1.0,0,764,3.9327,2.0107,1.4987
momentum,16,scaling,1.0,0,765,-0.9316,2.7981,-0.1508
momentum,16,scaling,1.0,0,766,1.1067,1.8908,1.1222
momentum,16,scaling,1.0,0,767,-13.5037,-3.8615,-6.4023
momentum,16,scaling,1.0,0,768,5.8033,-7.6332,4.2756
momentum,16,scaling,1.0,0,769,-10.6334,-0.1684,-2.0181
momentum,16,scaling,1.0,0,770,-6.5258,-2.8507,-2.7095
momentum,16,scaling,1.0,0,771,-7.3173,-2.9905,-0.5175
momentum,16,scaling,1.0,0,772,-6.1472,-1.3857,-2.2158
momentum,16,scaling,1.0,0,773,-3.1437,-5.3416,-0.8056
momentum,16,scaling,1.0,0,774,7.1026,19.1436,3.5334
momentum,16,scaling,1.0,0,775,-5.0086,0.0107,-2.3438
momentum,16,scaling,1.0,0,776,-2.8829,-5.1321,0.7280
momentum,16,scaling,1.0,0,777,8.7618,11.1050,7.3053
momentum,16,scaling,1.0,0,778,-0.3725,3.9956,0.0870
momentum,16,scaling,1.0,0,779,-3.5432,-5.4236,-1.6519
momentum,16,scaling,1.0,0,780,-0.9636,13.6698,-0.2032
momentum,16,scaling,1.0,0,781,-2.7394,-5.8174,-0.2565
momentum,16,scaling,1.0,0,782,0.0855,1.9092,1.0337
momentum,16,scaling,1.0,0,783,2.3519,0.0095,0.8088
momentum,16,scaling,1.0,0,784,4.3632,7.3546,2.4839
momentum,16,scaling,1.0,0,785,-0.5160,6.7313,0.3741
momentum,16,scaling,1.0,0,786,5.3948,10.7101,4.0215
momentum,16,scaling,1.0,0,787,2.8910,9.2617,-0.5239
momentum,16,scaling,1.0,0,788,1.1833,-13.3841,-1.2105
momentum,16,scaling,1.0,0,789,-3.4378,-8.4224,-0.2018
momentum,16,scaling,1.0,0,790,2.4387,12.5830,1.3887
momentum,16,scaling,1.0,0,791,-1.1562,-6.6800,0.5086
momentum,16,scaling,1.0,0,792,-5.0230,-3.0686,-2.3254
momentum,16,scaling,1.0,0,793,8.6170,18.9879,4.4087
momentum,16,scaling,1.0,0,794,10.9683,12.7365,5.7705
momentum,16,scaling,1.0,0,795,-2.0401,-2.9754,1.7553
momentum,16,scaling,1.0,0,796,2.8546,22.0413,1.2605
momentum,16,scaling,1.0,0,797,-1.4826,-11.9442,-0.7112
momentum,16,scaling,1.0,0,798,1.1047,11.6751,2.0418
momentum,16,scaling,1.0,0,799,0.4965,7.4403,-1.2040
momentum,16,scaling,1.0,0,800,-1.0539,8.8733,0.4135
momentum,16,scaling,1.0,0,801,4.7992,10.3178,1.6530
momentum,16,scaling,1.0,0,802,1.7245,-7.6238,1.1283
momentum,16,scaling,1.0,0,803,-3.0298,-5.9447,-2.6320
momentum,16,scaling,1.0,0,804,5.9066,12.2321,1.4964
momentum,16,scaling,1.0,0,805,8.4961,-0.2417,4.6091
momentum,16,scaling,1.0,0,806,-2.4646,-16.6767,-1.7904
momentum,16,scaling,1.0,0,807,3.4917,11.4432,-0.1979
momentum,16,scaling,1.0,0,808,-7.5592,-11.9674,-3.2369
momentum,16,scaling,1.0,0,809,-4.0087,14.1312,0.4830
momentum,16,scaling,1.0,0,810,-6.1289,5.5655,-0.6384
momentum,16,scaling,1.0,0,811,0.8006,4.3974,3.2134
momentum,16,scaling,1.0,0,812,0.0236,3.9807,-0.2367
momentum,16,scaling,1.0,0,813,2.4523,4.7922,0.5338
momentum,16,scaling,1.0,0,814,-1.2659,-9.5651,0.1192
momentum,16,scaling,1.0,0,815,0.1335,1.4352,0.1949
momentum,16,scaling,1.0,0,816,2.1388,-3.4194,-0.0570
momentum,16,scaling,1.0,0,817,-0.8154,23.0435,4.8030
momentum,16,scaling,1.0,0,818,-2.8855,-7.7297,-0.7007
momentum,16,scaling,1.0,0,819,-1.5760,-9.3072,-1.6007
momentum,16,scaling,1.0,0,820,1.7015,2.3322,3.0078
momentum,16,scaling,1.0,0,821,-5.0349,-2.4309,-2.3954
momentum,16,scaling,1.0,0,822,0.8985,-1.1207,1.5729
momentum,16,scaling,1.0,0,823,-1.7192,-2.7385,-1.5682
momentum,16,scaling,1.0,0,824,2.9655,3.5857,1.8471
momentum,16,scaling,1.0,0,825,5.5599,-6.3233,2.8316
momentum,16,scaling,1.0,0,826,6.7915,-1.4892,5.1466
momentum,16,scaling,1.0,0,827,-7.6900,0.6427,-4.3338
momentum,16,scaling,1.0,0,828,-7.1110,-6.7803,-3.4017
momentum,16,scaling,1.0,0,829,3.4544,3.4517,0.0029
momentum,16,scaling,1.0,0,830,-1.7504,-2.6110,0.0331
momentum,16,scaling,1.0,0,831,-7.3518,11.1990,-2.5704
momentum,16,scaling,1.0,0,832,-1.4209,1.1556,-0.3723
momentum,16,scaling,1.0,0,833,-10.1333,1.2754,-3.4848
momentum,16,scaling,1.0,0,834,2.6432,-0.6017,0.7632
momentum,16,scaling,1.0,0,835,-5.8574,-5.6906,-2.8562
momentum,16,scaling,1.0,0,836,-3.2213,10.5633,-0.7437
momentum,16,scaling,1.0,0,837,-1.6663,1.0480,1.3604
momentum,16,scaling,1.0,0,838,1.5126,0.1056,0.1133
momentum,16,scaling,1.0,0,839,-0.0703,-9.3147,-1.0321
momentum,16,scaling,1.0,0,840,-1.4710,0.7996,-0.3770
momentum,16,scaling,1.0,0,841,1.2700,-0.2138,2.1849
momentum,16,scaling,1.0,0,842,-1.5330,-1.8323,-0.1914
momentum,16,scaling,1.0,0,843,-5.6094,21.1628,1.2744
momentum,16,scaling,1.0,0,844,3.2442,-6.6196,1.8511
momentum,16,scaling,1.0,0,845,-4.6593,-6.6290,-0.7451
momentum,16,scaling,1.0,0,846,-7.1227,1.2321,-1.5774
momentum,16,scaling,1.0,0,847,-13.6059,-19.8124,-5.6008
momentum,16,scaling,1.0,0,848,6.2030,8.0600,4.0436
momentum,16,scaling,1.0,0,849,-6.5562,-6.5255,-0.5598
momentum,16,scaling,1.0,0,850,5.2116,5.2533,1.8026
momentum,16,scaling,1.0,0,851,8.5258,3.6365,2.8052
momentum,16,scaling,1.0,0,852,-3.9852,-3.5646,-1.6119
momentum,16,scaling,1.0,0,853,-2.0056,-1.2412,0.6407
momentum,16,scaling,1.0,0,854,-3.2696,-9.3510,0.4365
momentum,16,scaling,1.0,0,855,-7.8850,-6.2817,-2.2514
momentum,16,scaling,1.0,0,856,9.2121,17.7644,5.9325
momentum,16,scaling,1.0,0,857,1.2077,4.6882,1.1551
momentum,16,scaling,1.0,0,858,-3.2758,4.4085,-2.6488
momentum,16,scaling,1.0,0,859,-1.1658,7.4798,-0.8014
momentum,16,scaling,1.0,0,860,-0.0351,-1.1946,0.1045
momentum,16,scaling,1.0,0,861,-9.5387,-1.3832,-2.9950
momentum,16,scaling,1.0,0,862,-4.8832,-9.1061,-1.6068
momentum,16,scaling,1.0,0,863,-5.0011,-6.4011,-1.3892
momentum,16,scaling,1.0,0,864,-1.5165,4.2396,-1.2181
momentum,16,scaling,1.0,0,865,-8.4728,-11.2287,-4.1752
momentum,16,scaling,1.0,0,866,-6.8290,6.7839,-1.8124
momentum,16,scaling,1.0,0,867,-1.2941,-7.9490,-1.0503
momentum,16,scaling,1.0,0,868,-6.4992,2.7028,-3.0619
momentum,16,scaling,1.0,0,869,-2.8243,30.9711,0.8826
momentum,16,scaling,1.0,0,870,-0.8336,-8.8646,0.0301
momentum,16,scaling,1.0,0,871,2.0960,-0.6969,0.2159
momentum,16,scaling,1.0,0,872,-2.4741,-0.6508,-0.4287
momentum,16,scaling,1.0,0,873,2.3677,-8.2899,0.7737
momentum,16,scaling,1.0,0,874,-0.0162,24.6824,0.9116
momentum,16,scaling,1.0,0,875,-2.5221,0.1024,-3.3058
momentum,16,scaling,1.0,0,876,6.6947,-0.5539,1.8508
momentum,16,scaling,1.0,0,877,-14.1556,-21.2795,-4.7917
momentum,16,scaling,1.0,0,878,-1.3111,-9.9412,0.3556
momentum,16,scaling,1.0,0,879,4.9378,20.5270,2.1292
momentum,16,scaling,1.0,0,880,-2.3901,-3.8410,0.0555
momentum,16,scaling,1.0,0,881,-7.1641,-5.7293,-4.1100
momentum,16,scaling,1.0,0,882,-2.3861,-4.5492,-0.7337
momentum,16,scaling,1.0,0,883,-2.9479,-8.0474,-1.8311
momentum,16,scaling,1.0,0,884,2.9209,9.0888,1.2433
momentum,16,scaling,1.0,0,885,-3.7905,5.8439,-0.4596
momentum,16,scaling,1.0,0,886,2.7853,-2.1815,1.4697
momentum,16,scaling,1.0,0,887,2.5819,0.7432,0.1113
momentum,16,scaling,1.0,0,888,-5.6284,-3.4444,-0.7924
momentum,16,scaling,1.0,0,889,-8.3930,-0.7986,-2.7002
momentum,16,scaling,1.0,0,890,0.9935,9.0616,1.7780
momentum,16,scaling,1.0,0,891,-1.3901,7.7171,0.0575
momentum,16,scaling,1.0,0,892,-1.1219,-3.8375,0.8716
momentum,16,scaling,1.0,0,893,6.2727,10.4289,1.0642
momentum,16,scaling,1.0,0,894,2.9673,13.1802,0.8832
momentum,16,scaling,1.0,0,895,-4.0205,-8.9880,-1.0465
momentum,16,scaling,1.0,0,896,-3.2620,-1.9014,-0.1423
momentum,16,scaling,1.0,0,897,-6.8637,-4.0625,-1.4227
momentum,16,scaling,1.0,0,898,-3.8800,-0.6123,0.5339
momentum,16,scaling,1.0,0,899,-7.2849,-12.3734,-2.4410
momentum,16,scaling,1.0,0,900,8.1556,13.5257,4.2524
momentum,16,scaling,1.0,0,901,-6.2578,-0.8382,-2.8162
momentum,16,scaling,1.0,0,902,2.1296,4.0875,0.0721
momentum,16,scaling,1.0,0,903,-5.0749,-9.7147,-0.8315
momentum,16,scaling,1.0,0,904,3.4154,13.7208,5.6152
momentum,16,scaling,1.0,0,905,1.0722,0.0410,0.8111
momentum,16,scaling,1.0,0,906,3.3270,2.0418,1.3026
momentum,16,scaling,1.0,0,907,-9.9468,-13.9017,-3.6942
momentum,16,scaling,1.0,0,908,-9.6008,2.1138,-3.1581
momentum,16,scaling,1.0,0,909,4.9941,-7.9735,2.9487
momentum,16,scaling,1.0,0,910,-3.9247,19.6208,-2.0317
momentum,16,scaling,1.0,0,911,-2.2995,-9.6796,-0.2770
momentum,16,scaling,1.0,0,912,-4.6933,-10.4444,-1.3700
momentum,16,scaling,1.0,0,913,4.2704,5.3058,0.9244
momentum,16,scaling,1.0,0,914,5.3385,-5.1681,3.9131
momentum,16,scaling,1.0,0,915,-4.1981,-0.9195,-1.3957
momentum,16,scaling,1.0,0,916,2.4492,-1.2266,2.3386
momentum,16,scaling,1.0,0,917,2.4946,2.1442,0.8705
momentum,16,scaling,1.0,0,918,-6.2033,-8.9549,-2.1849
momentum,16,scaling,1.0,0,919,-3.3313,-7.3990,1.3387
momentum,16,scaling,1.0,0,920,-5.9903,3.0067,-1.5036
momentum,16,scaling,1.0,0,921,1.6845,2.7183,2.3013
momentum,16,scaling,1.0,0,922,-1.0306,10.0988,0.1463
momentum,16,scaling,1.0,0,923,0.0750,0.9011,0.2690
momentum,16,scaling,1.0,0,924,-2.4156,-5.3104,-1.0875
momentum,16,scaling,1.0,0,925,-8.0581,-3.9575,-1.8605
momentum,16,scaling,1.0,0,926,-5.1577,-7.2398,-1.6172
momentum,16,scaling,1.0,0,927,-0.5406,-1.9907,1.5077
momentum,16,scaling,1.0,0,928,-4.0635,1.0425,-2.0115
momentum,16,scaling,1.0,0,929,-10.3055,-1.9984,-4.5617
momentum,16,scaling,1.0,0,930,6.1368,12.0195,0.8866
momentum,16,scaling,1.0,0,931,2.3977,-3.4257,1.5849
momentum,16,scaling,1.0,0,932,-0.6483,-1.1376,0.3716
momentum,16,scaling,1.0,0,933,0.5233,5.6267,0.1448
momentum,16,scaling,1.0,0,934,1.9337,8.2928,0.3557
momentum,16,scaling,1.0,0,935,-6.7722,-9.5785,-2.7620
momentum,16,scaling,1.0,0,936,0.2293,-1.4931,-1.1475
momentum,16,scaling,1.0,0,937,-7.6094,9.9596,-2.6287
momentum,16,scaling,1.0,0,938,-9.4003,-3.7257,-1.2984
momentum,16,scaling,1.0,0,939,0.4477,14.7349,0.2846
momentum,16,scaling,1.0,0,940,4.5338,7.4543,3.2751
momentum,16,scaling,1.0,0,941,-6.7584,-4.2570,-2.4507
momentum,16,scaling,1.0,0,942,-0.3322,11.8821,3.5125
momentum,16,scaling,1.0,0,943,-4.4963,-0.6796,0.9943
momentum,16,scaling,1.0,0,944,8.1082,9.3726,1.3818
momentum,16,scaling,1.0,0,945,-0.6192,-5.1420,0.3854
momentum,16,scaling,1.0,0,946,4.2382,6.3005,0.8579
momentum,16,scaling,1.0,0,947,-2.3827,-1.6295,-0.5422
momentum,16,scaling,1.0,0,948,2.9082,-5.6075,-0.0361
momentum,16,scaling,1.0,0,949,1.0071,-3.0783,1.8750
momentum,16,scaling,1.0,0,950,-3.9099,-10.3347,-2.2641
momentum,16,scaling,1.0,0,951,-7.0180,15.4846,-1.6111
momentum,16,scaling,1.0,0,952,-6.7275,-0.2903,-2.0012
momentum,16,scaling,1.0,0,953,2.8372,-6.8500,3.2746
momentum,16,scaling,1.0,0,954,-3.0248,9.6270,-1.1112
momentum,16,scaling,1.0,0,955,-2.3952,-4.6327,1.1266
momentum,16,scaling,1.0,0,956,-1.1028,-2.8046,-0.7814
momentum,16,scaling,1.0,0,957,-0.6779,-2.7260,-0.2192
momentum,16,scaling,1.0,0,958,6.8267,4.8338,3.6585
momentum,16,scaling,1.0,0,959,-7.1968,-18.4472,-3.2165
momentum,16,scaling,1.0,0,960,-3.8848,15.9276,2.0609
momentum,16,scaling,1.0,0,961,-0.8638,6.0852,-2.0153
momentum,16,scaling,1.0,0,962,4.0998,25.6143,0.8378
momentum,16,scaling,1.0,0,963,5.6289,9.3143,2.6520
momentum,16,scaling,1.0,0,964,-1.2530,-1.9296,-0.1681
momentum,16,scaling,1.0,0,965,6.5843,1.9124,2.6029
momentum,16,scaling,1.0,0,966,5.7177,0.9575,2.1604
momentum,16,scaling,1.0,0,967,0.4831,-4.8149,1.2675
momentum,16,scaling,1.0,0,968,0.4265,-4.6983,-0.8656
momentum,16,scaling,1.0,0,969,2.5368,14.5402,0.3552
momentum,16,scaling,1.0,0,970,-6.2609,-0.1798,-2.8616
momentum,16,scaling,1.0,0,971,-2.3139,25.7734,-0.2030
momentum,16,scaling,1.0,0,972,-2.3247,-1.5021,0.3754
momentum,16,scaling,1.0,0,973,-1.5838,4.2815,0.8338
momentum,16,scaling,1.0,0,974,1.1372,2.4696,0.6097
momentum,16,scaling,1.0,0,975,-2.1786,13.7935,-2.3606
momentum,16,scaling,1.0,0,976,9.0973,6.7693,3.8596
momentum,16,scaling,1.0,0,977,-7.2197,-13.0171,-1.9317
momentum,16,scaling,1.0,0,978,4.6008,14.5482,-0.9639
momentum,16,scaling,1.0,0,979,-1.9803,2.7430,1.6378
momentum,16,scaling,1.0,0,980,-3.7896,-3.9576,-0.5190
momentum,16,scaling,1.0,0,981,-0.1434,-15.3195,-0.5174
momentum,16,scaling,1.0,0,982,0.4618,-7.1482,0.5689
momentum,16,scaling,1.0,0,983,-2.7590,-2.0518,-0.7934
momentum,16,scaling,1.0,0,984,-0.5132,25.7879,0.2188
momentum,16,scaling,1.0,0,985,-6.9980,-6.2685,-3.5021
momentum,16,scaling,1.0,0,986,9.0235,3.0584,4.5273
momentum,16,scaling,1.0,0,987,-6.8160,-1.2253,-1.9657
momentum,16,scaling,1.0,0,988,-0.5558,4.8757,-0.0663
momentum,16,scaling,1.0,0,989,-3.1668,-4.3258,1.2745
momentum,16,scaling,1.0,0,990,0.1622,5.7530,2.6605
momentum,16,scaling,1.0,0,991,-5.9755,-3.8202,-1.5784
momentum,16,scaling,1.0,0,992,-0.9882,-7.2732,1.0850
momentum,16,scaling,1.0,0,993,-6.1159,-3.8006,-2.8204
momentum,16,scaling,1.0,0,994,-3.8983,12.7572,-1.5468
momentum,16,scaling,1.0,0,995,1.7315,7.2207,0.3339
momentum,16,scaling,1.0,0,996,1.2349,23.3699,-2.7153
momentum,16,scaling,1.0,0,997,4.0953,-8.5267,1.9432
momentum,16,scaling,1.0,0,998,1.6357,-6.1851,-2.2126
momentum,16,scaling,1.0,0,999,-3.1407,-2.1986,-1.4402
momentum,16,scaling,1.0,0,1000,1.4996,9.3489,-0.2527
informed,16,scaling,1.0,0,1,-2.2043,28.1131,-1.9846
informed,16,scaling,1.0,0,2,8.4902,37.4509,3.8753
informed,16,scaling,1.0,0,3,-9.4104,24.6283,-3.0343
informed,16,scaling,1.0,0,4,-1.7563,34.2192,-0.2590
informed,16,scaling,1.0,0,5,-5.6213,15.5940,-3.5479
informed,16,scaling,1.0,0,6,2.1485,30.9048,-0.9172
informed,16,scaling,1.0,0,7,7.5424,28.2826,2.8586
informed,16,scaling,1.0,0,8,-5.2817,6.9478,-1.6856
informed,16,scaling,1.0,0,9,-1.3835,22.2946,-0.5761
informed,16,scaling,1.0,0,10,1.9757,16.1882,-0.1353
informed,16,scaling,1.0,0,11,-0.1323,22.5692,-1.9852
informed,16,scaling,1.0,0,12,8.6733,23.9463,3.2972
informed,16,scaling,1.0,0,13,1.9833,34.6426,2.3563
informed,16,scaling,1.0,0,14,-9.8431,15.5690,-3.5444
informed,16,scaling,1.0,0,15,-2.3620,12.4105,-1.7262
informed,16,scaling,1.0,0,16,3.7764,56.6826,0.6108
informed,16,scaling,1.0,0,17,-4.2347,9.7867,-3.5604
informed,16,scaling,1.0,0,18,-1.1996,20.4833,-2.4842
informed,16,scaling,1.0,0,19,-2.1247,14.8019,-2.0707
informed,16,scaling,1.0,0,20,-5.5253,17.2518,-1.5254
informed,16,scaling,1.0,0,21,0.8747,9.3887,-0.6982
informed,16,scaling,1.0,0,22,-6.7667,16.4524,-4.3451
informed,16,scaling,1.0,0,23,-6.0682,39.6018,-1.4760
informed,16,scaling,1.0,0,24,-5.0633,9.0718,-0.9215
informed,16,scaling,1.0,0,25,-0.6945,15.9188,-0.8724
informed,16,scaling,1.0,0,26,5.6605,15.3724,0.0572
informed,16,scaling,1.0,0,27,-1.6466,17.5598,-1.1584
informed,16,scaling,1.0,0,28,7.2531,39.0498,2.5175
informed,16,scaling,1.0,0,29,0.4108,15.6280,-2.3125
informed,16,scaling,1.0,0,30,2.7714,21.5198,2.2248
informed,16,scaling,1.0,0,31,-6.0882,36.8775,-2.3163
informed,16,scaling,1.0,0,32,-9.2421,18.7497,-3.9960
informed,16,scaling,1.0,0,33,6.5486,41.8552,4.6446
informed,16,scaling,1.0,0,34,-0.6736,15.4432,-2.3738
informed,16,scaling,1.0,0,35,2.8060,13.2054,-1.3756
informed,16,scaling,1.0,0,36,-1.2458,28.8572,-2.7629
informed,16,scaling,1.0,0,37,1.2641,25.9976,2.0745
informed,16,scaling,1.0,0,38,5.9905,19.3071,2.6813
informed,16,scaling,1.0,0,39,5.6513,27.8828,2.8492
informed,16,scaling,1.0,0,40,-6.9820,20.7984,-2.9430
informed,16,scaling,1.0,0,41,3.2796,33.4660,0.2890
informed,16,scaling,1.0,0,42,-9.4301,45.1053,-1.8908
informed,16,scaling,1.0,0,43,4.0607,34.3010,1.9884
informed,16,scaling,1.0,0,44,5.2434,31.4338,0.4558
informed,16,scaling,1.0,0,45,-1.2403,20.9094,-2.2188
informed,16,scaling,1.0,0,46,-4.0635,12.6046,-2.9601
informed,16,scaling,1.0,0,47,-2.1631,32.3838,-2.9447
informed,16,scaling,1.0,0,48,3.5230,10.5991,0.8481
informed,16,scaling,1.0,0,49,4.8040,17.7448,1.6610
informed,16,scaling,1.0,0,50,-1.7327,44.2979,-2.4206
informed,16,scaling,1.0,0,51,3.5849,25.6245,-0.5334
informed,16,scaling,1.0,0,52,4.4375,27.2434,2.2868
informed,16,scaling,1.0,0,53,0.6172,15.6074,-0.9616
informed,16,scaling,1.0,0,54,-3.1272,21.6362,-2.4726
informed,16,scaling,1.0,0,55,2.3432,15.0705,0.5282
informed,16,scaling,1.0,0,56,3.5191,21.4971,2.3901
informed,16,scaling,1.0,0,57,8.0347,44.4959,1.2223
informed,16,scaling,1.0,0,58,-1.3364,27.7792,-1.2670
informed,16,scaling,1.0,0,59,5.4842,14.2136,-0.8417
informed,16,scaling,1.0,0,60,-1.1590,17.4800,1.3548
informed,16,scaling,1.0,0,61,4.4715,24.9621,1.8509
informed,16,scaling,1.0,0,62,-1.5562,19.2680,-0.8553
informed,16,scaling,1.0,0,63,2.4674,12.7236,-0.2910
informed,16,scaling,1.0,0,64,-2.9913,30.9512,-2.5796
informed,16,scaling,1.0,0,65,2.5681,25.8598,2.0400
informed,16,scaling,1.0,0,66,1.6655,24.4555,-2.8018
informed,16,scaling,1.0,0,67,-7.0126,30.9760,-3.8147
informed,16,scaling,1.0,0,68,-4.6586,12.2976,-3.0711
informed,16,scaling,1.0,0,69,1.3908,22.0904,1.6597
informed,16,scaling,1.0,0,70,8.8125,28.5656,2.4677
informed,16,scaling,1.0,0,71,4.1899,15.4360,3.3754
informed,16,scaling,1.0,0,72,-3.8378,47.6810,-0.4813
informed,16,scaling,1.0,0,73,-6.6338,22.3752,-2.0855
informed,16,scaling,1.0,0,74,-7.0859,22.3249,-3.8131
informed,16,scaling,1.0,0,75,4.7299,16.4964,-0.0305
informed,16,scaling,1.0,0,76,-3.3634,22.2318,-2.5974
informed,16,scaling,1.0,0,77,2.2699,41.3562,1.7379
informed,16,scaling,1.0,0,78,3.3745,27.4745,0.2817
informed,16,scaling,1.0,0,79,-10.1250,23.7144,-3.7065
informed,16,scaling,1.0,0,80,-2.2711,16.9689,-2.8140
informed,16,scaling,1.0,0,81,-2.7455,17.9844,-1.3851
informed,16,scaling,1.0,0,82,1.2971,43.1773,2.8952
informed,16,scaling,1.0,0,83,0.8344,21.8207,0.7424
informed,16,scaling,1.0,0,84,5.2234,21.3417,1.0706
informed,16,scaling,1.0,0,85,5.3919,22.7849,0.1485
informed,16,scaling,1.0,0,86,0.8241,21.5809,1.0346
informed,16,scaling,1.0,0,87,-6.1164,21.7378,-3.7374
informed,16,scaling,1.0,0,88,-4.2675,15.4616,-1.6831
informed,16,scaling,1.0,0,89,5.7948,31.8395,1.2241
informed,16,scaling,1.0,0,90,0.4007,9.0149,0.2748
informed,16,scaling,1.0,0,91,2.8935,33.4686,0.6559
informed,16,scaling,1.0,0,92,-3.3884,29.1209,-2.9187
informed,16,scaling,1.0,0,93,0.2505,26.0223,1.5350
informed,16,scaling,1.0,0,94,-5.8348,24.4706,-2.5380
informed,16,scaling,1.0,0,95,3.2634,24.2797,-1.4816
informed,16,scaling,1.0,0,96,0.2220,10.1747,-2.3942
informed,16,scaling,1.0,0,97,-10.8735,40.6929,-5.8206
informed,16,scaling,1.0,0,98,-9.6852,19.5859,-4.0152
informed,16,scaling,1.0,0,99,4.4196,34.4562,2.7295
informed,16,scaling,1.0,0,100,4.5697,22.3459,0.3383
informed,16,scaling,1.0,0,101,0.8629,25.5175,0.4115
informed,16,scaling,1.0,0,102,-0.0111,36.8154,-0.3705
informed,16,scaling,1.0,0,103,-7.0426,31.7918,-1.2540
informed,16,scaling,1.0,0,104,-2.9577,9.8391,-1.5150
informed,16,scaling,1.0,0,105,6.5455,28.0239,0.6118
informed,16,scaling,1.0,0,106,-4.6107,39.3316,-1.0379
informed,16,scaling,1.0,0,107,-2.0362,16.4114,-2.6563
informed,16,scaling,1.0,0,108,-0.2062,44.5295,0.6418
informed,16,scaling,1.0,0,109,0.9439,34.6085,-2.3303
informed,16,scaling,1.0,0,110,3.3129,40.4292,1.9987
informed,16,scaling,1.0,0,111,-2.3192,31.4587,-0.8514
informed,16,scaling,1.0,0,112,-1.6194,25.8689,-1.9050
informed,16,scaling,1.0,0,113,-3.7800,8.2967,-4.1850
informed,16,scaling,1.0,0,114,-4.9040,28.2712,-0.7195
informed,16,scaling,1.0,0,115,-1.4522,44.6315,0.0264
informed,16,scaling,1.0,0,116,-0.6607,24.3193,-2.9629
informed,16,scaling,1.0,0,117,0.9186,17.8915,-0.5463
informed,16,scaling,1.0,0,118,4.5828,34.4887,-0.8219
informed,16,scaling,1.0,0,119,-2.0718,25.0855,-0.8241
informed,16,scaling,1.0,0,120,-0.6567,24.3765,-2.0805
informed,16,scaling,1.0,0,121,7.5252,22.3312,1.2335
informed,16,scaling,1.0,0,122,-3.8808,36.4183,-1.3397
informed,16,scaling,1.0,0,123,3.6866,57.6101,1.7036
informed,16,scaling,1.0,0,124,3.6126,29.3938,0.8403
informed,16,scaling,1.0,0,125,0.2072,16.2397,-0.4942
informed,16,scaling,1.0,0,126,7.7745,25.3395,1.4239
informed,16,scaling,1.0,0,127,8.7961,21.9863,1.5417
informed,16,scaling,1.0,0,128,-2.4539,24.3130,-0.9681
informed,16,scaling,1.0,0,129,1.2634,17.7781,1.9396
informed,16,scaling,1.0,0,130,7.1677,23.7666,1.6848
informed,16,scaling,1.0,0,131,-1.5374,33.0424,0.5708
informed,16,scaling,1.0,0,132,2.0399,51.0604,-0.0900
informed,16,scaling,1.0,0,133,2.5348,25.7140,1.5066
informed,16,scaling,1.0,0,134,10.2642,40.4186,4.2141
informed,16,scaling,1.0,0,135,3.3376,36.5907,0.3060
informed,16,scaling,1.0,0,136,3.3795,19.3220,2.2470
informed,16,scaling,1.0,0,137,1.3105,55.9862,-2.9147
informed,16,scaling,1.0,0,138,2.6009,25.5970,0.4852
informed,16,scaling,1.0,0,139,5.2567,46.0725,-0.1100
informed,16,scaling,1.0,0,140,-3.6100,19.4895,-3.3630
informed,16,scaling,1.0,0,141,3.4479,37.1655,0.7688
informed,16,scaling,1.0,0,142,-6.2395,9.0165,-3.2100
informed,16,scaling,1.0,0,143,-1.4466,37.1582,-2.1618
informed,16,scaling,1.0,0,144,-1.4859,10.5331,-2.3014
informed,16,scaling,1.0,0,145,-3.0837,30.4349,-3.2096
informed,16,scaling,1.0,0,146,5.8631,37.0792,0.8590
informed,16,scaling,1.0,0,147,2.0957,15.8138,1.1314
informed,16,scaling,1.0,0,148,-2.6112,20.1596,-1.6885
informed,16,scaling,1.0,0,149,0.4244,33.1794,0.8084
informed,16,scaling,1.0,0,150,-3.8986,17.6074,-3.0536
informed,16,scaling,1.0,0,151,-5.5307,16.0138,-1.6084
informed,16,scaling,1.0,0,152,-5.0437,19.7149,-1.9803
informed,16,scaling,1.0,0,153,4.9846,21.6907,-0.6928
informed,16,scaling,1.0,0,154,-6.8658,47.8021,-1.6424
informed,16,scaling,1.0,0,155,1.8252,24.1554,-0.2725
informed,16,scaling,1.0,0,156,-4.3505,14.3292,-3.7443
informed,16,scaling,1.0,0,157,1.3293,13.2310,-1.7457
informed,16,scaling,1.0,0,158,0.9235,20.9756,-1.3521
informed,16,scaling,1.0,0,159,-17.8816,15.9109,-6.5416
informed,16,scaling,1.0,0,160,-7.0153,8.1077,-1.9479
informed,16,scaling,1.0,0,161,0.9914,57.4530,1.1124
informed,16,scaling,1.0,0,162,6.4060,52.9561,-0.1714
informed,16,scaling,1.0,0,163,-2.7040,22.9677,-2.3670
informed,16,scaling,1.0,0,164,-1.7492,43.2149,0.7592
informed,16,scaling,1.0,0,165,-4.0073,14.9586,-3.4135
informed,16,scaling,1.0,0,166,4.9112,19.3729,2.0895
informed,16,scaling,1.0,0,167,2.7868,39.1709,-1.1147
informed,16,scaling,1.0,0,168,6.4641,34.0001,0.2561
informed,16,scaling,1.0,0,169,1.8713,31.7492,-0.4294
informed,16,scaling,1.0,0,170,3.4029,19.5150,0.1477
informed,16,scaling,1.0,0,171,-1.0583,8.6785,-2.5620
informed,16,scaling,1.0,0,172,3.0572,24.3032,2.6318
informed,16,scaling,1.0,0,173,4.4586,46.5397,-0.1808
informed,16,scaling,1.0,0,174,-0.9090,27.7126,-2.0699
informed,16,scaling,1.0,0,175,0.6124,39.4807,-0.3833
informed,16,scaling,1.0,0,176,-0.7574,22.6288,-3.0677
informed,16,scaling,1.0,0,177,0.8047,42.5665,-1.8481
informed,16,scaling,1.0,0,178,0.0963,16.2832,-0.3459
informed,16,scaling,1.0,0,179,0.7666,16.9353,-0.5722
informed,16,scaling,1.0,0,180,2.1198,34.9353,-0.2761
informed,16,scaling,1.0,0,181,-2.4925,28.5260,0.6074
informed,16,scaling,1.0,0,182,2.8896,37.7831,1.5005
informed,16,scaling,1.0,0,183,7.4433,19.6852,4.1139
informed,16,scaling,1.0,0,184,3.3336,19.2639,0.3161
informed,16,scaling,1.0,0,185,-1.4694,25.5412,-0.6440
informed,16,scaling,1.0,0,186,-2.1875,10.4752,-1.7991
informed,16,scaling,1.0,0,187,0.4324,30.0736,-1.6153
informed,16,scaling,1.0,0,188,1.6636,35.0780,-1.8189
informed,16,scaling,1.0,0,189,1.1714,40.7019,0.7892
informed,16,scaling,1.0,0,190,3.2054,23.3168,0.4092
informed,16,scaling,1.0,0,191,4.2072,30.0843,1.4221
informed,16,scaling,1.0,0,192,0.1085,6.3064,-1.5470
informed,16,scaling,1.0,0,193,1.4892,24.1147,0.0746
informed,16,scaling,1.0,0,194,-4.7375,20.1901,-1.5563
informed,16,scaling,1.0,0,195,6.4021,20.4353,2.2726
informed,16,scaling,1.0,0,196,10.8191,29.2924,5.1569
informed,16,scaling,1.0,0,197,-2.4970,16.5970,-2.9600
informed,16,scaling,1.0,0,198,5.9888,16.3840,1.6571
informed,16,scaling,1.0,0,199,-4.1803,13.7380,-2.4872
informed,16,scaling,1.0,0,200,-0.9568,22.6148,-1.3616
informed,16,scaling,1.0,0,201,0.5370,36.4020,-0.8164
informed,16,scaling,1.0,0,202,4.2235,25.1392,1.2021
informed,16,scaling,1.0,0,203,4.5897,22.5226,0.3670
informed,16,scaling,1.0,0,204,-1.0070,7.8578,-1.6454
informed,16,scaling,1.0,0,205,-7.6432,16.5708,-2.3792
informed,16,scaling,1.0,0,206,-1.5220,21.4624,-1.2721
informed,16,scaling,1.0,0,207,12.0144,34.2168,3.7040
informed,16,scaling,1.0,0,208,-5.0836,15.8577,-3.4594
informed,16,scaling,1.0,0,209,-18.4565,6.8476,-6.4587
informed,16,scaling,1.0,0,210,-12.5737,17.0781,-5.8505
informed,16,scaling,1.0,0,211,5.4448,12.1091,0.2019
informed,16,scaling,1.0,0,212,5.4811,27.2395,1.7016
informed,16,scaling,1.0,0,213,0.8365,25.5953,-1.3065
informed,16,scaling,1.0,0,214,-1.5880,34.0905,-0.6774
informed,16,scaling,1.0,0,215,-1.9134,12.5437,-0.2281
informed,16,scaling,1.0,0,216,-0.4389,40.2458,-0.4845
informed,16,scaling,1.0,0,217,4.1177,38.1642,-0.5242
informed,16,scaling,1.0,0,218,-1.7612,19.7586,-1.2876
informed,16,scaling,1.0,0,219,2.6362,12.5450,-0.2609
informed,16,scaling,1.0,0,220,-2.7272,17.6697,-2.6060
informed,16,scaling,1.0,0,221,-2.2067,41.4916,-0.7785
informed,16,scaling,1.0,0,222,5.1651,12.2641,1.0962
informed,16,scaling,1.0,0,223,-1.6616,21.6878,-3.1314
informed,16,scaling,1.0,0,224,6.5788,29.8042,2.0413
informed,16,scaling,1.0,0,225,5.0302,17.6062,0.4316
informed,16,scaling,1.0,0,226,-4.1393,10.0983,-1.6545
informed,16,scaling,1.0,0,227,3.4621,15.4433,-0.1547
informed,16,scaling,1.0,0,228,3.9271,39.2534,2.5391
informed,16,scaling,1.0,0,229,0.4609,21.6371,-0.2343
informed,16,scaling,1.0,0,230,-1.1521,22.0222,-1.2539
informed,16,scaling,1.0,0,231,4.3925,18.3325,0.7675
informed,16,scaling,1.0,0,232,-2.1154,18.1608,-3.5109
informed,16,scaling,1.0,0,233,3.9562,25.3778,-1.6243
informed,16,scaling,1.0,0,234,-6.8473,4.1046,-3.3623
informed,16,scaling,1.0,0,235,-1.3454,31.5300,0.5310
informed,16,scaling,1.0,0,236,-9.5679,26.6214,-4.0660
informed,16,scaling,1.0,0,237,4.1466,27.8644,1.4776
informed,16,scaling,1.0,0,238,3.5379,20.9880,0.2314
informed,16,scaling,1.0,0,239,-1.7470,25.1836,-0.2437
informed,16,scaling,1.0,0,240,1.3718,20.6671,-1.4282
informed,16,scaling,1.0,0,241,-1.9752,21.0592,-3.0978
informed,16,scaling,1.0,0,242,7.0384,25.1999,-0.1510
informed,16,scaling,1.0,0,243,4.3002,32.1290,0.8026
informed,16,scaling,1.0,0,244,3.4723,28.1944,2.2310
informed,16,scaling,1.0,0,245,-1.1317,31.6580,-2.4554
informed,16,scaling,1.0,0,246,6.3093,26.6945,2.3010
informed,16,scaling,1.0,0,247,0.0115,21.0299,0.3244
informed,16,scaling,1.0,0,248,-8.0739,-6.6956,-3.1853
informed,16,scaling,1.0,0,249,3.2680,21.9630,-0.1209
informed,16,scaling,1.0,0,250,7.1807,32.9831,1.5934
informed,16,scaling,1.0,0,251,3.0757,44.7854,1.0781
informed,16,scaling,1.0,0,252,-5.3236,14.0708,-2.1219
informed,16,scaling,1.0,0,253,-0.4779,12.4614,-0.6759
informed,16,scaling,1.0,0,254,-7.4047,10.4788,-3.4484
informed,16,scaling,1.0,0,255,3.0516,24.7605,-1.3756
informed,16,scaling,1.0,0,256,5.5429,39.5365,1.5546
informed,16,scaling,1.0,0,257,-3.9128,25.9588,-2.7567
informed,16,scaling,1.0,0,258,-1.8380,14.7133,-0.2566
informed,16,scaling,1.0,0,259,-10.5703,30.8782,-3.9648
informed,16,scaling,1.0,0,260,1.3151,26.9315,0.6916
informed,16,scaling,1.0,0,261,3.0521,19.9193,-0.6477
informed,16,scaling,1.0,0,262,-3.5095,10.8917,-2.5431
informed,16,scaling,1.0,0,263,-6.8842,11.0797,-3.9409
informed,16,scaling,1.0,0,264,2.9966,17.5163,-0.7283
informed,16,scaling,1.0,0,265,-9.4073,13.8695,-5.5668
informed,16,scaling,1.0,0,266,-6.5067,15.9424,-2.6685
informed,16,scaling,1.0,0,267,1.2538,40.5609,0.1358
informed,16,scaling,1.0,0,268,-3.8581,20.8962,-4.2241
informed,16,scaling,1.0,0,269,-0.9015,13.8147,-2.5303
informed,16,scaling,1.0,0,270,1.4897,29.4595,-1.1954
informed,16,scaling,1.0,0,271,-5.0898,36.3793,-2.9918
informed,16,scaling,1.0,0,272,5.4198,18.7514,2.6852
informed,16,scaling,1.0,0,273,3.5026,41.9137,2.6008
informed,16,scaling,1.0,0,274,-4.7102,20.8275,-2.3352
informed,16,scaling,1.0,0,275,-1.0797,15.1850,-0.9826
informed,16,scaling,1.0,0,276,-0.9504,38.2140,2.3685
informed,16,scaling,1.0,0,277,7.0230,32.6743,2.2227
informed,16,scaling,1.0,0,278,-2.0051,26.7641,-0.1725
informed,16,scaling,1.0,0,279,0.0510,22.3777,-1.9160
informed,16,scaling,1.0,0,280,-3.2549,14.7748,-1.3420
informed,16,scaling,1.0,0,281,4.5762,13.3833,0.7935
informed,16,scaling,1.0,0,282,-2.6496,14.0543,-3.1050
informed,16,scaling,1.0,0,283,-1.1543,19.5919,-2.8417
informed,16,scaling,1.0,0,284,-13.6593,45.8983,-3.2897
informed,16,scaling,1.0,0,285,-1.7881,9.1041,-2.3287
informed,16,scaling,1.0,0,286,-3.5822,21.4886,-2.2611
informed,16,scaling,1.0,0,287,3.0076,28.8173,-1.5054
informed,16,scaling,1.0,0,288,3.8012,28.7759,0.4048
informed,16,scaling,1.0,0,289,0.0113,21.7531,0.7745
informed,16,scaling,1.0,0,290,-0.7747,29.2343,-0.8847
informed,16,scaling,1.0,0,291,-5.2361,19.7080,-4.2673
informed,16,scaling,1.0,0,292,-7.2899,15.5969,-4.4663
informed,16,scaling,1.0,0,293,-12.4494,1.1529,-4.8446
informed,16,scaling,1.0,0,294,4.7590,34.8357,-0.8124
informed,16,scaling,1.0,0,295,0.4173,24.4830,-1.6497
informed,16,scaling,1.0,0,296,3.6374,30.7541,0.7370
informed,16,scaling,1.0,0,297,7.7155,33.4128,2.7897
informed,16,scaling,1.0,0,298,2.4589,44.8899,1.7191
informed,16,scaling,1.0,0,299,1.5015,17.3090,-0.5503
informed,16,scaling,1.0,0,300,-3.0049,13.6696,-1.2761
informed,16,scaling,1.0,0,301,-3.0349,15.7439,-1.8228
informed,16,scaling,1.0,0,302,-1.3425,37.8517,0.6891
informed,16,scaling,1.0,0,303,4.2265,43.9112,0.7830
informed,16,scaling,1.0,0,304,8.9308,30.2200,3.3439
informed,16,scaling,1.0,0,305,2.5144,13.4317,-1.1756
informed,16,scaling,1.0,0,306,-5.5050,49.5629,-5.7718
informed,16,scaling,1.0,0,307,0.0856,23.2933,-3.0722
informed,16,scaling,1.0,0,308,5.7366,7.7069,0.7716
informed,16,scaling,1.0,0,309,-1.1982,41.4908,-0.1711
informed,16,scaling,1.0,0,310,3.2061,29.9234,-0.1085
informed,16,scaling,1.0,0,311,-3.9145,23.4845,-2.2708
informed,16,scaling,1.0,0,312,-3.7074,35.2127,-0.5455
informed,16,scaling,1.0,0,313,-2.0850,13.9019,-1.2951
informed,16,scaling,1.0,0,314,-5.0818,53.9556,-1.0932
informed,16,scaling,1.0,0,315,5.1019,17.9872,0.7714
informed,16,scaling,1.0,0,316,-2.0503,42.1058,-2.1518
informed,16,scaling,1.0,0,317,-2.2847,17.5393,-3.7460
informed,16,scaling,1.0,0,318,7.0487,43.6377,5.2772
informed,16,scaling,1.0,0,319,-10.1462,25.0089,-2.1727
informed,16,scaling,1.0,0,320,7.2784,21.7483,-0.2725
informed,16,scaling,1.0,0,321,2.5651,44.5486,0.4651
informed,16,scaling,1.0,0,322,6.0372,18.2387,1.1975
informed,16,scaling,1.0,0,323,5.8520,49.9224,-1.4538
informed,16,scaling,1.0,0,324,6.5681,14.2747,1.3250
informed,16,scaling,1.0,0,325,-1.8729,9.4138,-0.9951
informed,16,scaling,1.0,0,326,-2.4551,35.5469,-0.6750
informed,16,scaling,1.0,0,327,4.4249,11.8933,2.0611
informed,16,scaling,1.0,0,328,4.2938,2.7264,0.1146
informed,16,scaling,1.0,0,329,-0.3306,21.5489,-0.8988
informed,16,scaling,1.0,0,330,-5.5113,13.4213,-3.4499
informed,16,scaling,1.0,0,331,7.3940,64.5443,3.3936
informed,16,scaling,1.0,0,332,1.5520,37.3612,-0.2133
informed,16,scaling,1.0,0,333,-8.3431,25.2586,-3.8776
informed,16,scaling,1.0,0,334,1.0685,13.8821,1.6927
informed,16,scaling,1.0,0,335,6.5563,36.9850,2.9668
informed,16,scaling,1.0,0,336,-3.6059,15.2214,-0.9727
informed,16,scaling,1.0,0,337,-2.1095,19.5546,-4.4111
informed,16,scaling,1.0,0,338,-6.1117,18.1191,-3.9378
informed,16,scaling,1.0,0,339,6.3331,27.9090,2.1310
informed,16,scaling,1.0,0,340,-0.2235,13.2837,0.1759
informed,16,scaling,1.0,0,341,7.1019,29.0029,0.3850
informed,16,scaling,1.0,0,342,-0.8230,4.8316,-1.0576
informed,16,scaling,1.0,0,343,-2.7638,29.6284,-2.0405
informed,16,scaling,1.0,0,344,1.2764,26.2904,0.3359
informed,16,scaling,1.0,0,345,3.9067,16.1764,0.7666
informed,16,scaling,1.0,0,346,5.1771,40.9260,2.6792
informed,16,scaling,1.0,0,347,-12.2041,3.8792,-6.1503
informed,16,scaling,1.0,0,348,-9.2030,9.5589,-3.8983
informed,16,scaling,1.0,0,349,1.9554,20.6579,0.3269
informed,16,scaling,1.0,0,350,8.2460,31.4805,1.7907
informed,16,scaling,1.0,0,351,-4.5866,8.5201,-1.9670
informed,16,scaling,1.0,0,352,0.0062,19.5448,-2.2188
informed,16,scaling,1.0,0,353,1.3600,38.8395,-1.2821
informed,16,scaling,1.0,0,354,-2.1298,40.2109,-0.4802
informed,16,scaling,1.0,0,355,4.1011,43.8815,1.7359
informed,16,scaling,1.0,0,356,7.5502,25.4776,1.8720
informed,16,scaling,1.0,0,357,-1.4432,31.4431,-1.4550
informed,16,scaling,1.0,0,358,2.3720,35.1535,-0.9865
informed,16,scaling,1.0,0,359,-2.7805,16.6923,-1.3136
informed,16,scaling,1.0,0,360,-3.1322,27.7505,0.7052
informed,16,scaling,1.0,0,361,3.4293,21.3751,0.0078
informed,16,scaling,1.0,0,362,-6.7703,18.7601,-5.4967
informed,16,scaling,1.0,0,363,0.9377,34.1169,0.5346
informed,16,scaling,1.0,0,364,5.6238,20.6439,3.5630
informed,16,scaling,1.0,0,365,-2.8234,27.8071,-3.3708
informed,16,scaling,1.0,0,366,-1.6922,15.3721,-0.2835
informed,16,scaling,1.0,0,367,11.3713,53.3754,4.7439
informed,16,scaling,1.0,0,368,0.6882,30.7270,-1.0984
informed,16,scaling,1.0,0,369,-0.9732,17.6220,-0.9174
informed,16,scaling,1.0,0,370,-2.6932,24.4870,-2.5110
informed,16,scaling,1.0,0,371,3.4694,29.8901,0.0496
informed,16,scaling,1.0,0,372,-1.0119,25.0622,-1.6257
informed,16,scaling,1.0,0,373,-9.5612,16.3576,-4.7756
informed,16,scaling,1.0,0,374,4.4983,20.2573,0.4283
informed,16,scaling,1.0,0,375,-6.3901,17.5904,-2.5898
informed,16,scaling,1.0,0,376,-9.4491,26.9225,-6.8033
informed,16,scaling,1.0,0,377,-1.7495,16.3390,-1.1567
informed,16,scaling,1.0,0,378,1.4605,72.0423,-0.6062
informed,16,scaling,1.0,0,379,0.7120,55.5673,0.7307
informed,16,scaling,1.0,0,380,2.4990,37.0495,-1.5232
informed,16,scaling,1.0,0,381,-2.0996,23.0458,-0.5270
informed,16,scaling,1.0,0,382,-4.6513,27.6660,-1.3612
informed,16,scaling,1.0,0,383,2.3708,22.6455,-0.9798
informed,16,scaling,1.0,0,384,8.3654,44.6915,1.0473
informed,16,scaling,1.0,0,385,2.3962,10.6973,0.0695
informed,16,scaling,1.0,0,386,-6.9638,23.4886,-4.1102
informed,16,scaling,1.0,0,387,-5.4617,14.2785,-2.3138
informed,16,scaling,1.0,0,388,-12.3364,21.9444,-5.3979
informed,16,scaling,1.0,0,389,-8.7486,23.9564,-2.9069
informed,16,scaling,1.0,0,390,-5.4432,45.7501,-3.2863
informed,16,scaling,1.0,0,391,6.0823,23.6162,2.3245
informed,16,scaling,1.0,0,392,-3.3537,26.6919,-1.0950
informed,16,scaling,1.0,0,393,-0.8727,19.7228,0.2551
informed,16,scaling,1.0,0,394,-7.0450,30.3846,-2.8256
informed,16,scaling,1.0,0,395,-6.9856,16.3683,-3.9741
informed,16,scaling,1.0,0,396,-12.8779,7.0446,-5.0518
informed,16,scaling,1.0,0,397,6.4587,19.4067,1.7086
informed,16,scaling,1.0,0,398,0.5630,20.4891,-0.2824
informed,16,scaling,1.0,0,399,1.5532,10.2492,0.1794
informed,16,scaling,1.0,0,400,-2.0835,34.0920,-4.7184
informed,16,scaling,1.0,0,401,-5.0976,18.0841,-3.6178
informed,16,scaling,1.0,0,402,-1.2161,13.4012,-3.2988
informed,16,scaling,1.0,0,403,-0.3424,18.2826,-2.3223
informed,16,scaling,1.0,0,404,-5.4610,51.6765,-1.8685
informed,16,scaling,1.0,0,405,-2.5340,22.2805,-2.8295
informed,16,scaling,1.0,0,406,2.3518,25.0461,0.1937
informed,16,scaling,1.0,0,407,1.9174,12.8785,-0.0987
informed,16,scaling,1.0,0,408,-3.1515,25.0884,-1.7789
informed,16,scaling,1.0,0,409,1.1860,21.1844,0.5268
informed,16,scaling,1.0,0,410,-5.7945,26.5835,-3.1091
informed,16,scaling,1.0,0,411,4.8283,22.4638,0.9369
informed,16,scaling,1.0,0,412,1.4217,21.8893,-0.5808
informed,16,scaling,1.0,0,413,-4.2412,11.4527,-0.5196
informed,16,scaling,1.0,0,414,-5.4940,12.6890,-1.7072
informed,16,scaling,1.0,0,415,5.8177,41.1821,0.1109
informed,16,scaling,1.0,0,416,0.4963,35.7884,-0.9343
informed,16,scaling,1.0,0,417,1.7281,27.5257,-0.8762
informed,16,scaling,1.0,0,418,-1.5350,13.5046,-2.0031
informed,16,scaling,1.0,0,419,8.0255,25.9435,2.6465
informed,16,scaling,1.0,0,420,-3.2354,32.6892,-0.8220
informed,16,scaling,1.0,0,421,1.8724,5.4083,-1.7725
informed,16,scaling,1.0,0,422,1.2499,32.0828,-0.8171
informed,16,scaling,1.0,0,423,0.2556,32.0284,0.7055
informed,16,scaling,1.0,0,424,0.9425,12.0067,-1.4823
informed,16,scaling,1.0,0,425,-4.4238,15.3579,-2.9058
informed,16,scaling,1.0,0,426,-0.7331,21.2178,-1.1083
informed,16,scaling,1.0,0,427,6.1509,29.1796,2.1078
informed,16,scaling,1.0,0,428,-14.8650,-1.8099,-5.5467
informed,16,scaling,1.0,0,429,-6.7862,20.2645,-1.6170
informed,16,scaling,1.0,0,430,4.5342,27.9892,0.7897
informed,16,scaling,1.0,0,431,-5.1571,21.3465,-2.8850
informed,16,scaling,1.0,0,432,-2.2621,21.5664,-2.8794
informed,16,scaling,1.0,0,433,-2.3438,6.8571,-0.9919
informed,16,scaling,1.0,0,434,1.7256,30.8673,0.5452
informed,16,scaling,1.0,0,435,3.2445,23.3241,1.1621
informed,16,scaling,1.0,0,436,-0.5054,17.5895,-2.1079
informed,16,scaling,1.0,0,437,-3.1412,15.2110,0.4369
informed,16,scaling,1.0,0,438,2.3974,37.6461,1.2951
informed,16,scaling,1.0,0,439,-13.3697,52.7983,-3.5582
informed,16,scaling,1.0,0,440,-4.8318,18.5456,-3.4997
informed,16,scaling,1.0,0,441,-3.0366,33.7849,-1.6357
informed,16,scaling,1.0,0,442,-9.2352,17.3839,-5.5985
informed,16,scaling,1.0,0,443,-2.9098,13.1776,-1.6405
informed,16,scaling,1.0,0,444,-1.3740,20.2064,-0.2844
informed,16,scaling,1.0,0,445,3.2426,15.3281,-0.7598
informed,16,scaling,1.0,0,446,-0.1847,22.3117,-2.8485
informed,16,scaling,1.0,0,447,5.7302,26.9441,0.4933
informed,16,scaling,1.0,0,448,-9.1728,30.6217,-4.6049
informed,16,scaling,1.0,0,449,-3.3385,44.4632,-2.6261
informed,16,scaling,1.0,0,450,-5.2994,8.3264,-2.0103
informed,16,scaling,1.0,0,451,-1.4421,35.1450,0.0050
informed,16,scaling,1.0,0,452,-2.8459,15.5581,-2.8469
informed,16,scaling,1.0,0,453,-3.9408,15.5896,-1.2267
informed,16,scaling,1.0,0,454,4.0708,35.9775,2.6261
informed,16,scaling,1.0,0,455,-6.8498,13.0532,-4.3527
informed,16,scaling,1.0,0,456,-9.9427,10.5928,-4.2075
informed,16,scaling,1.0,0,457,-0.0084,43.7974,-2.3851
informed,16,scaling,1.0,0,458,0.1364,23.2486,-0.8141
informed,16,scaling,1.0,0,459,-6.9444,31.7580,-1.0931
informed,16,scaling,1.0,0,460,1.2593,22.3961,-2.7361
informed,16,scaling,1.0,0,461,2.9553,15.2650,1.2706
informed,16,scaling,1.0,0,462,-0.8700,26.4497,-0.3181
informed,16,scaling,1.0,0,463,8.7926,25.9936,1.9908
informed,16,scaling,1.0,0,464,0.1597,18.2948,-3.3840
informed,16,scaling,1.0,0,465,-3.7364,20.9205,-0.2092
informed,16,scaling,1.0,0,466,0.7906,47.4151,-0.2372
informed,16,scaling,1.0,0,467,-2.2078,32.6202,-3.1792
informed,16,scaling,1.0,0,468,-0.0460,12.6702,0.2366
informed,16,scaling,1.0,0,469,0.3389,16.4373,-0.5829
informed,16,scaling,1.0,0,470,-5.1149,23.5920,-2.3609
informed,16,scaling,1.0,0,471,-8.8064,7.6343,-4.5519
informed,16,scaling,1.0,0,472,0.4940,15.4024,0.4777
informed,16,scaling,1.0,0,473,4.2891,24.2859,-1.4330
informed,16,scaling,1.0,0,474,-6.7374,17.3957,-5.0016
informed,16,scaling,1.0,0,475,-6.7595,7.3477,-2.5998
informed,16,scaling,1.0,0,476,-7.7326,14.5671,-4.4163
informed,16,scaling,1.0,0,477,0.6728,19.2104,0.4000
informed,16,scaling,1.0,0,478,3.6018,12.9675,0.0380
informed,16,scaling,1.0,0,479,4.1725,14.7534,-0.2338
informed,16,scaling,1.0,0,480,-6.8259,16.3318,-2.6790
informed,16,scaling,1.0,0,481,-0.0203,23.7927,-1.7034
informed,16,scaling,1.0,0,482,-5.7097,24.8517,-4.7441
informed,16,scaling,1.0,0,483,7.6736,31.8446,2.4065
informed,16,scaling,1.0,0,484,-3.7814,37.4802,-4.8760
informed,16,scaling,1.0,0,485,0.7314,16.6075,-0.8945
informed,16,scaling,1.0,0,486,-7.3729,19.0428,-3.6255
informed,16,scaling,1.0,0,487,1.1094,12.5274,-1.3380
informed,16,scaling,1.0,0,488,2.5945,22.4599,0.4802
informed,16,scaling,1.0,0,489,6.3175,18.7795,3.3486
informed,16,scaling,1.0,0,490,-9.3102,41.2543,-4.2227
informed,16,scaling,1.0,0,491,-2.1965,16.5269,-2.9353
informed,16,scaling,1.0,0,492,-8.0498,24.3575,-4.0022
informed,16,scaling,1.0,0,493,8.1949,43.4035,0.3556
informed,16,scaling,1.0,0,494,-0.3750,19.7707,-2.7100
informed,16,scaling,1.0,0,495,-7.0435,25.8419,-3.6739
informed,16,scaling,1.0,0,496,4.0188,37.0153,-0.0628
informed,16,scaling,1.0,0,497,-4.4876,20.3853,-0.5006
informed,16,scaling,1.0,0,498,7.2901,20.9854,1.0355
informed,16,scaling,1.0,0,499,-3.7544,19.1310,-2.0371
informed,16,scaling,1.0,0,500,-0.0995,13.9594,0.2069
informed,16,scaling,1.0,0,501,-2.4491,8.6332,-2.0048
informed,16,scaling,1.0,0,502,6.2904,19.9174,1.6188
informed,16,scaling,1.0,0,503,0.7444,8.2131,-1.5191
informed,16,scaling,1.0,0,504,-1.8473,19.9163,-2.3908
informed,16,scaling,1.0,0,505,1.1751,36.9677,2.7164
informed,16,scaling,1.0,0,506,2.3546,23.1060,-1.0003
informed,16,scaling,1.0,0,507,-3.1987,9.8408,-1.3973
informed,16,scaling,1.0,0,508,-18.1271,20.1576,-7.6941
informed,16,scaling,1.0,0,509,3.0987,14.4745,-0.5235
informed,16,scaling,1.0,0,510,1.0614,21.6048,0.0564
informed,16,scaling,1.0,0,511,-6.9395,28.2211,-3.3489
informed,16,scaling,1.0,0,512,4.2332,24.7384,2.0171
informed,16,scaling,1.0,0,513,7.1187,32.2765,0.5136
informed,16,scaling,1.0,0,514,4.9020,22.4032,-0.9671
informed,16,scaling,1.0,0,515,5.9481,23.5755,1.8246
informed,16,scaling,1.0,0,516,-3.1837,33.7134,-2.6388
informed,16,scaling,1.0,0,517,-0.9005,39.5287,-2.3527
informed,16,scaling,1.0,0,518,0.7620,32.5182,0.1556
informed,16,scaling,1.0,0,519,-6.0831,8.0410,-2.8747
informed,16,scaling,1.0,0,520,-7.6762,11.4557,-3.8111
informed,16,scaling,1.0,0,521,-6.2156,23.2951,-4.1206
informed,16,scaling,1.0,0,522,7.5779,32.2253,1.9188
informed,16,scaling,1.0,0,523,-5.8989,24.8613,-2.7817
informed,16,scaling,1.0,0,524,-1.1768,9.7511,-2.0558
informed,16,scaling,1.0,0,525,-2.2713,21.6729,0.0530
informed,16,scaling,1.0,0,526,-3.5219,9.7289,-1.8734
informed,16,scaling,1.0,0,527,-1.8884,13.6036,-2.7796
informed,16,scaling,1.0,0,528,5.2572,20.5203,1.1496
informed,16,scaling,1.0,0,529,1.3105,39.5123,0.3211
informed,16,scaling,1.0,0,530,-3.2594,62.2082,0.2038
informed,16,scaling,1.0,0,531,0.4722,12.0887,0.3449
informed,16,scaling,1.0,0,532,0.7330,14.1995,-0.9158
informed,16,scaling,1.0,0,533,1.8762,19.3108,-1.1454
informed,16,scaling,1.0,0,534,-7.2056,24.7279,-2.7816
informed,16,scaling,1.0,0,535,-2.1494,10.0832,-3.0414
informed,16,scaling,1.0,0,536,-4.7572,42.3430,-1.3566
informed,16,scaling,1.0,0,537,-6.1822,2.0196,-2.4896
informed,16,scaling,1.0,0,538,2.3390,35.9495,0.9750
informed,16,scaling,1.0,0,539,-1.2922,20.6769,-1.9907
informed,16,scaling,1.0,0,540,2.8669,17.4507,-0.2515
informed,16,scaling,1.0,0,541,-6.4631,0.4238,-3.8716
informed,16,scaling,1.0,0,542,3.6334,23.8899,1.7137
informed,16,scaling,1.0,0,543,-2.4509,25.8124,-1.6259
informed,16,scaling,1.0,0,544,-5.0582,33.2762,-3.7616
informed,16,scaling,1.0,0,545,-1.3313,16.5508,-2.0840
informed,16,scaling,1.0,0,546,-1.0876,27.4445,-0.6985
informed,16,scaling,1.0,0,547,4.3734,25.4153,3.1137
informed,16,scaling,1.0,0,548,0.4195,20.7581,-1.7532
informed,16,scaling,1.0,0,549,5.4500,12.9030,0.6218
informed,16,scaling,1.0,0,550,3.0480,20.3366,0.9437
informed,16,scaling,1.0,0,551,0.1413,27.3034,-1.4122
informed,16,scaling,1.0,0,552,8.4792,29.5512,3.2445
informed,16,scaling,1.0,0,553,6.4636,26.9658,0.1603
informed,16,scaling,1.0,0,554,0.7391,7.4701,-0.6457
informed,16,scaling,1.0,0,555,0.9251,35.3415,-2.3933
informed,16,scaling,1.0,0,556,-0.8247,17.5528,1.2366
informed,16,scaling,1.0,0,557,0.8173,45.8999,-2.0895
informed,16,scaling,1.0,0,558,-1.8853,36.0271,0.3172
informed,16,scaling,1.0,0,559,4.1718,41.5270,0.7690
informed,16,scaling,1.0,0,560,-14.2069,6.7846,-5.8985
informed,16,scaling,1.0,0,561,-2.6584,29.7099,-1.1094
informed,16,scaling,1.0,0,562,7.9063,24.7596,4.1113
informed,16,scaling,1.0,0,563,-1.1695,34.8837,-1.4178
informed,16,scaling,1.0,0,564,3.1346,24.3983,0.5206
informed,16,scaling,1.0,0,565,-10.8404,12.9340,-3.3639
informed,16,scaling,1.0,0,566,-3.8010,9.0921,-3.2853
informed,16,scaling,1.0,0,567,1.6051,20.8217,-0.0671
informed,16,scaling,1.0,0,568,2.4798,45.6007,1.9727
informed,16,scaling,1.0,0,569,1.6289,31.2418,-1.1969
informed,16,scaling,1.0,0,570,-7.1266,24.2509,-2.6403
informed,16,scaling,1.0,0,571,1.5957,39.8170,-0.8612
informed,16,scaling,1.0,0,572,-0.2598,23.4978,-0.4644
informed,16,scaling,1.0,0,573,3.8058,13.4539,0.1655
informed,16,scaling,1.0,0,574,-5.5379,29.7652,-3.5623
informed,16,scaling,1.0,0,575,-2.0528,9.3572,-2.1319
informed,16,scaling,1.0,0,576,3.6834,22.8775,-1.3504
informed,16,scaling,1.0,0,577,-1.6030,43.3060,-1.6881
informed,16,scaling,1.0,0,578,3.8960,45.2041,-0.1005
informed,16,scaling,1.0,0,579,-3.3806,32.0773,0.5771
informed,16,scaling,1.0,0,580,-1.1119,29.4000,-2.0331
informed,16,scaling,1.0,0,581,-19.2219,8.2851,-8.8287
informed,16,scaling,1.0,0,582,-1.6441,14.9534,0.3325
informed,16,scaling,1.0,0,583,-11.8394,15.9092,-5.2662
informed,16,scaling,1.0,0,584,2.7968,14.5321,1.1830
informed,16,scaling,1.0,0,585,4.1735,19.3862,0.5111
informed,16,scaling,1.0,0,586,-1.1782,54.6364,0.1197
informed,16,scaling,1.0,0,587,2.4988,21.4388,0.2597
informed,16,scaling,1.0,0,588,-8.3881,25.5856,-2.7420
informed,16,scaling,1.0,0,589,-1.3451,2.1449,-2.1683
informed,16,scaling,1.0,0,590,-7.4309,24.2741,-3.7616
informed,16,scaling,1.0,0,591,-5.2570,20.3018,-2.2112
informed,16,scaling,1.0,0,592,0.9418,26.5221,-0.4496
informed,16,scaling,1.0,0,593,9.6178,44.3903,6.6428
informed,16,scaling,1.0,0,594,-1.0044,22.7850,-1.2452
informed,16,scaling,1.0,0,595,-8.4080,-0.0770,-3.7849
informed,16,scaling,1.0,0,596,-3.2509,36.5226,1.2002
informed,16,scaling,1.0,0,597,-4.5388,12.9816,-6.2031
informed,16,scaling,1.0,0,598,-4.6169,22.5104,-2.2212
informed,16,scaling,1.0,0,599,-4.2285,25.4319,-3.6990
informed,16,scaling,1.0,0,600,0.5676,23.7878,-2.7724
informed,16,scaling,1.0,0,601,-5.0928,19.1200,-3.6496
informed,16,scaling,1.0,0,602,-2.5449,53.0577,2.8207
informed,16,scaling,1.0,0,603,-2.0385,23.4087,-2.3374
informed,16,scaling,1.0,0,604,-7.5007,0.1205,-3.6788
informed,16,scaling,1.0,0,605,-1.9138,49.5752,-2.1169
informed,16,scaling,1.0,0,606,-3.4561,-0.0001,-3.5620
informed,16,scaling,1.0,0,607,3.3678,22.7460,3.3548
informed,16,scaling,1.0,0,608,7.7960,24.2731,2.0411
informed,16,scaling,1.0,0,609,5.3509,25.5775,1.4960
informed,16,scaling,1.0,0,610,5.1818,46.7740,2.3095
informed,16,scaling,1.0,0,611,-8.9331,24.8257,-0.8758
informed,16,scaling,1.0,0,612,-5.5758,33.6547,-2.6782
informed,16,scaling,1.0,0,613,-6.1079,29.3096,-4.3365
informed,16,scaling,1.0,0,614,-6.3098,42.3054,-3.3953
informed,16,scaling,1.0,0,615,-2.0699,32.6799,-0.3545
informed,16,scaling,1.0,0,616,2.2230,25.3743,1.4105
informed,16,scaling,1.0,0,617,-3.0926,22.0413,-1.3837
informed,16,scaling,1.0,0,618,7.9027,26.8101,3.3731
informed,16,scaling,1.0,0,619,-5.9444,15.3482,-4.4001
informed,16,scaling,1.0,0,620,-14.6033,12.8324,-6.1477
informed,16,scaling,1.0,0,621,-6.4740,15.3901,-4.0863
informed,16,scaling,1.0,0,622,4.1675,13.6496,-0.0926
informed,16,scaling,1.0,0,623,-4.2503,45.1615,-1.2102
informed,16,scaling,1.0,0,624,-4.8108,51.0454,-0.1972
informed,16,scaling,1.0,0,625,-6.3251,3.6221,-1.2296
informed,16,scaling,1.0,0,626,6.0220,37.9575,2.0310
informed,16,scaling,1.0,0,627,-3.8024,19.4210,-2.4565
informed,16,scaling,1.0,0,628,-6.2202,20.3257,-3.6860
informed,16,scaling,1.0,0,629,-7.7513,12.3705,-6.4833
informed,16,scaling,1.0,0,630,-5.5930,12.2290,-2.4043
informed,16,scaling,1.0,0,631,3.6183,31.2407,-0.4861
informed,16,scaling,1.0,0,632,1.7686,31.9837,2.1800
informed,16,scaling,1.0,0,633,-7.8157,11.4883,-4.6861
informed,16,scaling,1.0,0,634,3.7245,22.2701,2.7692
informed,16,scaling,1.0,0,635,7.1194,7.3000,2.0627
informed,16,scaling,1.0,0,636,4.1872,24.3502,0.9394
informed,16,scaling,1.0,0,637,-3.7786,15.2852,-1.8503
informed,16,scaling,1.0,0,638,-5.5849,14.9758,-2.8782
informed,16,scaling,1.0,0,639,-0.1277,17.6274,-2.9382
informed,16,scaling,1.0,0,640,2.3230,14.8201,0.4065
informed,16,scaling,1.0,0,641,-0.8824,22.3314,-0.2391
informed,16,scaling,1.0,0,642,8.1150,23.4309,4.7940
informed,16,scaling,1.0,0,643,1.1345,50.5816,1.2392
informed,16,scaling,1.0,0,644,-1.0483,44.5420,-0.9385
informed,16,scaling,1.0,0,645,1.3241,24.1568,0.7634
informed,16,scaling,1.0,0,646,3.4576,20.8504,2.2055
informed,16,scaling,1.0,0,647,-5.5759,-0.1957,-2.3669
informed,16,scaling,1.0,0,648,9.2107,30.3247,1.0310
informed,16,scaling,1.0,0,649,-2.4577,23.5805,-2.9412
informed,16,scaling,1.0,0,650,7.2328,51.9853,1.7483
informed,16,scaling,1.0,0,651,4.2875,23.2621,2.7976
informed,16,scaling,1.0,0,652,-1.4530,18.3910,-1.8691
informed,16,scaling,1.0,0,653,-0.8745,29.4185,-0.7174
informed,16,scaling,1.0,0,654,2.5964,17.9096,-1.6074
informed,16,scaling,1.0,0,655,0.1556,25.7403,0.3293
informed,16,scaling,1.0,0,656,-6.1297,18.8127,-3.4437
informed,16,scaling,1.0,0,657,1.4831,3.7685,-0.8846
informed,16,scaling,1.0,0,658,1.3081,13.4056,-0.0319
informed,16,scaling,1.0,0,659,4.1916,32.2345,2.0969
informed,16,scaling,1.0,0,660,-4.5372,24.0816,-2.1852
informed,16,scaling,1.0,0,661,1.3884,11.1996,-0.3677
informed,16,scaling,1.0,0,662,0.4508,29.4709,-1.0063
informed,16,scaling,1.0,0,663,3.2223,30.4295,0.3966
informed,16,scaling,1.0,0,664,-4.4971,2.6762,-3.0124
informed,16,scaling,1.0,0,665,0.0690,19.4992,-0.8595
informed,16,scaling,1.0,0,666,-0.8823,19.5243,-1.9464
informed,16,scaling,1.0,0,667,-5.1135,13.4574,-3.6247
informed,16,scaling,1.0,0,668,0.3832,16.7675,-0.3032
informed,16,scaling,1.0,0,669,4.2608,29.4956,-0.9392
informed,16,scaling,1.0,0,670,9.8722,26.2995,5.5097
informed,16,scaling,1.0,0,671,5.6769,68.7307,4.0016
informed,16,scaling,1.0,0,672,0.7300,25.2811,0.3412
informed,16,scaling,1.0,0,673,1.2800,27.6064,-0.1838
informed,16,scaling,1.0,0,674,-0.7060,29.1231,-1.1106
informed,16,scaling,1.0,0,675,-3.5073,13.2399,-1.1605
informed,16,scaling,1.0,0,676,0.0610,24.0450,-1.8443
informed,16,scaling,1.0,0,677,-10.1441,28.8132,-2.5267
informed,16,scaling,1.0,0,678,5.4300,20.9321,-0.0355
informed,16,scaling,1.0,0,679,-0.9897,17.7063,-1.7158
informed,16,scaling,1.0,0,680,-2.9575,21.7820,-1.4875
informed,16,scaling,1.0,0,681,2.7411,34.8907,0.1273
informed,16,scaling,1.0,0,682,6.1802,15.1699,2.4388
informed,16,scaling,1.0,0,683,-3.2114,11.8322,-2.9375
informed,16,scaling,1.0,0,684,4.6206,42.1100,1.6077
informed,16,scaling,1.0,0,685,-1.0932,23.3880,-0.7309
informed,16,scaling,1.0,0,686,-0.2960,13.4739,0.6994
informed,16,scaling,1.0,0,687,-6.6286,44.4556,-2.8662
informed,16,scaling,1.0,0,688,-0.6178,11.5125,-1.4074
informed,16,scaling,1.0,0,689,-3.4941,21.2108,-0.8928
informed,16,scaling,1.0,0,690,-0.8741,31.3250,-0.3470
informed,16,scaling,1.0,0,691,-2.9016,33.9990,-1.2285
informed,16,scaling,1.0,0,692,-2.5323,6.1537,-2.7936
informed,16,scaling,1.0,0,693,3.4825,28.0381,-0.3858
informed,16,scaling,1.0,0,694,-1.2843,11.4521,-1.2180
informed,16,scaling,1.0,0,695,7.7761,40.7852,0.9398
informed,16,scaling,1.0,0,696,4.8843,22.7084,1.2080
informed,16,scaling,1.0,0,697,-0.7915,17.6436,-1.5879
informed,16,scaling,1.0,0,698,2.7755,41.6727,1.4878
informed,16,scaling,1.0,0,699,-1.3630,37.0670,0.8121
informed,16,scaling,1.0,0,700,-2.4844,23.7865,-2.6735
informed,16,scaling,1.0,0,701,6.7992,28.3878,1.7218
informed,16,scaling,1.0,0,702,-9.2270,3.7749,-5.3374
informed,16,scaling,1.0,0,703,-1.3641,27.7588,-1.0076
informed,16,scaling,1.0,0,704,-1.7062,38.1300,-0.6466
informed,16,scaling,1.0,0,705,-8.6737,14.6003,-3.6554
informed,16,scaling,1.0,0,706,-10.2713,19.0151,-3.8938
informed,16,scaling,1.0,0,707,-3.3734,18.2972,-0.5450
informed,16,scaling,1.0,0,708,9.1822,37.0425,4.5361
informed,16,scaling,1.0,0,709,-7.9336,21.8512,-3.0136
informed,16,scaling,1.0,0,710,2.3304,23.5182,-0.8466
informed,16,scaling,1.0,0,711,13.2084,31.5634,5.9803
informed,16,scaling,1.0,0,712,6.8995,10.7119,4.2576
informed,16,scaling,1.0,0,713,-1.0121,23.1074,-1.8637
informed,16,scaling,1.0,0,714,-13.9802,12.1198,-4.4384
informed,16,scaling,1.0,0,715,2.3032,32.0160,-1.2608
informed,16,scaling,1.0,0,716,3.0565,38.9708,2.2645
informed,16,scaling,1.0,0,717,4.8918,17.0283,0.8531
informed,16,scaling,1.0,0,718,1.7763,19.3942,-2.5133
informed,16,scaling,1.0,0,719,-3.9907,29.5982,-2.1068
informed,16,scaling,1.0,0,720,-2.3318,29.2041,-1.7141
informed,16,scaling,1.0,0,721,3.5276,20.5130,1.4656
informed,16,scaling,1.0,0,722,6.5277,27.8569,2.8430
informed,16,scaling,1.0,0,723,-1.6505,15.7476,-1.3388
informed,16,scaling,1.0,0,724,-2.3005,14.2883,-1.0586
informed,16,scaling,1.0,0,725,-3.1055,10.9412,-3.1965
informed,16,scaling,1.0,0,726,-7.1545,17.8852,-4.7717
informed,16,scaling,1.0,0,727,0.7877,14.4092,-0.0242
informed,16,scaling,1.0,0,728,-1.6903,15.2308,-1.7225
informed,16,scaling,1.0,0,729,7.5481,34.6296,0.9672
informed,16,scaling,1.0,0,730,-2.4294,32.8959,-1.7631
informed,16,scaling,1.0,0,731,-0.3561,21.5297,-1.0947
informed,16,scaling,1.0,0,732,3.0222,36.3479,0.8156
informed,16,scaling,1.0,0,733,1.5080,26.4566,0.6566
informed,16,scaling,1.0,0,734,-4.4533,23.3302,-2.4563
informed,16,scaling,1.0,0,735,-8.1041,36.4198,-1.2166
informed,16,scaling,1.0,0,736,5.0589,29.5466,0.7119
informed,16,scaling,1.0,0,737,3.1453,34.2109,-0.5001
informed,16,scaling,1.0,0,738,-4.8602,8.3369,-3.2214
informed,16,scaling,1.0,0,739,0.5229,22.5560,0.1132
informed,16,scaling,1.0,0,740,-4.6240,24.2664,-0.3374
informed,16,scaling,1.0,0,741,0.0314,33.0573,-1.1775
informed,16,scaling,1.0,0,742,0.1753,20.7578,-0.3660
informed,16,scaling,1.0,0,743,-2.7792,41.5094,0.2103
informed,16,scaling,1.0,0,744,-13.8096,4.4834,-5.5325
informed,16,scaling,1.0,0,745,0.5994,39.1701,-1.5308
informed,16,scaling,1.0,0,746,-8.5405,17.2650,-5.5593
informed,16,scaling,1.0,0,747,0.8451,10.7916,-0.0093
informed,16,scaling,1.0,0,748,3.5490,20.9209,-0.0949
informed,16,scaling,1.0,0,749,2.4185,35.5828,1.4243
informed,16,scaling,1.0,0,750,-3.7711,6.2572,-2.6898
informed,16,scaling,1.0,0,751,-1.5463,31.6238,-1.4524
informed,16,scaling,1.0,0,752,-4.4184,10.9095,-2.2908
informed,16,scaling,1.0,0,753,-0.4137,10.8566,-0.2650
informed,16,scaling,1.0,0,754,-0.0659,17.1516,1.8169
informed,16,scaling,1.0,0,755,-9.0784,19.2247,-4.5150
informed,16,scaling,1.0,0,756,7.1068,37.0025,3.9467
informed,16,scaling,1.0,0,757,-1.9269,11.5573,-1.0401
informed,16,scaling,1.0,0,758,5.1005,39.0899,1.7113
informed,16,scaling,1.0,0,759,1.3151,26.2209,-2.5585
informed,16,scaling,1.0,0,760,-0.3680,15.0698,0.1445
informed,16,scaling,1.0,0,761,1.0921,32.9015,-0.7794
informed,16,scaling,1.0,0,762,-2.3403,12.2270,-2.1378
informed,16,scaling,1.0,0,763,-1.5514,13.9453,-2.4704
informed,16,scaling,1.0,0,764,4.4583,19.1048,1.0025
informed,16,scaling,1.0,0,765,0.1547,26.1630,-1.1238
informed,16,scaling,1.0,0,766,0.6698,19.8900,0.5724
informed,16,scaling,1.0,0,767,-13.0508,20.7336,-7.1814
informed,16,scaling,1.0,0,768,8.1031,29.0342,2.9703
informed,16,scaling,1.0,0,769,-9.6823,-4.2054,-1.9547
informed,16,scaling,1.0,0,770,-6.2605,17.9934,-3.4058
informed,16,scaling,1.0,0,771,-6.3330,21.5036,-1.4349
informed,16,scaling,1.0,0,772,-5.8835,24.3579,-3.0079
informed,16,scaling,1.0,0,773,-1.8762,26.7067,-1.8440
informed,16,scaling,1.0,0,774,7.2797,36.5428,2.8126
informed,16,scaling,1.0,0,775,-4.2553,26.6230,-3.1502
informed,16,scaling,1.0,0,776,-2.3029,11.7619,0.0123
informed,16,scaling,1.0,0,777,9.6012,33.1138,6.6523
informed,16,scaling,1.0,0,778,0.7511,23.7014,-0.5670
informed,16,scaling,1.0,0,779,-3.5517,18.2636,-2.4924
informed,16,scaling,1.0,0,780,-0.8753,46.1530,-1.2793
informed,16,scaling,1.0,0,781,-1.1773,23.7273,-1.2958
informed,16,scaling,1.0,0,782,0.0702,35.0813,-0.1587
informed,16,scaling,1.0,0,783,3.6209,23.3122,0.0269
informed,16,scaling,1.0,0,784,6.3157,31.3956,1.6421
informed,16,scaling,1.0,0,785,2.3953,33.4017,-0.6096
informed,16,scaling,1.0,0,786,6.5434,39.6066,3.0215
informed,16,scaling,1.0,0,787,2.6857,22.2316,-1.0626
informed,16,scaling,1.0,0,788,2.6849,12.2093,-1.8663
informed,16,scaling,1.0,0,789,-2.4788,21.5105,-1.2644
informed,16,scaling,1.0,0,790,3.1215,46.2004,0.3117
informed,16,scaling,1.0,0,791,-0.3681,17.7782,-0.2855
informed,16,scaling,1.0,0,792,-5.3309,5.8071,-2.3519
informed,16,scaling,1.0,0,793,8.1665,39.7095,3.5658
informed,16,scaling,1.0,0,794,13.8341,43.5665,4.7527
informed,16,scaling,1.0,0,795,-0.5758,29.4290,0.5487
informed,16,scaling,1.0,0,796,1.9578,39.6095,0.8202
informed,16,scaling,1.0,0,797,0.9597,10.8047,-1.5814
informed,16,scaling,1.0,0,798,1.1602,42.8592,1.0608
informed,16,scaling,1.0,0,799,1.4967,32.1348,-2.0888
informed,16,scaling,1.0,0,800,-0.4041,36.1366,-0.5201
informed,16,scaling,1.0,0,801,5.3958,30.4923,1.0353
informed,16,scaling,1.0,0,802,3.5053,21.1726,0.2615
informed,16,scaling,1.0,0,803,-2.3759,15.1146,-3.3581
informed,16,scaling,1.0,0,804,6.2026,35.5103,0.7128
informed,16,scaling,1.0,0,805,7.2559,24.2798,3.8382
informed,16,scaling,1.0,0,806,-1.5325,8.5305,-2.5570
informed,16,scaling,1.0,0,807,3.6243,37.7445,-1.0231
informed,16,scaling,1.0,0,808,-5.1298,26.0035,-4.5902
informed,16,scaling,1.0,0,809,-4.6281,35.8005,-0.1816
informed,16,scaling,1.0,0,810,-6.1259,27.3544,-1.2854
informed,16,scaling,1.0,0,811,0.9817,27.9180,2.3033
informed,16,scaling,1.0,0,812,0.5716,23.1104,-0.9825
informed,16,scaling,1.0,0,813,2.4222,18.1056,0.2756
informed,16,scaling,1.0,0,814,0.0555,20.4466,-0.8896
informed,16,scaling,1.0,0,815,1.4276,17.9365,-0.5163
informed,16,scaling,1.0,0,816,3.5672,24.8383,-0.9876
informed,16,scaling,1.0,0,817,0.1448,55.2128,3.5815
informed,16,scaling,1.0,0,818,-0.5919,12.2206,-1.3557
informed,16,scaling,1.0,0,819,-0.2193,19.0870,-2.5785
informed,16,scaling,1.0,0,820,3.2681,22.3282,2.2593
informed,16,scaling,1.0,0,821,-5.5364,13.3576,-2.8770
informed,16,scaling,1.0,0,822,1.7090,18.7408,0.9152
informed,16,scaling,1.0,0,823,-0.8456,25.5438,-2.5292
informed,16,scaling,1.0,0,824,3.6515,27.3887,1.1032
informed,16,scaling,1.0,0,825,6.6560,11.8590,2.1707
informed,16,scaling,1.0,0,826,7.6520,12.8677,4.5901
informed,16,scaling,1.0,0,827,-7.8964,9.1312,-4.4908
informed,16,scaling,1.0,0,828,-6.7983,9.0604,-3.8082
informed,16,scaling,1.0,0,829,3.1908,32.3937,-0.7659
informed,16,scaling,1.0,0,830,-0.4706,20.6582,-0.7757
informed,16,scaling,1.0,0,831,-6.7176,32.0998,-3.3086
informed,16,scaling,1.0,0,832,-1.4820,9.2081,-0.5665
informed,16,scaling,1.0,0,833,-10.3617,23.5104,-4.2885
informed,16,scaling,1.0,0,834,4.2988,22.1866,-0.0392
informed,16,scaling,1.0,0,835,-5.5767,10.0942,-3.3002
informed,16,scaling,1.0,0,836,-1.9282,33.0822,-1.4404
informed,16,scaling,1.0,0,837,-1.6598,34.6793,0.2662
informed,16,scaling,1.0,0,838,1.2441,23.5973,-0.6436
informed,16,scaling,1.0,0,839,3.1007,25.8181,-2.2297
informed,16,scaling,1.0,0,840,-0.8129,26.7384,-1.2573
informed,16,scaling,1.0,0,841,1.7426,15.4606,1.6651
informed,16,scaling,1.0,0,842,-0.0555,22.1737,-0.9430
informed,16,scaling,1.0,0,843,-4.5750,39.7354,0.7281
informed,16,scaling,1.0,0,844,4.5962,14.6780,1.0797
informed,16,scaling,1.0,0,845,-3.5382,18.7584,-1.4760
informed,16,scaling,1.0,0,846,-6.3726,15.9595,-2.1452
informed,16,scaling,1.0,0,847,-11.2380,3.8365,-6.4484
informed,16,scaling,1.0,0,848,7.2057,30.3119,3.1839
informed,16,scaling,1.0,0,849,-4.5670,30.7540,-1.8334
informed,16,scaling,1.0,0,850,5.3729,32.3227,0.9489
informed,16,scaling,1.0,0,851,7.2242,28.0945,2.0771
informed,16,scaling,1.0,0,852,-2.4037,14.9745,-2.2516
informed,16,scaling,1.0,0,853,-1.9618,35.8983,-0.6744
informed,16,scaling,1.0,0,854,-1.1832,26.7611,-0.6571
informed,16,scaling,1.0,0,855,-6.3983,14.6538,-2.8179
informed,16,scaling,1.0,0,856,10.2758,49.7720,5.0371
informed,16,scaling,1.0,0,857,1.2381,19.9486,0.6740
informed,16,scaling,1.0,0,858,-3.5438,11.6632,-2.7648
informed,16,scaling,1.0,0,859,-0.5276,29.7420,-1.6013
informed,16,scaling,1.0,0,860,2.0972,16.3261,-0.4675
informed,16,scaling,1.0,0,861,-8.7947,7.9150,-3.2799
informed,16,scaling,1.0,0,862,-5.0619,9.3114,-2.2490
informed,16,scaling,1.0,0,863,-4.1580,22.5451,-2.2831
informed,16,scaling,1.0,0,864,-0.7227,16.7187,-1.5594
informed,16,scaling,1.0,0,865,-8.3261,7.5115,-4.8248
informed,16,scaling,1.0,0,866,-6.4121,30.3967,-2.6016
informed,16,scaling,1.0,0,867,0.1622,16.5831,-1.8520
informed,16,scaling,1.0,0,868,-6.8620,15.3989,-3.3754
informed,16,scaling,1.0,0,869,-1.6751,39.0180,0.5601
informed,16,scaling,1.0,0,870,2.3391,10.6490,-0.6842
informed,16,scaling,1.0,0,871,1.7662,31.7912,-0.8044
informed,16,scaling,1.0,0,872,-1.9502,15.7450,-1.0364
informed,16,scaling,1.0,0,873,3.4014,15.2160,-0.0482
informed,16,scaling,1.0,0,874,-2.7305,48.1403,0.3317
informed,16,scaling,1.0,0,875,-1.9657,10.5627,-3.6477
informed,16,scaling,1.0,0,876,6.9525,36.1514,0.7235
informed,16,scaling,1.0,0,877,-11.6731,10.5028,-5.9276
informed,16,scaling,1.0,0,878,0.0045,9.4821,-0.2951
informed,16,scaling,1.0,0,879,4.3357,28.8247,1.9139
informed,16,scaling,1.0,0,880,-1.8778,10.0387,-0.3505
informed,16,scaling,1.0,0,881,-6.2068,14.3295,-4.6369
informed,16,scaling,1.0,0,882,-1.1748,21.2582,-1.6389
informed,16,scaling,1.0,0,883,-1.4825,22.5421,-2.7435
informed,16,scaling,1.0,0,884,3.7794,35.4919,0.1856
informed,16,scaling,1.0,0,885,-2.5285,21.9458,-1.0135
informed,16,scaling,1.0,0,886,3.8099,24.4252,0.7581
informed,16,scaling,1.0,0,887,3.1481,22.6999,-0.4850
informed,16,scaling,1.0,0,888,-3.8904,12.7819,-1.2371
informed,16,scaling,1.0,0,889,-8.1723,42.4928,-4.0954
informed,16,scaling,1.0,0,890,3.2071,39.1950,0.6780
informed,16,scaling,1.0,0,891,-1.7095,18.5233,-0.3186
informed,16,scaling,1.0,0,892,0.9232,38.2636,-0.5586
informed,16,scaling,1.0,0,893,7.7917,28.5280,0.4250
informed,16,scaling,1.0,0,894,2.1800,32.1051,0.1145
informed,16,scaling,1.0,0,895,-1.8638,25.2942,-2.1703
informed,16,scaling,1.0,0,896,-2.0141,25.8227,-1.0911
informed,16,scaling,1.0,0,897,-4.9341,16.3796,-2.0528
informed,16,scaling,1.0,0,898,-3.7687,30.5172,-0.3966
informed,16,scaling,1.0,0,899,-6.8933,1.9566,-2.9008
informed,16,scaling,1.0,0,900,8.2280,19.2686,3.9968
informed,16,scaling,1.0,0,901,-4.2470,19.8752,-3.5782
informed,16,scaling,1.0,0,902,3.2557,19.5340,-0.5891
informed,16,scaling,1.0,0,903,-3.8083,16.9807,-1.6984
informed,16,scaling,1.0,0,904,4.4508,39.1985,4.7311
informed,16,scaling,1.0,0,905,1.2642,24.4605,0.0600
informed,16,scaling,1.0,0,906,3.0851,24.9209,0.3566
informed,16,scaling,1.0,0,907,-8.6756,15.7256,-4.5904
informed,16,scaling,1.0,0,908,-7.5907,24.3187,-3.8842
informed,16,scaling,1.0,0,909,7.3104,14.8311,2.0910
informed,16,scaling,1.0,0,910,-3.9247,32.6682,-2.3641
informed,16,scaling,1.0,0,911,-0.5165,17.7254,-1.2365
informed,16,scaling,1.0,0,912,-3.2258,9.0817,-2.0409
informed,16,scaling,1.0,0,913,5.0260,17.2811,0.3439
informed,16,scaling,1.0,0,914,7.9432,20.7413,2.9900
informed,16,scaling,1.0,0,915,-4.3986,33.5296,-2.5550
informed,16,scaling,1.0,0,916,3.0137,14.9527,1.7346
informed,16,scaling,1.0,0,917,2.6387,25.7539,0.0809
informed,16,scaling,1.0,0,918,-5.0500,9.8260,-2.7655
informed,16,scaling,1.0,0,919,-2.1183,21.8437,0.3979
informed,16,scaling,1.0,0,920,-4.9772,15.8035,-1.7855
informed,16,scaling,1.0,0,921,4.5880,32.6248,1.1449
informed,16,scaling,1.0,0,922,0.1623,29.3819,-0.6140
informed,16,scaling,1.0,0,923,0.0677,18.4470,-0.2878
informed,16,scaling,1.0,0,924,-0.9296,20.0203,-1.8091
informed,16,scaling,1.0,0,925,-6.8944,18.8554,-2.6936
informed,16,scaling,1.0,0,926,-2.9848,19.2395,-2.5158
informed,16,scaling,1.0,0,927,0.5262,24.5702,0.7206
informed,16,scaling,1.0,0,928,-4.6217,11.3149,-2.4290
informed,16,scaling,1.0,0,929,-9.6390,12.1985,-5.0643
informed,16,scaling,1.0,0,930,3.9706,19.7066,0.6323
informed,16,scaling,1.0,0,931,3.5085,9.7459,1.0974
informed,16,scaling,1.0,0,932,-0.1066,16.4429,-0.0700
informed,16,scaling,1.0,0,933,1.4014,21.1036,-0.4265
informed,16,scaling,1.0,0,934,2.8053,26.2561,-0.2512
informed,16,scaling,1.0,0,935,-5.2184,17.1144,-3.5869
informed,16,scaling,1.0,0,936,2.3855,20.2750,-1.8484
informed,16,scaling,1.0,0,937,-6.6488,39.4466,-3.4431
informed,16,scaling,1.0,0,938,-9.4967,19.3501,-2.0153
informed,16,scaling,1.0,0,939,0.2471,34.5650,-0.4084
informed,16,scaling,1.0,0,940,5.1960,29.7328,2.5021
informed,16,scaling,1.0,0,941,-5.1282,23.4348,-3.3802
informed,16,scaling,1.0,0,942,-0.5976,36.5229,2.5341
informed,16,scaling,1.0,0,943,-3.0731,22.9502,0.2707
informed,16,scaling,1.0,0,944,10.1827,32.9438,0.5209
informed,16,scaling,1.0,0,945,0.2022,13.8502,-0.2766
informed,16,scaling,1.0,0,946,5.4724,26.8220,0.0560
informed,16,scaling,1.0,0,947,-1.1628,21.9701,-1.3238
informed,16,scaling,1.0,0,948,2.2301,4.5261,-0.3720
informed,16,scaling,1.0,0,949,2.9725,21.4638,0.9287
informed,16,scaling,1.0,0,950,-2.2180,14.2216,-3.0485
informed,16,scaling,1.0,0,951,-6.7337,42.8798,-2.3042
informed,16,scaling,1.0,0,952,-6.6344,17.8716,-2.5888
informed,16,scaling,1.0,0,953,4.9845,21.9671,2.2734
informed,16,scaling,1.0,0,954,-2.2076,33.5286,-2.0264
informed,16,scaling,1.0,0,955,-1.2611,17.6044,0.3366
informed,16,scaling,1.0,0,956,0.0942,19.7807,-1.5488
informed,16,scaling,1.0,0,957,0.2564,10.0509,-0.6695
informed,16,scaling,1.0,0,958,9.7788,29.3493,2.7193
informed,16,scaling,1.0,0,959,-5.3066,0.8571,-3.8495
informed,16,scaling,1.0,0,960,-4.2065,43.5831,1.1308
informed,16,scaling,1.0,0,961,-1.1772,12.3709,-2.2471
informed,16,scaling,1.0,0,962,2.9366,47.0450,0.2202
informed,16,scaling,1.0,0,963,6.0117,28.2901,1.7613
informed,16,scaling,1.0,0,964,-1.4108,11.9306,-0.7314
informed,16,scaling,1.0,0,965,6.1212,11.5349,2.3266
informed,16,scaling,1.0,0,966,7.0609,25.9243,1.2370
informed,16,scaling,1.0,0,967,0.9113,24.3322,0.3188
informed,16,scaling,1.0,0,968,0.8183,8.1014,-1.3654
informed,16,scaling,1.0,0,969,2.5271,21.6238,0.1472
informed,16,scaling,1.0,0,970,-6.7746,19.1170,-3.4807
informed,16,scaling,1.0,0,971,-0.5951,62.5301,-1.1861
informed,16,scaling,1.0,0,972,-0.9758,20.4711,-0.3867
informed,16,scaling,1.0,0,973,0.0317,31.7947,-0.1459
informed,16,scaling,1.0,0,974,2.8177,8.3622,0.3678
informed,16,scaling,1.0,0,975,-2.0266,32.0903,-3.0943
informed,16,scaling,1.0,0,976,10.0767,32.5609,2.9525
informed,16,scaling,1.0,0,977,-4.8955,16.3810,-2.8729
informed,16,scaling,1.0,0,978,3.5117,23.6535,-1.1426
informed,16,scaling,1.0,0,979,-0.9983,27.2620,0.8084
informed,16,scaling,1.0,0,980,-3.2771,19.8114,-1.2286
informed,16,scaling,1.0,0,981,2.1465,10.3788,-1.3247
informed,16,scaling,1.0,0,982,1.7668,10.4593,0.1074
informed,16,scaling,1.0,0,983,-3.1880,28.0135,-1.7666
informed,16,scaling,1.0,0,984,-1.7226,53.8935,-0.7168
informed,16,scaling,1.0,0,985,-6.1529,18.8010,-4.2268
informed,16,scaling,1.0,0,986,10.5223,22.5348,3.8765
informed,16,scaling,1.0,0,987,-7.1458,16.8489,-2.4309
informed,16,scaling,1.0,0,988,-0.4682,27.9977,-0.7242
informed,16,scaling,1.0,0,989,-1.7589,19.4116,0.4614
informed,16,scaling,1.0,0,990,0.8755,33.1557,1.6827
informed,16,scaling,1.0,0,991,-5.3826,13.2869,-2.0965
informed,16,scaling,1.0,0,992,0.2955,13.2570,0.3551
informed,16,scaling,1.0,0,993,-5.1490,11.5719,-3.2649
informed,16,scaling,1.0,0,994,-4.1351,30.8330,-2.1874
informed,16,scaling,1.0,0,995,0.8219,23.0254,-0.1718
informed,16,scaling,1.0,0,996,2.6390,38.7114,-3.2675
informed,16,scaling,1.0,0,997,5.0456,17.4138,1.1259
informed,16,scaling,1.0,0,998,4.4107,27.1954,-3.3927
informed,16,scaling,1.0,0,999,-2.6504,16.3925,-2.0257
informed,16,scaling,1.0,0,1000,-0.4021,23.6170,-0.6637
random,16,scaling,1.0,0,1,-3.4189,-3.8682,-0.8965
random,16,scaling,1.0,0,2,7.2480,6.5668,4.9291
random,16,scaling,1.0,0,3,-11.0929,-8.0577,-1.9601
random,16,scaling,1.0,0,4,-2.4653,-2.1679,0.8973
random,16,scaling,1.0,0,5,-7.0090,-7.8700,-2.7306
random,16,scaling,1.0,0,6,0.9325,-0.6025,0.2017
random,16,scaling,1.0,0,7,5.9330,4.3238,3.6442
random,16,scaling,1.0,0,8,-5.5994,-7.4953,-1.2719
random,16,scaling,1.0,0,9,-2.1147,-1.8189,0.1646
random,16,scaling,1.0,0,10,0.3289,-2.0913,0.4355
random,16,scaling,1.0,0,11,-2.2664,-3.5192,-1.1564
random,16,scaling,1.0,0,12,7.7577,5.0808,3.9088
random,16,scaling,1.0,0,13,0.5602,4.9678,3.4128
random,16,scaling,1.0,0,14,-10.2694,-6.3967,-2.9479
random,16,scaling,1.0,0,15,-1.9931,-4.5668,-1.2389
random,16,scaling,1.0,0,16,2.3550,4.8762,2.4142
random,16,scaling,1.0,0,17,-4.3000,-6.2826,-3.0065
random,16,scaling,1.0,0,18,-2.4040,-4.1236,-1.6990
random,16,scaling,1.0,0,19,-4.3348,-5.9330,-1.3896
random,16,scaling,1.0,0,20,-5.5847,-3.3479,-0.8213
random,16,scaling,1.0,0,21,0.6016,-2.5074,-0.2210
random,16,scaling,1.0,0,22,-7.0639,-10.7555,-3.3978
random,16,scaling,1.0,0,23,-7.4554,-2.8329,-0.0558
random,16,scaling,1.0,0,24,-4.2891,-3.5686,-0.5172
random,16,scaling,1.0,0,25,-2.2721,-2.7637,-0.2317
random,16,scaling,1.0,0,26,5.3650,-1.0516,0.6429
random,16,scaling,1.0,0,27,-2.6656,-3.2161,-0.4776
random,16,scaling,1.0,0,28,3.9336,2.8025,3.9671
random,16,scaling,1.0,0,29,-0.1394,-4.3580,-1.7556
random,16,scaling,1.0,0,30,1.7870,2.2902,2.7966
random,16,scaling,1.0,0,31,-6.3995,-0.1661,-1.1904
random,16,scaling,1.0,0,32,-10.3627,-8.5085,-3.2557
random,16,scaling,1.0,0,33,5.2630,9.4869,5.7338
random,16,scaling,1.0,0,34,-2.5340,-4.8776,-1.6158
random,16,scaling,1.0,0,35,1.6604,-2.0465,-0.8730
random,16,scaling,1.0,0,36,-3.5126,-4.8053,-1.5503
random,16,scaling,1.0,0,37,0.9376,3.4558,3.0129
random,16,scaling,1.0,0,38,5.9318,3.2586,3.1826
random,16,scaling,1.0,0,39,3.9811,3.8519,3.5726
random,16,scaling,1.0,0,40,-8.9486,-6.6037,-2.1315
random,16,scaling,1.0,0,41,1.7258,-0.2111,1.4015
random,16,scaling,1.0,0,42,-10.7655,-3.5495,-0.2248
random,16,scaling,1.0,0,43,2.7978,5.7546,3.0960
random,16,scaling,1.0,0,44,3.9400,1.5123,1.4731
random,16,scaling,1.0,0,45,-2.1177,-3.8228,-1.3756
random,16,scaling,1.0,0,46,-3.2946,-5.7110,-2.4275
random,16,scaling,1.0,0,47,-3.2763,-4.8565,-1.5588
random,16,scaling,1.0,0,48,2.3201,-1.0966,1.3091
random,16,scaling,1.0,0,49,3.7232,1.5897,2.2195
random,16,scaling,1.0,0,50,-4.7410,-2.8780,-0.8484
random,16,scaling,1.0,0,51,2.4205,-1.2564,0.3934
random,16,scaling,1.0,0,52,2.7818,2.8028,3.1121
random,16,scaling,1.0,0,53,-0.3068,-1.9407,-0.4118
random,16,scaling,1.0,0,54,-2.6812,-4.5385,-1.6107
random,16,scaling,1.0,0,55,1.3758,-0.2199,0.9958
random,16,scaling,1.0,0,56,1.3654,5.1731,3.0204
random,16,scaling,1.0,0,57,6.0104,4.5538,2.4892
random,16,scaling,1.0,0,58,-3.4737,-4.2651,-0.1205
random,16,scaling,1.0,0,59,4.4416,-1.1620,-0.3134
random,16,scaling,1.0,0,60,-1.3502,1.0240,1.8093
random,16,scaling,1.0,0,61,3.6899,2.2695,2.6164
random,16,scaling,1.0,0,62,-1.7805,-3.3383,-0.2573
random,16,scaling,1.0,0,63,1.6621,-0.9842,0.1347
random,16,scaling,1.0,0,64,-5.0523,-3.6436,-1.5031
random,16,scaling,1.0,0,65,1.8577,2.7027,2.9161
random,16,scaling,1.0,0,66,0.0073,-3.7370,-1.8906
random,16,scaling,1.0,0,67,-7.6796,-6.5651,-2.6656
random,16,scaling,1.0,0,68,-5.5857,-6.2036,-2.4270
random,16,scaling,1.0,0,69,-0.2687,2.3199,2.3195
random,16,scaling,1.0,0,70,6.6040,2.8189,3.3392
random,16,scaling,1.0,0,71,3.5072,3.5574,3.8061
random,16,scaling,1.0,0,72,-3.9250,2.4130,0.9870
random,16,scaling,1.0,0,73,-9.1186,-7.0184,-1.1913
random,16,scaling,1.0,0,74,-8.2772,-6.5419,-2.8781
random,16,scaling,1.0,0,75,3.7317,-0.8091,0.4794
random,16,scaling,1.0,0,76,-4.4880,-6.9497,-1.5819
random,16,scaling,1.0,0,77,1.1184,2.5492,3.1135
random,16,scaling,1.0,0,78,1.8078,-1.8169,1.3343
random,16,scaling,1.0,0,79,-11.0423,-8.9980,-2.6189
random,16,scaling,1.0,0,80,-3.9731,-5.3381,-1.9960
random,16,scaling,1.0,0,81,-2.0951,-5.0083,-0.6390
random,16,scaling,1.0,0,82,1.1612,5.1152,4.0557
random,16,scaling,1.0,0,83,0.3840,-0.0120,1.4576
random,16,scaling,1.0,0,84,4.3133,1.8005,1.6838
random,16,scaling,1.0,0,85,3.7832,0.2771,0.7995
random,16,scaling,1.0,0,86,-0.3143,0.2258,1.8501
random,16,scaling,1.0,0,87,-7.4976,-7.0359,-2.8829
random,16,scaling,1.0,0,88,-6.1476,-5.6328,-0.8741
random,16,scaling,1.0,0,89,4.8684,4.0489,2.0516
random,16,scaling,1.0,0,90,-0.1848,-3.1356,0.7482
random,16,scaling,1.0,0,91,2.3367,-0.0365,1.8036
random,16,scaling,1.0,0,92,-4.5915,-4.6877,-1.7216
random,16,scaling,1.0,0,93,0.0236,1.5231,2.3854
random,16,scaling,1.0,0,94,-7.1275,-6.2856,-1.6544
random,16,scaling,1.0,0,95,2.0783,-1.4018,-0.5391
random,16,scaling,1.0,0,96,-0.2082,-3.5964,-2.1022
random,16,scaling,1.0,0,97,-12.8002,-8.7805,-4.2141
random,16,scaling,1.0,0,98,-10.1542,-8.2091,-3.2672
random,16,scaling,1.0,0,99,3.1401,0.7979,3.8719
random,16,scaling,1.0,0,100,3.7519,0.5157,1.0684
random,16,scaling,1.0,0,101,-0.0836,0.5146,1.2587
random,16,scaling,1.0,0,102,0.0539,0.9297,0.8853
random,16,scaling,1.0,0,103,-7.0074,-3.3262,-0.2599
random,16,scaling,1.0,0,104,-2.9615,-3.0971,-1.0008
random,16,scaling,1.0,0,105,4.9110,0.9091,1.6280
random,16,scaling,1.0,0,106,-5.7423,-2.3508,0.4866
random,16,scaling,1.0,0,107,-2.6460,-4.7901,-2.0321
random,16,scaling,1.0,0,108,-0.4247,1.3013,2.2055
random,16,scaling,1.0,0,109,-0.4703,-1.8383,-1.1324
random,16,scaling,1.0,0,110,1.7586,4.3706,3.2727
random,16,scaling,1.0,0,111,-5.7936,-2.8513,0.2020
random,16,scaling,1.0,0,112,-3.2421,-3.5945,-0.8489
random,16,scaling,1.0,0,113,-4.8103,-8.4402,-3.6427
random,16,scaling,1.0,0,114,-5.7220,-4.1656,0.3172
random,16,scaling,1.0,0,115,-2.3774,2.6873,1.5003
random,16,scaling,1.0,0,116,-1.8022,-3.0693,-1.9643
random,16,scaling,1.0,0,117,-0.5517,-3.2679,0.0853
random,16,scaling,1.0,0,118,2.3722,-1.7608,0.4761
random,16,scaling,1.0,0,119,-3.5561,-3.6736,0.2009
random,16,scaling,1.0,0,120,-2.9174,-5.5515,-1.1511
random,16,scaling,1.0,0,121,6.7759,2.9978,1.9894
random,16,scaling,1.0,0,122,-5.6724,-1.4339,-0.0908
random,16,scaling,1.0,0,123,1.8809,5.0132,3.5787
random,16,scaling,1.0,0,124,1.2453,1.2455,1.8597
random,16,scaling,1.0,0,125,-0.6697,-2.9631,0.1713
random,16,scaling,1.0,0,126,7.1819,3.6006,2.1783
random,16,scaling,1.0,0,127,8.2971,3.4672,2.1219
random,16,scaling,1.0,0,128,-3.5296,-4.5226,0.0853
random,16,scaling,1.0,0,129,0.3853,0.4093,2.5411
random,16,scaling,1.0,0,130,4.8463,1.5847,2.4802
random,16,scaling,1.0,0,131,0.2526,0.0037,1.5317
random,16,scaling,1.0,0,132,1.6047,1.7439,1.5387
random,16,scaling,1.0,0,133,1.7837,2.2169,2.2988
random,16,scaling,1.0,0,134,9.6466,6.3196,5.3492
random,16,scaling,1.0,0,135,1.6438,-0.0859,1.5142
random,16,scaling,1.0,0,136,2.8335,1.8863,2.8934
random,16,scaling,1.0,0,137,-0.9279,-2.6032,-1.0521
random,16,scaling,1.0,0,138,1.2134,-2.3275,1.2528
random,16,scaling,1.0,0,139,5.2014,4.5490,1.2035
random,16,scaling,1.0,0,140,-5.5112,-7.4692,-2.5142
random,16,scaling,1.0,0,141,1.1417,2.2961,2.1059
random,16,scaling,1.0,0,142,-6.8400,-6.8653,-2.7757
random,16,scaling,1.0,0,143,-2.2038,-3.9182,-0.8820
random,16,scaling,1.0,0,144,-2.8399,-6.1119,-1.7024
random,16,scaling,1.0,0,145,-4.6157,-4.6969,-1.8988
random,16,scaling,1.0,0,146,4.7724,0.5928,2.1324
random,16,scaling,1.0,0,147,1.1795,0.6259,1.5489
random,16,scaling,1.0,0,148,-5.0952,-1.2479,-0.9694
random,16,scaling,1.0,0,149,-0.1070,0.5525,1.7818
random,16,scaling,1.0,0,150,-4.8795,-6.4976,-2.3949
random,16,scaling,1.0,0,151,-4.1355,-4.3867,-0.9304
random,16,scaling,1.0,0,152,-6.5028,-4.0464,-1.1574
random,16,scaling,1.0,0,153,3.0782,-0.8953,0.1645
random,16,scaling,1.0,0,154,-9.6480,-4.5729,0.0033
random,16,scaling,1.0,0,155,1.0281,0.8574,0.3701
random,16,scaling,1.0,0,156,-4.9086,-8.1958,-2.9351
random,16,scaling,1.0,0,157,0.3133,-3.4176,-1.2432
random,16,scaling,1.0,0,158,0.5397,-4.0294,-0.5213
random,16,scaling,1.0,0,159,-19.0278,-14.4567,-5.6307
random,16,scaling,1.0,0,160,-8.2014,-6.6202,-1.4816
random,16,scaling,1.0,0,161,0.8245,1.7684,3.0863
random,16,scaling,1.0,0,162,4.4032,2.7475,1.6416
random,16,scaling,1.0,0,163,-3.3724,-5.3489,-1.3875
random,16,scaling,1.0,0,164,-3.1611,0.8679,2.1315
random,16,scaling,1.0,0,165,-5.5309,-6.2036,-2.8041
random,16,scaling,1.0,0,166,3.7076,2.7052,2.6803
random,16,scaling,1.0,0,167,1.2870,-2.0528,0.3258
random,16,scaling,1.0,0,168,4.0946,-1.8592,1.4366
random,16,scaling,1.0,0,169,1.9594,1.0705,0.6032
random,16,scaling,1.0,0,170,1.9834,-1.7981,0.7489
random,16,scaling,1.0,0,171,-2.0353,-4.3937,-2.1945
random,16,scaling,1.0,0,172,1.6642,2.4058,3.4100
random,16,scaling,1.0,0,173,3.7098,3.4038,1.2728
random,16,scaling,1.0,0,174,-3.8507,-4.3017,-0.9892
random,16,scaling,1.0,0,175,-2.3465,-1.6064,0.9698
random,16,scaling,1.0,0,176,-1.3527,-5.0228,-2.0946
random,16,scaling,1.0,0,177,0.5095,0.2504,-0.3903
random,16,scaling,1.0,0,178,-0.8251,-3.0014,0.2128
random,16,scaling,1.0,0,179,0.0314,-2.3870,0.0108
random,16,scaling,1.0,0,180,1.0049,-0.4958,0.9422
random,16,scaling,1.0,0,181,-3.4528,-3.9886,1.8203
random,16,scaling,1.0,0,182,2.0326,1.0838,2.7305
random,16,scaling,1.0,0,183,7.7564,6.0330,4.5749
random,16,scaling,1.0,0,184,3.4176,1.0982,0.8445
random,16,scaling,1.0,0,185,-1.2109,-0.5057,0.2147
random,16,scaling,1.0,0,186,-4.2234,-6.0072,-1.1835
random,16,scaling,1.0,0,187,0.4234,-2.3672,-0.5611
random,16,scaling,1.0,0,188,-1.0192,-0.8337,-0.6977
random,16,scaling,1.0,0,189,-0.3452,1.7699,2.1481
random,16,scaling,1.0,0,190,1.0343,2.2921,1.2214
random,16,scaling,1.0,0,191,2.7112,4.0520,2.2871
random,16,scaling,1.0,0,192,-0.2020,-4.6610,-1.2148
random,16,scaling,1.0,0,193,0.6259,0.9503,0.9727
random,16,scaling,1.0,0,194,-5.9659,-3.8384,-0.8722
random,16,scaling,1.0,0,195,6.3238,3.8468,2.7424
random,16,scaling,1.0,0,196,9.0649,9.5480,5.8846
random,16,scaling,1.0,0,197,-3.3265,-5.2719,-2.3670
random,16,scaling,1.0,0,198,4.5437,1.3685,2.1324
random,16,scaling,1.0,0,199,-5.2154,-6.0876,-1.8074
random,16,scaling,1.0,0,200,-2.1622,-3.4684,-0.5839
random,16,scaling,1.0,0,201,-0.8761,-0.4097,0.3012
random,16,scaling,1.0,0,202,4.2269,3.3160,1.9777
random,16,scaling,1.0,0,203,3.9481,0.4152,1.0669
random,16,scaling,1.0,0,204,-1.6097,-3.9235,-1.1596
random,16,scaling,1.0,0,205,-7.2110,-6.1591,-1.6520
random,16,scaling,1.0,0,206,-1.9111,-1.4708,-0.6129
random,16,scaling,1.0,0,207,9.6321,6.5226,4.7459
random,16,scaling,1.0,0,208,-6.6003,-6.5689,-2.6118
random,16,scaling,1.0,0,209,-18.3103,-15.8003,-5.8450
random,16,scaling,1.0,0,210,-15.0836,-11.1130,-4.8754
random,16,scaling,1.0,0,211,6.6281,0.3382,0.5930
random,16,scaling,1.0,0,212,4.6368,2.6626,2.4888
random,16,scaling,1.0,0,213,-1.2916,-1.8754,-0.3738
random,16,scaling,1.0,0,214,-3.3614,-0.6941,0.4810
random,16,scaling,1.0,0,215,-2.3846,-2.0765,0.3219
random,16,scaling,1.0,0,216,-2.0891,0.0168,0.9248
random,16,scaling,1.0,0,217,1.7312,-0.6607,0.9109
random,16,scaling,1.0,0,218,-3.4392,-3.6583,-0.5521
random,16,scaling,1.0,0,219,2.1061,-1.4279,0.2431
random,16,scaling,1.0,0,220,-3.8434,-5.4719,-1.9431
random,16,scaling,1.0,0,221,-5.4664,-1.4910,0.7805
random,16,scaling,1.0,0,222,4.5748,-1.0879,1.5022
random,16,scaling,1.0,0,223,-3.8037,-5.2559,-2.1473
random,16,scaling,1.0,0,224,5.4190,4.7556,2.9942
random,16,scaling,1.0,0,225,3.2388,-1.3645,1.1187
random,16,scaling,1.0,0,226,-4.6618,-5.6295,-1.0899
random,16,scaling,1.0,0,227,2.8053,-0.4240,0.2415
random,16,scaling,1.0,0,228,3.2438,2.6056,3.6846
random,16,scaling,1.0,0,229,-0.9063,-1.4738,0.6028
random,16,scaling,1.0,0,230,-2.5925,-3.9176,-0.2535
random,16,scaling,1.0,0,231,3.1035,-0.5241,1.4099
random,16,scaling,1.0,0,232,-2.7905,-5.8267,-2.5833
random,16,scaling,1.0,0,233,1.9830,-2.9013,-0.5126
random,16,scaling,1.0,0,234,-7.3256,-7.0715,-2.8677
random,16,scaling,1.0,0,235,-2.5629,0.0471,1.5272
random,16,scaling,1.0,0,236,-11.3049,-8.0932,-3.0909
random,16,scaling,1.0,0,237,3.8982,1.0751,2.2766
random,16,scaling,1.0,0,238,2.3810,-0.7390,0.9696
random,16,scaling,1.0,0,239,-3.3527,-0.0466,0.4074
random,16,scaling,1.0,0,240,-0.1592,-4.0894,-0.4949
random,16,scaling,1.0,0,241,-3.2240,-4.7539,-2.1749
random,16,scaling,1.0,0,242,5.5951,1.0168,0.6142
random,16,scaling,1.0,0,243,3.4131,0.7117,1.8782
random,16,scaling,1.0,0,244,2.6676,2.4412,3.2272
random,16,scaling,1.0,0,245,-2.4321,-1.2765,-1.3374
random,16,scaling,1.0,0,246,4.3606,1.9819,3.1120
random,16,scaling,1.0,0,247,-1.2826,-1.6117,1.2044
random,16,scaling,1.0,0,248,-7.7418,-6.4342,-3.2101
random,16,scaling,1.0,0,249,2.3903,-0.4197,0.6900
random,16,scaling,1.0,0,250,7.1221,2.2889,2.6032
random,16,scaling,1.0,0,251,2.4103,1.2078,2.5189
random,16,scaling,1.0,0,252,-7.4637,-6.1772,-1.3852
random,16,scaling,1.0,0,253,-1.6132,-3.1346,-0.1382
random,16,scaling,1.0,0,254,-7.7164,-7.8640,-2.7804
random,16,scaling,1.0,0,255,2.7958,-0.3589,-0.5478
random,16,scaling,1.0,0,256,4.6247,4.2652,2.8850
random,16,scaling,1.0,0,257,-4.8384,-6.3453,-1.7278
random,16,scaling,1.0,0,258,-2.7667,-3.6115,0.4417
random,16,scaling,1.0,0,259,-11.0579,-7.5821,-2.8178
random,16,scaling,1.0,0,260,0.2172,0.2181,1.5640
random,16,scaling,1.0,0,261,1.4767,-2.3993,0.0131
random,16,scaling,1.0,0,262,-5.0638,-6.0118,-2.0315
random,16,scaling,1.0,0,263,-8.4298,-8.0301,-3.3493
random,16,scaling,1.0,0,264,2.2603,-1.8112,-0.0373
random,16,scaling,1.0,0,265,-12.0298,-9.5519,-4.6882
random,16,scaling,1.0,0,266,-5.6203,-5.9087,-2.0572
random,16,scaling,1.0,0,267,-0.2222,1.6938,1.5559
random,16,scaling,1.0,0,268,-5.8681,-8.4646,-3.1815
random,16,scaling,1.0,0,269,-2.1511,-4.9769,-1.9075
random,16,scaling,1.0,0,270,0.6118,-1.2766,-0.1073
random,16,scaling,1.0,0,271,-6.1742,-2.6329,-1.7161
random,16,scaling,1.0,0,272,5.3289,4.2669,3.2181
random,16,scaling,1.0,0,273,2.8112,4.7026,3.9419
random,16,scaling,1.0,0,274,-5.5758,-4.7032,-1.5344
random,16,scaling,1.0,0,275,-0.9749,-1.6551,-0.5432
random,16,scaling,1.0,0,276,-1.3123,1.2446,3.5964
random,16,scaling,1.0,0,277,5.7339,4.8484,3.1556
random,16,scaling,1.0,0,278,-2.8545,-0.1557,0.7303
random,16,scaling,1.0,0,279,-0.8649,-4.1830,-1.1210
random,16,scaling,1.0,0,280,-4.4727,-0.5891,-0.8279
random,16,scaling,1.0,0,281,3.5932,-0.9869,1.2332
random,16,scaling,1.0,0,282,-3.5272,-5.8876,-2.3793
random,16,scaling,1.0,0,283,-2.3068,-6.2688,-2.0598
random,16,scaling,1.0,0,284,-15.3120,-7.2058,-1.5720
random,16,scaling,1.0,0,285,-2.6537,-6.0986,-1.8545
random,16,scaling,1.0,0,286,-4.4749,-3.8100,-1.5150
random,16,scaling,1.0,0,287,0.7001,-0.6330,-0.5694
random,16,scaling,1.0,0,288,2.0609,-0.1396,1.3034
random,16,scaling,1.0,0,289,-1.0119,-1.1268,1.4606
random,16,scaling,1.0,0,290,-1.4206,-3.5689,0.2101
random,16,scaling,1.0,0,291,-5.9164,-7.5016,-3.2790
random,16,scaling,1.0,0,292,-7.5922,-7.3328,-3.7140
random,16,scaling,1.0,0,293,-13.3568,-10.6329,-4.3914
random,16,scaling,1.0,0,294,4.2530,1.5057,0.3200
random,16,scaling,1.0,0,295,-0.1467,-3.0557,-0.6983
random,16,scaling,1.0,0,296,0.9270,-0.9139,1.8337
random,16,scaling,1.0,0,297,6.4671,6.6230,3.6739
random,16,scaling,1.0,0,298,1.9598,3.6486,3.0589
random,16,scaling,1.0,0,299,-0.5414,-2.8191,0.1857
random,16,scaling,1.0,0,300,-4.6025,-4.0889,-0.6555
random,16,scaling,1.0,0,301,-4.8025,-6.1053,-1.1342
random,16,scaling,1.0,0,302,-3.0447,-0.6805,1.9063
random,16,scaling,1.0,0,303,3.0351,0.5932,2.0322
random,16,scaling,1.0,0,304,8.1330,5.4689,4.2509
random,16,scaling,1.0,0,305,2.2231,-0.0508,-0.6123
random,16,scaling,1.0,0,306,-7.7549,-8.2508,-3.9036
random,16,scaling,1.0,0,307,-1.2017,-6.0590,-2.1054
random,16,scaling,1.0,0,308,4.7054,-1.1223,1.0945
random,16,scaling,1.0,0,309,-3.2287,-0.3698,1.2895
random,16,scaling,1.0,0,310,1.6731,-0.4214,0.8673
random,16,scaling,1.0,0,311,-4.8158,-3.9671,-1.4992
random,16,scaling,1.0,0,312,-5.3226,-1.6140,0.7158
random,16,scaling,1.0,0,313,-2.5183,-4.5673,-0.7729
random,16,scaling,1.0,0,314,-7.1483,-0.1538,0.6937
random,16,scaling,1.0,0,315,3.4712,1.4403,1.2623
random,16,scaling,1.0,0,316,-2.5217,-2.5636,-0.7815
random,16,scaling,1.0,0,317,-4.6642,-8.0225,-2.9163
random,16,scaling,1.0,0,318,4.4505,6.6100,6.6777
random,16,scaling,1.0,0,319,-10.1267,-6.0011,-1.2790
random,16,scaling,1.0,0,320,5.5530,-0.8368,0.4633
random,16,scaling,1.0,0,321,1.7173,-0.6608,1.9030
random,16,scaling,1.0,0,322,6.0074,2.2231,1.7112
random,16,scaling,1.0,0,323,2.3781,0.1842,0.1503
random,16,scaling,1.0,0,324,5.2666,2.1371,1.6922
random,16,scaling,1.0,0,325,-2.6526,-4.3190,-0.4966
random,16,scaling,1.0,0,326,-4.1369,-0.7163,0.5629
random,16,scaling,1.0,0,327,4.0041,-0.2152,2.4683
random,16,scaling,1.0,0,328,3.6607,-0.7656,0.2584
random,16,scaling,1.0,0,329,-1.3640,-3.1791,-0.1453
random,16,scaling,1.0,0,330,-6.6782,-6.2775,-2.7582
random,16,scaling,1.0,0,331,6.1655,10.0082,5.1410
random,16,scaling,1.0,0,332,-0.0855,2.7919,1.0807
random,16,scaling,1.0,0,333,-9.0139,-7.4422,-2.8694
random,16,scaling,1.0,0,334,0.2604,1.7701,2.1635
random,16,scaling,1.0,0,335,4.7148,6.4182,3.9770
random,16,scaling,1.0,0,336,-3.5256,-2.5477,-0.3073
random,16,scaling,1.0,0,337,-3.7365,-7.1606,-3.6002
random,16,scaling,1.0,0,338,-7.1282,-6.6644,-2.9996
random,16,scaling,1.0,0,339,4.6084,1.8098,3.0916
random,16,scaling,1.0,0,340,-0.8228,-3.6130,0.7706
random,16,scaling,1.0,0,341,6.7999,0.4277,1.4406
random,16,scaling,1.0,0,342,-1.7137,-3.3443,-0.8612
random,16,scaling,1.0,0,343,-3.9206,-5.5412,-0.7984
random,16,scaling,1.0,0,344,-0.2845,0.2409,1.2606
random,16,scaling,1.0,0,345,2.5356,0.2577,1.4294
random,16,scaling,1.0,0,346,6.0887,5.6482,3.7271
random,16,scaling,1.0,0,347,-12.2679,-10.8622,-5.7133
random,16,scaling,1.0,0,348,-9.9936,-9.2508,-3.2459
random,16,scaling,1.0,0,349,0.4224,-1.1079,1.0395
random,16,scaling,1.0,0,350,8.1596,3.6389,2.7422
random,16,scaling,1.0,0,351,-5.2890,-6.2072,-1.5369
random,16,scaling,1.0,0,352,-0.6478,-3.6034,-1.4452
random,16,scaling,1.0,0,353,0.4729,1.7457,-0.0256
random,16,scaling,1.0,0,354,-4.0143,-0.8232,1.0204
random,16,scaling,1.0,0,355,3.3647,5.0441,3.1249
random,16,scaling,1.0,0,356,7.4769,2.1471,2.6486
random,16,scaling,1.0,0,357,-3.1819,-2.5563,-0.4409
random,16,scaling,1.0,0,358,0.4848,-4.0328,0.4137
random,16,scaling,1.0,0,359,-4.0994,-4.2644,-0.6730
random,16,scaling,1.0,0,360,-4.0591,-0.9711,1.5945
random,16,scaling,1.0,0,361,1.4065,-3.1845,0.8097
random,16,scaling,1.0,0,362,-8.0988,-8.3215,-4.5338
random,16,scaling,1.0,0,363,0.1009,1.3151,1.5919
random,16,scaling,1.0,0,364,4.9681,4.4197,4.2210
random,16,scaling,1.0,0,365,-5.0094,-6.5205,-2.2295
random,16,scaling,1.0,0,366,-1.5238,-4.5372,0.2507
random,16,scaling,1.0,0,367,9.2451,11.2802,6.1466
random,16,scaling,1.0,0,368,-0.3423,-2.1270,0.0110
random,16,scaling,1.0,0,369,-2.1451,-4.5102,-0.1737
random,16,scaling,1.0,0,370,-3.5616,-4.0378,-1.5499
random,16,scaling,1.0,0,371,2.9057,0.3721,1.0358
random,16,scaling,1.0,0,372,-2.9710,-3.0683,-0.6111
random,16,scaling,1.0,0,373,-9.9335,-11.0887,-3.9442
random,16,scaling,1.0,0,374,4.3990,-0.8512,1.0520
random,16,scaling,1.0,0,375,-8.1353,-5.4309,-1.9252
random,16,scaling,1.0,0,376,-11.6448,-10.1629,-5.4407
random,16,scaling,1.0,0,377,-3.3819,-3.0483,-0.5294
random,16,scaling,1.0,0,378,-1.5880,2.0307,1.8052
random,16,scaling,1.0,0,379,-1.4200,1.5443,2.3726
random,16,scaling,1.0,0,380,1.0299,-2.2100,-0.2543
random,16,scaling,1.0,0,381,-2.9105,-2.1433,0.3044
random,16,scaling,1.0,0,382,-6.3542,-2.2402,-0.3819
random,16,scaling,1.0,0,383,1.7625,-0.8468,-0.3383
random,16,scaling,1.0,0,384,4.0742,2.0614,2.4967
random,16,scaling,1.0,0,385,2.2646,0.2445,0.5110
random,16,scaling,1.0,0,386,-8.2004,-4.4259,-3.2583
random,16,scaling,1.0,0,387,-7.7421,-7.2210,-1.6354
random,16,scaling,1.0,0,388,-13.0599,-10.2976,-4.4217
random,16,scaling,1.0,0,389,-9.8475,-5.6374,-2.0488
random,16,scaling,1.0,0,390,-6.8521,-5.7044,-1.6131
random,16,scaling,1.0,0,391,3.6246,4.0234,3.1461
random,16,scaling,1.0,0,392,-3.6128,-3.1682,-0.1201
random,16,scaling,1.0,0,393,-0.8047,-1.4192,0.8903
random,16,scaling,1.0,0,394,-7.9885,-6.1630,-1.6679
random,16,scaling,1.0,0,395,-8.3153,-8.1334,-3.2692
random,16,scaling,1.0,0,396,-12.8079,-11.9914,-4.5077
random,16,scaling,1.0,0,397,4.2726,1.7780,2.4006
random,16,scaling,1.0,0,398,-0.7300,-0.6441,0.4169
random,16,scaling,1.0,0,399,0.8819,-0.1439,0.6003
random,16,scaling,1.0,0,400,-2.6892,-5.2847,-3.3156
random,16,scaling,1.0,0,401,-6.1334,-6.8544,-2.7907
random,16,scaling,1.0,0,402,-2.6048,-4.9872,-2.6365
random,16,scaling,1.0,0,403,-3.6890,-3.6280,-1.4778
random,16,scaling,1.0,0,404,-8.8098,-2.4178,0.1008
random,16,scaling,1.0,0,405,-3.5908,-5.0776,-1.9299
random,16,scaling,1.0,0,406,0.6616,-2.6558,1.0932
random,16,scaling,1.0,0,407,0.9121,-1.7104,0.3310
random,16,scaling,1.0,0,408,-4.1649,-4.3372,-0.7555
random,16,scaling,1.0,0,409,2.1687,-0.6362,1.2182
random,16,scaling,1.0,0,410,-7.4206,-6.9013,-1.9208
random,16,scaling,1.0,0,411,4.7571,0.7396,1.7542
random,16,scaling,1.0,0,412,0.3594,0.2914,0.0630
random,16,scaling,1.0,0,413,-4.1182,-1.8506,-0.1260
random,16,scaling,1.0,0,414,-6.7477,-5.8483,-1.1300
random,16,scaling,1.0,0,415,3.4199,1.2062,1.4284
random,16,scaling,1.0,0,416,-2.2382,1.1437,0.1703
random,16,scaling,1.0,0,417,0.3401,-0.2415,0.1972
random,16,scaling,1.0,0,418,-2.7457,-4.0717,-1.3454
random,16,scaling,1.0,0,419,5.0131,3.3730,3.4106
random,16,scaling,1.0,0,420,-4.2941,-3.4205,0.2696
random,16,scaling,1.0,0,421,0.4052,-2.9358,-1.4385
random,16,scaling,1.0,0,422,0.4540,-0.2949,0.1918
random,16,scaling,1.0,0,423,-0.9978,1.2363,1.7781
random,16,scaling,1.0,0,424,0.1105,-1.8792,-0.9503
random,16,scaling,1.0,0,425,-5.6257,-5.9720,-2.1468
random,16,scaling,1.0,0,426,-1.2956,-2.8061,-0.2438
random,16,scaling,1.0,0,427,5.0186,3.0862,2.9852
random,16,scaling,1.0,0,428,-14.4341,-12.5055,-5.1179
random,16,scaling,1.0,0,429,-7.8989,-5.3056,-0.8884
random,16,scaling,1.0,0,430,4.8840,-0.0718,1.7001
random,16,scaling,1.0,0,431,-6.4795,-6.2547,-1.9998
random,16,scaling,1.0,0,432,-4.0759,-5.3758,-1.9826
random,16,scaling,1.0,0,433,-3.7038,-4.8200,-0.6224
random,16,scaling,1.0,0,434,0.5204,2.5195,1.6279
random,16,scaling,1.0,0,435,3.3391,1.8456,1.7625
random,16,scaling,1.0,0,436,-1.2648,-4.3847,-1.2866
random,16,scaling,1.0,0,437,-2.9532,-2.8395,1.0411
random,16,scaling,1.0,0,438,1.5962,1.1426,2.5834
random,16,scaling,1.0,0,439,-12.2958,-4.5351,-1.7399
random,16,scaling,1.0,0,440,-5.9708,-6.1551,-2.6859
random,16,scaling,1.0,0,441,-2.9248,-1.7063,-0.3734
random,16,scaling,1.0,0,442,-11.1758,-12.3352,-4.6275
random,16,scaling,1.0,0,443,-3.9875,-6.3453,-1.0127
random,16,scaling,1.0,0,444,-2.4056,-2.2207,0.4858
random,16,scaling,1.0,0,445,2.4502,-1.6634,-0.1436
random,16,scaling,1.0,0,446,-2.9658,-5.5791,-1.7550
random,16,scaling,1.0,0,447,4.1922,2.3168,1.4291
random,16,scaling,1.0,0,448,-11.0367,-8.5364,-3.3740
random,16,scaling,1.0,0,449,-5.3494,-4.9975,-1.0500
random,16,scaling,1.0,0,450,-5.9673,-5.3925,-1.5759
random,16,scaling,1.0,0,451,-2.3326,-0.4949,1.3225
random,16,scaling,1.0,0,452,-4.7692,-5.7221,-2.2605
random,16,scaling,1.0,0,453,-4.6517,-2.7565,-0.5900
random,16,scaling,1.0,0,454,4.6964,5.2895,3.6543
random,16,scaling,1.0,0,455,-8.1036,-9.4518,-3.6874
random,16,scaling,1.0,0,456,-10.2896,-8.9759,-3.6991
random,16,scaling,1.0,0,457,-1.8554,-1.5872,-0.7481
random,16,scaling,1.0,0,458,-1.8330,-2.3247,0.0276
random,16,scaling,1.0,0,459,-7.5098,-5.3904,0.0564
random,16,scaling,1.0,0,460,-0.3084,-6.0357,-1.8692
random,16,scaling,1.0,0,461,2.3870,0.5336,1.8266
random,16,scaling,1.0,0,462,-2.5880,-2.0054,0.6883
random,16,scaling,1.0,0,463,7.1335,4.2427,2.7667
random,16,scaling,1.0,0,464,-0.6389,-4.7036,-2.7095
random,16,scaling,1.0,0,465,-5.0361,-3.8057,0.6794
random,16,scaling,1.0,0,466,-1.5557,-0.4211,1.5724
random,16,scaling,1.0,0,467,-2.9242,-4.3207,-1.9314
random,16,scaling,1.0,0,468,-1.2220,-1.0172,0.6481
random,16,scaling,1.0,0,469,-0.6968,-3.0851,0.1478
random,16,scaling,1.0,0,470,-5.5055,-7.2678,-1.4271
random,16,scaling,1.0,0,471,-9.3652,-10.4288,-3.9834
random,16,scaling,1.0,0,472,-0.1922,-2.9376,1.0350
random,16,scaling,1.0,0,473,0.7147,-3.6307,-0.3752
random,16,scaling,1.0,0,474,-7.3861,-10.1556,-4.1220
random,16,scaling,1.0,0,475,-7.1444,-7.3560,-2.0201
random,16,scaling,1.0,0,476,-8.8927,-7.0225,-3.7805
random,16,scaling,1.0,0,477,1.3894,-0.0874,1.0053
random,16,scaling,1.0,0,478,2.6762,-0.8286,0.6067
random,16,scaling,1.0,0,479,2.9621,-2.5054,0.2839
random,16,scaling,1.0,0,480,-6.7342,-4.7896,-2.0844
random,16,scaling,1.0,0,481,-1.4847,-1.9172,-0.9177
random,16,scaling,1.0,0,482,-5.4853,-8.5666,-3.5993
random,16,scaling,1.0,0,483,7.3685,1.8642,3.3328
random,16,scaling,1.0,0,484,-4.7751,-9.0921,-3.4915
random,16,scaling,1.0,0,485,-1.5024,-1.1548,-0.1962
random,16,scaling,1.0,0,486,-8.6738,-6.7891,-2.6925
random,16,scaling,1.0,0,487,1.2628,-2.4725,-0.9461
random,16,scaling,1.0,0,488,2.1694,1.1612,1.3039
random,16,scaling,1.0,0,489,4.8782,2.7385,4.0028
random,16,scaling,1.0,0,490,-10.6650,-7.1508,-2.7065
random,16,scaling,1.0,0,491,-2.6883,-5.9705,-2.2617
random,16,scaling,1.0,0,492,-9.2983,-7.3788,-3.0513
random,16,scaling,1.0,0,493,6.9204,4.9560,1.4552
random,16,scaling,1.0,0,494,-1.2085,-4.3315,-2.0485
random,16,scaling,1.0,0,495,-8.3403,-6.3645,-2.6494
random,16,scaling,1.0,0,496,2.6539,0.1773,1.2665
random,16,scaling,1.0,0,497,-4.0952,-1.4606,0.1832
random,16,scaling,1.0,0,498,5.9899,1.5924,1.7649
random,16,scaling,1.0,0,499,-5.1756,-5.5284,-1.3266
random,16,scaling,1.0,0,500,-0.5771,0.0812,0.6989
random,16,scaling,1.0,0,501,-4.1101,-4.8500,-1.5971
random,16,scaling,1.0,0,502,4.2471,1.9525,2.4419
random,16,scaling,1.0,0,503,-0.1674,-5.1645,-1.1257
random,16,scaling,1.0,0,504,-1.8890,-2.5772,-1.6694
random,16,scaling,1.0,0,505,0.5938,6.0663,3.8706
random,16,scaling,1.0,0,506,0.5230,-3.4338,-0.1351
random,16,scaling,1.0,0,507,-2.6332,-3.3431,-1.1044
random,16,scaling,1.0,0,508,-20.8593,-15.3524,-6.5950
random,16,scaling,1.0,0,509,3.4147,-1.4269,-0.0611
random,16,scaling,1.0,0,510,-0.6856,0.0255,0.8252
random,16,scaling,1.0,0,511,-7.7331,-6.6998,-2.2294
random,16,scaling,1.0,0,512,3.4085,1.1156,2.8337
random,16,scaling,1.0,0,513,6.0660,1.9405,1.5800
random,16,scaling,1.0,0,514,3.2757,-1.7460,-0.0226
random,16,scaling,1.0,0,515,4.9290,2.5000,2.4728
random,16,scaling,1.0,0,516,-5.0226,-2.9579,-1.3059
random,16,scaling,1.0,0,517,-3.3290,-5.0757,-0.9101
random,16,scaling,1.0,0,518,-0.7833,-0.4134,1.1742
random,16,scaling,1.0,0,519,-6.8337,-7.9630,-2.4172
random,16,scaling,1.0,0,520,-7.0611,-9.0748,-3.1260
random,16,scaling,1.0,0,521,-7.8171,-8.3758,-2.9671
random,16,scaling,1.0,0,522,6.5484,3.6370,2.8686
random,16,scaling,1.0,0,523,-8.3344,-5.8674,-1.7866
random,16,scaling,1.0,0,524,-1.8176,-5.3392,-1.4667
random,16,scaling,1.0,0,525,-3.1054,-0.3762,0.8390
random,16,scaling,1.0,0,526,-4.1429,-5.6053,-1.3780
random,16,scaling,1.0,0,527,-1.6727,-5.5594,-2.2355
random,16,scaling,1.0,0,528,4.0450,0.9305,1.7756
random,16,scaling,1.0,0,529,-1.2446,0.2237,1.6404
random,16,scaling,1.0,0,530,-3.0196,4.3689,1.9677
random,16,scaling,1.0,0,531,0.6124,-0.6060,0.6544
random,16,scaling,1.0,0,532,0.2668,-1.6887,-0.4742
random,16,scaling,1.0,0,533,0.7692,-1.6586,-0.6037
random,16,scaling,1.0,0,534,-8.6292,-6.3991,-1.6390
random,16,scaling,1.0,0,535,-2.6072,-6.2783,-2.4930
random,16,scaling,1.0,0,536,-7.2757,-4.4769,0.3059
random,16,scaling,1.0,0,537,-6.2168,-6.2478,-2.1671
random,16,scaling,1.0,0,538,1.5903,2.3355,2.0761
random,16,scaling,1.0,0,539,-2.8117,-3.9225,-1.1878
random,16,scaling,1.0,0,540,2.0464,-0.2962,0.4292
random,16,scaling,1.0,0,541,-7.5382,-9.7956,-3.5098
random,16,scaling,1.0,0,542,2.0871,1.9622,2.4273
random,16,scaling,1.0,0,543,-3.1214,-3.4745,-0.6766
random,16,scaling,1.0,0,544,-5.9994,-3.5122,-2.5332
random,16,scaling,1.0,0,545,-1.7145,-5.4580,-1.4489
random,16,scaling,1.0,0,546,-1.9624,-1.7030,0.2016
random,16,scaling,1.0,0,547,4.0315,3.7948,3.8443
random,16,scaling,1.0,0,548,-0.1633,-2.7225,-1.1086
random,16,scaling,1.0,0,549,4.5528,-0.7044,1.1603
random,16,scaling,1.0,0,550,2.2694,-0.4651,1.5832
random,16,scaling,1.0,0,551,-0.6368,-0.6160,-0.4873
random,16,scaling,1.0,0,552,7.9763,8.1695,3.9778
random,16,scaling,1.0,0,553,4.4552,2.0128,1.0159
random,16,scaling,1.0,0,554,0.7570,-2.4643,-0.2600
random,16,scaling,1.0,0,555,-2.7805,-4.3968,-1.0295
random,16,scaling,1.0,0,556,-0.9287,0.2867,1.8038
random,16,scaling,1.0,0,557,-0.0145,-1.1698,-0.4492
random,16,scaling,1.0,0,558,-3.5664,0.0301,1.5191
random,16,scaling,1.0,0,559,2.4580,3.2198,2.0174
random,16,scaling,1.0,0,560,-14.8466,-13.6536,-5.1958
random,16,scaling,1.0,0,561,-5.4601,-5.6637,-0.0110
random,16,scaling,1.0,0,562,8.0473,5.8152,4.7119
random,16,scaling,1.0,0,563,-1.8914,-2.3277,-0.2571
random,16,scaling,1.0,0,564,1.7277,0.1017,1.3559
random,16,scaling,1.0,0,565,-10.6535,-8.7729,-2.6635
random,16,scaling,1.0,0,566,-5.7134,-7.6621,-2.7817
random,16,scaling,1.0,0,567,1.2951,-0.0351,0.6484
random,16,scaling,1.0,0,568,0.4432,3.0996,3.4331
random,16,scaling,1.0,0,569,0.6690,-0.6194,-0.1883
random,16,scaling,1.0,0,570,-5.8467,-2.1561,-1.7677
random,16,scaling,1.0,0,571,0.0442,-0.5448,0.5764
random,16,scaling,1.0,0,572,-0.8375,-0.9422,0.3594
random,16,scaling,1.0,0,573,2.2727,0.6215,0.5703
random,16,scaling,1.0,0,574,-5.8039,-4.0300,-2.4969
random,16,scaling,1.0,0,575,-1.8988,-5.2163,-1.6648
random,16,scaling,1.0,0,576,1.8565,-0.9666,-0.5985
random,16,scaling,1.0,0,577,-1.9366,-2.4290,-0.2885
random,16,scaling,1.0,0,578,1.1206,0.3677,1.5326
random,16,scaling,1.0,0,579,-4.6296,0.4611,1.6128
random,16,scaling,1.0,0,580,-3.0415,-5.1288,-0.8431
random,16,scaling,1.0,0,581,-21.1885,-18.0171,-8.0426
random,16,scaling,1.0,0,582,-0.9231,-2.4628,0.9216
random,16,scaling,1.0,0,583,-12.4823,-10.2631,-4.4879
random,16,scaling,1.0,0,584,1.9642,1.3980,1.6826
random,16,scaling,1.0,0,585,2.8893,0.6642,1.1020
random,16,scaling,1.0,0,586,-2.8617,2.4441,1.7510
random,16,scaling,1.0,0,587,1.3614,-0.0470,0.9122
random,16,scaling,1.0,0,588,-9.7658,-5.6854,-1.8158
random,16,scaling,1.0,0,589,-1.8250,-4.9409,-1.8625
random,16,scaling,1.0,0,590,-8.8271,-8.4596,-2.7060
random,16,scaling,1.0,0,591,-6.1790,-4.1984,-1.3083
random,16,scaling,1.0,0,592,0.0280,-0.0718,0.4756
random,16,scaling,1.0,0,593,9.8474,12.1611,7.7230
random,16,scaling,1.0,0,594,-2.0062,-2.9366,-0.3929
random,16,scaling,1.0,0,595,-9.1999,-8.9356,-3.4878
random,16,scaling,1.0,0,596,-3.2779,1.2443,2.2670
random,16,scaling,1.0,0,597,-5.6178,-11.2206,-5.4182
random,16,scaling,1.0,0,598,-6.0980,-5.1551,-1.3774
random,16,scaling,1.0,0,599,-4.9722,-6.5985,-2.7779
random,16,scaling,1.0,0,600,-1.3080,-4.1753,-1.8204
random,16,scaling,1.0,0,601,-7.4731,-5.6438,-2.8006
random,16,scaling,1.0,0,602,-4.0635,4.0353,4.4699
random,16,scaling,1.0,0,603,-3.3537,-2.8724,-1.4617
random,16,scaling,1.0,0,604,-8.1322,-6.3270,-3.4170
random,16,scaling,1.0,0,605,-3.3282,-4.2331,-0.3295
random,16,scaling,1.0,0,606,-3.9262,-9.3048,-3.1603
random,16,scaling,1.0,0,607,2.8292,4.9339,4.0376
random,16,scaling,1.0,0,608,6.3535,3.7956,2.8135
random,16,scaling,1.0,0,609,4.4476,1.0082,2.4261
random,16,scaling,1.0,0,610,3.2831,2.3696,3.9395
random,16,scaling,1.0,0,611,-11.0357,-3.1618,0.2211
random,16,scaling,1.0,0,612,-7.7572,-7.5544,-1.3860
random,16,scaling,1.0,0,613,-6.6627,-4.1254,-3.4028
random,16,scaling,1.0,0,614,-8.0450,-5.5909,-1.6673
random,16,scaling,1.0,0,615,-1.8811,-1.6520,0.7572
random,16,scaling,1.0,0,616,-0.1285,1.1049,2.1300
random,16,scaling,1.0,0,617,-4.3805,-3.6341,-0.6125
random,16,scaling,1.0,0,618,6.6887,5.6187,4.1092
random,16,scaling,1.0,0,619,-6.6472,-8.3286,-3.6386
random,16,scaling,1.0,0,620,-15.6899,-12.3830,-5.2582
random,16,scaling,1.0,0,621,-8.1474,-8.2503,-3.3017
random,16,scaling,1.0,0,622,2.7958,-0.7302,0.4734
random,16,scaling,1.0,0,623,-5.3019,0.5424,0.2029
random,16,scaling,1.0,0,624,-6.3788,-1.9602,1.6158
random,16,scaling,1.0,0,625,-6.4094,-6.1721,-0.8340
random,16,scaling,1.0,0,626,4.0054,5.6742,3.3064
random,16,scaling,1.0,0,627,-4.5103,-5.0242,-1.7040
random,16,scaling,1.0,0,628,-6.3465,-4.6716,-2.9016
random,16,scaling,1.0,0,629,-10.0028,-13.7284,-5.6188
random,16,scaling,1.0,0,630,-6.4324,-5.4259,-1.8098
random,16,scaling,1.0,0,631,2.6799,-1.1323,0.6613
random,16,scaling,1.0,0,632,0.8564,4.6194,3.1581
random,16,scaling,1.0,0,633,-9.1376,-11.2903,-3.9677
random,16,scaling,1.0,0,634,3.6345,3.1551,3.4494
random,16,scaling,1.0,0,635,5.8621,2.4624,2.2210
random,16,scaling,1.0,0,636,3.4841,1.2415,1.7786
random,16,scaling,1.0,0,637,-5.3377,-3.7775,-1.1415
random,16,scaling,1.0,0,638,-5.8660,-5.1799,-2.2203
random,16,scaling,1.0,0,639,-1.6735,-5.0265,-2.2220
random,16,scaling,1.0,0,640,0.8915,-1.2143,0.9872
random,16,scaling,1.0,0,641,-1.0091,-0.1046,0.4873
random,16,scaling,1.0,0,642,7.7288,7.5348,5.4121
random,16,scaling,1.0,0,643,0.4887,4.5315,2.8518
random,16,scaling,1.0,0,644,-3.3919,-2.9893,0.5018
random,16,scaling,1.0,0,645,0.8413,-0.6631,1.5766
random,16,scaling,1.0,0,646,3.0930,3.6120,2.7669
random,16,scaling,1.0,0,647,-6.3743,-6.4275,-2.1596
random,16,scaling,1.0,0,648,8.7876,3.3186,1.9828
random,16,scaling,1.0,0,649,-4.1769,-3.7599,-2.0268
random,16,scaling,1.0,0,650,5.0760,3.5253,3.3656
random,16,scaling,1.0,0,651,2.7684,3.9933,3.5148
random,16,scaling,1.0,0,652,-1.9341,-5.2906,-1.0414
random,16,scaling,1.0,0,653,-1.1710,-2.8734,0.4488
random,16,scaling,1.0,0,654,1.7991,-2.6779,-0.8747
random,16,scaling,1.0,0,655,-1.6905,-1.2204,1.2619
random,16,scaling,1.0,0,656,-6.8723,-4.9647,-2.5705
random,16,scaling,1.0,0,657,1.2818,-2.8363,-0.6536
random,16,scaling,1.0,0,658,0.9825,-1.5561,0.4559
random,16,scaling,1.0,0,659,2.4614,2.6144,3.0711
random,16,scaling,1.0,0,660,-7.7059,-6.2498,-1.1613
random,16,scaling,1.0,0,661,0.7647,-1.0512,0.0721
random,16,scaling,1.0,0,662,-0.4096,-3.1582,0.0806
random,16,scaling,1.0,0,663,0.7806,0.8679,1.4229
random,16,scaling,1.0,0,664,-5.4936,-6.2261,-2.6993
random,16,scaling,1.0,0,665,-1.8418,-4.1789,0.0252
random,16,scaling,1.0,0,666,-1.6364,-4.7152,-1.2150
random,16,scaling,1.0,0,667,-6.9387,-7.1341,-3.0005
random,16,scaling,1.0,0,668,0.9642,-0.9227,0.2339
random,16,scaling,1.0,0,669,1.4340,-1.5016,0.1643
random,16,scaling,1.0,0,670,8.3146,7.8810,6.1252
random,16,scaling,1.0,0,671,3.5793,10.4370,6.0705
random,16,scaling,1.0,0,672,0.1670,0.0288,1.3007
random,16,scaling,1.0,0,673,0.3042,-0.2277,0.8216
random,16,scaling,1.0,0,674,-2.2104,-4.8232,0.0748
random,16,scaling,1.0,0,675,-3.7071,-3.5897,-0.6506
random,16,scaling,1.0,0,676,-0.5646,-3.6215,-1.0054
random,16,scaling,1.0,0,677,-10.1348,-5.7502,-1.4672
random,16,scaling,1.0,0,678,4.5273,-0.9083,0.7364
random,16,scaling,1.0,0,679,-1.8685,-4.4819,-0.9546
random,16,scaling,1.0,0,680,-4.4073,-2.2789,-0.5951
random,16,scaling,1.0,0,681,2.9358,1.7589,1.1910
random,16,scaling,1.0,0,682,5.6767,2.4228,2.9755
random,16,scaling,1.0,0,683,-4.6329,-5.5060,-2.4404
random,16,scaling,1.0,0,684,3.6865,2.9447,2.9837
random,16,scaling,1.0,0,685,-2.4781,-2.4604,0.1267
random,16,scaling,1.0,0,686,-1.5358,-0.1030,1.1573
random,16,scaling,1.0,0,687,-7.2770,-4.7543,-1.3415
random,16,scaling,1.0,0,688,-2.2404,-5.6544,-0.9427
random,16,scaling,1.0,0,689,-3.4914,-1.9632,-0.1983
random,16,scaling,1.0,0,690,-3.4250,-0.9288,0.7060
random,16,scaling,1.0,0,691,-3.8135,0.4783,-0.0881
random,16,scaling,1.0,0,692,-2.2843,-3.6470,-2.5601
random,16,scaling,1.0,0,693,0.7787,-0.4518,0.5616
random,16,scaling,1.0,0,694,-2.5153,-2.5113,-0.8485
random,16,scaling,1.0,0,695,6.5412,4.9948,2.2549
random,16,scaling,1.0,0,696,4.3568,1.1218,1.9332
random,16,scaling,1.0,0,697,-1.7422,-2.8978,-0.8233
random,16,scaling,1.0,0,698,0.5452,1.4354,2.7916
random,16,scaling,1.0,0,699,-2.4292,2.1610,2.0214
random,16,scaling,1.0,0,700,-3.6765,-6.4872,-1.6828
random,16,scaling,1.0,0,701,4.8900,3.2343,2.5043
random,16,scaling,1.0,0,702,-9.9521,-10.5042,-4.7897
random,16,scaling,1.0,0,703,-1.5742,-3.9305,-0.0217
random,16,scaling,1.0,0,704,-2.0092,0.2840,0.6094
random,16,scaling,1.0,0,705,-8.9297,-6.7101,-2.8775
random,16,scaling,1.0,0,706,-10.7033,-9.2068,-2.9792
random,16,scaling,1.0,0,707,-3.6357,-3.5157,0.1251
random,16,scaling,1.0,0,708,7.6201,5.1831,5.5673
random,16,scaling,1.0,0,709,-9.2619,-7.3249,-2.1515
random,16,scaling,1.0,0,710,1.6042,0.1169,-0.1226
random,16,scaling,1.0,0,711,12.7795,8.0062,6.5904
random,16,scaling,1.0,0,712,7.3080,5.2541,4.4894
random,16,scaling,1.0,0,713,-3.0292,-3.9724,-0.9365
random,16,scaling,1.0,0,714,-14.2766,-10.0094,-3.8679
random,16,scaling,1.0,0,715,1.5823,-1.7520,-0.0453
random,16,scaling,1.0,0,716,2.0426,4.6442,3.4261
random,16,scaling,1.0,0,717,5.1041,0.2760,1.4012
random,16,scaling,1.0,0,718,0.6868,-2.7045,-1.8556
random,16,scaling,1.0,0,719,-5.0477,-2.4587,-1.0349
random,16,scaling,1.0,0,720,-4.1930,-4.2527,-0.6256
random,16,scaling,1.0,0,721,2.8380,0.8472,1.9852
random,16,scaling,1.0,0,722,4.4028,4.1257,3.6744
random,16,scaling,1.0,0,723,-1.1336,-1.3606,-0.7697
random,16,scaling,1.0,0,724,-2.4108,-3.1621,-0.4803
random,16,scaling,1.0,0,725,-4.9374,-7.1390,-2.6398
random,16,scaling,1.0,0,726,-6.4248,-9.4118,-3.9135
random,16,scaling,1.0,0,727,-0.4357,-3.1816,0.6090
random,16,scaling,1.0,0,728,-3.0043,-5.4870,-1.0201
random,16,scaling,1.0,0,729,6.1509,1.8574,2.0764
random,16,scaling,1.0,0,730,-3.4558,-2.2890,-0.5890
random,16,scaling,1.0,0,731,-0.6437,-0.7764,-0.3953
random,16,scaling,1.0,0,732,1.1506,0.7386,1.9328
random,16,scaling,1.0,0,733,1.5114,0.2470,1.5900
random,16,scaling,1.0,0,734,-5.1728,-4.4434,-1.5714
random,16,scaling,1.0,0,735,-10.1041,-5.8207,0.2812
random,16,scaling,1.0,0,736,4.5793,0.9756,1.6986
random,16,scaling,1.0,0,737,3.3287,-0.4387,0.6733
random,16,scaling,1.0,0,738,-5.4490,-7.8733,-2.7972
random,16,scaling,1.0,0,739,0.5194,-0.1951,0.8241
random,16,scaling,1.0,0,740,-4.4703,-1.3909,0.4055
random,16,scaling,1.0,0,741,0.0638,-0.7206,-0.2346
random,16,scaling,1.0,0,742,0.0435,-1.5374,0.2989
random,16,scaling,1.0,0,743,-4.1391,-2.2287,1.5191
random,16,scaling,1.0,0,744,-14.9544,-9.6009,-5.0844
random,16,scaling,1.0,0,745,-0.6855,-1.4130,-0.0491
random,16,scaling,1.0,0,746,-10.0667,-11.1523,-4.4762
random,16,scaling,1.0,0,747,0.5843,-1.1989,0.3764
random,16,scaling,1.0,0,748,2.8390,-1.3395,0.7595
random,16,scaling,1.0,0,749,1.0887,3.2227,2.4735
random,16,scaling,1.0,0,750,-4.6908,-6.9794,-2.1412
random,16,scaling,1.0,0,751,-3.2943,-3.9811,-0.4380
random,16,scaling,1.0,0,752,-5.0354,-4.7894,-1.8920
random,16,scaling,1.0,0,753,-1.1049,-1.1496,0.1163
random,16,scaling,1.0,0,754,-0.9704,2.6112,2.4177
random,16,scaling,1.0,0,755,-9.1728,-8.8920,-3.5829
random,16,scaling,1.0,0,756,5.8432,5.2042,4.8985
random,16,scaling,1.0,0,757,-2.9389,-2.6719,-0.6080
random,16,scaling,1.0,0,758,3.6513,4.0859,2.8682
random,16,scaling,1.0,0,759,0.5452,-4.1692,-1.4537
random,16,scaling,1.0,0,760,-1.3172,-0.6452,0.6407
random,16,scaling,1.0,0,761,-1.6915,-1.1847,0.3704
random,16,scaling,1.0,0,762,-3.3789,-4.8495,-1.5876
random,16,scaling,1.0,0,763,-1.8580,-5.0515,-1.9257
random,16,scaling,1.0,0,764,3.7374,1.6003,1.5472
random,16,scaling,1.0,0,765,-1.8538,-2.1544,-0.0533
random,16,scaling,1.0,0,766,0.2433,-0.9864,1.3539
random,16,scaling,1.0,0,767,-15.3101,-13.8939,-6.1422
random,16,scaling,1.0,0,768,7.2732,4.7370,3.8988
random,16,scaling,1.0,0,769,-9.6356,-5.9331,-1.7907
random,16,scaling,1.0,0,770,-6.3309,-5.7146,-2.5956
random,16,scaling,1.0,0,771,-6.8069,-3.8521,-0.5346
random,16,scaling,1.0,0,772,-6.5580,-7.3723,-1.9661
random,16,scaling,1.0,0,773,-3.6860,-2.0899,-0.9140
random,16,scaling,1.0,0,774,6.4200,2.0114,4.0621
random,16,scaling,1.0,0,775,-6.6227,-5.8618,-2.1899
random,16,scaling,1.0,0,776,-2.7227,-1.8639,0.4980
random,16,scaling,1.0,0,777,9.9600,12.8675,7.3055
random,16,scaling,1.0,0,778,-0.5096,-2.2460,0.2573
random,16,scaling,1.0,0,779,-4.2884,-4.4372,-1.6509
random,16,scaling,1.0,0,780,-2.3471,-0.3530,0.3127
random,16,scaling,1.0,0,781,-2.9873,-1.9218,-0.3470
random,16,scaling,1.0,0,782,-0.9932,-0.4258,1.1569
random,16,scaling,1.0,0,783,2.4106,-0.3890,0.7260
random,16,scaling,1.0,0,784,3.4945,2.0335,2.6403
random,16,scaling,1.0,0,785,-0.1137,-1.2130,0.5898
random,16,scaling,1.0,0,786,5.1989,7.4346,4.2441
random,16,scaling,1.0,0,787,0.8532,-0.7922,-0.1239
random,16,scaling,1.0,0,788,1.7079,-4.4961,-1.4725
random,16,scaling,1.0,0,789,-2.8009,-2.7135,-0.4225
random,16,scaling,1.0,0,790,2.4075,2.5903,1.8140
random,16,scaling,1.0,0,791,-1.6099,-1.5362,0.3791
random,16,scaling,1.0,0,792,-4.5481,-5.7804,-2.1957
random,16,scaling,1.0,0,793,6.1087,6.2836,4.8170
random,16,scaling,1.0,0,794,10.9851,7.8314,5.8627
random,16,scaling,1.0,0,795,-3.3592,-1.9856,1.7142
random,16,scaling,1.0,0,796,1.3365,3.1990,1.9430
random,16,scaling,1.0,0,797,-0.8575,-5.4430,-1.0157
random,16,scaling,1.0,0,798,0.5469,1.8680,2.4371
random,16,scaling,1.0,0,799,0.0532,-1.6932,-0.8666
random,16,scaling,1.0,0,800,-1.0195,-0.8491,0.6116
random,16,scaling,1.0,0,801,4.2836,1.9117,2.0166
random,16,scaling,1.0,0,802,1.8853,0.5187,0.9541
random,16,scaling,1.0,0,803,-3.3600,-6.0825,-2.6021
random,16,scaling,1.0,0,804,3.7756,-0.2946,2.0373
random,16,scaling,1.0,0,805,8.4190,5.6929,4.4703
random,16,scaling,1.0,0,806,-1.9074,-5.5698,-2.1045
random,16,scaling,1.0,0,807,2.8346,-1.4615,0.3433
random,16,scaling,1.0,0,808,-7.5012,-7.3512,-3.3161
random,16,scaling,1.0,0,809,-6.3024,-1.3559,1.1630
random,16,scaling,1.0,0,810,-6.8451,-2.4282,-0.2668
random,16,scaling,1.0,0,811,0.1717,2.4304,3.2617
random,16,scaling,1.0,0,812,-1.2033,-2.6811,-0.0187
random,16,scaling,1.0,0,813,1.7227,1.2849,0.7560
random,16,scaling,1.0,0,814,-0.8662,-3.4474,0.0106
random,16,scaling,1.0,0,815,0.7473,-0.1958,0.1597
random,16,scaling,1.0,0,816,2.0737,-2.6238,-0.0897
random,16,scaling,1.0,0,817,-2.5116,3.5394,5.4731
random,16,scaling,1.0,0,818,-1.5068,-4.6685,-0.7953
random,16,scaling,1.0,0,819,-1.3161,-5.3606,-1.8253
random,16,scaling,1.0,0,820,2.7450,2.2850,3.0315
random,16,scaling,1.0,0,821,-6.5199,-6.0753,-2.2408
random,16,scaling,1.0,0,822,0.8705,0.1727,1.5076
random,16,scaling,1.0,0,823,-2.0329,-4.9418,-1.4367
random,16,scaling,1.0,0,824,1.7136,2.3361,1.9940
random,16,scaling,1.0,0,825,6.0896,2.1048,2.4645
random,16,scaling,1.0,0,826,7.6222,6.6876,4.8716
random,16,scaling,1.0,0,827,-8.3109,-7.6365,-4.0787
random,16,scaling,1.0,0,828,-7.6260,-9.3209,-3.2197
random,16,scaling,1.0,0,829,2.6591,-2.5941,0.3011
random,16,scaling,1.0,0,830,-2.5274,-0.8029,0.0601
random,16,scaling,1.0,0,831,-7.2678,-3.3136,-2.0842
random,16,scaling,1.0,0,832,-2.0297,-3.6327,-0.2245
random,16,scaling,1.0,0,833,-10.6700,-6.5959,-3.2291
random,16,scaling,1.0,0,834,3.3721,0.0632,0.7884
random,16,scaling,1.0,0,835,-6.2655,-6.8657,-2.6856
random,16,scaling,1.0,0,836,-4.5654,-4.4864,-0.1760
random,16,scaling,1.0,0,837,-2.3990,-0.3800,1.5054
random,16,scaling,1.0,0,838,0.8693,-1.2177,0.1301
random,16,scaling,1.0,0,839,-0.0881,-3.3862,-1.2418
random,16,scaling,1.0,0,840,-2.0264,-2.1249,-0.3179
random,16,scaling,1.0,0,841,1.5471,0.5507,2.1403
random,16,scaling,1.0,0,842,-1.2319,-1.3876,-0.2076
random,16,scaling,1.0,0,843,-6.2090,2.7377,1.9640
random,16,scaling,1.0,0,844,4.9258,0.3136,1.6319
random,16,scaling,1.0,0,845,-4.7967,-5.2641,-0.7172
random,16,scaling,1.0,0,846,-8.2499,-4.8929,-1.3933
random,16,scaling,1.0,0,847,-12.9389,-13.7202,-5.7415
random,16,scaling,1.0,0,848,6.3659,5.1193,4.0878
random,16,scaling,1.0,0,849,-4.8298,-1.5993,-0.7662
random,16,scaling,1.0,0,850,5.0306,1.0107,2.0293
random,16,scaling,1.0,0,851,6.0569,5.8889,2.8797
random,16,scaling,1.0,0,852,-3.6866,-5.4107,-1.5158
random,16,scaling,1.0,0,853,-1.6536,-2.0940,0.5744
random,16,scaling,1.0,0,854,-2.4770,-1.2748,0.1602
random,16,scaling,1.0,0,855,-7.1602,-7.0894,-2.2012
random,16,scaling,1.0,0,856,9.4754,6.9026,6.3552
random,16,scaling,1.0,0,857,0.2700,1.1842,1.3864
random,16,scaling,1.0,0,858,-4.5040,-5.9078,-2.2390
random,16,scaling,1.0,0,859,-1.2626,-1.7931,-0.5179
random,16,scaling,1.0,0,860,0.6094,-2.6288,0.1012
random,16,scaling,1.0,0,861,-9.1689,-9.9002,-2.7165
random,16,scaling,1.0,0,862,-5.5719,-5.6467,-1.7360
random,16,scaling,1.0,0,863,-6.2214,-3.2896,-1.4884
random,16,scaling,1.0,0,864,-2.2138,-4.2422,-0.9550
random,16,scaling,1.0,0,865,-8.1246,-9.3250,-4.2386
random,16,scaling,1.0,0,866,-7.4321,-5.6735,-1.2632
random,16,scaling,1.0,0,867,-0.7810,-3.0555,-1.1612
random,16,scaling,1.0,0,868,-8.2366,-8.1714,-2.6120
random,16,scaling,1.0,0,869,-2.1733,-1.2566,1.8208
random,16,scaling,1.0,0,870,0.4389,-1.9922,-0.2401
random,16,scaling,1.0,0,871,0.7753,-0.3039,0.2876
random,16,scaling,1.0,0,872,-3.2610,-3.2690,-0.3355
random,16,scaling,1.0,0,873,2.7828,-2.6152,0.5928
random,16,scaling,1.0,0,874,-3.2669,0.0347,1.9323
random,16,scaling,1.0,0,875,-3.7672,-6.4411,-3.1188
random,16,scaling,1.0,0,876,5.3654,2.0265,1.8415
random,16,scaling,1.0,0,877,-13.1827,-11.7957,-5.2084
random,16,scaling,1.0,0,878,-0.7998,-2.8063,0.1941
random,16,scaling,1.0,0,879,4.0018,6.1936,2.6699
random,16,scaling,1.0,0,880,-2.6294,-3.5728,-0.0649
random,16,scaling,1.0,0,881,-7.7523,-9.7953,-3.9672
random,16,scaling,1.0,0,882,-2.1326,-0.9770,-0.9020
random,16,scaling,1.0,0,883,-2.0095,-6.1978,-1.9002
random,16,scaling,1.0,0,884,1.9184,1.3327,1.4342
random,16,scaling,1.0,0,885,-3.3854,-2.0837,-0.2372
random,16,scaling,1.0,0,886,3.1702,0.3347,1.4494
random,16,scaling,1.0,0,887,1.5846,-1.5115,0.3353
random,16,scaling,1.0,0,888,-4.7182,-2.7340,-0.8520
random,16,scaling,1.0,0,889,-9.0318,-5.3297,-2.5569
random,16,scaling,1.0,0,890,-0.1183,0.2876,2.2018
random,16,scaling,1.0,0,891,-2.4283,-0.5756,0.2836
random,16,scaling,1.0,0,892,-0.6469,-2.9554,0.7728
random,16,scaling,1.0,0,893,6.3297,1.5361,1.3946
random,16,scaling,1.0,0,894,2.1599,0.0349,1.1793
random,16,scaling,1.0,0,895,-3.5446,-3.5400,-1.1607
random,16,scaling,1.0,0,896,-3.0277,-3.2545,-0.0551
random,16,scaling,1.0,0,897,-6.6967,-5.4831,-1.3150
random,16,scaling,1.0,0,898,-4.2734,-2.4101,0.6510
random,16,scaling,1.0,0,899,-6.3018,-8.6411,-2.5349
random,16,scaling,1.0,0,900,8.1544,5.7100,4.4045
random,16,scaling,1.0,0,901,-7.6490,-6.9978,-2.6539
random,16,scaling,1.0,0,902,2.0940,-2.6944,0.2641
random,16,scaling,1.0,0,903,-5.2193,-5.9208,-1.0219
random,16,scaling,1.0,0,904,3.5149,5.0354,5.8721
random,16,scaling,1.0,0,905,0.4698,-2.4674,0.8313
random,16,scaling,1.0,0,906,3.7307,2.1827,1.2596
random,16,scaling,1.0,0,907,-9.1239,-7.7543,-3.9015
random,16,scaling,1.0,0,908,-9.8962,-8.0858,-2.8975
random,16,scaling,1.0,0,909,6.4737,1.6235,2.6406
random,16,scaling,1.0,0,910,-5.5890,-3.0108,-1.2750
random,16,scaling,1.0,0,911,-1.4199,-3.6954,-0.5850
random,16,scaling,1.0,0,912,-4.4538,-3.7913,-1.6515
random,16,scaling,1.0,0,913,3.6351,0.7340,0.9867
random,16,scaling,1.0,0,914,6.4519,4.7686,3.6175
random,16,scaling,1.0,0,915,-5.8178,-4.5771,-1.1765
random,16,scaling,1.0,0,916,2.1060,2.3412,2.2255
random,16,scaling,1.0,0,917,1.7789,-1.0892,0.9560
random,16,scaling,1.0,0,918,-6.0125,-8.0972,-2.1401
random,16,scaling,1.0,0,919,-2.2453,-1.8207,1.1848
random,16,scaling,1.0,0,920,-6.6528,-4.4868,-1.1825
random,16,scaling,1.0,0,921,3.5015,4.2242,2.1776
random,16,scaling,1.0,0,922,-1.8837,-1.7270,0.5279
random,16,scaling,1.0,0,923,0.0661,-2.2557,0.2279
random,16,scaling,1.0,0,924,-2.8615,-3.5793,-1.0516
random,16,scaling,1.0,0,925,-8.7167,-7.5135,-1.8045
random,16,scaling,1.0,0,926,-5.4087,-7.2195,-1.7005
random,16,scaling,1.0,0,927,-0.6078,0.3824,1.4874
random,16,scaling,1.0,0,928,-4.6794,-5.5080,-1.8947
random,16,scaling,1.0,0,929,-11.2900,-10.5798,-4.3235
random,16,scaling,1.0,0,930,4.5832,1.3953,1.2059
random,16,scaling,1.0,0,931,1.6611,-0.2337,1.5037
random,16,scaling,1.0,0,932,-1.1360,-2.8554,0.4958
random,16,scaling,1.0,0,933,0.5791,-2.9700,0.4943
random,16,scaling,1.0,0,934,1.4488,3.6009,0.6264
random,16,scaling,1.0,0,935,-6.6838,-6.7908,-2.9044
random,16,scaling,1.0,0,936,1.7731,-1.4083,-1.1818
random,16,scaling,1.0,0,937,-7.8524,-5.7003,-2.0566
random,16,scaling,1.0,0,938,-9.3484,-6.9303,-1.1533
random,16,scaling,1.0,0,939,-1.5777,-1.5716,0.9630
random,16,scaling,1.0,0,940,4.1777,5.7833,3.3524
random,16,scaling,1.0,0,941,-5.5527,-5.0076,-2.5638
random,16,scaling,1.0,0,942,-1.8031,4.0510,3.7904
random,16,scaling,1.0,0,943,-4.2481,-1.2968,1.0351
random,16,scaling,1.0,0,944,8.0375,3.7087,1.5286
random,16,scaling,1.0,0,945,-0.2039,-4.0739,0.2689
random,16,scaling,1.0,0,946,3.1067,-0.1435,1.0619
random,16,scaling,1.0,0,947,-2.4492,-4.0243,-0.3747
random,16,scaling,1.0,0,948,2.9621,-1.3288,-0.2407
random,16,scaling,1.0,0,949,0.0587,0.0912,1.7600
random,16,scaling,1.0,0,950,-4.0329,-7.5191,-2.3417
random,16,scaling,1.0,0,951,-7.1311,-5.1491,-0.8737
random,16,scaling,1.0,0,952,-7.8097,-4.7455,-1.7573
random,16,scaling,1.0,0,953,3.9609,3.5198,2.8597
random,16,scaling,1.0,0,954,-3.9573,-3.0730,-0.7503
random,16,scaling,1.0,0,955,-2.4368,-1.5681,1.0164
random,16,scaling,1.0,0,956,-2.0100,-2.5885,-0.7120
random,16,scaling,1.0,0,957,-0.6465,-3.0036,-0.2716
random,16,scaling,1.0,0,958,8.3310,5.2381,3.5745
random,16,scaling,1.0,0,959,-5.1071,-8.3178,-3.6314
random,16,scaling,1.0,0,960,-4.6622,1.3447,2.5605
random,16,scaling,1.0,0,961,-1.7969,-4.4410,-1.5923
random,16,scaling,1.0,0,962,1.7577,2.9819,1.7810
random,16,scaling,1.0,0,963,4.6070,3.2228,2.8124
random,16,scaling,1.0,0,964,-1.3685,-2.7326,-0.2136
random,16,scaling,1.0,0,965,6.0263,1.8962,2.7053
random,16,scaling,1.0,0,966,6.3505,2.8317,2.0930
random,16,scaling,1.0,0,967,0.3799,0.0026,1.1917
random,16,scaling,1.0,0,968,-0.0202,-4.3297,-0.9380
random,16,scaling,1.0,0,969,1.2176,-1.4654,0.8064
random,16,scaling,1.0,0,970,-7.7943,-6.9410,-2.5937
random,16,scaling,1.0,0,971,-3.7010,2.2317,0.6651
random,16,scaling,1.0,0,972,-1.6608,-1.9612,0.2816
random,16,scaling,1.0,0,973,-1.8412,-2.3346,1.0002
random,16,scaling,1.0,0,974,1.9253,-1.7409,0.6221
random,16,scaling,1.0,0,975,-4.1020,-3.6185,-1.8281
random,16,scaling,1.0,0,976,9.5610,6.2972,3.9457
random,16,scaling,1.0,0,977,-6.0853,-5.5973,-2.1559
random,16,scaling,1.0,0,978,2.6715,-1.6257,-0.2425
random,16,scaling,1.0,0,979,-1.1477,-0.1071,1.7267
random,16,scaling,1.0,0,980,-3.3221,-2.6572,-0.6017
random,16,scaling,1.0,0,981,0.7255,-3.8086,-0.8420
random,16,scaling,1.0,0,982,0.1706,-0.9223,0.4617
random,16,scaling,1.0,0,983,-4.2818,-3.2241,-0.6231
random,16,scaling,1.0,0,984,-2.2957,1.3680,0.9705
random,16,scaling,1.0,0,985,-6.7653,-8.9257,-3.4210
random,16,scaling,1.0,0,986,9.4899,5.1562,4.4491
random,16,scaling,1.0,0,987,-8.3087,-5.0558,-1.8468
random,16,scaling,1.0,0,988,-1.6396,-1.1477,0.1151
random,16,scaling,1.0,0,989,-2.3869,-1.7900,1.2131
random,16,scaling,1.0,0,990,-0.5392,0.8050,2.7693
random,16,scaling,1.0,0,991,-5.5661,-4.0523,-1.5218
random,16,scaling,1.0,0,992,0.0116,-0.7842,0.9412
random,16,scaling,1.0,0,993,-6.6488,-8.7957,-2.6551
random,16,scaling,1.0,0,994,-3.6539,-4.3190,-1.0479
random,16,scaling,1.0,0,995,-0.3280,-1.6084,0.6120
random,16,scaling,1.0,0,996,1.3446,-3.1764,-1.8090
random,16,scaling,1.0,0,997,4.2307,1.3953,1.6114
random,16,scaling,1.0,0,998,2.0518,-4.1515,-2.3639
random,16,scaling,1.0,0,999,-3.2645,-4.9049,-1.3064
random,16,scaling,1.0,0,1000,-1.0421,-0.5775,0.1601
rl_homogeneous,16,scaling,1.0,0,1,-3.9432,13.1366,-1.3549
rl_homogeneous,16,scaling,1.0,0,2,7.2646,1.4209,5.0684
rl_homogeneous,16,scaling,1.0,0,3,-11.1664,-3.5380,-2.0968
rl_homogeneous,16,scaling,1.0,0,4,-2.8178,12.5366,0.4566
rl_homogeneous,16,scaling,1.0,0,5,-8.0374,-1.1689,-2.8862
rl_homogeneous,16,scaling,1.0,0,6,0.6801,18.0968,-0.3738
rl_homogeneous,16,scaling,1.0,0,7,7.4070,28.7658,2.7486
rl_homogeneous,16,scaling,1.0,0,8,-5.3316,0.9612,-1.4941
rl_homogeneous,16,scaling,1.0,0,9,-1.9643,7.4501,-0.1229
rl_homogeneous,16,scaling,1.0,0,10,1.4462,4.8530,0.2362
rl_homogeneous,16,scaling,1.0,0,11,-1.1535,0.3457,-1.3355
rl_homogeneous,16,scaling,1.0,0,12,7.9101,9.0774,3.7725
rl_homogeneous,16,scaling,1.0,0,13,0.6209,21.4652,2.8631
rl_homogeneous,16,scaling,1.0,0,14,-11.1361,-0.8738,-3.0397
rl_homogeneous,16,scaling,1.0,0,15,-1.5047,2.2612,-1.5119
rl_homogeneous,16,scaling,1.0,0,16,2.4002,44.3926,1.1753
rl_homogeneous,16,scaling,1.0,0,17,-3.1575,-0.8988,-3.2284
rl_homogeneous,16,scaling,1.0,0,18,-1.4292,15.5850,-2.3191
rl_homogeneous,16,scaling,1.0,0,19,-3.8420,-1.2937,-1.5058
rl_homogeneous,16,scaling,1.0,0,20,-6.2668,0.5891,-0.9224
rl_homogeneous,16,scaling,1.0,0,21,0.9922,3.5250,-0.4101
rl_homogeneous,16,scaling,1.0,0,22,-7.8846,-8.6809,-3.4121
rl_homogeneous,16,scaling,1.0,0,23,-7.6556,15.7757,-0.5889
rl_homogeneous,16,scaling,1.0,0,24,-4.9937,0.6935,-0.5281
rl_homogeneous,16,scaling,1.0,0,25,-1.3269,4.4314,-0.4868
rl_homogeneous,16,scaling,1.0,0,26,5.2322,9.3029,0.3052
rl_homogeneous,16,scaling,1.0,0,27,-1.4688,6.4758,-0.7036
rl_homogeneous,16,scaling,1.0,0,28,4.0715,18.7588,3.3710
rl_homogeneous,16,scaling,1.0,0,29,-1.0064,-0.0220,-1.8468
rl_homogeneous,16,scaling,1.0,0,30,0.6207,0.7675,2.8982
rl_homogeneous,16,scaling,1.0,0,31,-6.4711,21.8130,-1.7898
rl_homogeneous,16,scaling,1.0,0,32,-10.4813,-6.8787,-3.1931
rl_homogeneous,16,scaling,1.0,0,33,5.7878,40.4507,4.6472
rl_homogeneous,16,scaling,1.0,0,34,-1.8693,0.7756,-1.8422
rl_homogeneous,16,scaling,1.0,0,35,2.4899,2.5731,-1.0716
rl_homogeneous,16,scaling,1.0,0,36,-2.9722,4.1453,-1.8360
rl_homogeneous,16,scaling,1.0,0,37,0.0923,10.4182,2.7324
rl_homogeneous,16,scaling,1.0,0,38,5.4467,13.7526,2.7505
rl_homogeneous,16,scaling,1.0,0,39,5.4039,34.9317,2.4517
rl_homogeneous,16,scaling,1.0,0,40,-9.1822,15.1103,-2.7228
rl_homogeneous,16,scaling,1.0,0,41,1.5768,21.1079,0.7666
rl_homogeneous,16,scaling,1.0,0,42,-10.4360,2.2187,-0.4109
rl_homogeneous,16,scaling,1.0,0,43,1.7401,25.3940,2.4131
rl_homogeneous,16,scaling,1.0,0,44,4.0431,15.2771,1.0277
rl_homogeneous,16,scaling,1.0,0,45,-1.3731,11.9749,-1.8791
rl_homogeneous,16,scaling,1.0,0,46,-3.7529,6.7491,-2.7974
rl_homogeneous,16,scaling,1.0,0,47,-2.3950,10.1996,-2.0674
rl_homogeneous,16,scaling,1.0,0,48,3.2752,16.4533,0.7525
rl_homogeneous,16,scaling,1.0,0,49,3.9266,12.8584,1.7314
rl_homogeneous,16,scaling,1.0,0,50,-3.4088,18.7029,-1.5187
rl_homogeneous,16,scaling,1.0,0,51,2.3451,12.5010,0.0557
rl_homogeneous,16,scaling,1.0,0,52,3.0113,22.8546,2.3864
rl_homogeneous,16,scaling,1.0,0,53,-0.1725,5.6676,-0.6429
rl_homogeneous,16,scaling,1.0,0,54,-2.1873,2.3926,-1.8229
rl_homogeneous,16,scaling,1.0,0,55,1.8450,11.2291,0.5959
rl_homogeneous,16,scaling,1.0,0,56,2.0716,32.4789,2.0370
rl_homogeneous,16,scaling,1.0,0,57,5.5287,23.1241,1.8602
rl_homogeneous,16,scaling,1.0,0,58,-3.4895,9.7946,-0.5763
rl_homogeneous,16,scaling,1.0,0,59,4.6956,5.2675,-0.5240
rl_homogeneous,16,scaling,1.0,0,60,-1.5454,20.4819,1.1966
rl_homogeneous,16,scaling,1.0,0,61,4.0561,1.4338,2.5999
rl_homogeneous,16,scaling,1.0,0,62,-2.0751,4.2904,-0.4536
rl_homogeneous,16,scaling,1.0,0,63,2.0004,13.3880,-0.2760
rl_homogeneous,16,scaling,1.0,0,64,-5.7263,13.7537,-1.9162
rl_homogeneous,16,scaling,1.0,0,65,0.7577,2.2250,2.9643
rl_homogeneous,16,scaling,1.0,0,66,-0.0159,1.3661,-2.0386
rl_homogeneous,16,scaling,1.0,0,67,-8.8499,6.9494,-3.0148
rl_homogeneous,16,scaling,1.0,0,68,-5.7741,0.4953,-2.6220
rl_homogeneous,16,scaling,1.0,0,69,0.0845,21.3888,1.5950
rl_homogeneous,16,scaling,1.0,0,70,6.7761,14.4565,2.9388
rl_homogeneous,16,scaling,1.0,0,71,3.2064,0.0000,3.9355
rl_homogeneous,16,scaling,1.0,0,72,-6.0896,18.8438,0.5691
rl_homogeneous,16,scaling,1.0,0,73,-9.0605,13.7544,-1.8048
rl_homogeneous,16,scaling,1.0,0,74,-8.9810,4.1468,-3.1026
rl_homogeneous,16,scaling,1.0,0,75,3.6787,12.7842,0.0360
rl_homogeneous,16,scaling,1.0,0,76,-4.2237,0.9203,-1.8488
rl_homogeneous,16,scaling,1.0,0,77,1.9686,38.2193,1.9662
rl_homogeneous,16,scaling,1.0,0,78,1.8393,12.5898,0.8666
rl_homogeneous,16,scaling,1.0,0,79,-9.7971,-0.2265,-2.8469
rl_homogeneous,16,scaling,1.0,0,80,-2.8026,4.5952,-2.3608
rl_homogeneous,16,scaling,1.0,0,81,-2.2225,0.0000,-0.7915
rl_homogeneous,16,scaling,1.0,0,82,1.3661,25.0666,3.3417
rl_homogeneous,16,scaling,1.0,0,83,0.2230,17.5523,0.9587
rl_homogeneous,16,scaling,1.0,0,84,5.1720,17.6763,1.1760
rl_homogeneous,16,scaling,1.0,0,85,4.1294,0.0000,0.7859
rl_homogeneous,16,scaling,1.0,0,86,-0.1179,15.6222,1.2866
rl_homogeneous,16,scaling,1.0,0,87,-7.6270,2.4666,-3.1552
rl_homogeneous,16,scaling,1.0,0,88,-5.3193,2.7348,-1.1654
rl_homogeneous,16,scaling,1.0,0,89,4.4377,27.5666,1.3630
rl_homogeneous,16,scaling,1.0,0,90,0.8286,8.1988,0.3332
rl_homogeneous,16,scaling,1.0,0,91,3.0523,22.6774,1.0353
rl_homogeneous,16,scaling,1.0,0,92,-5.1197,8.2311,-2.0785
rl_homogeneous,16,scaling,1.0,0,93,0.1585,14.0699,1.8853
rl_homogeneous,16,scaling,1.0,0,94,-6.4810,4.7527,-2.0190
rl_homogeneous,16,scaling,1.0,0,95,1.8580,13.5360,-0.9813
rl_homogeneous,16,scaling,1.0,0,96,-0.7726,-0.8644,-2.1683
rl_homogeneous,16,scaling,1.0,0,97,-13.4325,-4.4607,-4.3083
rl_homogeneous,16,scaling,1.0,0,98,-9.9973,9.1763,-3.7919
rl_homogeneous,16,scaling,1.0,0,99,3.3847,0.0000,3.8720
rl_homogeneous,16,scaling,1.0,0,100,4.4259,15.0080,0.5742
rl_homogeneous,16,scaling,1.0,0,101,-1.0589,14.6250,0.8676
rl_homogeneous,16,scaling,1.0,0,102,-0.4136,24.6383,0.1649
rl_homogeneous,16,scaling,1.0,0,103,-7.7520,11.8259,-0.6714
rl_homogeneous,16,scaling,1.0,0,104,-2.4842,0.8344,-1.1322
rl_homogeneous,16,scaling,1.0,0,105,4.1856,0.4245,1.6829
rl_homogeneous,16,scaling,1.0,0,106,-5.3002,11.2381,0.0337
rl_homogeneous,16,scaling,1.0,0,107,-2.8837,-1.1916,-2.1234
rl_homogeneous,16,scaling,1.0,0,108,-0.3476,14.3101,1.6974
rl_homogeneous,16,scaling,1.0,0,109,0.1199,11.7487,-1.5800
rl_homogeneous,16,scaling,1.0,0,110,1.9025,27.9511,2.4309
rl_homogeneous,16,scaling,1.0,0,111,-4.0344,21.9156,-0.4819
rl_homogeneous,16,scaling,1.0,0,112,-2.6915,9.4432,-1.2518
rl_homogeneous,16,scaling,1.0,0,113,-5.4890,-8.2678,-3.6129
rl_homogeneous,16,scaling,1.0,0,114,-6.5480,15.8323,-0.2664
rl_homogeneous,16,scaling,1.0,0,115,-3.5986,33.2701,0.6317
rl_homogeneous,16,scaling,1.0,0,116,-1.7433,12.4175,-2.4370
rl_homogeneous,16,scaling,1.0,0,117,0.0472,7.7307,-0.2857
rl_homogeneous,16,scaling,1.0,0,118,3.3981,22.4410,-0.4018
rl_homogeneous,16,scaling,1.0,0,119,-2.8435,7.8332,-0.1639
rl_homogeneous,16,scaling,1.0,0,120,-2.9797,8.6382,-1.5348
rl_homogeneous,16,scaling,1.0,0,121,5.8463,13.3388,1.6303
rl_homogeneous,16,scaling,1.0,0,122,-4.1624,12.9002,-0.6009
rl_homogeneous,16,scaling,1.0,0,123,2.1341,32.4924,2.6656
rl_homogeneous,16,scaling,1.0,0,124,0.6542,12.6438,1.4951
rl_homogeneous,16,scaling,1.0,0,125,-0.7947,0.0000,0.1036
rl_homogeneous,16,scaling,1.0,0,126,6.4996,0.1793,2.3285
rl_homogeneous,16,scaling,1.0,0,127,8.2839,13.4489,1.6909
rl_homogeneous,16,scaling,1.0,0,128,-2.8604,13.3205,-0.4561
rl_homogeneous,16,scaling,1.0,0,129,0.7069,17.0114,1.9289
rl_homogeneous,16,scaling,1.0,0,130,5.8691,13.1125,2.0571
rl_homogeneous,16,scaling,1.0,0,131,-0.6221,9.8654,1.1804
rl_homogeneous,16,scaling,1.0,0,132,1.0624,31.8705,0.6457
rl_homogeneous,16,scaling,1.0,0,133,2.0430,23.5681,1.5750
rl_homogeneous,16,scaling,1.0,0,134,8.9390,0.1394,5.5651
rl_homogeneous,16,scaling,1.0,0,135,2.4107,24.6964,0.7489
rl_homogeneous,16,scaling,1.0,0,136,3.3449,0.0000,2.9411
rl_homogeneous,16,scaling,1.0,0,137,-0.5833,9.1215,-1.3732
rl_homogeneous,16,scaling,1.0,0,138,2.1864,14.0718,0.8473
rl_homogeneous,16,scaling,1.0,0,139,4.7594,23.4854,0.5494
rl_homogeneous,16,scaling,1.0,0,140,-5.1149,6.7470,-2.9657
rl_homogeneous,16,scaling,1.0,0,141,0.6264,16.9445,1.5976
rl_homogeneous,16,scaling,1.0,0,142,-7.1011,0.3558,-2.8315
rl_homogeneous,16,scaling,1.0,0,143,-2.2288,15.0720,-1.4960
rl_homogeneous,16,scaling,1.0,0,144,-1.8737,1.1930,-2.0062
rl_homogeneous,16,scaling,1.0,0,145,-4.6920,3.0039,-2.1384
rl_homogeneous,16,scaling,1.0,0,146,5.1810,26.7175,1.3159
rl_homogeneous,16,scaling,1.0,0,147,0.3521,0.0000,1.6175
rl_homogeneous,16,scaling,1.0,0,148,-2.9524,13.3363,-1.5227
rl_homogeneous,16,scaling,1.0,0,149,-0.5755,15.3329,1.3235
rl_homogeneous,16,scaling,1.0,0,150,-4.6396,6.2342,-2.7736
rl_homogeneous,16,scaling,1.0,0,151,-4.3267,1.0128,-1.0925
rl_homogeneous,16,scaling,1.0,0,152,-6.1942,2.9829,-1.2706
rl_homogeneous,16,scaling,1.0,0,153,4.0176,8.3119,-0.1675
rl_homogeneous,16,scaling,1.0,0,154,-10.0168,16.4846,-0.6206
rl_homogeneous,16,scaling,1.0,0,155,1.0895,20.7469,-0.2419
rl_homogeneous,16,scaling,1.0,0,156,-4.2448,0.5353,-3.2378
rl_homogeneous,16,scaling,1.0,0,157,0.7376,1.3652,-1.4110
rl_homogeneous,16,scaling,1.0,0,158,0.6304,2.3772,-0.7281
rl_homogeneous,16,scaling,1.0,0,159,-18.5619,-16.7461,-5.5651
rl_homogeneous,16,scaling,1.0,0,160,-8.2297,-0.8744,-1.5690
rl_homogeneous,16,scaling,1.0,0,161,-0.5038,30.6882,2.1075
rl_homogeneous,16,scaling,1.0,0,162,4.7197,35.9009,0.6128
rl_homogeneous,16,scaling,1.0,0,163,-3.5350,17.0766,-2.0214
rl_homogeneous,16,scaling,1.0,0,164,-2.0859,10.6695,1.7740
rl_homogeneous,16,scaling,1.0,0,165,-4.1164,0.6447,-3.0646
rl_homogeneous,16,scaling,1.0,0,166,4.8514,17.9926,2.0682
rl_homogeneous,16,scaling,1.0,0,167,0.7617,8.6476,0.0156
rl_homogeneous,16,scaling,1.0,0,168,3.7281,12.4113,0.9873
rl_homogeneous,16,scaling,1.0,0,169,1.6963,13.1979,0.2377
rl_homogeneous,16,scaling,1.0,0,170,1.9361,0.0000,0.6910
rl_homogeneous,16,scaling,1.0,0,171,-1.8033,2.1622,-2.3896
rl_homogeneous,16,scaling,1.0,0,172,2.2061,15.4256,2.8627
rl_homogeneous,16,scaling,1.0,0,173,3.3763,34.8111,0.2578
rl_homogeneous,16,scaling,1.0,0,174,-2.8030,2.1114,-1.2399
rl_homogeneous,16,scaling,1.0,0,175,-2.2625,21.8957,0.2838
rl_homogeneous,16,scaling,1.0,0,176,-0.9474,6.2891,-2.4604
rl_homogeneous,16,scaling,1.0,0,177,-0.6297,8.8010,-0.6684
rl_homogeneous,16,scaling,1.0,0,178,-0.8721,15.6759,-0.2966
rl_homogeneous,16,scaling,1.0,0,179,1.0794,0.0000,-0.1118
rl_homogeneous,16,scaling,1.0,0,180,0.3123,22.4745,0.2286
rl_homogeneous,16,scaling,1.0,0,181,-2.1669,12.3132,1.2294
rl_homogeneous,16,scaling,1.0,0,182,1.3887,0.0000,2.7992
rl_homogeneous,16,scaling,1.0,0,183,7.8019,0.0000,4.7608
rl_homogeneous,16,scaling,1.0,0,184,3.5542,18.4648,0.3328
rl_homogeneous,16,scaling,1.0,0,185,-2.0931,12.8543,-0.1442
rl_homogeneous,16,scaling,1.0,0,186,-3.2646,0.0975,-1.4118
rl_homogeneous,16,scaling,1.0,0,187,-0.3106,15.3232,-1.0811
rl_homogeneous,16,scaling,1.0,0,188,-1.1786,19.7129,-1.2403
rl_homogeneous,16,scaling,1.0,0,189,-1.1077,29.5716,1.2208
rl_homogeneous,16,scaling,1.0,0,190,1.0997,12.0356,0.9067
rl_homogeneous,16,scaling,1.0,0,191,1.9737,21.2162,1.7827
rl_homogeneous,16,scaling,1.0,0,192,-0.1383,0.5907,-1.3835
rl_homogeneous,16,scaling,1.0,0,193,0.1898,22.4836,0.3214
rl_homogeneous,16,scaling,1.0,0,194,-6.3069,17.0181,-1.4484
rl_homogeneous,16,scaling,1.0,0,195,5.4636,11.4919,2.5296
rl_homogeneous,16,scaling,1.0,0,196,9.6251,38.4726,4.8537
rl_homogeneous,16,scaling,1.0,0,197,-3.2362,1.4352,-2.4395
rl_homogeneous,16,scaling,1.0,0,198,5.2381,0.0000,2.1534
rl_homogeneous,16,scaling,1.0,0,199,-5.5595,3.8368,-2.0895
rl_homogeneous,16,scaling,1.0,0,200,-1.7101,2.2221,-0.7616
rl_homogeneous,16,scaling,1.0,0,201,-1.9040,10.4460,0.0110
rl_homogeneous,16,scaling,1.0,0,202,3.8506,32.0221,1.0189
rl_homogeneous,16,scaling,1.0,0,203,3.0845,0.6021,1.1066
rl_homogeneous,16,scaling,1.0,0,204,-1.5997,0.9225,-1.3039
rl_homogeneous,16,scaling,1.0,0,205,-8.3810,-0.7684,-1.7583
rl_homogeneous,16,scaling,1.0,0,206,-2.0653,7.0128,-0.8621
rl_homogeneous,16,scaling,1.0,0,207,9.4975,2.7418,4.8775
rl_homogeneous,16,scaling,1.0,0,208,-6.0327,-6.0871,-2.5680
rl_homogeneous,16,scaling,1.0,0,209,-18.7251,-6.3958,-6.0181
rl_homogeneous,16,scaling,1.0,0,210,-14.9752,-14.4018,-4.7748
rl_homogeneous,16,scaling,1.0,0,211,6.5981,13.8235,0.1449
rl_homogeneous,16,scaling,1.0,0,212,5.7817,25.7652,1.6780
rl_homogeneous,16,scaling,1.0,0,213,-0.4685,19.3624,-1.0661
rl_homogeneous,16,scaling,1.0,0,214,-3.6804,19.9415,-0.1507
rl_homogeneous,16,scaling,1.0,0,215,-1.8225,17.3682,-0.3096
rl_homogeneous,16,scaling,1.0,0,216,-1.8735,35.1336,-0.1218
rl_homogeneous,16,scaling,1.0,0,217,1.6541,17.6200,0.3495
rl_homogeneous,16,scaling,1.0,0,218,-3.1500,4.2980,-0.8312
rl_homogeneous,16,scaling,1.0,0,219,2.4226,9.6335,-0.1122
rl_homogeneous,16,scaling,1.0,0,220,-4.3644,1.2264,-2.1388
rl_homogeneous,16,scaling,1.0,0,221,-4.5263,20.1989,0.0691
rl_homogeneous,16,scaling,1.0,0,222,3.9258,0.0000,1.5009
rl_homogeneous,16,scaling,1.0,0,223,-4.9234,-3.2026,-2.1529
rl_homogeneous,16,scaling,1.0,0,224,5.4803,17.3036,2.5889
rl_homogeneous,16,scaling,1.0,0,225,3.0251,13.0358,0.6596
rl_homogeneous,16,scaling,1.0,0,226,-3.4253,-1.0501,-1.2679
rl_homogeneous,16,scaling,1.0,0,227,3.7917,12.7826,-0.1814
rl_homogeneous,16,scaling,1.0,0,228,2.8959,29.3947,2.7662
rl_homogeneous,16,scaling,1.0,0,229,-1.0657,17.2705,0.0197
rl_homogeneous,16,scaling,1.0,0,230,-1.6619,19.2123,-0.9899
rl_homogeneous,16,scaling,1.0,0,231,3.4545,13.5677,0.9262
rl_homogeneous,16,scaling,1.0,0,232,-2.8899,-3.0031,-2.6780
rl_homogeneous,16,scaling,1.0,0,233,2.0037,0.6619,-0.6405
rl_homogeneous,16,scaling,1.0,0,234,-7.0576,-5.8927,-2.9377
rl_homogeneous,16,scaling,1.0,0,235,-3.1367,13.4138,1.1535
rl_homogeneous,16,scaling,1.0,0,236,-10.8947,-7.5387,-2.9640
rl_homogeneous,16,scaling,1.0,0,237,4.6162,16.4037,1.6904
rl_homogeneous,16,scaling,1.0,0,238,3.9798,17.8250,0.3968
rl_homogeneous,16,scaling,1.0,0,239,-3.7982,0.6306,0.4106
rl_homogeneous,16,scaling,1.0,0,240,-0.1978,5.8778,-0.7951
rl_homogeneous,16,scaling,1.0,0,241,-2.6468,6.5276,-2.5018
rl_homogeneous,16,scaling,1.0,0,242,6.1022,14.0665,0.2343
rl_homogeneous,16,scaling,1.0,0,243,3.6949,22.0791,1.1666
rl_homogeneous,16,scaling,1.0,0,244,2.1188,19.3243,2.6135
rl_homogeneous,16,scaling,1.0,0,245,-1.5034,14.6855,-1.9083
rl_homogeneous,16,scaling,1.0,0,246,5.0684,0.0000,3.1509
rl_homogeneous,16,scaling,1.0,0,247,-1.8763,10.4828,0.8895
rl_homogeneous,16,scaling,1.0,0,248,-8.2449,-6.6262,-3.1556
rl_homogeneous,16,scaling,1.0,0,249,2.5526,10.0216,0.3346
rl_homogeneous,16,scaling,1.0,0,250,6.6990,26.6726,1.8530
rl_homogeneous,16,scaling,1.0,0,251,1.8354,14.8747,2.0453
rl_homogeneous,16,scaling,1.0,0,252,-6.5675,2.6692,-1.6893
rl_homogeneous,16,scaling,1.0,0,253,-0.8905,10.3636,-0.5733
rl_homogeneous,16,scaling,1.0,0,254,-7.7830,-4.7472,-2.7958
rl_homogeneous,16,scaling,1.0,0,255,2.6069,5.4441,-0.7130
rl_homogeneous,16,scaling,1.0,0,256,3.9457,13.3434,2.6136
rl_homogeneous,16,scaling,1.0,0,257,-3.9994,7.3064,-2.1930
rl_homogeneous,16,scaling,1.0,0,258,-1.9547,9.7931,-0.0091
rl_homogeneous,16,scaling,1.0,0,259,-10.3748,11.6503,-3.4076
rl_homogeneous,16,scaling,1.0,0,260,0.9859,13.2665,1.1134
rl_homogeneous,16,scaling,1.0,0,261,1.6440,11.5302,-0.4390
rl_homogeneous,16,scaling,1.0,0,262,-5.4064,0.4208,-2.1746
rl_homogeneous,16,scaling,1.0,0,263,-8.2553,5.1661,-3.7442
rl_homogeneous,16,scaling,1.0,0,264,2.0880,9.2474,-0.3709
rl_homogeneous,16,scaling,1.0,0,265,-11.6775,-7.1820,-4.7724
rl_homogeneous,16,scaling,1.0,0,266,-7.1019,-5.1753,-1.9991
rl_homogeneous,16,scaling,1.0,0,267,0.6219,27.5918,0.6256
rl_homogeneous,16,scaling,1.0,0,268,-5.8144,-4.7662,-3.2976
rl_homogeneous,16,scaling,1.0,0,269,-2.6247,-0.0477,-2.0252
rl_homogeneous,16,scaling,1.0,0,270,0.6046,13.1823,-0.5699
rl_homogeneous,16,scaling,1.0,0,271,-5.5497,20.4102,-2.3442
rl_homogeneous,16,scaling,1.0,0,272,5.0731,0.5204,3.3474
rl_homogeneous,16,scaling,1.0,0,273,3.7284,38.6020,2.8138
rl_homogeneous,16,scaling,1.0,0,274,-5.7567,-0.2079,-1.6697
rl_homogeneous,16,scaling,1.0,0,275,-1.3616,0.0000,-0.5766
rl_homogeneous,16,scaling,1.0,0,276,-0.6949,13.4324,3.1691
rl_homogeneous,16,scaling,1.0,0,277,5.4693,25.7066,2.4990
rl_homogeneous,16,scaling,1.0,0,278,-2.8760,8.1480,0.4514
rl_homogeneous,16,scaling,1.0,0,279,-1.3144,4.6608,-1.3887
rl_homogeneous,16,scaling,1.0,0,280,-3.8684,15.1715,-1.2854
rl_homogeneous,16,scaling,1.0,0,281,3.8109,6.6456,0.9659
rl_homogeneous,16,scaling,1.0,0,282,-3.2293,2.0638,-2.6500
rl_homogeneous,16,scaling,1.0,0,283,-1.6670,-1.9398,-2.2232
rl_homogeneous,16,scaling,1.0,0,284,-15.1520,10.4919,-2.1218
rl_homogeneous,16,scaling,1.0,0,285,-2.3410,0.4234,-2.0525
rl_homogeneous,16,scaling,1.0,0,286,-4.5904,14.7731,-2.0714
rl_homogeneous,16,scaling,1.0,0,287,1.9493,15.7704,-1.1371
rl_homogeneous,16,scaling,1.0,0,288,1.7948,14.2615,0.8786
rl_homogeneous,16,scaling,1.0,0,289,-0.8596,9.5872,1.1264
rl_homogeneous,16,scaling,1.0,0,290,-0.8309,16.8649,-0.4173
rl_homogeneous,16,scaling,1.0,0,291,-5.7996,-0.3065,-3.5108
rl_homogeneous,16,scaling,1.0,0,292,-9.1902,-3.7177,-3.7110
rl_homogeneous,16,scaling,1.0,0,293,-13.5045,-6.0777,-4.4697
rl_homogeneous,16,scaling,1.0,0,294,3.0598,19.4845,-0.1914
rl_homogeneous,16,scaling,1.0,0,295,-0.8997,8.8273,-1.0774
rl_homogeneous,16,scaling,1.0,0,296,3.1338,27.6750,0.8417
rl_homogeneous,16,scaling,1.0,0,297,5.4680,19.4788,3.1927
rl_homogeneous,16,scaling,1.0,0,298,2.7493,41.6402,1.8201
rl_homogeneous,16,scaling,1.0,0,299,0.7589,18.5884,-0.4919
rl_homogeneous,16,scaling,1.0,0,300,-4.1747,5.0201,-0.9706
rl_homogeneous,16,scaling,1.0,0,301,-4.2643,-0.5505,-1.3030
rl_homogeneous,16,scaling,1.0,0,302,-3.7151,16.7567,1.3818
rl_homogeneous,16,scaling,1.0,0,303,3.3093,19.7544,1.3871
rl_homogeneous,16,scaling,1.0,0,304,7.3764,0.0000,4.4681
rl_homogeneous,16,scaling,1.0,0,305,2.1703,9.5318,-0.8793
rl_homogeneous,16,scaling,1.0,0,306,-7.4850,-0.0615,-4.1630
rl_homogeneous,16,scaling,1.0,0,307,-0.3395,0.5218,-2.3503
rl_homogeneous,16,scaling,1.0,0,308,4.6965,0.0000,1.0593
rl_homogeneous,16,scaling,1.0,0,309,-3.9168,0.0000,1.2859
rl_homogeneous,16,scaling,1.0,0,310,2.0002,11.2006,0.5535
rl_homogeneous,16,scaling,1.0,0,311,-4.9252,10.9100,-1.9312
rl_homogeneous,16,scaling,1.0,0,312,-4.8107,22.7603,-0.1117
rl_homogeneous,16,scaling,1.0,0,313,-2.3899,-0.1808,-0.9217
rl_homogeneous,16,scaling,1.0,0,314,-6.3386,35.8743,-0.4676
rl_homogeneous,16,scaling,1.0,0,315,3.8740,1.2509,1.2389
rl_homogeneous,16,scaling,1.0,0,316,-1.9160,23.5175,-1.6245
rl_homogeneous,16,scaling,1.0,0,317,-3.5963,-2.1639,-3.1422
rl_homogeneous,16,scaling,1.0,0,318,4.6021,19.1613,6.2579
rl_homogeneous,16,scaling,1.0,0,319,-9.9371,0.0701,-1.4550
rl_homogeneous,16,scaling,1.0,0,320,5.3275,13.2706,0.0362
rl_homogeneous,16,scaling,1.0,0,321,1.7147,15.5421,1.4120
rl_homogeneous,16,scaling,1.0,0,322,6.0844,17.7004,1.1757
rl_homogeneous,16,scaling,1.0,0,323,3.3397,14.2948,-0.3380
rl_homogeneous,16,scaling,1.0,0,324,7.1863,12.9550,1.1915
rl_homogeneous,16,scaling,1.0,0,325,-1.6640,9.0479,-0.9894
rl_homogeneous,16,scaling,1.0,0,326,-4.7645,18.9308,-0.0356
rl_homogeneous,16,scaling,1.0,0,327,5.1970,0.0000,2.4337
rl_homogeneous,16,scaling,1.0,0,328,4.5129,10.6041,-0.1731
rl_homogeneous,16,scaling,1.0,0,329,-1.4753,0.0000,-0.2618
rl_homogeneous,16,scaling,1.0,0,330,-6.8066,-3.3727,-2.7812
rl_homogeneous,16,scaling,1.0,0,331,4.4989,33.4328,4.4037
rl_homogeneous,16,scaling,1.0,0,332,0.2341,22.6516,0.4299
rl_homogeneous,16,scaling,1.0,0,333,-8.1672,-1.9021,-3.0823
rl_homogeneous,16,scaling,1.0,0,334,0.9052,15.4482,1.7025
rl_homogeneous,16,scaling,1.0,0,335,3.4979,25.2720,3.3710
rl_homogeneous,16,scaling,1.0,0,336,-4.2320,6.8325,-0.5653
rl_homogeneous,16,scaling,1.0,0,337,-3.5199,-5.4700,-3.6631
rl_homogeneous,16,scaling,1.0,0,338,-6.7237,4.4131,-3.3791
rl_homogeneous,16,scaling,1.0,0,339,5.4136,12.6290,2.6994
rl_homogeneous,16,scaling,1.0,0,340,-0.7561,0.0000,0.6761
rl_homogeneous,16,scaling,1.0,0,341,7.4201,0.5082,1.4052
rl_homogeneous,16,scaling,1.0,0,342,-0.9571,1.7701,-0.9902
rl_homogeneous,16,scaling,1.0,0,343,-3.7443,18.5912,-1.5515
rl_homogeneous,16,scaling,1.0,0,344,0.5257,9.9815,0.8810
rl_homogeneous,16,scaling,1.0,0,345,2.8643,12.7466,0.9709
rl_homogeneous,16,scaling,1.0,0,346,5.3177,20.2263,3.2049
rl_homogeneous,16,scaling,1.0,0,347,-12.5442,-1.4415,-5.9007
rl_homogeneous,16,scaling,1.0,0,348,-8.7041,10.5508,-3.8565
rl_homogeneous,16,scaling,1.0,0,349,0.3519,15.9570,0.4842
rl_homogeneous,16,scaling,1.0,0,350,7.0434,15.8928,2.4006
rl_homogeneous,16,scaling,1.0,0,351,-4.7447,0.6932,-1.7831
rl_homogeneous,16,scaling,1.0,0,352,-1.4141,-0.2797,-1.5029
rl_homogeneous,16,scaling,1.0,0,353,-0.1100,16.5996,-0.4691
rl_homogeneous,16,scaling,1.0,0,354,-4.6098,9.9003,0.6978
rl_homogeneous,16,scaling,1.0,0,355,2.7947,20.5195,2.5811
rl_homogeneous,16,scaling,1.0,0,356,7.0834,0.0851,2.7424
rl_homogeneous,16,scaling,1.0,0,357,-3.6961,21.0549,-1.1602
rl_homogeneous,16,scaling,1.0,0,358,0.7763,19.3181,-0.3287
rl_homogeneous,16,scaling,1.0,0,359,-4.4753,1.8853,-0.8362
rl_homogeneous,16,scaling,1.0,0,360,-3.3296,16.7772,0.9227
rl_homogeneous,16,scaling,1.0,0,361,1.9650,0.0000,0.6804
rl_homogeneous,16,scaling,1.0,0,362,-8.3494,-10.6348,-4.4481
rl_homogeneous,16,scaling,1.0,0,363,-0.5576,1.6767,1.5899
rl_homogeneous,16,scaling,1.0,0,364,5.1748,0.0000,4.3413
rl_homogeneous,16,scaling,1.0,0,365,-4.9610,2.6188,-2.5162
rl_homogeneous,16,scaling,1.0,0,366,-1.1886,6.3695,-0.1026
rl_homogeneous,16,scaling,1.0,0,367,7.6670,22.9549,5.7149
rl_homogeneous,16,scaling,1.0,0,368,-0.6559,20.0044,-0.6702
rl_homogeneous,16,scaling,1.0,0,369,-1.6786,0.0000,-0.3353
rl_homogeneous,16,scaling,1.0,0,370,-3.4149,10.4240,-2.0070
rl_homogeneous,16,scaling,1.0,0,371,2.1827,19.1912,0.4779
rl_homogeneous,16,scaling,1.0,0,372,-2.5214,12.3192,-1.0618
rl_homogeneous,16,scaling,1.0,0,373,-9.0266,-8.7780,-4.0667
rl_homogeneous,16,scaling,1.0,0,374,3.8833,0.0000,1.0392
rl_homogeneous,16,scaling,1.0,0,375,-8.1982,3.2908,-2.0764
rl_homogeneous,16,scaling,1.0,0,376,-12.5304,-8.9163,-5.4374
rl_homogeneous,16,scaling,1.0,0,377,-3.1090,0.0000,-0.6528
rl_homogeneous,16,scaling,1.0,0,378,0.1771,37.6728,0.6098
rl_homogeneous,16,scaling,1.0,0,379,-2.4695,30.7242,1.4991
rl_homogeneous,16,scaling,1.0,0,380,1.2938,15.4656,-0.8213
rl_homogeneous,16,scaling,1.0,0,381,-3.2449,25.4919,-0.5011
rl_homogeneous,16,scaling,1.0,0,382,-6.4923,18.7564,-1.0257
rl_homogeneous,16,scaling,1.0,0,383,2.7736,17.7351,-0.9052
rl_homogeneous,16,scaling,1.0,0,384,5.1333,11.5448,2.1010
rl_homogeneous,16,scaling,1.0,0,385,2.5426,17.1552,0.0332
rl_homogeneous,16,scaling,1.0,0,386,-9.5119,-1.0777,-3.3049
rl_homogeneous,16,scaling,1.0,0,387,-8.4876,0.0162,-1.7113
rl_homogeneous,16,scaling,1.0,0,388,-13.3846,-4.3071,-4.4763
rl_homogeneous,16,scaling,1.0,0,389,-9.8054,-0.8150,-2.1702
rl_homogeneous,16,scaling,1.0,0,390,-7.4498,6.8860,-1.9689
rl_homogeneous,16,scaling,1.0,0,391,3.4532,16.0714,2.7258
rl_homogeneous,16,scaling,1.0,0,392,-4.4620,3.9060,-0.3049
rl_homogeneous,16,scaling,1.0,0,393,-1.6434,0.0089,0.8928
rl_homogeneous,16,scaling,1.0,0,394,-7.0094,5.1474,-2.0722
rl_homogeneous,16,scaling,1.0,0,395,-8.2734,-3.8271,-3.3984
rl_homogeneous,16,scaling,1.0,0,396,-13.2435,-6.0280,-4.6589
rl_homogeneous,16,scaling,1.0,0,397,4.5198,0.0000,2.4322
rl_homogeneous,16,scaling,1.0,0,398,-0.1935,8.4128,0.1348
rl_homogeneous,16,scaling,1.0,0,399,0.4644,5.6721,0.3863
rl_homogeneous,16,scaling,1.0,0,400,-2.9666,-3.1881,-3.3595
rl_homogeneous,16,scaling,1.0,0,401,-5.8604,-6.0633,-2.8418
rl_homogeneous,16,scaling,1.0,0,402,-2.3457,1.4873,-2.8384
rl_homogeneous,16,scaling,1.0,0,403,-2.1510,15.9904,-2.1485
rl_homogeneous,16,scaling,1.0,0,404,-8.1548,21.0694,-0.6595
rl_homogeneous,16,scaling,1.0,0,405,-3.6185,3.1691,-2.1873
rl_homogeneous,16,scaling,1.0,0,406,1.7062,16.2338,0.4701
rl_homogeneous,16,scaling,1.0,0,407,1.0562,8.8582,-0.0577
rl_homogeneous,16,scaling,1.0,0,408,-4.1846,10.8180,-1.2373
rl_homogeneous,16,scaling,1.0,0,409,1.3454,10.0979,0.8670
rl_homogeneous,16,scaling,1.0,0,410,-6.4861,7.1501,-2.3938
rl_homogeneous,16,scaling,1.0,0,411,4.5110,15.3744,1.2229
rl_homogeneous,16,scaling,1.0,0,412,0.7617,17.4873,-0.5041
rl_homogeneous,16,scaling,1.0,0,413,-5.0467,6.7013,-0.3159
rl_homogeneous,16,scaling,1.0,0,414,-6.4758,10.0618,-1.6359
rl_homogeneous,16,scaling,1.0,0,415,3.9737,16.8425,0.9167
rl_homogeneous,16,scaling,1.0,0,416,-1.5554,32.3480,-0.7982
rl_homogeneous,16,scaling,1.0,0,417,0.9123,22.4068,-0.5787
rl_homogeneous,16,scaling,1.0,0,418,-2.2977,2.2103,-1.5591
rl_homogeneous,16,scaling,1.0,0,419,5.4498,28.3604,2.5085
rl_homogeneous,16,scaling,1.0,0,420,-4.5740,25.2281,-0.6049
rl_homogeneous,16,scaling,1.0,0,421,0.3065,5.8011,-1.7212
rl_homogeneous,16,scaling,1.0,0,422,-0.5545,15.7789,-0.2632
rl_homogeneous,16,scaling,1.0,0,423,-1.8617,18.3744,1.2792
rl_homogeneous,16,scaling,1.0,0,424,-0.2539,5.0543,-1.1352
rl_homogeneous,16,scaling,1.0,0,425,-5.3131,-3.9334,-2.2170
rl_homogeneous,16,scaling,1.0,0,426,-1.1877,6.3664,-0.5420
rl_homogeneous,16,scaling,1.0,0,427,5.7908,17.4567,2.4789
rl_homogeneous,16,scaling,1.0,0,428,-14.2291,-14.4278,-5.0792
rl_homogeneous,16,scaling,1.0,0,429,-7.7082,18.9008,-1.5693
rl_homogeneous,16,scaling,1.0,0,430,4.7952,0.0000,1.6766
rl_homogeneous,16,scaling,1.0,0,431,-5.9478,9.6159,-2.5169
rl_homogeneous,16,scaling,1.0,0,432,-2.8921,15.2236,-2.6337
rl_homogeneous,16,scaling,1.0,0,433,-1.1192,10.2018,-1.1825
rl_homogeneous,16,scaling,1.0,0,434,0.1175,13.5498,1.1822
rl_homogeneous,16,scaling,1.0,0,435,2.2292,26.2382,1.0433
rl_homogeneous,16,scaling,1.0,0,436,-1.5460,4.7739,-1.5817
rl_homogeneous,16,scaling,1.0,0,437,-3.8912,17.5904,0.4028
rl_homogeneous,16,scaling,1.0,0,438,1.8382,15.2431,2.0400
rl_homogeneous,16,scaling,1.0,0,439,-13.8711,24.6063,-2.5518
rl_homogeneous,16,scaling,1.0,0,440,-5.7045,-7.6193,-2.6564
rl_homogeneous,16,scaling,1.0,0,441,-2.6161,20.3733,-1.0728
rl_homogeneous,16,scaling,1.0,0,442,-10.5470,-7.4512,-4.8114
rl_homogeneous,16,scaling,1.0,0,443,-4.1228,2.7669,-1.2496
rl_homogeneous,16,scaling,1.0,0,444,-2.1193,0.0000,0.4120
rl_homogeneous,16,scaling,1.0,0,445,2.0850,12.0367,-0.5265
rl_homogeneous,16,scaling,1.0,0,446,-2.5466,-2.3875,-1.8767
rl_homogeneous,16,scaling,1.0,0,447,5.6191,14.2827,0.9739
rl_homogeneous,16,scaling,1.0,0,448,-11.2581,2.5920,-3.6748
rl_homogeneous,16,scaling,1.0,0,449,-6.7678,0.4191,-1.1497
rl_homogeneous,16,scaling,1.0,0,450,-6.3340,3.6326,-1.8489
rl_homogeneous,16,scaling,1.0,0,451,-2.4120,17.6408,0.7989
rl_homogeneous,16,scaling,1.0,0,452,-4.2089,-4.1556,-2.3159
rl_homogeneous,16,scaling,1.0,0,453,-6.0016,0.5551,-0.6217
rl_homogeneous,16,scaling,1.0,0,454,3.3066,22.1519,3.1504
rl_homogeneous,16,scaling,1.0,0,455,-8.0711,-6.1421,-3.6496
rl_homogeneous,16,scaling,1.0,0,456,-11.0947,-10.3031,-3.6136
rl_homogeneous,16,scaling,1.0,0,457,-1.5664,21.6481,-1.4777
rl_homogeneous,16,scaling,1.0,0,458,-1.7711,8.5218,-0.3353
rl_homogeneous,16,scaling,1.0,0,459,-7.4755,3.9599,-0.2225
rl_homogeneous,16,scaling,1.0,0,460,-0.2821,3.1478,-2.1591
rl_homogeneous,16,scaling,1.0,0,461,3.0430,0.0000,1.7998
rl_homogeneous,16,scaling,1.0,0,462,-2.9984,6.3282,0.4561
rl_homogeneous,16,scaling,1.0,0,463,5.6136,11.8486,2.6063
rl_homogeneous,16,scaling,1.0,0,464,-1.0112,-2.1870,-2.7802
rl_homogeneous,16,scaling,1.0,0,465,-5.3420,12.8623,0.2004
rl_homogeneous,16,scaling,1.0,0,466,-1.0058,20.8730,0.7796
rl_homogeneous,16,scaling,1.0,0,467,-2.6648,3.9386,-2.1860
rl_homogeneous,16,scaling,1.0,0,468,-1.7743,14.6832,0.2240
rl_homogeneous,16,scaling,1.0,0,469,-1.3826,0.0000,0.0459
rl_homogeneous,16,scaling,1.0,0,470,-5.7924,0.3723,-1.6512
rl_homogeneous,16,scaling,1.0,0,471,-9.2974,-10.3013,-3.9638
rl_homogeneous,16,scaling,1.0,0,472,0.0819,7.9983,0.7026
rl_homogeneous,16,scaling,1.0,0,473,1.1833,8.8172,-0.7887
rl_homogeneous,16,scaling,1.0,0,474,-6.8765,2.6428,-4.5605
rl_homogeneous,16,scaling,1.0,0,475,-7.3414,-0.7688,-2.2155
rl_homogeneous,16,scaling,1.0,0,476,-9.3034,3.4279,-3.9861
rl_homogeneous,16,scaling,1.0,0,477,0.9107,9.9151,0.7142
rl_homogeneous,16,scaling,1.0,0,478,4.0170,12.2414,0.1224
rl_homogeneous,16,scaling,1.0,0,479,3.3072,0.3055,0.1921
rl_homogeneous,16,scaling,1.0,0,480,-6.2241,4.1853,-2.3360
rl_homogeneous,16,scaling,1.0,0,481,-2.9554,4.1981,-1.0520
rl_homogeneous,16,scaling,1.0,0,482,-5.7280,-2.1007,-3.7797
rl_homogeneous,16,scaling,1.0,0,483,7.3813,19.1873,2.7045
rl_homogeneous,16,scaling,1.0,0,484,-5.3667,0.8275,-3.6549
rl_homogeneous,16,scaling,1.0,0,485,-0.7727,13.4146,-0.6958
rl_homogeneous,16,scaling,1.0,0,486,-8.2827,0.8316,-2.9618
rl_homogeneous,16,scaling,1.0,0,487,0.7891,6.3287,-1.1596
rl_homogeneous,16,scaling,1.0,0,488,3.1897,23.9691,0.5237
rl_homogeneous,16,scaling,1.0,0,489,5.5502,0.0000,4.0573
rl_homogeneous,16,scaling,1.0,0,490,-10.6699,12.8086,-3.2892
rl_homogeneous,16,scaling,1.0,0,491,-2.8291,-4.8087,-2.3033
rl_homogeneous,16,scaling,1.0,0,492,-8.7366,13.0657,-3.5367
rl_homogeneous,16,scaling,1.0,0,493,7.8358,16.3872,1.0833
rl_homogeneous,16,scaling,1.0,0,494,-0.3683,8.5223,-2.4735
rl_homogeneous,16,scaling,1.0,0,495,-8.7652,8.3327,-3.0977
rl_homogeneous,16,scaling,1.0,0,496,2.3775,0.4874,1.2772
rl_homogeneous,16,scaling,1.0,0,497,-4.4979,0.0000,0.1564
rl_homogeneous,16,scaling,1.0,0,498,6.3086,11.4473,1.4341
rl_homogeneous,16,scaling,1.0,0,499,-4.3398,14.7932,-1.9422
rl_homogeneous,16,scaling,1.0,0,500,0.0551,10.5988,0.3377
rl_homogeneous,16,scaling,1.0,0,501,-4.3539,-0.7518,-1.6931
rl_homogeneous,16,scaling,1.0,0,502,5.4192,9.9097,2.0892
rl_homogeneous,16,scaling,1.0,0,503,0.9147,0.5432,-1.3502
rl_homogeneous,16,scaling,1.0,0,504,-2.4463,2.0490,-1.8048
rl_homogeneous,16,scaling,1.0,0,505,0.6304,24.7319,3.1169
rl_homogeneous,16,scaling,1.0,0,506,0.9177,13.4640,-0.6892
rl_homogeneous,16,scaling,1.0,0,507,-3.5296,1.7836,-1.2167
rl_homogeneous,16,scaling,1.0,0,508,-21.0338,-1.9513,-6.9307
rl_homogeneous,16,scaling,1.0,0,509,2.5948,1.2312,-0.0969
rl_homogeneous,16,scaling,1.0,0,510,-1.2237,13.0044,0.4730
rl_homogeneous,16,scaling,1.0,0,511,-7.6226,-4.3697,-2.3068
rl_homogeneous,16,scaling,1.0,0,512,3.2724,0.0000,2.8768
rl_homogeneous,16,scaling,1.0,0,513,6.3337,6.3242,1.4353
rl_homogeneous,16,scaling,1.0,0,514,3.6407,6.9608,-0.3183
rl_homogeneous,16,scaling,1.0,0,515,4.9719,0.0000,2.5445
rl_homogeneous,16,scaling,1.0,0,516,-4.5093,27.1239,-2.2532
rl_homogeneous,16,scaling,1.0,0,517,-2.4232,18.3895,-1.6985
rl_homogeneous,16,scaling,1.0,0,518,-0.6816,14.2467,0.6486
rl_homogeneous,16,scaling,1.0,0,519,-7.3955,-4.2145,-2.4584
rl_homogeneous,16,scaling,1.0,0,520,-7.8737,-6.6074,-3.1879
rl_homogeneous,16,scaling,1.0,0,521,-8.0351,9.6775,-3.3990
rl_homogeneous,16,scaling,1.0,0,522,5.3154,2.6896,2.9590
rl_homogeneous,16,scaling,1.0,0,523,-7.3471,2.7275,-2.0922
rl_homogeneous,16,scaling,1.0,0,524,-1.4911,3.7539,-1.7658
rl_homogeneous,16,scaling,1.0,0,525,-3.1250,16.8820,0.2930
rl_homogeneous,16,scaling,1.0,0,526,-4.7828,1.7255,-1.5643
rl_homogeneous,16,scaling,1.0,0,527,-1.8781,6.3767,-2.5496
rl_homogeneous,16,scaling,1.0,0,528,5.1730,19.7502,1.1536
rl_homogeneous,16,scaling,1.0,0,529,-0.7561,28.9697,0.6554
rl_homogeneous,16,scaling,1.0,0,530,-4.5299,31.2035,1.2120
rl_homogeneous,16,scaling,1.0,0,531,0.5562,0.0000,0.6476
rl_homogeneous,16,scaling,1.0,0,532,0.2382,11.2316,-0.8740
rl_homogeneous,16,scaling,1.0,0,533,0.4440,10.1812,-0.9572
rl_homogeneous,16,scaling,1.0,0,534,-8.8022,5.1105,-2.0289
rl_homogeneous,16,scaling,1.0,0,535,-2.9572,0.8513,-2.6869
rl_homogeneous,16,scaling,1.0,0,536,-5.2960,27.0101,-0.7147
rl_homogeneous,16,scaling,1.0,0,537,-5.4903,0.5792,-2.3994
rl_homogeneous,16,scaling,1.0,0,538,0.9112,14.6989,1.6675
rl_homogeneous,16,scaling,1.0,0,539,-2.6558,5.2674,-1.4583
rl_homogeneous,16,scaling,1.0,0,540,1.4770,0.0000,0.4359
rl_homogeneous,16,scaling,1.0,0,541,-7.4008,-7.9055,-3.5828
rl_homogeneous,16,scaling,1.0,0,542,1.5261,13.4049,2.0538
rl_homogeneous,16,scaling,1.0,0,543,-4.1058,4.2467,-0.8746
rl_homogeneous,16,scaling,1.0,0,544,-5.6914,7.3660,-2.7810
rl_homogeneous,16,scaling,1.0,0,545,-2.3752,0.0000,-1.5908
rl_homogeneous,16,scaling,1.0,0,546,-2.5688,6.9733,-0.0213
rl_homogeneous,16,scaling,1.0,0,547,3.2969,0.0000,3.9992
rl_homogeneous,16,scaling,1.0,0,548,0.5176,15.4529,-1.6978
rl_homogeneous,16,scaling,1.0,0,549,4.0062,0.2642,1.1550
rl_homogeneous,16,scaling,1.0,0,550,2.6336,13.8308,1.1298
rl_homogeneous,16,scaling,1.0,0,551,0.0976,21.6779,-1.2841
rl_homogeneous,16,scaling,1.0,0,552,6.7666,8.8344,4.0147
rl_homogeneous,16,scaling,1.0,0,553,4.9129,19.1044,0.4578
rl_homogeneous,16,scaling,1.0,0,554,0.7588,4.2184,-0.4639
rl_homogeneous,16,scaling,1.0,0,555,-1.8087,5.3136,-1.3609
rl_homogeneous,16,scaling,1.0,0,556,-1.5773,11.0517,1.4929
rl_homogeneous,16,scaling,1.0,0,557,-0.1108,8.7973,-0.7591
rl_homogeneous,16,scaling,1.0,0,558,-4.1133,9.4900,1.2749
rl_homogeneous,16,scaling,1.0,0,559,2.5830,10.3315,1.7031
rl_homogeneous,16,scaling,1.0,0,560,-13.9231,-12.6154,-5.2099
rl_homogeneous,16,scaling,1.0,0,561,-4.7211,16.3587,-0.6968
rl_homogeneous,16,scaling,1.0,0,562,7.3129,16.3775,4.3432
rl_homogeneous,16,scaling,1.0,0,563,-2.0039,13.4849,-0.7462
rl_homogeneous,16,scaling,1.0,0,564,0.3679,0.0000,1.4124
rl_homogeneous,16,scaling,1.0,0,565,-10.5460,6.4634,-3.0716
rl_homogeneous,16,scaling,1.0,0,566,-4.6342,-2.4847,-2.9991
rl_homogeneous,16,scaling,1.0,0,567,0.1813,0.0000,0.7007
rl_homogeneous,16,scaling,1.0,0,568,0.7930,25.2271,2.7137
rl_homogeneous,16,scaling,1.0,0,569,0.2755,12.2379,-0.5693
rl_homogeneous,16,scaling,1.0,0,570,-6.7660,20.5191,-2.4228
rl_homogeneous,16,scaling,1.0,0,571,0.5699,19.3320,-0.0389
rl_homogeneous,16,scaling,1.0,0,572,-1.3692,21.2860,-0.2690
rl_homogeneous,16,scaling,1.0,0,573,2.4863,11.8269,0.2092
rl_homogeneous,16,scaling,1.0,0,574,-7.4170,5.7519,-2.7282
rl_homogeneous,16,scaling,1.0,0,575,-2.4539,-0.0406,-1.7705
rl_homogeneous,16,scaling,1.0,0,576,2.7916,13.2597,-1.1169
rl_homogeneous,16,scaling,1.0,0,577,-1.5341,21.3137,-1.0403
rl_homogeneous,16,scaling,1.0,0,578,1.6126,19.5779,0.8439
rl_homogeneous,16,scaling,1.0,0,579,-5.0053,10.2854,1.3169
rl_homogeneous,16,scaling,1.0,0,580,-2.9919,14.2481,-1.4585
rl_homogeneous,16,scaling,1.0,0,581,-21.6954,-11.7172,-8.1127
rl_homogeneous,16,scaling,1.0,0,582,-1.1316,10.9572,0.5127
rl_homogeneous,16,scaling,1.0,0,583,-11.9540,-2.6700,-4.7114
rl_homogeneous,16,scaling,1.0,0,584,2.6287,11.0072,1.2868
rl_homogeneous,16,scaling,1.0,0,585,3.2269,18.4602,0.5931
rl_homogeneous,16,scaling,1.0,0,586,-3.3096,24.8930,1.0728
rl_homogeneous,16,scaling,1.0,0,587,1.4931,9.1433,0.6316
rl_homogeneous,16,scaling,1.0,0,588,-10.0410,2.3601,-2.0444
rl_homogeneous,16,scaling,1.0,0,589,-1.4142,9.8652,-2.3095
rl_homogeneous,16,scaling,1.0,0,590,-8.6567,8.1445,-3.2425
rl_homogeneous,16,scaling,1.0,0,591,-7.0615,7.2271,-1.6238
rl_homogeneous,16,scaling,1.0,0,592,-0.1151,8.5310,0.1976
rl_homogeneous,16,scaling,1.0,0,593,8.4725,21.6687,7.4380
rl_homogeneous,16,scaling,1.0,0,594,-1.2989,8.1613,-0.7692
rl_homogeneous,16,scaling,1.0,0,595,-9.4299,-7.8468,-3.4936
rl_homogeneous,16,scaling,1.0,0,596,-3.6974,28.3501,1.4524
rl_homogeneous,16,scaling,1.0,0,597,-6.5249,-14.4368,-5.2591
rl_homogeneous,16,scaling,1.0,0,598,-6.5624,2.3479,-1.5509
rl_homogeneous,16,scaling,1.0,0,599,-5.7466,-3.9574,-2.8201
rl_homogeneous,16,scaling,1.0,0,600,-1.4095,0.1624,-1.9462
rl_homogeneous,16,scaling,1.0,0,601,-6.0296,12.2450,-3.3620
rl_homogeneous,16,scaling,1.0,0,602,-3.8839,23.5522,3.7711
rl_homogeneous,16,scaling,1.0,0,603,-3.4031,3.2344,-1.6483
rl_homogeneous,16,scaling,1.0,0,604,-8.9799,-2.5290,-3.5055
rl_homogeneous,16,scaling,1.0,0,605,-2.2810,31.8716,-1.5136
rl_homogeneous,16,scaling,1.0,0,606,-4.3270,-6.5218,-3.2421
rl_homogeneous,16,scaling,1.0,0,607,4.0507,13.8875,3.5960
rl_homogeneous,16,scaling,1.0,0,608,6.3660,13.0812,2.5381
rl_homogeneous,16,scaling,1.0,0,609,5.2654,7.5768,2.0611
rl_homogeneous,16,scaling,1.0,0,610,3.0597,20.6947,3.3827
rl_homogeneous,16,scaling,1.0,0,611,-11.1728,8.9797,-0.1435
rl_homogeneous,16,scaling,1.0,0,612,-7.6255,-3.4154,-1.5085
rl_homogeneous,16,scaling,1.0,0,613,-6.6184,8.8842,-3.8199
rl_homogeneous,16,scaling,1.0,0,614,-7.5232,11.0850,-2.1621
rl_homogeneous,16,scaling,1.0,0,615,-2.4758,20.5092,0.1088
rl_homogeneous,16,scaling,1.0,0,616,0.7852,0.0000,2.1327
rl_homogeneous,16,scaling,1.0,0,617,-4.1538,0.4719,-0.7626
rl_homogeneous,16,scaling,1.0,0,618,5.9390,0.2299,4.3234
rl_homogeneous,16,scaling,1.0,0,619,-7.1254,-9.7261,-3.5723
rl_homogeneous,16,scaling,1.0,0,620,-16.7731,-12.4318,-5.1533
rl_homogeneous,16,scaling,1.0,0,621,-8.1516,-8.9323,-3.3017
rl_homogeneous,16,scaling,1.0,0,622,2.9495,9.2193,0.1483
rl_homogeneous,16,scaling,1.0,0,623,-5.1269,12.0433,-0.1431
rl_homogeneous,16,scaling,1.0,0,624,-7.5491,24.9864,0.8342
rl_homogeneous,16,scaling,1.0,0,625,-6.7438,6.5060,-1.1584
rl_homogeneous,16,scaling,1.0,0,626,4.4517,24.6892,2.6288
rl_homogeneous,16,scaling,1.0,0,627,-4.9666,5.5563,-2.0149
rl_homogeneous,16,scaling,1.0,0,628,-6.5347,11.2556,-3.3724
rl_homogeneous,16,scaling,1.0,0,629,-9.0495,-12.3021,-5.6825
rl_homogeneous,16,scaling,1.0,0,630,-6.9686,5.9371,-2.1034
rl_homogeneous,16,scaling,1.0,0,631,2.5046,11.0305,0.2856
rl_homogeneous,16,scaling,1.0,0,632,-0.3977,16.7726,2.7847
rl_homogeneous,16,scaling,1.0,0,633,-9.2812,-7.6425,-4.0911
rl_homogeneous,16,scaling,1.0,0,634,3.0521,13.1978,3.1491
rl_homogeneous,16,scaling,1.0,0,635,6.4696,15.4453,1.7758
rl_homogeneous,16,scaling,1.0,0,636,2.9686,3.6822,1.7213
rl_homogeneous,16,scaling,1.0,0,637,-6.0621,4.6982,-1.3768
rl_homogeneous,16,scaling,1.0,0,638,-6.4894,2.9891,-2.4323
rl_homogeneous,16,scaling,1.0,0,639,-1.4105,0.9706,-2.2905
rl_homogeneous,16,scaling,1.0,0,640,0.4514,9.7103,0.6926
rl_homogeneous,16,scaling,1.0,0,641,-1.1203,10.8422,0.1760
rl_homogeneous,16,scaling,1.0,0,642,7.7973,14.1838,5.1965
rl_homogeneous,16,scaling,1.0,0,643,2.0504,35.4543,1.7995
rl_homogeneous,16,scaling,1.0,0,644,-2.9437,14.5088,0.0687
rl_homogeneous,16,scaling,1.0,0,645,0.6140,14.8999,1.0527
rl_homogeneous,16,scaling,1.0,0,646,3.3466,1.4279,2.8304
rl_homogeneous,16,scaling,1.0,0,647,-6.3950,-2.5581,-2.2288
rl_homogeneous,16,scaling,1.0,0,648,7.6011,18.5543,1.5268
rl_homogeneous,16,scaling,1.0,0,649,-4.1849,-0.6566,-2.1245
rl_homogeneous,16,scaling,1.0,0,650,4.8551,21.1979,2.7536
rl_homogeneous,16,scaling,1.0,0,651,2.9627,26.9183,2.7107
rl_homogeneous,16,scaling,1.0,0,652,-2.3392,1.5931,-1.1750
rl_homogeneous,16,scaling,1.0,0,653,-0.6481,20.1440,-0.3015
rl_homogeneous,16,scaling,1.0,0,654,1.9740,2.2579,-1.0441
rl_homogeneous,16,scaling,1.0,0,655,-0.8776,9.1638,0.9072
rl_homogeneous,16,scaling,1.0,0,656,-7.2491,-2.6148,-2.6196
rl_homogeneous,16,scaling,1.0,0,657,0.4443,2.7452,-0.7847
rl_homogeneous,16,scaling,1.0,0,658,0.5805,0.3322,0.4157
rl_homogeneous,16,scaling,1.0,0,659,2.3271,15.8808,2.6596
rl_homogeneous,16,scaling,1.0,0,660,-8.5353,9.0597,-1.5130
rl_homogeneous,16,scaling,1.0,0,661,2.1758,15.3072,-0.4734
rl_homogeneous,16,scaling,1.0,0,662,-1.2839,0.0000,0.0184
rl_homogeneous,16,scaling,1.0,0,663,1.3472,20.7657,0.7537
rl_homogeneous,16,scaling,1.0,0,664,-5.9446,-6.2572,-2.6775
rl_homogeneous,16,scaling,1.0,0,665,-1.8460,5.2235,-0.2740
rl_homogeneous,16,scaling,1.0,0,666,-1.9174,3.8780,-1.3881
rl_homogeneous,16,scaling,1.0,0,667,-7.0744,-2.9156,-3.1304
rl_homogeneous,16,scaling,1.0,0,668,0.3552,0.1467,0.2279
rl_homogeneous,16,scaling,1.0,0,669,2.1039,6.7344,-0.1215
rl_homogeneous,16,scaling,1.0,0,670,8.7118,1.9519,6.2681
rl_homogeneous,16,scaling,1.0,0,671,1.6390,27.9925,5.5055
rl_homogeneous,16,scaling,1.0,0,672,0.7512,16.7501,0.7393
rl_homogeneous,16,scaling,1.0,0,673,0.6853,16.6684,0.2334
rl_homogeneous,16,scaling,1.0,0,674,-2.1175,5.9762,-0.2914
rl_homogeneous,16,scaling,1.0,0,675,-3.9226,8.1738,-1.0031
rl_homogeneous,16,scaling,1.0,0,676,0.1347,3.4838,-1.2773
rl_homogeneous,16,scaling,1.0,0,677,-11.0828,2.6160,-1.6692
rl_homogeneous,16,scaling,1.0,0,678,5.7606,13.4850,0.2227
rl_homogeneous,16,scaling,1.0,0,679,-1.8152,0.0000,-1.0881
rl_homogeneous,16,scaling,1.0,0,680,-4.1052,0.1374,-0.7092
rl_homogeneous,16,scaling,1.0,0,681,2.6196,22.5053,0.5398
rl_homogeneous,16,scaling,1.0,0,682,5.6667,0.0000,3.0589
rl_homogeneous,16,scaling,1.0,0,683,-5.2686,-2.9163,-2.4808
rl_homogeneous,16,scaling,1.0,0,684,3.9603,14.1892,2.4993
rl_homogeneous,16,scaling,1.0,0,685,-2.0206,6.4416,-0.1753
rl_homogeneous,16,scaling,1.0,0,686,-1.5019,8.8866,0.9219
rl_homogeneous,16,scaling,1.0,0,687,-8.5690,1.2655,-1.4792
rl_homogeneous,16,scaling,1.0,0,688,-1.9711,0.0000,-1.1286
rl_homogeneous,16,scaling,1.0,0,689,-3.0767,21.6725,-0.8347
rl_homogeneous,16,scaling,1.0,0,690,-4.5943,19.1188,0.0873
rl_homogeneous,16,scaling,1.0,0,691,-3.9526,24.6877,-0.8537
rl_homogeneous,16,scaling,1.0,0,692,-2.7637,-1.9506,-2.5744
rl_homogeneous,16,scaling,1.0,0,693,1.2461,23.7389,-0.1446
rl_homogeneous,16,scaling,1.0,0,694,-2.0915,9.5005,-1.2152
rl_homogeneous,16,scaling,1.0,0,695,7.0886,27.9953,1.3960
rl_homogeneous,16,scaling,1.0,0,696,3.4879,16.6281,1.4882
rl_homogeneous,16,scaling,1.0,0,697,-1.1124,14.7370,-1.4165
rl_homogeneous,16,scaling,1.0,0,698,2.2977,14.5939,2.2354
rl_homogeneous,16,scaling,1.0,0,699,-2.1659,20.0551,1.4263
rl_homogeneous,16,scaling,1.0,0,700,-3.5472,1.2875,-1.9382
rl_homogeneous,16,scaling,1.0,0,701,5.9800,20.7411,1.8464
rl_homogeneous,16,scaling,1.0,0,702,-9.7712,-12.8543,-4.7172
rl_homogeneous,16,scaling,1.0,0,703,-1.6063,2.8929,-0.2354
rl_homogeneous,16,scaling,1.0,0,704,-2.5464,30.1081,-0.2832
rl_homogeneous,16,scaling,1.0,0,705,-8.4081,-0.3450,-3.0735
rl_homogeneous,16,scaling,1.0,0,706,-11.1673,0.1109,-3.2583
rl_homogeneous,16,scaling,1.0,0,707,-3.9866,10.8057,-0.2674
rl_homogeneous,16,scaling,1.0,0,708,8.1525,12.9010,5.2923
rl_homogeneous,16,scaling,1.0,0,709,-9.1467,-1.1468,-2.1640
rl_homogeneous,16,scaling,1.0,0,710,1.1922,4.3315,-0.2362
rl_homogeneous,16,scaling,1.0,0,711,12.9787,4.8019,6.6891
rl_homogeneous,16,scaling,1.0,0,712,6.7333,0.2612,4.7033
rl_homogeneous,16,scaling,1.0,0,713,-2.3894,6.5784,-1.3094
rl_homogeneous,16,scaling,1.0,0,714,-14.9077,-3.7573,-3.9242
rl_homogeneous,16,scaling,1.0,0,715,0.2121,9.2668,-0.3257
rl_homogeneous,16,scaling,1.0,0,716,1.1179,25.4812,2.8020
rl_homogeneous,16,scaling,1.0,0,717,4.7557,9.9538,1.0904
rl_homogeneous,16,scaling,1.0,0,718,0.0405,-0.1381,-1.9056
rl_homogeneous,16,scaling,1.0,0,719,-4.5499,21.6462,-1.7181
rl_homogeneous,16,scaling,1.0,0,720,-4.1011,4.8195,-0.8897
rl_homogeneous,16,scaling,1.0,0,721,2.5648,0.0000,2.0229
rl_homogeneous,16,scaling,1.0,0,722,4.9931,12.2780,3.3639
rl_homogeneous,16,scaling,1.0,0,723,-0.8245,8.1156,-1.0353
rl_homogeneous,16,scaling,1.0,0,724,-3.2826,3.8484,-0.6579
rl_homogeneous,16,scaling,1.0,0,725,-4.9170,-2.1750,-2.7962
rl_homogeneous,16,scaling,1.0,0,726,-7.0975,-4.1815,-4.0560
rl_homogeneous,16,scaling,1.0,0,727,0.0885,0.0000,0.4595
rl_homogeneous,16,scaling,1.0,0,728,-2.0935,11.4562,-1.5887
rl_homogeneous,16,scaling,1.0,0,729,6.8028,25.7841,1.2922
rl_homogeneous,16,scaling,1.0,0,730,-4.8754,9.9979,-0.9069
rl_homogeneous,16,scaling,1.0,0,731,-1.0247,11.5760,-0.7673
rl_homogeneous,16,scaling,1.0,0,732,1.0607,11.4609,1.5308
rl_homogeneous,16,scaling,1.0,0,733,1.2483,10.5682,1.2180
rl_homogeneous,16,scaling,1.0,0,734,-5.7849,-2.0935,-1.6181
rl_homogeneous,16,scaling,1.0,0,735,-10.3853,9.9015,-0.2033
rl_homogeneous,16,scaling,1.0,0,736,5.1126,25.4361,0.9687
rl_homogeneous,16,scaling,1.0,0,737,3.0867,18.3228,0.1016
rl_homogeneous,16,scaling,1.0,0,738,-5.0786,2.5036,-3.0925
rl_homogeneous,16,scaling,1.0,0,739,-0.0697,10.8672,0.4935
rl_homogeneous,16,scaling,1.0,0,740,-5.3241,8.1697,0.1253
rl_homogeneous,16,scaling,1.0,0,741,-0.3904,23.8621,-0.8759
rl_homogeneous,16,scaling,1.0,0,742,-0.4776,10.6384,-0.0404
rl_homogeneous,16,scaling,1.0,0,743,-3.0712,0.0000,1.3873
rl_homogeneous,16,scaling,1.0,0,744,-15.2014,-2.8789,-5.2547
rl_homogeneous,16,scaling,1.0,0,745,-1.5637,10.2633,-0.4424
rl_homogeneous,16,scaling,1.0,0,746,-10.5594,-8.7174,-4.5220
rl_homogeneous,16,scaling,1.0,0,747,-0.4823,0.1041,0.3903
rl_homogeneous,16,scaling,1.0,0,748,3.1052,0.7341,0.6806
rl_homogeneous,16,scaling,1.0,0,749,0.3685,25.2614,1.8010
rl_homogeneous,16,scaling,1.0,0,750,-3.6839,9.4382,-2.6542
rl_homogeneous,16,scaling,1.0,0,751,-3.4645,19.4405,-1.0248
rl_homogeneous,16,scaling,1.0,0,752,-5.5758,0.9672,-1.9917
rl_homogeneous,16,scaling,1.0,0,753,-1.4802,15.4587,-0.4177
rl_homogeneous,16,scaling,1.0,0,754,-1.0609,12.0544,2.0548
rl_homogeneous,16,scaling,1.0,0,755,-9.3749,-3.7150,-3.7211
rl_homogeneous,16,scaling,1.0,0,756,6.5010,30.1059,4.0893
rl_homogeneous,16,scaling,1.0,0,757,-2.8315,4.3183,-0.8106
rl_homogeneous,16,scaling,1.0,0,758,2.9925,16.4230,2.4227
rl_homogeneous,16,scaling,1.0,0,759,0.5645,4.0060,-1.7144
rl_homogeneous,16,scaling,1.0,0,760,-0.1358,0.0000,0.5494
rl_homogeneous,16,scaling,1.0,0,761,-1.3987,8.6501,0.0440
rl_homogeneous,16,scaling,1.0,0,762,-3.1551,1.7536,-1.7837
rl_homogeneous,16,scaling,1.0,0,763,-1.8345,4.1604,-2.2250
rl_homogeneous,16,scaling,1.0,0,764,3.9183,21.9906,0.9724
rl_homogeneous,16,scaling,1.0,0,765,-1.3468,9.0903,-0.4114
rl_homogeneous,16,scaling,1.0,0,766,0.7852,18.0004,0.6331
rl_homogeneous,16,scaling,1.0,0,767,-13.7097,-15.7837,-6.1657
rl_homogeneous,16,scaling,1.0,0,768,6.2076,15.1183,3.5786
rl_homogeneous,16,scaling,1.0,0,769,-10.3205,3.5853,-2.0567
rl_homogeneous,16,scaling,1.0,0,770,-6.6421,6.9483,-2.9194
rl_homogeneous,16,scaling,1.0,0,771,-6.8115,4.7343,-0.7954
rl_homogeneous,16,scaling,1.0,0,772,-6.9973,0.0512,-2.1767
rl_homogeneous,16,scaling,1.0,0,773,-2.6590,11.1789,-1.3794
rl_homogeneous,16,scaling,1.0,0,774,6.3870,21.6067,3.4237
rl_homogeneous,16,scaling,1.0,0,775,-5.9237,4.9272,-2.4014
rl_homogeneous,16,scaling,1.0,0,776,-3.1311,0.0000,0.4527
rl_homogeneous,16,scaling,1.0,0,777,8.5343,0.0000,7.7880
rl_homogeneous,16,scaling,1.0,0,778,-1.3620,13.9830,-0.1939
rl_homogeneous,16,scaling,1.0,0,779,-4.1551,-0.4997,-1.7680
rl_homogeneous,16,scaling,1.0,0,780,-2.0795,15.9804,-0.2600
rl_homogeneous,16,scaling,1.0,0,781,-2.3069,5.1148,-0.6051
rl_homogeneous,16,scaling,1.0,0,782,-1.2649,17.2051,0.6105
rl_homogeneous,16,scaling,1.0,0,783,2.3927,13.6861,0.2904
rl_homogeneous,16,scaling,1.0,0,784,4.4086,10.8424,2.2317
rl_homogeneous,16,scaling,1.0,0,785,-0.2208,21.3099,-0.0873
rl_homogeneous,16,scaling,1.0,0,786,5.5421,16.4929,3.9641
rl_homogeneous,16,scaling,1.0,0,787,2.1310,22.0525,-0.8463
rl_homogeneous,16,scaling,1.0,0,788,2.1934,0.7853,-1.6499
rl_homogeneous,16,scaling,1.0,0,789,-3.2252,10.9337,-0.8420
rl_homogeneous,16,scaling,1.0,0,790,2.3346,18.0681,1.3314
rl_homogeneous,16,scaling,1.0,0,791,-0.9748,7.0924,0.0740
rl_homogeneous,16,scaling,1.0,0,792,-5.2290,0.0000,-2.3561
rl_homogeneous,16,scaling,1.0,0,793,6.8255,20.7263,4.3588
rl_homogeneous,16,scaling,1.0,0,794,10.8176,1.6017,6.0786
rl_homogeneous,16,scaling,1.0,0,795,-2.2513,15.6623,1.0467
rl_homogeneous,16,scaling,1.0,0,796,1.9097,18.9783,1.4256
rl_homogeneous,16,scaling,1.0,0,797,-1.2542,1.8867,-1.2198
rl_homogeneous,16,scaling,1.0,0,798,0.6852,0.1745,2.4718
rl_homogeneous,16,scaling,1.0,0,799,0.6805,9.2511,-1.2411
rl_homogeneous,16,scaling,1.0,0,800,-0.9661,24.8692,-0.1560
rl_homogeneous,16,scaling,1.0,0,801,4.4872,26.4552,1.1621
rl_homogeneous,16,scaling,1.0,0,802,3.0490,17.4972,0.3873
rl_homogeneous,16,scaling,1.0,0,803,-3.6183,-2.2157,-2.7015
rl_homogeneous,16,scaling,1.0,0,804,4.8573,0.0000,1.9668
rl_homogeneous,16,scaling,1.0,0,805,7.6250,18.7293,4.0611
rl_homogeneous,16,scaling,1.0,0,806,-2.3897,1.6619,-2.3075
rl_homogeneous,16,scaling,1.0,0,807,3.8232,10.4957,-0.1105
rl_homogeneous,16,scaling,1.0,0,808,-7.9549,-6.5659,-3.3385
rl_homogeneous,16,scaling,1.0,0,809,-4.9632,31.0903,0.0657
rl_homogeneous,16,scaling,1.0,0,810,-7.4529,6.2261,-0.5080
rl_homogeneous,16,scaling,1.0,0,811,-0.3873,26.0490,2.4681
rl_homogeneous,16,scaling,1.0,0,812,-1.5579,6.6083,-0.2842
rl_homogeneous,16,scaling,1.0,0,813,2.4606,23.6068,-0.0118
rl_homogeneous,16,scaling,1.0,0,814,-0.8538,7.7769,-0.4249
rl_homogeneous,16,scaling,1.0,0,815,0.5324,10.0954,-0.1114
rl_homogeneous,16,scaling,1.0,0,816,3.1257,6.1793,-0.4064
rl_homogeneous,16,scaling,1.0,0,817,-2.3135,18.4134,4.9328
rl_homogeneous,16,scaling,1.0,0,818,-2.1410,1.0365,-0.9569
rl_homogeneous,16,scaling,1.0,0,819,-2.1856,6.5585,-2.1544
rl_homogeneous,16,scaling,1.0,0,820,2.1470,12.0595,2.7467
rl_homogeneous,16,scaling,1.0,0,821,-6.0025,2.6211,-2.5467
rl_homogeneous,16,scaling,1.0,0,822,0.5135,12.8708,1.1175
rl_homogeneous,16,scaling,1.0,0,823,-0.9926,6.0514,-1.8128
rl_homogeneous,16,scaling,1.0,0,824,2.5634,14.2714,1.5773
rl_homogeneous,16,scaling,1.0,0,825,6.7437,0.0821,2.5087
rl_homogeneous,16,scaling,1.0,0,826,7.8257,7.2432,4.8391
rl_homogeneous,16,scaling,1.0,0,827,-8.2571,-7.9789,-4.0701
rl_homogeneous,16,scaling,1.0,0,828,-7.4430,-5.8859,-3.3367
rl_homogeneous,16,scaling,1.0,0,829,3.3678,7.8518,-0.0604
rl_homogeneous,16,scaling,1.0,0,830,-1.4491,17.9262,-0.5478
rl_homogeneous,16,scaling,1.0,0,831,-8.2172,20.8897,-2.7621
rl_homogeneous,16,scaling,1.0,0,832,-1.5709,8.0324,-0.5912
rl_homogeneous,16,scaling,1.0,0,833,-11.2349,10.3626,-3.7073
rl_homogeneous,16,scaling,1.0,0,834,2.5234,0.0000,0.8293
rl_homogeneous,16,scaling,1.0,0,835,-6.6886,-2.8513,-2.7880
rl_homogeneous,16,scaling,1.0,0,836,-4.6234,0.1938,-0.3133
rl_homogeneous,16,scaling,1.0,0,837,-1.9633,14.3638,1.0117
rl_homogeneous,16,scaling,1.0,0,838,0.7502,18.7200,-0.5015
rl_homogeneous,16,scaling,1.0,0,839,1.5324,2.2455,-1.4916
rl_homogeneous,16,scaling,1.0,0,840,-0.8223,16.7922,-0.9614
rl_homogeneous,16,scaling,1.0,0,841,1.6606,16.4530,1.5736
rl_homogeneous,16,scaling,1.0,0,842,-1.5686,7.2658,-0.4786
rl_homogeneous,16,scaling,1.0,0,843,-6.6378,13.2497,1.6003
rl_homogeneous,16,scaling,1.0,0,844,5.3046,0.0000,1.6311
rl_homogeneous,16,scaling,1.0,0,845,-4.3454,14.6576,-1.3600
rl_homogeneous,16,scaling,1.0,0,846,-8.2240,13.3201,-1.9652
rl_homogeneous,16,scaling,1.0,0,847,-13.3061,-16.7862,-5.6406
rl_homogeneous,16,scaling,1.0,0,848,5.6727,0.0000,4.2909
rl_homogeneous,16,scaling,1.0,0,849,-5.0993,10.6895,-1.1233
rl_homogeneous,16,scaling,1.0,0,850,5.5148,17.8525,1.4749
rl_homogeneous,16,scaling,1.0,0,851,7.5848,12.6458,2.5964
rl_homogeneous,16,scaling,1.0,0,852,-3.0843,8.5335,-1.9810
rl_homogeneous,16,scaling,1.0,0,853,-2.8170,6.6078,0.3569
rl_homogeneous,16,scaling,1.0,0,854,-2.8443,7.1209,-0.0874
rl_homogeneous,16,scaling,1.0,0,855,-7.3986,3.2354,-2.4185
rl_homogeneous,16,scaling,1.0,0,856,8.1444,15.2488,6.1340
rl_homogeneous,16,scaling,1.0,0,857,0.8614,25.0086,0.6042
rl_homogeneous,16,scaling,1.0,0,858,-4.2767,0.2202,-2.4288
rl_homogeneous,16,scaling,1.0,0,859,-2.3500,0.0000,-0.5307
rl_homogeneous,16,scaling,1.0,0,860,0.9959,11.8810,-0.3246
rl_homogeneous,16,scaling,1.0,0,861,-9.9651,-4.7431,-2.7416
rl_homogeneous,16,scaling,1.0,0,862,-5.5273,-1.1635,-1.7442
rl_homogeneous,16,scaling,1.0,0,863,-5.1575,18.3177,-2.0877
rl_homogeneous,16,scaling,1.0,0,864,-1.5339,9.3319,-1.3997
rl_homogeneous,16,scaling,1.0,0,865,-7.9780,-8.1594,-4.2865
rl_homogeneous,16,scaling,1.0,0,866,-7.1521,2.5044,-1.5235
rl_homogeneous,16,scaling,1.0,0,867,-0.9480,1.0162,-1.2883
rl_homogeneous,16,scaling,1.0,0,868,-6.6879,2.7555,-3.0047
rl_homogeneous,16,scaling,1.0,0,869,-2.8574,25.9653,1.0158
rl_homogeneous,16,scaling,1.0,0,870,0.2191,6.4500,-0.4934
rl_homogeneous,16,scaling,1.0,0,871,0.9961,6.5155,-0.0158
rl_homogeneous,16,scaling,1.0,0,872,-2.2443,20.0254,-1.1000
rl_homogeneous,16,scaling,1.0,0,873,3.3527,7.2540,0.2612
rl_homogeneous,16,scaling,1.0,0,874,-2.7388,16.6195,1.3251
rl_homogeneous,16,scaling,1.0,0,875,-3.7248,-2.5380,-3.2570
rl_homogeneous,16,scaling,1.0,0,876,6.6956,16.6699,1.2536
rl_homogeneous,16,scaling,1.0,0,877,-13.6367,-13.3431,-5.1402
rl_homogeneous,16,scaling,1.0,0,878,-0.7876,6.5651,-0.1110
rl_homogeneous,16,scaling,1.0,0,879,3.7910,26.7919,1.9409
rl_homogeneous,16,scaling,1.0,0,880,-2.5951,0.0000,-0.1768
rl_homogeneous,16,scaling,1.0,0,881,-7.3196,-4.1618,-4.1750
rl_homogeneous,16,scaling,1.0,0,882,-1.5599,13.8422,-1.3588
rl_homogeneous,16,scaling,1.0,0,883,-1.8878,-0.4664,-2.0859
rl_homogeneous,16,scaling,1.0,0,884,2.6687,26.9271,0.6712
rl_homogeneous,16,scaling,1.0,0,885,-3.5993,19.2990,-0.8815
rl_homogeneous,16,scaling,1.0,0,886,3.8077,12.8960,1.0454
rl_homogeneous,16,scaling,1.0,0,887,2.9316,18.7991,-0.4179
rl_homogeneous,16,scaling,1.0,0,888,-4.8885,10.2328,-1.1126
rl_homogeneous,16,scaling,1.0,0,889,-9.1942,16.7637,-3.1105
rl_homogeneous,16,scaling,1.0,0,890,1.0843,27.2324,1.1872
rl_homogeneous,16,scaling,1.0,0,891,-2.5560,8.8826,0.0049
rl_homogeneous,16,scaling,1.0,0,892,-0.6504,8.0418,0.4364
rl_homogeneous,16,scaling,1.0,0,893,6.1844,13.5032,0.9431
rl_homogeneous,16,scaling,1.0,0,894,1.8590,16.1581,0.6844
rl_homogeneous,16,scaling,1.0,0,895,-3.2230,4.4108,-1.4277
rl_homogeneous,16,scaling,1.0,0,896,-2.9616,0.1171,-0.1621
rl_homogeneous,16,scaling,1.0,0,897,-6.7351,2.7530,-1.5691
rl_homogeneous,16,scaling,1.0,0,898,-4.1016,9.7188,0.2621
rl_homogeneous,16,scaling,1.0,0,899,-6.5025,0.2677,-2.7597
rl_homogeneous,16,scaling,1.0,0,900,7.2505,0.1079,4.6230
rl_homogeneous,16,scaling,1.0,0,901,-7.3060,5.2847,-3.0195
rl_homogeneous,16,scaling,1.0,0,902,2.0265,1.6775,0.1479
rl_homogeneous,16,scaling,1.0,0,903,-4.7936,1.4827,-1.1376
rl_homogeneous,16,scaling,1.0,0,904,1.7232,20.7568,5.3723
rl_homogeneous,16,scaling,1.0,0,905,0.9690,17.4025,0.1515
rl_homogeneous,16,scaling,1.0,0,906,2.7636,20.1388,0.7407
rl_homogeneous,16,scaling,1.0,0,907,-9.6555,-10.2028,-3.7446
rl_homogeneous,16,scaling,1.0,0,908,-11.3957,1.4571,-3.1263
rl_homogeneous,16,scaling,1.0,0,909,6.1917,0.0000,2.7075
rl_homogeneous,16,scaling,1.0,0,910,-4.2965,15.8383,-1.8811
rl_homogeneous,16,scaling,1.0,0,911,-2.0234,2.6302,-0.7350
rl_homogeneous,16,scaling,1.0,0,912,-5.4878,0.0953,-1.7313
rl_homogeneous,16,scaling,1.0,0,913,4.8682,19.6592,0.3806
rl_homogeneous,16,scaling,1.0,0,914,6.1312,13.6965,3.3516
rl_homogeneous,16,scaling,1.0,0,915,-5.1434,11.0906,-1.7068
rl_homogeneous,16,scaling,1.0,0,916,2.2967,14.8634,1.7445
rl_homogeneous,16,scaling,1.0,0,917,1.7232,9.3912,0.6326
rl_homogeneous,16,scaling,1.0,0,918,-5.4537,-1.9660,-2.3208
rl_homogeneous,16,scaling,1.0,0,919,-3.0227,0.0000,1.1656
rl_homogeneous,16,scaling,1.0,0,920,-6.8784,9.6146,-1.6071
rl_homogeneous,16,scaling,1.0,0,921,2.7756,22.7240,1.5565
rl_homogeneous,16,scaling,1.0,0,922,-1.7173,18.9158,-0.1208
rl_homogeneous,16,scaling,1.0,0,923,0.1919,1.3854,0.1412
rl_homogeneous,16,scaling,1.0,0,924,-2.1171,1.9933,-1.2638
rl_homogeneous,16,scaling,1.0,0,925,-8.5200,3.5567,-2.1411
rl_homogeneous,16,scaling,1.0,0,926,-4.7010,10.1417,-2.2354
rl_homogeneous,16,scaling,1.0,0,927,-0.5804,10.3772,1.1075
rl_homogeneous,16,scaling,1.0,0,928,-3.9211,5.5325,-2.1434
rl_homogeneous,16,scaling,1.0,0,929,-10.4894,0.1634,-4.6400
rl_homogeneous,16,scaling,1.0,0,930,5.5323,17.8978,0.6758
rl_homogeneous,16,scaling,1.0,0,931,2.4424,12.4456,1.0909
rl_homogeneous,16,scaling,1.0,0,932,-0.8105,0.0000,0.3891
rl_homogeneous,16,scaling,1.0,0,933,0.5904,11.0664,-0.0074
rl_homogeneous,16,scaling,1.0,0,934,1.4874,16.5310,0.1633
rl_homogeneous,16,scaling,1.0,0,935,-6.1261,-2.3735,-3.0571
rl_homogeneous,16,scaling,1.0,0,936,0.5267,2.6911,-1.2435
rl_homogeneous,16,scaling,1.0,0,937,-9.2230,24.5169,-2.9064
rl_homogeneous,16,scaling,1.0,0,938,-9.9307,0.0000,-1.3548
rl_homogeneous,16,scaling,1.0,0,939,-1.5366,12.4120,0.4901
rl_homogeneous,16,scaling,1.0,0,940,4.6595,0.1441,3.5072
rl_homogeneous,16,scaling,1.0,0,941,-5.9386,13.7735,-3.1220
rl_homogeneous,16,scaling,1.0,0,942,-2.2984,22.8023,3.1295
rl_homogeneous,16,scaling,1.0,0,943,-3.3816,12.0917,0.5752
rl_homogeneous,16,scaling,1.0,0,944,8.4995,19.8120,0.9895
rl_homogeneous,16,scaling,1.0,0,945,0.6832,8.9757,-0.1771
rl_homogeneous,16,scaling,1.0,0,946,4.1002,10.4577,0.6599
rl_homogeneous,16,scaling,1.0,0,947,-1.6152,11.2181,-0.9207
rl_homogeneous,16,scaling,1.0,0,948,3.1385,5.0196,-0.4292
rl_homogeneous,16,scaling,1.0,0,949,0.8148,14.4722,1.2873
rl_homogeneous,16,scaling,1.0,0,950,-3.8189,-1.2379,-2.5227
rl_homogeneous,16,scaling,1.0,0,951,-6.8036,-0.2158,-0.9953
rl_homogeneous,16,scaling,1.0,0,952,-7.2974,18.8679,-2.5333
rl_homogeneous,16,scaling,1.0,0,953,3.8685,0.0000,2.9673
rl_homogeneous,16,scaling,1.0,0,954,-3.5385,14.3725,-1.3004
rl_homogeneous,16,scaling,1.0,0,955,-2.0622,0.0000,0.9486
rl_homogeneous,16,scaling,1.0,0,956,-1.9476,7.3521,-1.0172
rl_homogeneous,16,scaling,1.0,0,957,-0.4936,5.1404,-0.4871
rl_homogeneous,16,scaling,1.0,0,958,6.8877,11.9929,3.4392
rl_homogeneous,16,scaling,1.0,0,959,-6.0929,-7.4893,-3.6217
rl_homogeneous,16,scaling,1.0,0,960,-4.3016,18.5201,1.9119
rl_homogeneous,16,scaling,1.0,0,961,-1.6909,2.0761,-1.8103
rl_homogeneous,16,scaling,1.0,0,962,3.3228,31.6360,0.7715
rl_homogeneous,16,scaling,1.0,0,963,4.6733,25.3165,2.0150
rl_homogeneous,16,scaling,1.0,0,964,-0.7349,6.1059,-0.5268
rl_homogeneous,16,scaling,1.0,0,965,5.8483,0.0000,2.7587
rl_homogeneous,16,scaling,1.0,0,966,6.9788,10.8520,1.7316
rl_homogeneous,16,scaling,1.0,0,967,0.0468,10.3704,0.8215
rl_homogeneous,16,scaling,1.0,0,968,0.1612,2.7439,-1.1669
rl_homogeneous,16,scaling,1.0,0,969,1.5985,19.9246,0.2211
rl_homogeneous,16,scaling,1.0,0,970,-7.5030,0.3001,-2.8399
rl_homogeneous,16,scaling,1.0,0,971,-2.4916,52.6107,-0.8947
rl_homogeneous,16,scaling,1.0,0,972,-2.4624,9.1617,-0.0229
rl_homogeneous,16,scaling,1.0,0,973,-0.2937,17.7247,0.2851
rl_homogeneous,16,scaling,1.0,0,974,1.5387,6.6295,0.3778
rl_homogeneous,16,scaling,1.0,0,975,-4.0411,7.3231,-2.1694
rl_homogeneous,16,scaling,1.0,0,976,8.8378,8.9749,3.8749
rl_homogeneous,16,scaling,1.0,0,977,-6.3435,3.4975,-2.4153
rl_homogeneous,16,scaling,1.0,0,978,3.8562,9.0008,-0.6437
rl_homogeneous,16,scaling,1.0,0,979,-2.3784,15.0977,1.2051
rl_homogeneous,16,scaling,1.0,0,980,-3.3623,13.9993,-1.0889
rl_homogeneous,16,scaling,1.0,0,981,0.7117,2.6086,-1.0374
rl_homogeneous,16,scaling,1.0,0,982,0.4743,10.5736,0.0220
rl_homogeneous,16,scaling,1.0,0,983,-4.4062,9.2768,-1.0101
rl_homogeneous,16,scaling,1.0,0,984,-2.9306,13.7853,0.6097
rl_homogeneous,16,scaling,1.0,0,985,-7.1714,6.8357,-3.8039
rl_homogeneous,16,scaling,1.0,0,986,9.0913,1.9486,4.5597
rl_homogeneous,16,scaling,1.0,0,987,-7.9881,3.9345,-2.1155
rl_homogeneous,16,scaling,1.0,0,988,-0.7012,20.5361,-0.5924
rl_homogeneous,16,scaling,1.0,0,989,-2.6066,10.2623,0.7812
rl_homogeneous,16,scaling,1.0,0,990,-1.0166,9.9223,2.4541
rl_homogeneous,16,scaling,1.0,0,991,-5.6496,11.5790,-2.0300
rl_homogeneous,16,scaling,1.0,0,992,-0.4006,0.0000,0.9205
rl_homogeneous,16,scaling,1.0,0,993,-6.7524,-3.7096,-2.7060
rl_homogeneous,16,scaling,1.0,0,994,-3.7270,3.8087,-1.2663
rl_homogeneous,16,scaling,1.0,0,995,0.1258,0.2291,0.5481
rl_homogeneous,16,scaling,1.0,0,996,1.1015,20.7490,-2.5194
rl_homogeneous,16,scaling,1.0,0,997,3.9915,10.0390,1.2722
rl_homogeneous,16,scaling,1.0,0,998,1.3683,-1.0334,-2.4271
rl_homogeneous,16,scaling,1.0,0,999,-2.9176,3.7332,-1.6067
rl_homogeneous,16,scaling,1.0,0,1000,0.2846,8.2177,-0.2147
rl_heterogeneous,16,scaling,1.0,0,1,-3.7275,16.1381,-1.4890
rl_heterogeneous,16,scaling,1.0,0,2,7.2683,4.7394,4.9643
rl_heterogeneous,16,scaling,1.0,0,3,-10.0300,6.8477,-2.5001
rl_heterogeneous,16,scaling,1.0,0,4,-2.8178,15.2299,0.3208
rl_heterogeneous,16,scaling,1.0,0,5,-7.2893,-2.4528,-2.8945
rl_heterogeneous,16,scaling,1.0,0,6,0.3279,17.6164,-0.3490
rl_heterogeneous,16,scaling,1.0,0,7,7.0793,19.8322,3.0462
rl_heterogeneous,16,scaling,1.0,0,8,-5.6195,1.6101,-1.4896
rl_heterogeneous,16,scaling,1.0,0,9,-2.3464,7.2461,-0.0824
rl_heterogeneous,16,scaling,1.0,0,10,1.1928,6.6795,0.1794
rl_heterogeneous,16,scaling,1.0,0,11,-1.6871,-0.9883,-1.2817
rl_heterogeneous,16,scaling,1.0,0,12,7.6779,1.5868,4.0110
rl_heterogeneous,16,scaling,1.0,0,13,0.0915,18.6879,2.9905
rl_heterogeneous,16,scaling,1.0,0,14,-11.2462,2.2158,-3.1463
rl_heterogeneous,16,scaling,1.0,0,15,-1.8241,1.8044,-1.4941
rl_heterogeneous,16,scaling,1.0,0,16,2.8492,32.2211,1.5126
rl_heterogeneous,16,scaling,1.0,0,17,-3.2834,0.2012,-3.2399
rl_heterogeneous,16,scaling,1.0,0,18,-0.5901,13.2812,-2.2496
rl_heterogeneous,16,scaling,1.0,0,19,-4.0513,2.1341,-1.5856
rl_heterogeneous,16,scaling,1.0,0,20,-6.4484,2.5947,-0.9102
rl_heterogeneous,16,scaling,1.0,0,21,0.5816,1.2616,-0.3226
rl_heterogeneous,16,scaling,1.0,0,22,-7.0091,-4.0257,-3.6861
rl_heterogeneous,16,scaling,1.0,0,23,-7.2652,14.7056,-0.5885
rl_heterogeneous,16,scaling,1.0,0,24,-4.9240,0.7170,-0.5532
rl_heterogeneous,16,scaling,1.0,0,25,-1.2789,6.4890,-0.5405
rl_heterogeneous,16,scaling,1.0,0,26,4.8082,6.3063,0.3982
rl_heterogeneous,16,scaling,1.0,0,27,-1.5671,11.1085,-0.8492
rl_heterogeneous,16,scaling,1.0,0,28,4.6886,12.0611,3.5473
rl_heterogeneous,16,scaling,1.0,0,29,-0.2899,2.6345,-1.9616
rl_heterogeneous,16,scaling,1.0,0,30,1.1304,10.7022,2.6092
rl_heterogeneous,16,scaling,1.0,0,31,-6.5935,18.5639,-1.7282
rl_heterogeneous,16,scaling,1.0,0,32,-10.4969,0.0407,-3.5066
rl_heterogeneous,16,scaling,1.0,0,33,5.4554,36.6926,4.8014
rl_heterogeneous,16,scaling,1.0,0,34,-1.8590,1.0553,-1.8460
rl_heterogeneous,16,scaling,1.0,0,35,1.8725,-1.2576,-0.9157
rl_heterogeneous,16,scaling,1.0,0,36,-3.0283,-1.3079,-1.6635
rl_heterogeneous,16,scaling,1.0,0,37,-0.3958,9.3593,2.7975
rl_heterogeneous,16,scaling,1.0,0,38,5.5820,9.0749,2.9145
rl_heterogeneous,16,scaling,1.0,0,39,4.9541,24.6836,2.8241
rl_heterogeneous,16,scaling,1.0,0,40,-8.7872,13.4836,-2.6749
rl_heterogeneous,16,scaling,1.0,0,41,1.5706,16.8982,0.9225
rl_heterogeneous,16,scaling,1.0,0,42,-10.7175,6.4641,-0.5711
rl_heterogeneous,16,scaling,1.0,0,43,2.5222,21.3797,2.4966
rl_heterogeneous,16,scaling,1.0,0,44,4.1266,12.7246,1.0988
rl_heterogeneous,16,scaling,1.0,0,45,-1.3173,14.3640,-1.9546
rl_heterogeneous,16,scaling,1.0,0,46,-2.6920,6.7320,-2.8510
rl_heterogeneous,16,scaling,1.0,0,47,-3.0845,11.2735,-2.1193
rl_heterogeneous,16,scaling,1.0,0,48,2.8945,8.1150,1.0471
rl_heterogeneous,16,scaling,1.0,0,49,4.1822,11.0044,1.7915
rl_heterogeneous,16,scaling,1.0,0,50,-2.8236,25.0340,-1.8006
rl_heterogeneous,16,scaling,1.0,0,51,2.1978,11.4803,0.1152
rl_heterogeneous,16,scaling,1.0,0,52,2.9520,15.3868,2.6286
rl_heterogeneous,16,scaling,1.0,0,53,-0.2940,2.1093,-0.5009
rl_heterogeneous,16,scaling,1.0,0,54,-2.0020,6.1871,-2.0042
rl_heterogeneous,16,scaling,1.0,0,55,1.1483,6.4109,0.7844
rl_heterogeneous,16,scaling,1.0,0,56,2.5516,25.8566,2.2161
rl_heterogeneous,16,scaling,1.0,0,57,6.0808,18.2111,2.0090
rl_heterogeneous,16,scaling,1.0,0,58,-3.8282,6.4217,-0.4236
rl_heterogeneous,16,scaling,1.0,0,59,4.7947,1.5355,-0.4235
rl_heterogeneous,16,scaling,1.0,0,60,-1.4039,10.0794,1.4469
rl_heterogeneous,16,scaling,1.0,0,61,3.7043,6.9440,2.4313
rl_heterogeneous,16,scaling,1.0,0,62,-2.1839,6.2284,-0.5092
rl_heterogeneous,16,scaling,1.0,0,63,2.2699,9.9881,-0.1687
rl_heterogeneous,16,scaling,1.0,0,64,-5.8475,8.8160,-1.7278
rl_heterogeneous,16,scaling,1.0,0,65,1.2462,8.0166,2.7330
rl_heterogeneous,16,scaling,1.0,0,66,0.0366,-2.7333,-1.9119
rl_heterogeneous,16,scaling,1.0,0,67,-9.5147,3.5910,-2.8777
rl_heterogeneous,16,scaling,1.0,0,68,-5.9614,-0.1869,-2.5575
rl_heterogeneous,16,scaling,1.0,0,69,-0.1532,17.2754,1.7337
rl_heterogeneous,16,scaling,1.0,0,70,7.6797,16.5498,2.8081
rl_heterogeneous,16,scaling,1.0,0,71,3.4013,2.2881,3.8499
rl_heterogeneous,16,scaling,1.0,0,72,-5.3949,28.7846,0.2522
rl_heterogeneous,16,scaling,1.0,0,73,-7.6801,20.1343,-2.0661
rl_heterogeneous,16,scaling,1.0,0,74,-9.4129,0.3588,-2.9577
rl_heterogeneous,16,scaling,1.0,0,75,3.8035,12.3758,0.0782
rl_heterogeneous,16,scaling,1.0,0,76,-4.7027,-2.4504,-1.7209
rl_heterogeneous,16,scaling,1.0,0,77,1.2521,28.0014,2.2528
rl_heterogeneous,16,scaling,1.0,0,78,1.3803,8.5505,1.0043
rl_heterogeneous,16,scaling,1.0,0,79,-10.1874,4.8873,-3.0602
rl_heterogeneous,16,scaling,1.0,0,80,-2.9705,6.9106,-2.4400
rl_heterogeneous,16,scaling,1.0,0,81,-2.6471,7.2397,-1.0383
rl_heterogeneous,16,scaling,1.0,0,82,2.2612,22.3820,3.3998
rl_heterogeneous,16,scaling,1.0,0,83,0.4447,16.1207,1.0247
rl_heterogeneous,16,scaling,1.0,0,84,4.4848,12.4027,1.3763
rl_heterogeneous,16,scaling,1.0,0,85,4.1397,2.2234,0.7741
rl_heterogeneous,16,scaling,1.0,0,86,-0.6090,5.0918,1.5727
rl_heterogeneous,16,scaling,1.0,0,87,-7.7866,-1.4676,-2.9901
rl_heterogeneous,16,scaling,1.0,0,88,-5.3627,-0.6092,-1.0552
rl_heterogeneous,16,scaling,1.0,0,89,4.0203,16.1240,1.7500
rl_heterogeneous,16,scaling,1.0,0,90,0.5892,6.5808,0.3271
rl_heterogeneous,16,scaling,1.0,0,91,2.2519,19.8914,1.1365
rl_heterogeneous,16,scaling,1.0,0,92,-4.2383,5.7641,-2.0642
rl_heterogeneous,16,scaling,1.0,0,93,0.0178,9.8882,1.9868
rl_heterogeneous,16,scaling,1.0,0,94,-6.4344,9.9379,-2.2143
rl_heterogeneous,16,scaling,1.0,0,95,1.9407,11.9336,-0.9705
rl_heterogeneous,16,scaling,1.0,0,96,-0.6270,-1.4035,-2.1505
rl_heterogeneous,16,scaling,1.0,0,97,-12.3593,-6.4241,-4.3004
rl_heterogeneous,16,scaling,1.0,0,98,-10.2044,4.8077,-3.6427
rl_heterogeneous,16,scaling,1.0,0,99,3.6709,4.7820,3.7080
rl_heterogeneous,16,scaling,1.0,0,100,4.6134,9.4656,0.7953
rl_heterogeneous,16,scaling,1.0,0,101,-0.1632,11.6737,0.9241
rl_heterogeneous,16,scaling,1.0,0,102,-0.3247,22.2446,0.1940
rl_heterogeneous,16,scaling,1.0,0,103,-7.3774,14.6918,-0.7788
rl_heterogeneous,16,scaling,1.0,0,104,-3.1352,2.8040,-1.1444
rl_heterogeneous,16,scaling,1.0,0,105,4.6866,8.2902,1.3935
rl_heterogeneous,16,scaling,1.0,0,106,-5.6433,11.3948,0.0137
rl_heterogeneous,16,scaling,1.0,0,107,-2.8372,-4.3415,-2.0321
rl_heterogeneous,16,scaling,1.0,0,108,-0.4566,12.3501,1.7668
rl_heterogeneous,16,scaling,1.0,0,109,-0.2980,9.8168,-1.5241
rl_heterogeneous,16,scaling,1.0,0,110,2.2862,31.5657,2.2870
rl_heterogeneous,16,scaling,1.0,0,111,-4.3535,18.4756,-0.3539
rl_heterogeneous,16,scaling,1.0,0,112,-2.6019,7.4164,-1.2479
rl_heterogeneous,16,scaling,1.0,0,113,-5.4482,-9.4311,-3.5780
rl_heterogeneous,16,scaling,1.0,0,114,-6.1867,13.5643,-0.2002
rl_heterogeneous,16,scaling,1.0,0,115,-3.6501,30.1808,0.6969
rl_heterogeneous,16,scaling,1.0,0,116,-1.1057,14.2052,-2.4621
rl_heterogeneous,16,scaling,1.0,0,117,0.6552,6.0192,-0.2422
rl_heterogeneous,16,scaling,1.0,0,118,2.4763,17.3947,-0.1969
rl_heterogeneous,16,scaling,1.0,0,119,-2.5140,13.2490,-0.3618
rl_heterogeneous,16,scaling,1.0,0,120,-2.8041,3.4503,-1.3718
rl_heterogeneous,16,scaling,1.0,0,121,5.7417,9.0978,1.7750
rl_heterogeneous,16,scaling,1.0,0,122,-4.5682,20.9050,-0.8264
rl_heterogeneous,16,scaling,1.0,0,123,3.1374,32.6861,2.6085
rl_heterogeneous,16,scaling,1.0,0,124,0.8151,11.1270,1.5451
rl_heterogeneous,16,scaling,1.0,0,125,-0.5362,6.2365,-0.1183
rl_heterogeneous,16,scaling,1.0,0,126,7.2753,6.1659,2.0630
rl_heterogeneous,16,scaling,1.0,0,127,7.5979,2.2229,2.1951
rl_heterogeneous,16,scaling,1.0,0,128,-3.2570,6.1978,-0.3087
rl_heterogeneous,16,scaling,1.0,0,129,0.5723,12.5815,2.0849
rl_heterogeneous,16,scaling,1.0,0,130,6.0249,13.8851,2.0236
rl_heterogeneous,16,scaling,1.0,0,131,-1.0217,11.4115,1.1624
rl_heterogeneous,16,scaling,1.0,0,132,1.4838,35.6698,0.4485
rl_heterogeneous,16,scaling,1.0,0,133,2.1295,23.3780,1.5876
rl_heterogeneous,16,scaling,1.0,0,134,8.9148,9.5425,5.2705
rl_heterogeneous,16,scaling,1.0,0,135,2.5248,20.2416,0.9100
rl_heterogeneous,16,scaling,1.0,0,136,3.0256,5.4359,2.7450
rl_heterogeneous,16,scaling,1.0,0,137,-0.9148,13.2407,-1.4953
rl_heterogeneous,16,scaling,1.0,0,138,1.7203,11.2188,0.8890
rl_heterogeneous,16,scaling,1.0,0,139,4.7240,18.5743,0.7086
rl_heterogeneous,16,scaling,1.0,0,140,-5.6356,6.2474,-2.9784
rl_heterogeneous,16,scaling,1.0,0,141,2.3430,25.4651,1.2325
rl_heterogeneous,16,scaling,1.0,0,142,-6.6762,0.0781,-2.8655
rl_heterogeneous,16,scaling,1.0,0,143,-1.7805,16.5756,-1.5470
rl_heterogeneous,16,scaling,1.0,0,144,-1.9994,4.8295,-2.1180
rl_heterogeneous,16,scaling,1.0,0,145,-4.9616,9.7088,-2.4207
rl_heterogeneous,16,scaling,1.0,0,146,5.9200,25.4916,1.3306
rl_heterogeneous,16,scaling,1.0,0,147,1.1303,3.4114,1.4701
rl_heterogeneous,16,scaling,1.0,0,148,-3.2481,7.8610,-1.3313
rl_heterogeneous,16,scaling,1.0,0,149,-0.2467,19.8239,1.1621
rl_heterogeneous,16,scaling,1.0,0,150,-5.0270,9.9585,-2.9141
rl_heterogeneous,16,scaling,1.0,0,151,-4.9229,1.9345,-1.1244
rl_heterogeneous,16,scaling,1.0,0,152,-5.5039,4.3281,-1.3736
rl_heterogeneous,16,scaling,1.0,0,153,3.8507,5.2281,-0.1089
rl_heterogeneous,16,scaling,1.0,0,154,-9.5795,22.8027,-0.8634
rl_heterogeneous,16,scaling,1.0,0,155,1.8157,15.6379,-0.1334
rl_heterogeneous,16,scaling,1.0,0,156,-4.8099,-1.0325,-3.1993
rl_heterogeneous,16,scaling,1.0,0,157,0.5019,-0.7397,-1.3284
rl_heterogeneous,16,scaling,1.0,0,158,-0.2776,-2.1838,-0.5377
rl_heterogeneous,16,scaling,1.0,0,159,-18.0581,-12.6833,-5.6939
rl_heterogeneous,16,scaling,1.0,0,160,-8.0201,-0.5042,-1.5908
rl_heterogeneous,16,scaling,1.0,0,161,-0.6790,36.3701,1.9057
rl_heterogeneous,16,scaling,1.0,0,162,5.6668,30.9442,0.6769
rl_heterogeneous,16,scaling,1.0,0,163,-4.0041,15.0862,-1.9704
rl_heterogeneous,16,scaling,1.0,0,164,-2.8380,10.6565,1.8148
rl_heterogeneous,16,scaling,1.0,0,165,-3.8547,-1.9602,-3.0042
rl_heterogeneous,16,scaling,1.0,0,166,4.6288,16.9984,2.1267
rl_heterogeneous,16,scaling,1.0,0,167,1.9525,11.7654,-0.1731
rl_heterogeneous,16,scaling,1.0,0,168,4.4907,19.4755,0.7140
rl_heterogeneous,16,scaling,1.0,0,169,1.9637,15.6234,0.1550
rl_heterogeneous,16,scaling,1.0,0,170,2.0581,0.2182,0.6990
rl_heterogeneous,16,scaling,1.0,0,171,-1.9160,-3.0339,-2.2295
rl_heterogeneous,16,scaling,1.0,0,172,2.0416,15.1310,2.8735
rl_heterogeneous,16,scaling,1.0,0,173,4.0712,30.0656,0.3874
rl_heterogeneous,16,scaling,1.0,0,174,-2.4300,2.9826,-1.2639
rl_heterogeneous,16,scaling,1.0,0,175,-2.1143,30.2900,0.0179
rl_heterogeneous,16,scaling,1.0,0,176,-1.3078,4.9556,-2.4378
rl_heterogeneous,16,scaling,1.0,0,177,-0.5115,17.6061,-0.9573
rl_heterogeneous,16,scaling,1.0,0,178,-1.2114,3.0160,0.0858
rl_heterogeneous,16,scaling,1.0,0,179,-0.0280,0.5594,-0.0381
rl_heterogeneous,16,scaling,1.0,0,180,0.1148,14.7710,0.4829
rl_heterogeneous,16,scaling,1.0,0,181,-2.2767,12.9697,1.1638
rl_heterogeneous,16,scaling,1.0,0,182,1.4848,7.6887,2.5191
rl_heterogeneous,16,scaling,1.0,0,183,7.4230,1.9047,4.7318
rl_heterogeneous,16,scaling,1.0,0,184,3.8315,13.8807,0.4661
rl_heterogeneous,16,scaling,1.0,0,185,-2.0618,15.2709,-0.2247
rl_heterogeneous,16,scaling,1.0,0,186,-3.6711,2.1929,-1.4530
rl_heterogeneous,16,scaling,1.0,0,187,-0.5913,9.2135,-0.9138
rl_heterogeneous,16,scaling,1.0,0,188,-0.5177,16.4029,-1.1792
rl_heterogeneous,16,scaling,1.0,0,189,-1.2329,32.2026,1.1566
rl_heterogeneous,16,scaling,1.0,0,190,1.2928,6.2749,1.0622
rl_heterogeneous,16,scaling,1.0,0,191,3.5835,19.3849,1.7850
rl_heterogeneous,16,scaling,1.0,0,192,-0.0387,-1.0058,-1.3375
rl_heterogeneous,16,scaling,1.0,0,193,0.6389,21.8556,0.2946
rl_heterogeneous,16,scaling,1.0,0,194,-5.8563,8.2406,-1.1759
rl_heterogeneous,16,scaling,1.0,0,195,5.5468,4.9573,2.7306
rl_heterogeneous,16,scaling,1.0,0,196,9.8504,28.5401,5.1783
rl_heterogeneous,16,scaling,1.0,0,197,-3.2260,4.2891,-2.5357
rl_heterogeneous,16,scaling,1.0,0,198,4.8319,2.4239,2.0929
rl_heterogeneous,16,scaling,1.0,0,199,-5.3119,4.2674,-2.1119
rl_heterogeneous,16,scaling,1.0,0,200,-1.8242,5.3259,-0.8514
rl_heterogeneous,16,scaling,1.0,0,201,-1.0033,13.7566,-0.1366
rl_heterogeneous,16,scaling,1.0,0,202,4.5081,23.1366,1.2993
rl_heterogeneous,16,scaling,1.0,0,203,4.4751,10.1307,0.7608
rl_heterogeneous,16,scaling,1.0,0,204,-1.7355,-1.8631,-1.2301
rl_heterogeneous,16,scaling,1.0,0,205,-8.6150,-3.3949,-1.6855
rl_heterogeneous,16,scaling,1.0,0,206,-2.0522,3.8954,-0.7668
rl_heterogeneous,16,scaling,1.0,0,207,10.5223,11.4039,4.5505
rl_heterogeneous,16,scaling,1.0,0,208,-5.6869,-2.6326,-2.7852
rl_heterogeneous,16,scaling,1.0,0,209,-18.4796,-9.5295,-5.9485
rl_heterogeneous,16,scaling,1.0,0,210,-14.9490,-17.0428,-4.6928
rl_heterogeneous,16,scaling,1.0,0,211,6.9155,12.1678,0.1921
rl_heterogeneous,16,scaling,1.0,0,212,5.6755,18.9264,1.9014
rl_heterogeneous,16,scaling,1.0,0,213,-0.5517,15.0384,-0.9733
rl_heterogeneous,16,scaling,1.0,0,214,-3.7848,13.9090,0.0579
rl_heterogeneous,16,scaling,1.0,0,215,-2.0247,12.5708,-0.1842
rl_heterogeneous,16,scaling,1.0,0,216,-2.1367,23.2527,0.2729
rl_heterogeneous,16,scaling,1.0,0,217,2.3482,16.3429,0.3518
rl_heterogeneous,16,scaling,1.0,0,218,-3.1874,1.0563,-0.7307
rl_heterogeneous,16,scaling,1.0,0,219,1.9859,6.9521,-0.0363
rl_heterogeneous,16,scaling,1.0,0,220,-4.4355,3.2950,-2.1493
rl_heterogeneous,16,scaling,1.0,0,221,-4.1639,17.4721,0.1398
rl_heterogeneous,16,scaling,1.0,0,222,4.7966,3.2117,1.3619
rl_heterogeneous,16,scaling,1.0,0,223,-4.9591,-4.1976,-2.0912
rl_heterogeneous,16,scaling,1.0,0,224,5.0128,5.3111,2.9957
rl_heterogeneous,16,scaling,1.0,0,225,3.1896,6.3188,0.9072
rl_heterogeneous,16,scaling,1.0,0,226,-4.0349,-1.5803,-1.2194
rl_heterogeneous,16,scaling,1.0,0,227,3.5185,6.4542,0.0362
rl_heterogeneous,16,scaling,1.0,0,228,2.0499,26.3202,2.9545
rl_heterogeneous,16,scaling,1.0,0,229,-1.3085,15.8430,0.0557
rl_heterogeneous,16,scaling,1.0,0,230,-1.8557,16.8713,-0.9260
rl_heterogeneous,16,scaling,1.0,0,231,3.5566,12.6348,0.9839
rl_heterogeneous,16,scaling,1.0,0,232,-2.5706,0.1633,-2.8459
rl_heterogeneous,16,scaling,1.0,0,233,2.2918,4.9188,-0.8094
rl_heterogeneous,16,scaling,1.0,0,234,-6.7541,-8.1665,-2.8771
rl_heterogeneous,16,scaling,1.0,0,235,-1.9982,9.1321,1.2596
rl_heterogeneous,16,scaling,1.0,0,236,-10.0850,-1.6777,-3.2882
rl_heterogeneous,16,scaling,1.0,0,237,5.2089,18.1069,1.6076
rl_heterogeneous,16,scaling,1.0,0,238,3.6396,15.9095,0.4779
rl_heterogeneous,16,scaling,1.0,0,239,-3.4413,8.4099,0.2385
rl_heterogeneous,16,scaling,1.0,0,240,0.1161,8.8163,-0.9237
rl_heterogeneous,16,scaling,1.0,0,241,-1.6861,5.0815,-2.4715
rl_heterogeneous,16,scaling,1.0,0,242,6.0582,9.7591,0.3811
rl_heterogeneous,16,scaling,1.0,0,243,3.2802,16.3741,1.3963
rl_heterogeneous,16,scaling,1.0,0,244,2.4916,21.1690,2.5225
rl_heterogeneous,16,scaling,1.0,0,245,-2.5719,5.9745,-1.5777
rl_heterogeneous,16,scaling,1.0,0,246,4.6987,5.1582,2.9923
rl_heterogeneous,16,scaling,1.0,0,247,-1.9972,6.2633,1.0205
rl_heterogeneous,16,scaling,1.0,0,248,-8.2840,-10.1564,-3.0591
rl_heterogeneous,16,scaling,1.0,0,249,3.9614,16.8597,0.0432
rl_heterogeneous,16,scaling,1.0,0,250,7.1085,21.1951,2.0052
rl_heterogeneous,16,scaling,1.0,0,251,2.4672,22.5804,1.7877
rl_heterogeneous,16,scaling,1.0,0,252,-7.5288,2.0972,-1.6246
rl_heterogeneous,16,scaling,1.0,0,253,-0.5497,7.4221,-0.4525
rl_heterogeneous,16,scaling,1.0,0,254,-7.9081,-4.4844,-2.8041
rl_heterogeneous,16,scaling,1.0,0,255,2.8210,6.3501,-0.7737
rl_heterogeneous,16,scaling,1.0,0,256,4.7844,11.8370,2.6042
rl_heterogeneous,16,scaling,1.0,0,257,-4.3278,5.8685,-2.1071
rl_heterogeneous,16,scaling,1.0,0,258,-2.2587,6.8088,0.1004
rl_heterogeneous,16,scaling,1.0,0,259,-10.6576,6.5548,-3.2374
rl_heterogeneous,16,scaling,1.0,0,260,0.9445,12.9316,1.1093
rl_heterogeneous,16,scaling,1.0,0,261,1.6672,7.5059,-0.2370
rl_heterogeneous,16,scaling,1.0,0,262,-4.6990,3.1853,-2.3404
rl_heterogeneous,16,scaling,1.0,0,263,-7.1598,3.9676,-3.8366
rl_heterogeneous,16,scaling,1.0,0,264,2.9036,8.6037,-0.3363
rl_heterogeneous,16,scaling,1.0,0,265,-11.6339,-7.3985,-4.7921
rl_heterogeneous,16,scaling,1.0,0,266,-6.5049,1.2715,-2.2261
rl_heterogeneous,16,scaling,1.0,0,267,0.4708,29.0665,0.5915
rl_heterogeneous,16,scaling,1.0,0,268,-5.6185,-2.1480,-3.3542
rl_heterogeneous,16,scaling,1.0,0,269,-2.3656,0.5882,-2.0214
rl_heterogeneous,16,scaling,1.0,0,270,0.2246,9.6743,-0.4875
rl_heterogeneous,16,scaling,1.0,0,271,-5.5366,16.1159,-2.2071
rl_heterogeneous,16,scaling,1.0,0,272,5.4652,3.0064,3.2369
rl_heterogeneous,16,scaling,1.0,0,273,4.3470,33.8858,2.9377
rl_heterogeneous,16,scaling,1.0,0,274,-6.8025,-5.0301,-1.4628
rl_heterogeneous,16,scaling,1.0,0,275,-1.4142,3.6700,-0.7023
rl_heterogeneous,16,scaling,1.0,0,276,-1.5414,19.4124,3.0033
rl_heterogeneous,16,scaling,1.0,0,277,5.3300,15.3885,2.8337
rl_heterogeneous,16,scaling,1.0,0,278,-2.3037,14.9921,0.2129
rl_heterogeneous,16,scaling,1.0,0,279,-1.2661,7.9787,-1.5576
rl_heterogeneous,16,scaling,1.0,0,280,-4.1469,10.6079,-1.1154
rl_heterogeneous,16,scaling,1.0,0,281,3.4535,6.1890,1.0384
rl_heterogeneous,16,scaling,1.0,0,282,-4.0590,-1.8947,-2.4767
rl_heterogeneous,16,scaling,1.0,0,283,-0.8256,2.8722,-2.3808
rl_heterogeneous,16,scaling,1.0,0,284,-14.9922,1.7849,-1.8567
rl_heterogeneous,16,scaling,1.0,0,285,-2.4849,-2.9434,-1.9414
rl_heterogeneous,16,scaling,1.0,0,286,-4.3180,17.6003,-2.1376
rl_heterogeneous,16,scaling,1.0,0,287,1.5916,12.1936,-1.0624
rl_heterogeneous,16,scaling,1.0,0,288,1.4155,11.3960,1.0221
rl_heterogeneous,16,scaling,1.0,0,289,-1.1123,12.8642,1.0444
rl_heterogeneous,16,scaling,1.0,0,290,-0.9180,18.3912,-0.4990
rl_heterogeneous,16,scaling,1.0,0,291,-5.4269,1.3569,-3.5772
rl_heterogeneous,16,scaling,1.0,0,292,-9.0206,0.7696,-3.8497
rl_heterogeneous,16,scaling,1.0,0,293,-13.8182,-9.9971,-4.3460
rl_heterogeneous,16,scaling,1.0,0,294,4.3372,15.0807,-0.1302
rl_heterogeneous,16,scaling,1.0,0,295,-0.6609,11.5451,-1.1790
rl_heterogeneous,16,scaling,1.0,0,296,2.7456,25.3466,0.8603
rl_heterogeneous,16,scaling,1.0,0,297,5.2429,13.2214,3.4078
rl_heterogeneous,16,scaling,1.0,0,298,2.5099,28.4543,2.2496
rl_heterogeneous,16,scaling,1.0,0,299,0.3287,10.2118,-0.1947
rl_heterogeneous,16,scaling,1.0,0,300,-4.4527,2.5085,-0.8536
rl_heterogeneous,16,scaling,1.0,0,301,-3.9584,0.3142,-1.3357
rl_heterogeneous,16,scaling,1.0,0,302,-3.4252,18.3376,1.3272
rl_heterogeneous,16,scaling,1.0,0,303,3.7942,27.3074,1.1220
rl_heterogeneous,16,scaling,1.0,0,304,7.8941,10.6696,4.0408
rl_heterogeneous,16,scaling,1.0,0,305,1.7145,3.4238,-0.6491
rl_heterogeneous,16,scaling,1.0,0,306,-5.7912,8.0605,-4.4829
rl_heterogeneous,16,scaling,1.0,0,307,-0.4750,-3.3167,-2.2220
rl_heterogeneous,16,scaling,1.0,0,308,5.8242,6.0234,0.8176
rl_heterogeneous,16,scaling,1.0,0,309,-3.2699,7.6486,1.0251
rl_heterogeneous,16,scaling,1.0,0,310,1.3620,8.1436,0.6557
rl_heterogeneous,16,scaling,1.0,0,311,-5.4754,4.5801,-1.7111
rl_heterogeneous,16,scaling,1.0,0,312,-5.0303,18.8060,0.0317
rl_heterogeneous,16,scaling,1.0,0,313,-2.3268,8.8968,-1.2525
rl_heterogeneous,16,scaling,1.0,0,314,-6.1641,39.7143,-0.5990
rl_heterogeneous,16,scaling,1.0,0,315,3.8324,0.2793,1.2836
rl_heterogeneous,16,scaling,1.0,0,316,-2.1009,21.1839,-1.5403
rl_heterogeneous,16,scaling,1.0,0,317,-4.4223,0.1316,-3.1633
rl_heterogeneous,16,scaling,1.0,0,318,5.2462,16.1059,6.3250
rl_heterogeneous,16,scaling,1.0,0,319,-10.7223,2.8706,-1.4980
rl_heterogeneous,16,scaling,1.0,0,320,5.1399,7.3595,0.2324
rl_heterogeneous,16,scaling,1.0,0,321,2.1454,23.0725,1.1811
rl_heterogeneous,16,scaling,1.0,0,322,6.2161,13.4108,1.2988
rl_heterogeneous,16,scaling,1.0,0,323,2.8907,17.7068,-0.3879
rl_heterogeneous,16,scaling,1.0,0,324,5.0771,8.0573,1.4827
rl_heterogeneous,16,scaling,1.0,0,325,-1.6127,8.6530,-0.9867
rl_heterogeneous,16,scaling,1.0,0,326,-4.5851,16.9804,0.0155
rl_heterogeneous,16,scaling,1.0,0,327,4.6793,2.3712,2.3694
rl_heterogeneous,16,scaling,1.0,0,328,4.1503,7.5289,-0.0698
rl_heterogeneous,16,scaling,1.0,0,329,-1.1146,5.0939,-0.4151
rl_heterogeneous,16,scaling,1.0,0,330,-6.9533,0.0393,-2.8779
rl_heterogeneous,16,scaling,1.0,0,331,5.4262,30.0211,4.4853
rl_heterogeneous,16,scaling,1.0,0,332,0.2373,21.1757,0.4201
rl_heterogeneous,16,scaling,1.0,0,333,-8.8084,-6.0486,-2.9216
rl_heterogeneous,16,scaling,1.0,0,334,-0.0707,6.8365,2.0172
rl_heterogeneous,16,scaling,1.0,0,335,3.5766,17.5039,3.6278
rl_heterogeneous,16,scaling,1.0,0,336,-3.3791,6.8751,-0.6042
rl_heterogeneous,16,scaling,1.0,0,337,-3.5413,-4.9871,-3.6285
rl_heterogeneous,16,scaling,1.0,0,338,-6.1899,3.8713,-3.3553
rl_heterogeneous,16,scaling,1.0,0,339,5.2523,14.5514,2.6401
rl_heterogeneous,16,scaling,1.0,0,340,-0.9290,4.4506,0.5450
rl_heterogeneous,16,scaling,1.0,0,341,7.2664,10.6960,1.0835
rl_heterogeneous,16,scaling,1.0,0,342,-1.3111,-0.2971,-0.9356
rl_heterogeneous,16,scaling,1.0,0,343,-3.3253,18.4801,-1.6014
rl_heterogeneous,16,scaling,1.0,0,344,0.3896,11.6923,0.8015
rl_heterogeneous,16,scaling,1.0,0,345,3.0413,8.6113,1.1015
rl_heterogeneous,16,scaling,1.0,0,346,4.9800,18.8627,3.2376
rl_heterogeneous,16,scaling,1.0,0,347,-13.0254,-14.3840,-5.4824
rl_heterogeneous,16,scaling,1.0,0,348,-9.5625,10.4146,-3.8481
rl_heterogeneous,16,scaling,1.0,0,349,0.3634,12.9586,0.5684
rl_heterogeneous,16,scaling,1.0,0,350,6.8673,10.8317,2.5732
rl_heterogeneous,16,scaling,1.0,0,351,-4.7821,0.4851,-1.7704
rl_heterogeneous,16,scaling,1.0,0,352,-1.1972,-2.0151,-1.5034
rl_heterogeneous,16,scaling,1.0,0,353,0.3343,12.6553,-0.3837
rl_heterogeneous,16,scaling,1.0,0,354,-4.1882,12.7797,0.5684
rl_heterogeneous,16,scaling,1.0,0,355,2.1380,16.0328,2.7688
rl_heterogeneous,16,scaling,1.0,0,356,7.0332,8.1105,2.4882
rl_heterogeneous,16,scaling,1.0,0,357,-3.4950,28.0772,-1.3005
rl_heterogeneous,16,scaling,1.0,0,358,0.8279,12.8356,-0.1480
rl_heterogeneous,16,scaling,1.0,0,359,-4.9278,5.3080,-0.9108
rl_heterogeneous,16,scaling,1.0,0,360,-4.1203,11.3262,1.1495
rl_heterogeneous,16,scaling,1.0,0,361,1.8088,6.3780,0.4736
rl_heterogeneous,16,scaling,1.0,0,362,-8.2577,-8.7747,-4.4992
rl_heterogeneous,16,scaling,1.0,0,363,0.1495,9.8371,1.3184
rl_heterogeneous,16,scaling,1.0,0,364,4.7387,-1.5754,4.3996
rl_heterogeneous,16,scaling,1.0,0,365,-4.0888,3.3934,-2.5814
rl_heterogeneous,16,scaling,1.0,0,366,-2.0797,6.0230,-0.0474
rl_heterogeneous,16,scaling,1.0,0,367,8.5929,22.2534,5.7083
rl_heterogeneous,16,scaling,1.0,0,368,-0.6944,13.7689,-0.4387
rl_heterogeneous,16,scaling,1.0,0,369,-1.6706,0.9982,-0.3262
rl_heterogeneous,16,scaling,1.0,0,370,-2.6448,11.7880,-2.0827
rl_heterogeneous,16,scaling,1.0,0,371,2.0391,7.5490,0.8553
rl_heterogeneous,16,scaling,1.0,0,372,-2.3006,6.4628,-0.9081
rl_heterogeneous,16,scaling,1.0,0,373,-9.8032,-9.0518,-4.0145
rl_heterogeneous,16,scaling,1.0,0,374,4.0034,3.0711,0.9353
rl_heterogeneous,16,scaling,1.0,0,375,-8.1101,-1.8185,-1.9383
rl_heterogeneous,16,scaling,1.0,0,376,-11.1561,0.9515,-5.7436
rl_heterogeneous,16,scaling,1.0,0,377,-3.7832,1.3819,-0.6553
rl_heterogeneous,16,scaling,1.0,0,378,-0.0439,36.5159,0.6077
rl_heterogeneous,16,scaling,1.0,0,379,-1.5851,28.1888,1.5836
rl_heterogeneous,16,scaling,1.0,0,380,1.9604,17.0494,-0.9220
rl_heterogeneous,16,scaling,1.0,0,381,-3.1589,16.2379,-0.2497
rl_heterogeneous,16,scaling,1.0,0,382,-5.9218,15.5448,-0.9506
rl_heterogeneous,16,scaling,1.0,0,383,3.0723,13.6816,-0.7745
rl_heterogeneous,16,scaling,1.0,0,384,5.4145,11.0742,2.1434
rl_heterogeneous,16,scaling,1.0,0,385,2.6374,10.3837,0.2346
rl_heterogeneous,16,scaling,1.0,0,386,-9.3678,-3.9601,-3.1909
rl_heterogeneous,16,scaling,1.0,0,387,-8.3564,-0.8942,-1.7041
rl_heterogeneous,16,scaling,1.0,0,388,-13.1222,-0.9374,-4.6030
rl_heterogeneous,16,scaling,1.0,0,389,-10.0714,-2.7815,-2.1010
rl_heterogeneous,16,scaling,1.0,0,390,-7.1609,18.2936,-2.3248
rl_heterogeneous,16,scaling,1.0,0,391,3.4029,14.8119,2.7690
rl_heterogeneous,16,scaling,1.0,0,392,-5.1001,10.1511,-0.4581
rl_heterogeneous,16,scaling,1.0,0,393,-1.6101,2.6043,0.8251
rl_heterogeneous,16,scaling,1.0,0,394,-7.5609,8.8261,-2.1518
rl_heterogeneous,16,scaling,1.0,0,395,-7.9418,-1.0671,-3.4702
rl_heterogeneous,16,scaling,1.0,0,396,-13.2689,-10.4089,-4.5137
rl_heterogeneous,16,scaling,1.0,0,397,4.1397,3.2453,2.3333
rl_heterogeneous,16,scaling,1.0,0,398,-1.0264,3.8899,0.3040
rl_heterogeneous,16,scaling,1.0,0,399,0.9262,5.2361,0.4101
rl_heterogeneous,16,scaling,1.0,0,400,-3.5689,-3.4808,-3.3202
rl_heterogeneous,16,scaling,1.0,0,401,-5.5885,-6.3324,-2.8429
rl_heterogeneous,16,scaling,1.0,0,402,-2.6117,-3.3153,-2.6541
rl_heterogeneous,16,scaling,1.0,0,403,-1.7757,10.4373,-1.9747
rl_heterogeneous,16,scaling,1.0,0,404,-8.2415,29.4150,-0.9200
rl_heterogeneous,16,scaling,1.0,0,405,-2.6820,7.6197,-2.4008
rl_heterogeneous,16,scaling,1.0,0,406,1.2757,17.7036,0.3965
rl_heterogeneous,16,scaling,1.0,0,407,1.1952,5.0586,0.1451
rl_heterogeneous,16,scaling,1.0,0,408,-4.8481,12.7671,-1.2870
rl_heterogeneous,16,scaling,1.0,0,409,1.7015,14.1706,0.7237
rl_heterogeneous,16,scaling,1.0,0,410,-7.4618,1.6541,-2.2244
rl_heterogeneous,16,scaling,1.0,0,411,4.5406,12.8256,1.3146
rl_heterogeneous,16,scaling,1.0,0,412,0.9544,16.3846,-0.4669
rl_heterogeneous,16,scaling,1.0,0,413,-5.5506,6.7532,-0.2750
rl_heterogeneous,16,scaling,1.0,0,414,-6.1429,9.6720,-1.6633
rl_heterogeneous,16,scaling,1.0,0,415,4.1594,16.1434,0.9506
rl_heterogeneous,16,scaling,1.0,0,416,-0.8361,27.7625,-0.7085
rl_heterogeneous,16,scaling,1.0,0,417,1.0936,22.0283,-0.5724
rl_heterogeneous,16,scaling,1.0,0,418,-1.9660,2.0962,-1.5570
rl_heterogeneous,16,scaling,1.0,0,419,5.5624,19.9398,2.7843
rl_heterogeneous,16,scaling,1.0,0,420,-4.3987,19.5851,-0.5199
rl_heterogeneous,16,scaling,1.0,0,421,0.6809,1.3038,-1.5939
rl_heterogeneous,16,scaling,1.0,0,422,-1.3091,15.1964,-0.2537
rl_heterogeneous,16,scaling,1.0,0,423,-1.5450,17.1459,1.3131
rl_heterogeneous,16,scaling,1.0,0,424,-0.1787,0.8154,-0.9745
rl_heterogeneous,16,scaling,1.0,0,425,-5.5724,-8.2990,-2.0677
rl_heterogeneous,16,scaling,1.0,0,426,-1.1934,8.6109,-0.6030
rl_heterogeneous,16,scaling,1.0,0,427,5.4856,16.4206,2.5223
rl_heterogeneous,16,scaling,1.0,0,428,-14.6486,-14.4937,-5.0475
rl_heterogeneous,16,scaling,1.0,0,429,-8.4426,11.7217,-1.3586
rl_heterogeneous,16,scaling,1.0,0,430,4.3093,7.8029,1.4468
rl_heterogeneous,16,scaling,1.0,0,431,-6.4613,10.1477,-2.5044
rl_heterogeneous,16,scaling,1.0,0,432,-3.2510,12.0915,-2.5194
rl_heterogeneous,16,scaling,1.0,0,433,-2.5303,4.3990,-0.9579
rl_heterogeneous,16,scaling,1.0,0,434,0.4178,12.2964,1.2146
rl_heterogeneous,16,scaling,1.0,0,435,3.0131,20.5705,1.1516
rl_heterogeneous,16,scaling,1.0,0,436,-1.6057,3.7623,-1.5892
rl_heterogeneous,16,scaling,1.0,0,437,-3.8892,10.8638,0.5722
rl_heterogeneous,16,scaling,1.0,0,438,1.7292,22.1415,1.7957
rl_heterogeneous,16,scaling,1.0,0,439,-13.9639,29.3448,-2.6542
rl_heterogeneous,16,scaling,1.0,0,440,-5.6600,-9.1836,-2.6091
rl_heterogeneous,16,scaling,1.0,0,441,-2.4263,20.7924,-1.1897
rl_heterogeneous,16,scaling,1.0,0,442,-10.1633,-6.0539,-4.8690
rl_heterogeneous,16,scaling,1.0,0,443,-4.1298,4.7312,-1.2879
rl_heterogeneous,16,scaling,1.0,0,444,-1.6209,2.3167,0.3067
rl_heterogeneous,16,scaling,1.0,0,445,1.7064,5.4010,-0.2868
rl_heterogeneous,16,scaling,1.0,0,446,-2.1819,-1.7014,-1.9810
rl_heterogeneous,16,scaling,1.0,0,447,5.8860,17.8521,0.8225
rl_heterogeneous,16,scaling,1.0,0,448,-10.4051,7.8212,-3.8379
rl_heterogeneous,16,scaling,1.0,0,449,-5.4201,11.9035,-1.5887
rl_heterogeneous,16,scaling,1.0,0,450,-5.5671,5.6013,-1.9416
rl_heterogeneous,16,scaling,1.0,0,451,-1.7310,16.5182,0.7905
rl_heterogeneous,16,scaling,1.0,0,452,-4.0184,-3.9884,-2.3036
rl_heterogeneous,16,scaling,1.0,0,453,-6.7964,0.4626,-0.5898
rl_heterogeneous,16,scaling,1.0,0,454,3.3601,10.8270,3.5195
rl_heterogeneous,16,scaling,1.0,0,455,-7.9777,-4.0749,-3.7114
rl_heterogeneous,16,scaling,1.0,0,456,-11.4811,-10.3789,-3.5981
rl_heterogeneous,16,scaling,1.0,0,457,-2.1661,24.4069,-1.5942
rl_heterogeneous,16,scaling,1.0,0,458,-2.1100,7.2873,-0.2707
rl_heterogeneous,16,scaling,1.0,0,459,-7.5433,12.6455,-0.5227
rl_heterogeneous,16,scaling,1.0,0,460,-0.1704,2.0344,-2.1070
rl_heterogeneous,16,scaling,1.0,0,461,2.6463,0.5164,1.8089
rl_heterogeneous,16,scaling,1.0,0,462,-1.4101,13.3842,0.1667
rl_heterogeneous,16,scaling,1.0,0,463,7.1090,11.7104,2.5512
rl_heterogeneous,16,scaling,1.0,0,464,-0.4436,4.2840,-3.0345
rl_heterogeneous,16,scaling,1.0,0,465,-5.6207,8.9586,0.3302
rl_heterogeneous,16,scaling,1.0,0,466,-1.2572,29.8035,0.5054
rl_heterogeneous,16,scaling,1.0,0,467,-2.0790,6.6069,-2.3461
rl_heterogeneous,16,scaling,1.0,0,468,-1.4601,14.3148,0.1699
rl_heterogeneous,16,scaling,1.0,0,469,-1.5659,2.8961,-0.0388
rl_heterogeneous,16,scaling,1.0,0,470,-5.6981,3.9502,-1.8054
rl_heterogeneous,16,scaling,1.0,0,471,-9.4068,-12.6083,-3.9004
rl_heterogeneous,16,scaling,1.0,0,472,-0.0859,6.9410,0.6734
rl_heterogeneous,16,scaling,1.0,0,473,0.6721,2.5020,-0.5970
rl_heterogeneous,16,scaling,1.0,0,474,-6.7482,-1.7130,-4.4300
rl_heterogeneous,16,scaling,1.0,0,475,-7.5793,-5.7299,-2.0485
rl_heterogeneous,16,scaling,1.0,0,476,-9.2876,2.2176,-3.9428
rl_heterogeneous,16,scaling,1.0,0,477,1.4054,12.6793,0.6251
rl_heterogeneous,16,scaling,1.0,0,478,2.7264,7.9317,0.3179
rl_heterogeneous,16,scaling,1.0,0,479,3.3210,1.9176,0.1772
rl_heterogeneous,16,scaling,1.0,0,480,-5.5518,5.2733,-2.4233
rl_heterogeneous,16,scaling,1.0,0,481,-2.8742,1.3530,-0.9640
rl_heterogeneous,16,scaling,1.0,0,482,-5.7856,4.0133,-4.0011
rl_heterogeneous,16,scaling,1.0,0,483,7.8463,18.0645,2.7290
rl_heterogeneous,16,scaling,1.0,0,484,-4.1168,6.8022,-3.8913
rl_heterogeneous,16,scaling,1.0,0,485,-0.4583,9.2145,-0.5945
rl_heterogeneous,16,scaling,1.0,0,486,-8.3251,-0.6676,-2.9117
rl_heterogeneous,16,scaling,1.0,0,487,1.8378,4.0606,-1.1366
rl_heterogeneous,16,scaling,1.0,0,488,2.5484,21.6651,0.5949
rl_heterogeneous,16,scaling,1.0,0,489,4.9054,-0.0509,4.0638
rl_heterogeneous,16,scaling,1.0,0,490,-10.0493,19.6773,-3.5770
rl_heterogeneous,16,scaling,1.0,0,491,-1.8315,-4.3054,-2.3644
rl_heterogeneous,16,scaling,1.0,0,492,-8.9464,9.5415,-3.4136
rl_heterogeneous,16,scaling,1.0,0,493,7.4707,15.2259,1.1260
rl_heterogeneous,16,scaling,1.0,0,494,0.3539,5.8317,-2.3841
rl_heterogeneous,16,scaling,1.0,0,495,-8.9399,6.0198,-3.0132
rl_heterogeneous,16,scaling,1.0,0,496,2.4626,4.0863,1.1385
rl_heterogeneous,16,scaling,1.0,0,497,-5.0024,1.8132,0.1672
rl_heterogeneous,16,scaling,1.0,0,498,6.0617,8.0040,1.5161
rl_heterogeneous,16,scaling,1.0,0,499,-4.7812,11.4142,-1.8215
rl_heterogeneous,16,scaling,1.0,0,500,0.4279,8.1020,0.4234
rl_heterogeneous,16,scaling,1.0,0,501,-4.9006,-2.9102,-1.5948
rl_heterogeneous,16,scaling,1.0,0,502,5.0951,10.5111,2.0928
rl_heterogeneous,16,scaling,1.0,0,503,1.0244,-0.1161,-1.3208
rl_heterogeneous,16,scaling,1.0,0,504,-2.4546,1.6455,-1.7923
rl_heterogeneous,16,scaling,1.0,0,505,0.0852,18.4656,3.3598
rl_heterogeneous,16,scaling,1.0,0,506,0.7472,12.4255,-0.6070
rl_heterogeneous,16,scaling,1.0,0,507,-3.3703,6.7893,-1.4024
rl_heterogeneous,16,scaling,1.0,0,508,-19.9379,-1.6026,-6.9970
rl_heterogeneous,16,scaling,1.0,0,509,2.3975,4.5738,-0.2210
rl_heterogeneous,16,scaling,1.0,0,510,-0.9936,14.6473,0.3413
rl_heterogeneous,16,scaling,1.0,0,511,-8.2557,3.5779,-2.5012
rl_heterogeneous,16,scaling,1.0,0,512,3.9955,5.9504,2.6546
rl_heterogeneous,16,scaling,1.0,0,513,5.5929,5.1894,1.4891
rl_heterogeneous,16,scaling,1.0,0,514,3.4858,2.9973,-0.2522
rl_heterogeneous,16,scaling,1.0,0,515,5.0251,5.7472,2.3760
rl_heterogeneous,16,scaling,1.0,0,516,-4.2738,25.0505,-2.2219
rl_heterogeneous,16,scaling,1.0,0,517,-2.0667,18.5947,-1.6722
rl_heterogeneous,16,scaling,1.0,0,518,-0.7638,17.7458,0.5564
rl_heterogeneous,16,scaling,1.0,0,519,-7.6437,-7.5589,-2.3640
rl_heterogeneous,16,scaling,1.0,0,520,-7.2766,-1.0722,-3.3139
rl_heterogeneous,16,scaling,1.0,0,521,-7.4725,7.1995,-3.4119
rl_heterogeneous,16,scaling,1.0,0,522,5.4548,5.9315,2.8505
rl_heterogeneous,16,scaling,1.0,0,523,-6.7842,5.6654,-2.1536
rl_heterogeneous,16,scaling,1.0,0,524,-1.6948,-0.6690,-1.6152
rl_heterogeneous,16,scaling,1.0,0,525,-3.0999,10.7698,0.4354
rl_heterogeneous,16,scaling,1.0,0,526,-4.7949,1.1365,-1.5528
rl_heterogeneous,16,scaling,1.0,0,527,-2.5537,1.3541,-2.3717
rl_heterogeneous,16,scaling,1.0,0,528,4.6505,14.1067,1.3221
rl_heterogeneous,16,scaling,1.0,0,529,-0.0163,28.2758,0.6546
rl_heterogeneous,16,scaling,1.0,0,530,-3.9196,32.8851,1.1339
rl_heterogeneous,16,scaling,1.0,0,531,0.3828,-0.4769,0.6842
rl_heterogeneous,16,scaling,1.0,0,532,0.3795,8.0025,-0.7587
rl_heterogeneous,16,scaling,1.0,0,533,1.1073,7.9246,-0.8495
rl_heterogeneous,16,scaling,1.0,0,534,-9.2940,9.8651,-2.1889
rl_heterogeneous,16,scaling,1.0,0,535,-3.2821,-2.3835,-2.5531
rl_heterogeneous,16,scaling,1.0,0,536,-6.5830,26.6630,-0.6331
rl_heterogeneous,16,scaling,1.0,0,537,-6.5296,-0.4498,-2.3832
rl_heterogeneous,16,scaling,1.0,0,538,0.9807,9.8899,1.8570
rl_heterogeneous,16,scaling,1.0,0,539,-2.6992,3.2450,-1.4263
rl_heterogeneous,16,scaling,1.0,0,540,1.8828,4.2803,0.2802
rl_heterogeneous,16,scaling,1.0,0,541,-7.4658,-7.6775,-3.5779
rl_heterogeneous,16,scaling,1.0,0,542,1.3836,8.4595,2.2724
rl_heterogeneous,16,scaling,1.0,0,543,-3.8168,7.2887,-0.9824
rl_heterogeneous,16,scaling,1.0,0,544,-6.0521,2.9573,-2.6360
rl_heterogeneous,16,scaling,1.0,0,545,-2.7009,-0.2427,-1.6142
rl_heterogeneous,16,scaling,1.0,0,546,-2.3443,11.6826,-0.1771
rl_heterogeneous,16,scaling,1.0,0,547,3.1203,3.3204,3.8960
rl_heterogeneous,16,scaling,1.0,0,548,0.4339,11.6651,-1.5890
rl_heterogeneous,16,scaling,1.0,0,549,4.4412,3.8041,1.0036
rl_heterogeneous,16,scaling,1.0,0,550,2.6239,11.0903,1.2399
rl_heterogeneous,16,scaling,1.0,0,551,-0.7163,13.3285,-0.9571
rl_heterogeneous,16,scaling,1.0,0,552,6.2974,6.4896,4.1129
rl_heterogeneous,16,scaling,1.0,0,553,5.1157,10.8452,0.7173
rl_heterogeneous,16,scaling,1.0,0,554,1.2513,5.7772,-0.4928
rl_heterogeneous,16,scaling,1.0,0,555,-2.1411,16.1108,-1.6588
rl_heterogeneous,16,scaling,1.0,0,556,-1.0379,12.1457,1.4287
rl_heterogeneous,16,scaling,1.0,0,557,-0.2031,12.0500,-0.9158
rl_heterogeneous,16,scaling,1.0,0,558,-4.4022,15.0462,1.0556
rl_heterogeneous,16,scaling,1.0,0,559,2.6153,8.2342,1.8021
rl_heterogeneous,16,scaling,1.0,0,560,-15.2000,-18.0481,-5.0077
rl_heterogeneous,16,scaling,1.0,0,561,-5.0176,16.7084,-0.7108
rl_heterogeneous,16,scaling,1.0,0,562,7.5054,12.9133,4.4533
rl_heterogeneous,16,scaling,1.0,0,563,-1.9830,11.8922,-0.6966
rl_heterogeneous,16,scaling,1.0,0,564,1.2862,4.9066,1.2419
rl_heterogeneous,16,scaling,1.0,0,565,-11.3686,5.4950,-3.0062
rl_heterogeneous,16,scaling,1.0,0,566,-4.9562,-2.2080,-3.0276
rl_heterogeneous,16,scaling,1.0,0,567,-0.1259,3.9358,0.5710
rl_heterogeneous,16,scaling,1.0,0,568,1.0888,19.2154,2.8893
rl_heterogeneous,16,scaling,1.0,0,569,1.4653,12.1786,-0.6749
rl_heterogeneous,16,scaling,1.0,0,570,-7.7421,14.4470,-2.1873
rl_heterogeneous,16,scaling,1.0,0,571,0.9182,22.3539,-0.1602
rl_heterogeneous,16,scaling,1.0,0,572,-1.7225,17.4833,-0.1799
rl_heterogeneous,16,scaling,1.0,0,573,1.7916,5.4868,0.4829
rl_heterogeneous,16,scaling,1.0,0,574,-7.2078,0.1729,-2.5580
rl_heterogeneous,16,scaling,1.0,0,575,-2.6858,0.5545,-1.7716
rl_heterogeneous,16,scaling,1.0,0,576,2.6357,11.4255,-1.0188
rl_heterogeneous,16,scaling,1.0,0,577,-1.4376,19.9188,-0.9867
rl_heterogeneous,16,scaling,1.0,0,578,1.1746,18.6370,0.8924
rl_heterogeneous,16,scaling,1.0,0,579,-5.1354,10.9243,1.3089
rl_heterogeneous,16,scaling,1.0,0,580,-3.7146,7.6430,-1.2012
rl_heterogeneous,16,scaling,1.0,0,581,-21.3025,-11.7966,-8.1419
rl_heterogeneous,16,scaling,1.0,0,582,-1.6160,7.0330,0.6592
rl_heterogeneous,16,scaling,1.0,0,583,-12.0270,-3.5232,-4.6970
rl_heterogeneous,16,scaling,1.0,0,584,2.1763,7.3136,1.4238
rl_heterogeneous,16,scaling,1.0,0,585,3.1379,13.3039,0.7164
rl_heterogeneous,16,scaling,1.0,0,586,-3.0337,18.5314,1.3042
rl_heterogeneous,16,scaling,1.0,0,587,2.0215,7.1457,0.7051
rl_heterogeneous,16,scaling,1.0,0,588,-10.7377,6.2471,-2.0804
rl_heterogeneous,16,scaling,1.0,0,589,-1.8969,4.2392,-2.1395
rl_heterogeneous,16,scaling,1.0,0,590,-8.4437,4.9401,-3.1482
rl_heterogeneous,16,scaling,1.0,0,591,-6.8960,8.1934,-1.6482
rl_heterogeneous,16,scaling,1.0,0,592,-0.5301,3.0298,0.3841
rl_heterogeneous,16,scaling,1.0,0,593,9.1119,13.0616,7.6851
rl_heterogeneous,16,scaling,1.0,0,594,-1.4436,8.2139,-0.7665
rl_heterogeneous,16,scaling,1.0,0,595,-9.4311,-9.5714,-3.4628
rl_heterogeneous,16,scaling,1.0,0,596,-4.8245,16.6178,1.7830
rl_heterogeneous,16,scaling,1.0,0,597,-6.4147,-15.9754,-5.2176
rl_heterogeneous,16,scaling,1.0,0,598,-6.4171,4.9862,-1.6294
rl_heterogeneous,16,scaling,1.0,0,599,-5.5242,-3.0447,-2.8568
rl_heterogeneous,16,scaling,1.0,0,600,-1.3084,-4.1779,-1.8131
rl_heterogeneous,16,scaling,1.0,0,601,-6.6784,9.6378,-3.2433
rl_heterogeneous,16,scaling,1.0,0,602,-3.8831,22.1285,3.8235
rl_heterogeneous,16,scaling,1.0,0,603,-3.3706,-1.6336,-1.4965
rl_heterogeneous,16,scaling,1.0,0,604,-9.1119,-6.3582,-3.3745
rl_heterogeneous,16,scaling,1.0,0,605,-2.1883,34.6562,-1.6254
rl_heterogeneous,16,scaling,1.0,0,606,-4.2545,-8.5587,-3.1744
rl_heterogeneous,16,scaling,1.0,0,607,3.7217,14.4778,3.6058
rl_heterogeneous,16,scaling,1.0,0,608,6.5048,9.0410,2.6443
rl_heterogeneous,16,scaling,1.0,0,609,5.0174,8.8897,2.0832
rl_heterogeneous,16,scaling,1.0,0,610,3.6023,20.6103,3.3352
rl_heterogeneous,16,scaling,1.0,0,611,-10.8382,7.8587,-0.1318
rl_heterogeneous,16,scaling,1.0,0,612,-7.1363,4.8085,-1.7515
rl_heterogeneous,16,scaling,1.0,0,613,-6.6272,7.7717,-3.7389
rl_heterogeneous,16,scaling,1.0,0,614,-6.8549,12.6491,-2.3012
rl_heterogeneous,16,scaling,1.0,0,615,-2.4479,16.9032,0.1903
rl_heterogeneous,16,scaling,1.0,0,616,0.9357,8.5705,1.8999
rl_heterogeneous,16,scaling,1.0,0,617,-3.9927,2.4180,-0.7499
rl_heterogeneous,16,scaling,1.0,0,618,6.5929,7.6170,4.0832
rl_heterogeneous,16,scaling,1.0,0,619,-7.4789,-10.3493,-3.5359
rl_heterogeneous,16,scaling,1.0,0,620,-16.5464,-10.8208,-5.2089
rl_heterogeneous,16,scaling,1.0,0,621,-8.8691,-6.1992,-3.3496
rl_heterogeneous,16,scaling,1.0,0,622,2.5437,2.8914,0.2997
rl_heterogeneous,16,scaling,1.0,0,623,-4.7909,22.6703,-0.4687
rl_heterogeneous,16,scaling,1.0,0,624,-6.7392,30.7008,0.5846
rl_heterogeneous,16,scaling,1.0,0,625,-7.0254,2.8168,-1.0445
rl_heterogeneous,16,scaling,1.0,0,626,4.9533,23.5209,2.6503
rl_heterogeneous,16,scaling,1.0,0,627,-5.1689,6.2380,-2.0262
rl_heterogeneous,16,scaling,1.0,0,628,-6.3910,11.7286,-3.4295
rl_heterogeneous,16,scaling,1.0,0,629,-8.8542,-11.2445,-5.7150
rl_heterogeneous,16,scaling,1.0,0,630,-6.4856,1.9961,-1.9938
rl_heterogeneous,16,scaling,1.0,0,631,2.2236,7.8658,0.3936
rl_heterogeneous,16,scaling,1.0,0,632,-0.2292,17.2576,2.7624
rl_heterogeneous,16,scaling,1.0,0,633,-9.3900,-13.7410,-3.8942
rl_heterogeneous,16,scaling,1.0,0,634,2.6413,6.8663,3.3681
rl_heterogeneous,16,scaling,1.0,0,635,6.0719,5.6072,2.1051
rl_heterogeneous,16,scaling,1.0,0,636,3.3473,5.8151,1.6862
rl_heterogeneous,16,scaling,1.0,0,637,-6.2885,2.7567,-1.3485
rl_heterogeneous,16,scaling,1.0,0,638,-6.3555,-1.1674,-2.2982
rl_heterogeneous,16,scaling,1.0,0,639,-1.1016,6.2741,-2.4731
rl_heterogeneous,16,scaling,1.0,0,640,0.5303,2.8138,0.9169
rl_heterogeneous,16,scaling,1.0,0,641,-1.3862,11.2105,0.1586
rl_heterogeneous,16,scaling,1.0,0,642,7.8312,9.0454,5.3355
rl_heterogeneous,16,scaling,1.0,0,643,1.8735,33.5298,1.8729
rl_heterogeneous,16,scaling,1.0,0,644,-2.2944,18.6751,-0.1299
rl_heterogeneous,16,scaling,1.0,0,645,0.8706,12.0897,1.1962
rl_heterogeneous,16,scaling,1.0,0,646,2.8465,2.8892,2.8061
rl_heterogeneous,16,scaling,1.0,0,647,-6.6991,-6.2337,-2.1184
rl_heterogeneous,16,scaling,1.0,0,648,8.9731,14.9105,1.6189
rl_heterogeneous,16,scaling,1.0,0,649,-4.4235,-1.3288,-2.0894
rl_heterogeneous,16,scaling,1.0,0,650,5.4910,24.8701,2.5882
rl_heterogeneous,16,scaling,1.0,0,651,3.3624,21.0034,2.9539
rl_heterogeneous,16,scaling,1.0,0,652,-2.3852,1.7385,-1.1760
rl_heterogeneous,16,scaling,1.0,0,653,-0.6116,17.6736,-0.2948
rl_heterogeneous,16,scaling,1.0,0,654,1.2523,1.0901,-0.9713
rl_heterogeneous,16,scaling,1.0,0,655,-1.5329,7.6526,0.9397
rl_heterogeneous,16,scaling,1.0,0,656,-7.3710,-7.0269,-2.4718
rl_heterogeneous,16,scaling,1.0,0,657,0.3033,-1.8743,-0.6153
rl_heterogeneous,16,scaling,1.0,0,658,0.2147,0.1099,0.4488
rl_heterogeneous,16,scaling,1.0,0,659,2.4949,18.4062,2.6338
rl_heterogeneous,16,scaling,1.0,0,660,-7.6036,6.4796,-1.4634
rl_heterogeneous,16,scaling,1.0,0,661,1.8888,8.9251,-0.2120
rl_heterogeneous,16,scaling,1.0,0,662,-0.6404,9.0817,-0.3020
rl_heterogeneous,16,scaling,1.0,0,663,1.5261,17.4329,0.8022
rl_heterogeneous,16,scaling,1.0,0,664,-6.0568,-8.2843,-2.6090
rl_heterogeneous,16,scaling,1.0,0,665,-2.4918,1.5280,-0.1141
rl_heterogeneous,16,scaling,1.0,0,666,-1.6197,3.6866,-1.4241
rl_heterogeneous,16,scaling,1.0,0,667,-7.0735,-1.6294,-3.1401
rl_heterogeneous,16,scaling,1.0,0,668,0.5312,2.7591,0.1288
rl_heterogeneous,16,scaling,1.0,0,669,2.8824,20.5362,-0.5485
rl_heterogeneous,16,scaling,1.0,0,670,9.2042,2.2396,6.2362
rl_heterogeneous,16,scaling,1.0,0,671,3.6029,36.3907,5.1181
rl_heterogeneous,16,scaling,1.0,0,672,0.4732,12.3335,0.9185
rl_heterogeneous,16,scaling,1.0,0,673,0.7886,10.7319,0.4109
rl_heterogeneous,16,scaling,1.0,0,674,-1.4042,11.7532,-0.5190
rl_heterogeneous,16,scaling,1.0,0,675,-3.8086,-0.3490,-0.7434
rl_heterogeneous,16,scaling,1.0,0,676,0.3673,1.2753,-1.2083
rl_heterogeneous,16,scaling,1.0,0,677,-10.5026,5.3638,-1.7427
rl_heterogeneous,16,scaling,1.0,0,678,6.0463,13.3728,0.2716
rl_heterogeneous,16,scaling,1.0,0,679,-1.7993,5.5737,-1.2772
rl_heterogeneous,16,scaling,1.0,0,680,-3.9534,-0.3586,-0.6135
rl_heterogeneous,16,scaling,1.0,0,681,3.1787,19.6561,0.6160
rl_heterogeneous,16,scaling,1.0,0,682,5.0746,1.2769,3.0089
rl_heterogeneous,16,scaling,1.0,0,683,-5.2651,-4.5768,-2.4248
rl_heterogeneous,16,scaling,1.0,0,684,4.1458,13.2825,2.5157
rl_heterogeneous,16,scaling,1.0,0,685,-1.9426,7.7582,-0.3012
rl_heterogeneous,16,scaling,1.0,0,686,-1.6987,9.4648,0.8646
rl_heterogeneous,16,scaling,1.0,0,687,-7.6578,12.5349,-1.8381
rl_heterogeneous,16,scaling,1.0,0,688,-1.9794,-0.9131,-1.0858
rl_heterogeneous,16,scaling,1.0,0,689,-2.7278,14.5807,-0.7061
rl_heterogeneous,16,scaling,1.0,0,690,-4.1473,16.2153,0.1570
rl_heterogeneous,16,scaling,1.0,0,691,-3.8326,20.9329,-0.7246
rl_heterogeneous,16,scaling,1.0,0,692,-2.9441,-6.7622,-2.3786
rl_heterogeneous,16,scaling,1.0,0,693,1.3069,22.5743,-0.1032
rl_heterogeneous,16,scaling,1.0,0,694,-1.9247,2.7490,-1.0187
rl_heterogeneous,16,scaling,1.0,0,695,7.1452,22.9631,1.5736
rl_heterogeneous,16,scaling,1.0,0,696,4.0700,11.7915,1.6171
rl_heterogeneous,16,scaling,1.0,0,697,-1.1302,6.5411,-1.1590
rl_heterogeneous,16,scaling,1.0,0,698,1.2184,18.1329,2.2166
rl_heterogeneous,16,scaling,1.0,0,699,-2.4848,22.9766,1.3590
rl_heterogeneous,16,scaling,1.0,0,700,-3.3999,1.8482,-1.9532
rl_heterogeneous,16,scaling,1.0,0,701,5.9065,18.0434,1.9938
rl_heterogeneous,16,scaling,1.0,0,702,-10.4836,-15.2058,-4.6178
rl_heterogeneous,16,scaling,1.0,0,703,-1.5908,9.7499,-0.4821
rl_heterogeneous,16,scaling,1.0,0,704,-2.8170,28.3397,-0.1736
rl_heterogeneous,16,scaling,1.0,0,705,-8.6391,-2.9062,-2.9797
rl_heterogeneous,16,scaling,1.0,0,706,-11.3005,4.0583,-3.3390
rl_heterogeneous,16,scaling,1.0,0,707,-3.7712,10.9949,-0.2895
rl_heterogeneous,16,scaling,1.0,0,708,7.9489,8.0544,5.4558
rl_heterogeneous,16,scaling,1.0,0,709,-9.5812,-2.3327,-2.1538
rl_heterogeneous,16,scaling,1.0,0,710,1.0489,0.6771,-0.1447
rl_heterogeneous,16,scaling,1.0,0,711,13.8949,14.2173,6.3418
rl_heterogeneous,16,scaling,1.0,0,712,7.0436,6.9531,4.4713
rl_heterogeneous,16,scaling,1.0,0,713,-0.9496,7.1909,-1.3761
rl_heterogeneous,16,scaling,1.0,0,714,-15.0519,-8.1485,-3.8105
rl_heterogeneous,16,scaling,1.0,0,715,1.0266,10.9181,-0.4683
rl_heterogeneous,16,scaling,1.0,0,716,1.3900,18.5394,3.0109
rl_heterogeneous,16,scaling,1.0,0,717,4.6504,11.5211,1.0123
rl_heterogeneous,16,scaling,1.0,0,718,0.6654,0.4130,-1.9613
rl_heterogeneous,16,scaling,1.0,0,719,-4.5765,21.6864,-1.7907
rl_heterogeneous,16,scaling,1.0,0,720,-3.0720,11.3079,-1.1362
rl_heterogeneous,16,scaling,1.0,0,721,3.2045,4.6445,1.9555
rl_heterogeneous,16,scaling,1.0,0,722,4.7840,11.4795,3.4002
rl_heterogeneous,16,scaling,1.0,0,723,-0.6626,5.9976,-1.0428
rl_heterogeneous,16,scaling,1.0,0,724,-3.3453,3.8926,-0.6393
rl_heterogeneous,16,scaling,1.0,0,725,-4.7893,-2.7608,-2.7628
rl_heterogeneous,16,scaling,1.0,0,726,-6.4718,-2.5423,-4.1198
rl_heterogeneous,16,scaling,1.0,0,727,-0.3106,3.6936,0.4021
rl_heterogeneous,16,scaling,1.0,0,728,-2.6405,9.5346,-1.5365
rl_heterogeneous,16,scaling,1.0,0,729,6.6343,22.1323,1.4070
rl_heterogeneous,16,scaling,1.0,0,730,-3.7890,16.0718,-1.2087
rl_heterogeneous,16,scaling,1.0,0,731,-1.2212,8.5443,-0.7160
rl_heterogeneous,16,scaling,1.0,0,732,0.9218,13.9320,1.4700
rl_heterogeneous,16,scaling,1.0,0,733,0.5633,12.6307,1.1651
rl_heterogeneous,16,scaling,1.0,0,734,-5.5694,0.1425,-1.6985
rl_heterogeneous,16,scaling,1.0,0,735,-10.7843,2.5400,-0.0010
rl_heterogeneous,16,scaling,1.0,0,736,4.8269,21.2503,1.0606
rl_heterogeneous,16,scaling,1.0,0,737,2.7917,20.0989,0.1005
rl_heterogeneous,16,scaling,1.0,0,738,-5.1108,3.5696,-3.1884
rl_heterogeneous,16,scaling,1.0,0,739,0.3315,8.0452,0.5612
rl_heterogeneous,16,scaling,1.0,0,740,-5.9290,7.3965,0.1525
rl_heterogeneous,16,scaling,1.0,0,741,-0.2855,20.1473,-0.7487
rl_heterogeneous,16,scaling,1.0,0,742,-0.1738,8.2988,-0.0197
rl_heterogeneous,16,scaling,1.0,0,743,-3.6633,2.9386,1.3270
rl_heterogeneous,16,scaling,1.0,0,744,-14.6667,3.8341,-5.4393
rl_heterogeneous,16,scaling,1.0,0,745,-2.1448,7.0490,-0.3065
rl_heterogeneous,16,scaling,1.0,0,746,-10.1670,-8.0766,-4.5624
rl_heterogeneous,16,scaling,1.0,0,747,-0.4296,1.2073,0.3387
rl_heterogeneous,16,scaling,1.0,0,748,2.7823,3.7026,0.5895
rl_heterogeneous,16,scaling,1.0,0,749,0.4246,19.4916,1.9700
rl_heterogeneous,16,scaling,1.0,0,750,-4.4819,-3.2991,-2.2212
rl_heterogeneous,16,scaling,1.0,0,751,-2.5022,22.2887,-1.1988
rl_heterogeneous,16,scaling,1.0,0,752,-5.7641,0.9386,-1.9844
rl_heterogeneous,16,scaling,1.0,0,753,-1.9793,9.2689,-0.1210
rl_heterogeneous,16,scaling,1.0,0,754,-1.6693,9.3626,2.1366
rl_heterogeneous,16,scaling,1.0,0,755,-9.8443,-4.7295,-3.6683
rl_heterogeneous,16,scaling,1.0,0,756,6.5108,25.4251,4.2319
rl_heterogeneous,16,scaling,1.0,0,757,-2.8704,0.9374,-0.6957
rl_heterogeneous,16,scaling,1.0,0,758,3.7832,21.3419,2.2058
rl_heterogeneous,16,scaling,1.0,0,759,1.4041,10.1173,-1.9945
rl_heterogeneous,16,scaling,1.0,0,760,0.0452,2.3419,0.5167
rl_heterogeneous,16,scaling,1.0,0,761,-1.6635,10.0094,0.0190
rl_heterogeneous,16,scaling,1.0,0,762,-3.4186,0.1587,-1.7214
rl_heterogeneous,16,scaling,1.0,0,763,-2.4022,1.3396,-2.1283
rl_heterogeneous,16,scaling,1.0,0,764,4.0106,18.1379,1.0284
rl_heterogeneous,16,scaling,1.0,0,765,-1.6366,8.3096,-0.3702
rl_heterogeneous,16,scaling,1.0,0,766,0.6435,14.5654,0.7780
rl_heterogeneous,16,scaling,1.0,0,767,-14.0843,-12.7277,-6.2437
rl_heterogeneous,16,scaling,1.0,0,768,6.2206,7.8699,3.8013
rl_heterogeneous,16,scaling,1.0,0,769,-11.2739,-0.9633,-1.8853
rl_heterogeneous,16,scaling,1.0,0,770,-7.2248,2.2421,-2.7559
rl_heterogeneous,16,scaling,1.0,0,771,-6.8673,5.9497,-0.8304
rl_heterogeneous,16,scaling,1.0,0,772,-6.7793,5.6966,-2.3681
rl_heterogeneous,16,scaling,1.0,0,773,-3.0227,7.8260,-1.2346
rl_heterogeneous,16,scaling,1.0,0,774,7.7392,27.0061,3.2185
rl_heterogeneous,16,scaling,1.0,0,775,-5.3743,9.2448,-2.5948
rl_heterogeneous,16,scaling,1.0,0,776,-3.7879,-0.4731,0.5305
rl_heterogeneous,16,scaling,1.0,0,777,8.6041,4.3942,7.6451
rl_heterogeneous,16,scaling,1.0,0,778,-0.1090,15.3451,-0.3234
rl_heterogeneous,16,scaling,1.0,0,779,-4.2875,0.8740,-1.7859
rl_heterogeneous,16,scaling,1.0,0,780,-1.9079,19.1285,-0.3684
rl_heterogeneous,16,scaling,1.0,0,781,-2.6658,2.1822,-0.4811
rl_heterogeneous,16,scaling,1.0,0,782,-0.6279,10.2065,0.8218
rl_heterogeneous,16,scaling,1.0,0,783,2.9093,12.6799,0.3499
rl_heterogeneous,16,scaling,1.0,0,784,3.9085,12.7463,2.1918
rl_heterogeneous,16,scaling,1.0,0,785,-0.1432,15.4279,0.0824
rl_heterogeneous,16,scaling,1.0,0,786,5.6952,16.0200,3.9505
rl_heterogeneous,16,scaling,1.0,0,787,2.2143,15.7077,-0.6590
rl_heterogeneous,16,scaling,1.0,0,788,2.5047,-1.4029,-1.5852
rl_heterogeneous,16,scaling,1.0,0,789,-3.0525,10.9006,-0.8465
rl_heterogeneous,16,scaling,1.0,0,790,2.8053,16.7381,1.3338
rl_heterogeneous,16,scaling,1.0,0,791,-1.3109,1.4204,0.2830
rl_heterogeneous,16,scaling,1.0,0,792,-5.1590,0.4281,-2.3963
rl_heterogeneous,16,scaling,1.0,0,793,7.3423,15.1782,4.4826
rl_heterogeneous,16,scaling,1.0,0,794,10.5025,8.5295,5.8685
rl_heterogeneous,16,scaling,1.0,0,795,-2.3028,14.0447,1.1363
rl_heterogeneous,16,scaling,1.0,0,796,1.9850,16.9725,1.4587
rl_heterogeneous,16,scaling,1.0,0,797,-1.2070,2.3030,-1.2209
rl_heterogeneous,16,scaling,1.0,0,798,-0.3945,2.9905,2.4366
rl_heterogeneous,16,scaling,1.0,0,799,0.7439,13.5403,-1.3826
rl_heterogeneous,16,scaling,1.0,0,800,-1.2621,23.1861,-0.0662
rl_heterogeneous,16,scaling,1.0,0,801,4.2921,19.5342,1.4147
rl_heterogeneous,16,scaling,1.0,0,802,1.9909,10.6116,0.5634
rl_heterogeneous,16,scaling,1.0,0,803,-2.3838,-1.0312,-2.7937
rl_heterogeneous,16,scaling,1.0,0,804,5.6284,9.5870,1.6215
rl_heterogeneous,16,scaling,1.0,0,805,7.5940,12.4557,4.2515
rl_heterogeneous,16,scaling,1.0,0,806,-2.5595,-4.0033,-2.1031
rl_heterogeneous,16,scaling,1.0,0,807,4.1074,11.5774,-0.2058
rl_heterogeneous,16,scaling,1.0,0,808,-7.2835,-3.9255,-3.4902
rl_heterogeneous,16,scaling,1.0,0,809,-4.9797,25.0406,0.2449
rl_heterogeneous,16,scaling,1.0,0,810,-7.5737,2.9460,-0.4505
rl_heterogeneous,16,scaling,1.0,0,811,-0.2107,23.5621,2.5546
rl_heterogeneous,16,scaling,1.0,0,812,-1.2252,9.6446,-0.3927
rl_heterogeneous,16,scaling,1.0,0,813,2.1631,17.9271,0.1865
rl_heterogeneous,16,scaling,1.0,0,814,-1.0691,6.5613,-0.3911
rl_heterogeneous,16,scaling,1.0,0,815,0.7317,11.4817,-0.1712
rl_heterogeneous,16,scaling,1.0,0,816,2.6654,3.7799,-0.3148
rl_heterogeneous,16,scaling,1.0,0,817,-2.6519,26.0121,4.6964
rl_heterogeneous,16,scaling,1.0,0,818,-2.8548,0.1559,-0.9374
rl_heterogeneous,16,scaling,1.0,0,819,-2.4561,-0.8188,-1.9009
rl_heterogeneous,16,scaling,1.0,0,820,1.9034,11.4579,2.7809
rl_heterogeneous,16,scaling,1.0,0,821,-6.5740,1.7538,-2.4872
rl_heterogeneous,16,scaling,1.0,0,822,0.6518,8.0286,1.2696
rl_heterogeneous,16,scaling,1.0,0,823,-1.3263,9.4393,-1.9077
rl_heterogeneous,16,scaling,1.0,0,824,2.4618,7.2620,1.8020
rl_heterogeneous,16,scaling,1.0,0,825,6.6195,2.8970,2.4128
rl_heterogeneous,16,scaling,1.0,0,826,7.4573,4.8441,4.9318
rl_heterogeneous,16,scaling,1.0,0,827,-8.0554,-8.3318,-4.0705
rl_heterogeneous,16,scaling,1.0,0,828,-7.1961,-6.2169,-3.3398
rl_heterogeneous,16,scaling,1.0,0,829,3.8482,12.6468,-0.2244
rl_heterogeneous,16,scaling,1.0,0,830,-1.3148,12.0138,-0.3910
rl_heterogeneous,16,scaling,1.0,0,831,-7.7502,14.5117,-2.5908
rl_heterogeneous,16,scaling,1.0,0,832,-1.7719,4.6657,-0.4763
rl_heterogeneous,16,scaling,1.0,0,833,-10.1642,7.1527,-3.6659
rl_heterogeneous,16,scaling,1.0,0,834,3.4502,2.2219,0.7083
rl_heterogeneous,16,scaling,1.0,0,835,-7.2532,-0.5376,-2.9017
rl_heterogeneous,16,scaling,1.0,0,836,-3.4548,11.3276,-0.7254
rl_heterogeneous,16,scaling,1.0,0,837,-2.2424,12.7617,1.0438
rl_heterogeneous,16,scaling,1.0,0,838,1.6847,13.1311,-0.3407
rl_heterogeneous,16,scaling,1.0,0,839,1.8949,3.4815,-1.5301
rl_heterogeneous,16,scaling,1.0,0,840,-1.9985,15.1886,-0.8048
rl_heterogeneous,16,scaling,1.0,0,841,1.5430,14.9434,1.6341
rl_heterogeneous,16,scaling,1.0,0,842,-1.9590,5.1753,-0.3796
rl_heterogeneous,16,scaling,1.0,0,843,-6.3495,10.6087,1.6795
rl_heterogeneous,16,scaling,1.0,0,844,4.0078,0.0494,1.6591
rl_heterogeneous,16,scaling,1.0,0,845,-4.2053,8.0579,-1.1800
rl_heterogeneous,16,scaling,1.0,0,846,-7.5351,7.5532,-1.8212
rl_heterogeneous,16,scaling,1.0,0,847,-13.4590,-18.6985,-5.5752
rl_heterogeneous,16,scaling,1.0,0,848,5.3342,6.8400,4.0546
rl_heterogeneous,16,scaling,1.0,0,849,-5.4515,11.6345,-1.1635
rl_heterogeneous,16,scaling,1.0,0,850,5.3739,11.8900,1.6681
rl_heterogeneous,16,scaling,1.0,0,851,7.4773,11.6129,2.6329
rl_heterogeneous,16,scaling,1.0,0,852,-3.0574,7.9721,-1.9952
rl_heterogeneous,16,scaling,1.0,0,853,-2.9163,9.4183,0.2956
rl_heterogeneous,16,scaling,1.0,0,854,-3.4553,4.2738,0.0275
rl_heterogeneous,16,scaling,1.0,0,855,-8.1073,3.4568,-2.4561
rl_heterogeneous,16,scaling,1.0,0,856,9.0694,18.7740,5.9675
rl_heterogeneous,16,scaling,1.0,0,857,0.4919,20.1108,0.7321
rl_heterogeneous,16,scaling,1.0,0,858,-3.8619,5.7613,-2.6431
rl_heterogeneous,16,scaling,1.0,0,859,-2.1177,3.7128,-0.6132
rl_heterogeneous,16,scaling,1.0,0,860,1.4291,10.0468,-0.2847
rl_heterogeneous,16,scaling,1.0,0,861,-9.9438,-2.8641,-2.7932
rl_heterogeneous,16,scaling,1.0,0,862,-4.4583,-1.8416,-1.7725
rl_heterogeneous,16,scaling,1.0,0,863,-5.3893,17.8051,-2.0531
rl_heterogeneous,16,scaling,1.0,0,864,-0.7688,8.9689,-1.3901
rl_heterogeneous,16,scaling,1.0,0,865,-8.1391,-7.3221,-4.3025
rl_heterogeneous,16,scaling,1.0,0,866,-7.1307,6.1784,-1.7313
rl_heterogeneous,16,scaling,1.0,0,867,-1.5359,-2.7888,-1.1423
rl_heterogeneous,16,scaling,1.0,0,868,-6.2099,2.7092,-3.0168
rl_heterogeneous,16,scaling,1.0,0,869,-2.4480,29.1015,0.9145
rl_heterogeneous,16,scaling,1.0,0,870,-0.1266,1.0342,-0.3057
rl_heterogeneous,16,scaling,1.0,0,871,0.7977,5.6002,0.0706
rl_heterogeneous,16,scaling,1.0,0,872,-2.1433,12.5253,-0.8518
rl_heterogeneous,16,scaling,1.0,0,873,2.3810,7.2560,0.2574
rl_heterogeneous,16,scaling,1.0,0,874,-2.4775,14.4361,1.3947
rl_heterogeneous,16,scaling,1.0,0,875,-3.4385,-4.8093,-3.1884
rl_heterogeneous,16,scaling,1.0,0,876,6.4271,9.2015,1.4648
rl_heterogeneous,16,scaling,1.0,0,877,-13.6907,-16.4644,-5.0419
rl_heterogeneous,16,scaling,1.0,0,878,-0.5959,2.6619,-0.0394
rl_heterogeneous,16,scaling,1.0,0,879,4.0675,16.8512,2.2757
rl_heterogeneous,16,scaling,1.0,0,880,-2.7180,2.1707,-0.1749
rl_heterogeneous,16,scaling,1.0,0,881,-7.1826,-6.6375,-4.0993
rl_heterogeneous,16,scaling,1.0,0,882,-2.1572,9.8172,-1.1814
rl_heterogeneous,16,scaling,1.0,0,883,-2.1884,3.0121,-2.1548
rl_heterogeneous,16,scaling,1.0,0,884,2.7993,17.2458,0.9849
rl_heterogeneous,16,scaling,1.0,0,885,-4.1177,19.6664,-0.8774
rl_heterogeneous,16,scaling,1.0,0,886,3.5671,7.3059,1.1466
rl_heterogeneous,16,scaling,1.0,0,887,2.9936,14.9559,-0.2904
rl_heterogeneous,16,scaling,1.0,0,888,-5.3005,4.9225,-0.9566
rl_heterogeneous,16,scaling,1.0,0,889,-8.8786,20.4029,-3.2992
rl_heterogeneous,16,scaling,1.0,0,890,-0.1589,19.3199,1.5107
rl_heterogeneous,16,scaling,1.0,0,891,-2.4007,11.4830,-0.0900
rl_heterogeneous,16,scaling,1.0,0,892,-0.6856,9.0217,0.4065
rl_heterogeneous,16,scaling,1.0,0,893,5.9557,7.1545,1.1590
rl_heterogeneous,16,scaling,1.0,0,894,2.7250,19.2063,0.5576
rl_heterogeneous,16,scaling,1.0,0,895,-3.6540,3.0018,-1.3675
rl_heterogeneous,16,scaling,1.0,0,896,-3.1273,7.1205,-0.3878
rl_heterogeneous,16,scaling,1.0,0,897,-6.7637,5.1205,-1.6498
rl_heterogeneous,16,scaling,1.0,0,898,-4.4713,8.5995,0.2815
rl_heterogeneous,16,scaling,1.0,0,899,-6.8777,-7.4940,-2.5117
rl_heterogeneous,16,scaling,1.0,0,900,7.2971,6.2838,4.4240
rl_heterogeneous,16,scaling,1.0,0,901,-6.6600,4.8618,-3.0368
rl_heterogeneous,16,scaling,1.0,0,902,2.6363,9.9859,-0.1476
rl_heterogeneous,16,scaling,1.0,0,903,-5.3609,-2.2290,-1.0430
rl_heterogeneous,16,scaling,1.0,0,904,1.7683,15.9359,5.5386
rl_heterogeneous,16,scaling,1.0,0,905,1.1942,14.1038,0.2800
rl_heterogeneous,16,scaling,1.0,0,906,3.6618,15.6556,0.8167
rl_heterogeneous,16,scaling,1.0,0,907,-10.2089,-9.8913,-3.7426
rl_heterogeneous,16,scaling,1.0,0,908,-11.1840,0.1602,-3.0919
rl_heterogeneous,16,scaling,1.0,0,909,5.8646,-1.5164,2.7636
rl_heterogeneous,16,scaling,1.0,0,910,-4.1447,17.3083,-1.9267
rl_heterogeneous,16,scaling,1.0,0,911,-2.3764,-1.9157,-0.5771
rl_heterogeneous,16,scaling,1.0,0,912,-4.8336,0.2692,-1.7440
rl_heterogeneous,16,scaling,1.0,0,913,4.7177,17.0972,0.4953
rl_heterogeneous,16,scaling,1.0,0,914,5.8418,7.8049,3.5485
rl_heterogeneous,16,scaling,1.0,0,915,-4.3927,16.2225,-1.9240
rl_heterogeneous,16,scaling,1.0,0,916,2.4263,10.1579,1.9272
rl_heterogeneous,16,scaling,1.0,0,917,1.5483,5.9383,0.7597
rl_heterogeneous,16,scaling,1.0,0,918,-5.6033,-0.0542,-2.4766
rl_heterogeneous,16,scaling,1.0,0,919,-3.3901,2.2591,1.0853
rl_heterogeneous,16,scaling,1.0,0,920,-6.8794,3.8581,-1.4183
rl_heterogeneous,16,scaling,1.0,0,921,2.5770,15.2317,1.8515
rl_heterogeneous,16,scaling,1.0,0,922,-1.6517,11.8100,0.1008
rl_heterogeneous,16,scaling,1.0,0,923,-0.3710,6.5020,0.0322
rl_heterogeneous,16,scaling,1.0,0,924,-2.9083,0.9516,-1.1778
rl_heterogeneous,16,scaling,1.0,0,925,-8.8193,4.0929,-2.1439
rl_heterogeneous,16,scaling,1.0,0,926,-4.5956,6.9073,-2.1337
rl_heterogeneous,16,scaling,1.0,0,927,-1.0874,8.5894,1.1644
rl_heterogeneous,16,scaling,1.0,0,928,-3.7027,9.1105,-2.2625
rl_heterogeneous,16,scaling,1.0,0,929,-10.7092,-4.9292,-4.4623
rl_heterogeneous,16,scaling,1.0,0,930,5.6538,14.4248,0.8009
rl_heterogeneous,16,scaling,1.0,0,931,2.8002,9.2457,1.1386
rl_heterogeneous,16,scaling,1.0,0,932,-1.4256,0.7857,0.4052
rl_heterogeneous,16,scaling,1.0,0,933,-0.1170,10.7576,0.0236
rl_heterogeneous,16,scaling,1.0,0,934,1.2355,10.3288,0.3558
rl_heterogeneous,16,scaling,1.0,0,935,-7.2027,-3.6080,-2.9565
rl_heterogeneous,16,scaling,1.0,0,936,-0.0573,1.5901,-1.2371
rl_heterogeneous,16,scaling,1.0,0,937,-8.7600,19.6209,-2.7628
rl_heterogeneous,16,scaling,1.0,0,938,-10.0580,0.9146,-1.4053
rl_heterogeneous,16,scaling,1.0,0,939,-0.8667,11.2717,0.4746
rl_heterogeneous,16,scaling,1.0,0,940,4.4517,3.8052,3.3861
rl_heterogeneous,16,scaling,1.0,0,941,-6.1319,11.1841,-3.0253
rl_heterogeneous,16,scaling,1.0,0,942,-2.3962,19.6484,3.2250
rl_heterogeneous,16,scaling,1.0,0,943,-3.7317,11.1438,0.6112
rl_heterogeneous,16,scaling,1.0,0,944,8.3698,12.0462,1.2492
rl_heterogeneous,16,scaling,1.0,0,945,0.5370,8.9879,-0.1401
rl_heterogeneous,16,scaling,1.0,0,946,3.8757,12.5388,0.6074
rl_heterogeneous,16,scaling,1.0,0,947,-1.8213,9.2521,-0.8512
rl_heterogeneous,16,scaling,1.0,0,948,2.6708,1.5034,-0.3023
rl_heterogeneous,16,scaling,1.0,0,949,1.4047,11.9484,1.3355
rl_heterogeneous,16,scaling,1.0,0,950,-4.0348,-1.0678,-2.5535
rl_heterogeneous,16,scaling,1.0,0,951,-8.2599,5.0891,-1.1365
rl_heterogeneous,16,scaling,1.0,0,952,-7.6190,14.4078,-2.3946
rl_heterogeneous,16,scaling,1.0,0,953,3.3265,1.9797,2.9068
rl_heterogeneous,16,scaling,1.0,0,954,-3.0068,12.9336,-1.2454
rl_heterogeneous,16,scaling,1.0,0,955,-2.3937,5.9268,0.7724
rl_heterogeneous,16,scaling,1.0,0,956,-1.6846,6.2867,-0.9857
rl_heterogeneous,16,scaling,1.0,0,957,-0.2805,6.4090,-0.5466
rl_heterogeneous,16,scaling,1.0,0,958,7.4368,4.2221,3.6582
rl_heterogeneous,16,scaling,1.0,0,959,-5.8633,-7.6750,-3.5967
rl_heterogeneous,16,scaling,1.0,0,960,-5.1777,14.2490,2.0643
rl_heterogeneous,16,scaling,1.0,0,961,-0.8967,3.3707,-1.9029
rl_heterogeneous,16,scaling,1.0,0,962,3.0167,25.2611,0.9613
rl_heterogeneous,16,scaling,1.0,0,963,4.8914,21.6947,2.1489
rl_heterogeneous,16,scaling,1.0,0,964,-0.8345,4.3676,-0.4239
rl_heterogeneous,16,scaling,1.0,0,965,6.7345,2.8246,2.6384
rl_heterogeneous,16,scaling,1.0,0,966,6.5377,11.1451,1.7487
rl_heterogeneous,16,scaling,1.0,0,967,0.7382,10.7556,0.7554
rl_heterogeneous,16,scaling,1.0,0,968,0.3842,0.3916,-1.1001
rl_heterogeneous,16,scaling,1.0,0,969,1.5752,16.4676,0.3218
rl_heterogeneous,16,scaling,1.0,0,970,-6.4761,5.4030,-3.0336
rl_heterogeneous,16,scaling,1.0,0,971,-2.0833,54.2612,-1.0149
rl_heterogeneous,16,scaling,1.0,0,972,-2.0854,12.1050,-0.1274
rl_heterogeneous,16,scaling,1.0,0,973,-1.1080,17.7365,0.3385
rl_heterogeneous,16,scaling,1.0,0,974,1.6363,5.4720,0.4166
rl_heterogeneous,16,scaling,1.0,0,975,-3.1717,12.5693,-2.3499
rl_heterogeneous,16,scaling,1.0,0,976,9.7015,10.6975,3.7629
rl_heterogeneous,16,scaling,1.0,0,977,-6.0762,-0.1752,-2.3064
rl_heterogeneous,16,scaling,1.0,0,978,4.2965,9.3582,-0.6894
rl_heterogeneous,16,scaling,1.0,0,979,-2.5656,17.1693,1.1672
rl_heterogeneous,16,scaling,1.0,0,980,-4.0406,6.1177,-0.8001
rl_heterogeneous,16,scaling,1.0,0,981,0.0267,-2.1818,-0.8948
rl_heterogeneous,16,scaling,1.0,0,982,0.1356,4.7348,0.2333
rl_heterogeneous,16,scaling,1.0,0,983,-4.0058,10.7061,-1.1157
rl_heterogeneous,16,scaling,1.0,0,984,-3.0411,14.1997,0.6040
rl_heterogeneous,16,scaling,1.0,0,985,-6.9169,5.8382,-3.8141
rl_heterogeneous,16,scaling,1.0,0,986,9.8294,6.7248,4.3610
rl_heterogeneous,16,scaling,1.0,0,987,-8.2181,2.9255,-2.0259
rl_heterogeneous,16,scaling,1.0,0,988,-0.8196,10.7482,-0.2834
rl_heterogeneous,16,scaling,1.0,0,989,-2.8430,7.6839,0.8796
rl_heterogeneous,16,scaling,1.0,0,990,-1.6386,12.3382,2.4323
rl_heterogeneous,16,scaling,1.0,0,991,-6.1307,7.1106,-1.8891
rl_heterogeneous,16,scaling,1.0,0,992,-0.3802,-2.5984,0.9770
rl_heterogeneous,16,scaling,1.0,0,993,-6.1885,1.3050,-2.8797
rl_heterogeneous,16,scaling,1.0,0,994,-3.6466,11.4856,-1.5339
rl_heterogeneous,16,scaling,1.0,0,995,0.1910,3.2688,0.4939
rl_heterogeneous,16,scaling,1.0,0,996,1.9193,20.6312,-2.5814
rl_heterogeneous,16,scaling,1.0,0,997,4.1556,6.1721,1.4946
rl_heterogeneous,16,scaling,1.0,0,998,1.9028,-1.1056,-2.4485
rl_heterogeneous,16,scaling,1.0,0,999,-3.1374,2.0062,-1.5283
rl_heterogeneous,16,scaling,1.0,0,1000,-0.0793,4.5578,-0.0729
none,0,fixed,1.0,0,1,-4.6991,0.0000,-0.8251
none,0,fixed,1.0,0,2,7.1230,0.0000,4.8264
none,0,fixed,1.0,0,3,-11.4099,0.0000,-1.8843
none,0,fixed,1.0,0,4,-1.7381,0.0000,0.8251
none,0,fixed,1.0,0,5,-7.1150,0.0000,-2.7100
none,0,fixed,1.0,0,6,0.5248,0.0000,0.2029
none,0,fixed,1.0,0,7,6.0609,0.0000,3.5173
none,0,fixed,1.0,0,8,-4.8563,0.0000,-1.4236
none,0,fixed,1.0,0,9,-2.0277,0.0000,0.1499
none,0,fixed,1.0,0,10,1.2263,0.0000,0.2681
none,0,fixed,1.0,0,11,-0.5881,0.0000,-1.2606
none,0,fixed,1.0,0,12,8.5191,0.0000,3.7156
none,0,fixed,1.0,0,13,0.3582,0.0000,3.4925
none,0,fixed,1.0,0,14,-11.4226,0.0000,-2.7275
none,0,fixed,1.0,0,15,-2.0963,0.0000,-1.2782
none,0,fixed,1.0,0,16,3.1634,0.0000,2.3806
none,0,fixed,1.0,0,17,-4.2554,0.0000,-3.0368
none,0,fixed,1.0,0,18,-1.7826,0.0000,-1.7634
none,0,fixed,1.0,0,19,-4.5238,0.0000,-1.4060
none,0,fixed,1.0,0,20,-6.7631,0.0000,-0.7187
none,0,fixed,1.0,0,21,1.2791,0.0000,-0.3576
none,0,fixed,1.0,0,22,-7.5107,0.0000,-3.4181
none,0,fixed,1.0,0,23,-8.1558,0.0000,0.0727
none,0,fixed,1.0,0,24,-4.8230,0.0000,-0.4730
none,0,fixed,1.0,0,25,-1.9142,0.0000,-0.2642
none,0,fixed,1.0,0,26,4.5391,0.0000,0.5120
none,0,fixed,1.0,0,27,-2.6286,0.0000,-0.5271
none,0,fixed,1.0,0,28,4.0461,0.0000,3.8376
none,0,fixed,1.0,0,29,-1.2970,0.0000,-1.7902
none,0,fixed,1.0,0,30,1.6307,0.0000,2.7299
none,0,fixed,1.0,0,31,-6.8996,0.0000,-0.9771
none,0,fixed,1.0,0,32,-10.5441,0.0000,-3.1556
none,0,fixed,1.0,0,33,4.8780,0.0000,5.7573
none,0,fixed,1.0,0,34,-2.3065,0.0000,-1.6998
none,0,fixed,1.0,0,35,0.9019,0.0000,-0.9207
none,0,fixed,1.0,0,36,-3.3535,0.0000,-1.5535
none,0,fixed,1.0,0,37,1.3721,0.0000,2.9943
none,0,fixed,1.0,0,38,5.4204,0.0000,3.0741
none,0,fixed,1.0,0,39,5.1572,0.0000,3.4300
none,0,fixed,1.0,0,40,-9.6425,0.0000,-2.0550
none,0,fixed,1.0,0,41,1.9428,0.0000,1.3195
none,0,fixed,1.0,0,42,-11.6493,0.0000,-0.0230
none,0,fixed,1.0,0,43,2.7277,0.0000,3.0985
none,0,fixed,1.0,0,44,3.1652,0.0000,1.4533
none,0,fixed,1.0,0,45,-2.4987,0.0000,-1.3816
none,0,fixed,1.0,0,46,-3.7886,0.0000,-2.4215
none,0,fixed,1.0,0,47,-3.8633,0.0000,-1.5332
none,0,fixed,1.0,0,48,2.8432,0.0000,1.1628
none,0,fixed,1.0,0,49,3.8523,0.0000,2.0959
none,0,fixed,1.0,0,50,-4.3814,0.0000,-0.8200
none,0,fixed,1.0,0,51,2.0946,0.0000,0.3201
none,0,fixed,1.0,0,52,2.3799,0.0000,3.0841
none,0,fixed,1.0,0,53,-0.7337,0.0000,-0.4111
none,0,fixed,1.0,0,54,-2.9395,0.0000,-1.6053
none,0,fixed,1.0,0,55,1.7210,0.0000,0.9402
none,0,fixed,1.0,0,56,0.5464,0.0000,3.1144
none,0,fixed,1.0,0,57,5.6214,0.0000,2.4504
none,0,fixed,1.0,0,58,-3.6858,0.0000,-0.1777
none,0,fixed,1.0,0,59,4.7988,0.0000,-0.4713
none,0,fixed,1.0,0,60,-1.9606,0.0000,1.8790
none,0,fixed,1.0,0,61,4.3020,0.0000,2.4696
none,0,fixed,1.0,0,62,-2.6236,0.0000,-0.2713
none,0,fixed,1.0,0,63,1.4260,0.0000,0.0827
none,0,fixed,1.0,0,64,-5.9918,0.0000,-1.4011
none,0,fixed,1.0,0,65,1.1465,0.0000,2.9292
none,0,fixed,1.0,0,66,0.3517,0.0000,-1.9705
none,0,fixed,1.0,0,67,-8.4864,0.0000,-2.5783
none,0,fixed,1.0,0,68,-4.2292,0.0000,-2.5048
none,0,fixed,1.0,0,69,0.3001,0.0000,2.3239
none,0,fixed,1.0,0,70,6.4717,0.0000,3.1705
none,0,fixed,1.0,0,71,3.2782,0.0000,3.7455
none,0,fixed,1.0,0,72,-5.5665,0.0000,1.2274
none,0,fixed,1.0,0,73,-8.6444,0.0000,-1.1873
none,0,fixed,1.0,0,74,-8.4573,0.0000,-2.7685
none,0,fixed,1.0,0,75,3.7273,0.0000,0.3333
none,0,fixed,1.0,0,76,-4.5644,0.0000,-1.6545
none,0,fixed,1.0,0,77,0.8774,0.0000,3.0945
none,0,fixed,1.0,0,78,1.2683,0.0000,1.2610
none,0,fixed,1.0,0,79,-11.2203,0.0000,-2.5423
none,0,fixed,1.0,0,80,-3.0295,0.0000,-2.0445
none,0,fixed,1.0,0,81,-2.5656,0.0000,-0.6804
none,0,fixed,1.0,0,82,1.0940,0.0000,4.1067
none,0,fixed,1.0,0,83,0.0427,0.0000,1.4240
none,0,fixed,1.0,0,84,4.1952,0.0000,1.6051
none,0,fixed,1.0,0,85,4.0942,0.0000,0.7082
none,0,fixed,1.0,0,86,-0.2417,0.0000,1.8061
none,0,fixed,1.0,0,87,-6.9999,0.0000,-2.8975
none,0,fixed,1.0,0,88,-5.4505,0.0000,-0.9158
none,0,fixed,1.0,0,89,3.5352,0.0000,2.0814
none,0,fixed,1.0,0,90,-0.1081,0.0000,0.6059
none,0,fixed,1.0,0,91,1.8561,0.0000,1.7206
none,0,fixed,1.0,0,92,-6.0278,0.0000,-1.6022
none,0,fixed,1.0,0,93,0.4362,0.0000,2.3506
none,0,fixed,1.0,0,94,-7.3508,0.0000,-1.6395
none,0,fixed,1.0,0,95,0.8882,0.0000,-0.5388
none,0,fixed,1.0,0,96,-0.7151,0.0000,-2.1473
none,0,fixed,1.0,0,97,-11.9397,0.0000,-4.1557
none,0,fixed,1.0,0,98,-10.4935,0.0000,-3.1738
none,0,fixed,1.0,0,99,2.6625,0.0000,3.7576
none,0,fixed,1.0,0,100,4.1535,0.0000,0.9632
none,0,fixed,1.0,0,101,-0.3776,0.0000,1.2620
none,0,fixed,1.0,0,102,-1.0441,0.0000,0.9571
none,0,fixed,1.0,0,103,-8.2599,0.0000,-0.1042
none,0,fixed,1.0,0,104,-3.9116,0.0000,-0.9406
none,0,fixed,1.0,0,105,4.5774,0.0000,1.5217
none,0,fixed,1.0,0,106,-5.7183,0.0000,0.5042
none,0,fixed,1.0,0,107,-2.3565,0.0000,-2.0832
none,0,fixed,1.0,0,108,-0.3526,0.0000,2.2177
none,0,fixed,1.0,0,109,-0.2808,0.0000,-1.1285
none,0,fixed,1.0,0,110,2.0638,0.0000,3.2801
none,0,fixed,1.0,0,111,-4.9269,0.0000,0.2029
none,0,fixed,1.0,0,112,-2.5010,0.0000,-0.9131
none,0,fixed,1.0,0,113,-5.0444,0.0000,-3.6589
none,0,fixed,1.0,0,114,-5.8627,0.0000,0.3067
none,0,fixed,1.0,0,115,-2.5300,0.0000,1.6296
none,0,fixed,1.0,0,116,-1.2854,0.0000,-2.0054
none,0,fixed,1.0,0,117,-0.7794,0.0000,0.0020
none,0,fixed,1.0,0,118,2.0583,0.0000,0.4042
none,0,fixed,1.0,0,119,-3.6496,0.0000,0.1967
none,0,fixed,1.0,0,120,-3.1098,0.0000,-1.2042
none,0,fixed,1.0,0,121,6.1169,0.0000,1.9295
none,0,fixed,1.0,0,122,-5.0535,0.0000,-0.0635
none,0,fixed,1.0,0,123,2.1527,0.0000,3.5930
none,0,fixed,1.0,0,124,0.1490,0.0000,1.8669
none,0,fixed,1.0,0,125,-1.0346,0.0000,0.1443
none,0,fixed,1.0,0,126,6.9359,0.0000,2.0574
none,0,fixed,1.0,0,127,7.4771,0.0000,2.0387
none,0,fixed,1.0,0,128,-3.0983,0.0000,0.0118
none,0,fixed,1.0,0,129,0.7448,0.0000,2.4531
none,0,fixed,1.0,0,130,6.0995,0.0000,2.2582
none,0,fixed,1.0,0,131,-0.6795,0.0000,1.5303
none,0,fixed,1.0,0,132,0.3981,0.0000,1.6004
none,0,fixed,1.0,0,133,2.2246,0.0000,2.2403
none,0,fixed,1.0,0,134,8.4953,0.0000,5.2415
none,0,fixed,1.0,0,135,1.9396,0.0000,1.3885
none,0,fixed,1.0,0,136,3.6640,0.0000,2.7461
none,0,fixed,1.0,0,137,-1.9545,0.0000,-1.0057
none,0,fixed,1.0,0,138,1.9926,0.0000,1.0540
none,0,fixed,1.0,0,139,5.0691,0.0000,1.2389
none,0,fixed,1.0,0,140,-6.0205,0.0000,-2.5167
none,0,fixed,1.0,0,141,1.6566,0.0000,2.0948
none,0,fixed,1.0,0,142,-7.0222,0.0000,-2.7291
none,0,fixed,1.0,0,143,-1.6150,0.0000,-1.0112
none,0,fixed,1.0,0,144,-2.8308,0.0000,-1.8221
none,0,fixed,1.0,0,145,-5.1302,0.0000,-1.8653
none,0,fixed,1.0,0,146,5.5635,0.0000,1.9063
none,0,fixed,1.0,0,147,0.6795,0.0000,1.5685
none,0,fixed,1.0,0,148,-4.6042,0.0000,-0.8755
none,0,fixed,1.0,0,149,-0.6984,0.0000,1.7841
none,0,fixed,1.0,0,150,-4.9363,0.0000,-2.4272
none,0,fixed,1.0,0,151,-5.0060,0.0000,-0.8890
none,0,fixed,1.0,0,152,-5.9441,0.0000,-1.1366
none,0,fixed,1.0,0,153,3.7079,0.0000,0.0371
none,0,fixed,1.0,0,154,-10.5324,0.0000,0.1601
none,0,fixed,1.0,0,155,1.1815,0.0000,0.3687
none,0,fixed,1.0,0,156,-5.4009,0.0000,-2.9367
none,0,fixed,1.0,0,157,0.0866,0.0000,-1.3282
none,0,fixed,1.0,0,158,0.1941,0.0000,-0.6184
none,0,fixed,1.0,0,159,-18.1796,0.0000,-5.5224
none,0,fixed,1.0,0,160,-8.1249,0.0000,-1.4751
none,0,fixed,1.0,0,161,-1.3231,0.0000,3.1602
none,0,fixed,1.0,0,162,3.8150,0.0000,1.6539
none,0,fixed,1.0,0,163,-3.2127,0.0000,-1.4561
none,0,fixed,1.0,0,164,-2.4516,0.0000,2.0895
none,0,fixed,1.0,0,165,-4.9944,0.0000,-2.8360
none,0,fixed,1.0,0,166,4.6242,0.0000,2.5454
none,0,fixed,1.0,0,167,1.9065,0.0000,0.1779
none,0,fixed,1.0,0,168,3.8752,0.0000,1.2636
none,0,fixed,1.0,0,169,0.4833,0.0000,0.6935
none,0,fixed,1.0,0,170,1.7289,0.0000,0.6573
none,0,fixed,1.0,0,171,-1.9086,0.0000,-2.2204
none,0,fixed,1.0,0,172,2.0722,0.0000,3.3009
none,0,fixed,1.0,0,173,3.4833,0.0000,1.3053
none,0,fixed,1.0,0,174,-3.0493,0.0000,-1.0663
none,0,fixed,1.0,0,175,-2.9436,0.0000,0.9638
none,0,fixed,1.0,0,176,-1.6225,0.0000,-2.1235
none,0,fixed,1.0,0,177,-0.8548,0.0000,-0.2556
none,0,fixed,1.0,0,178,-1.8939,0.0000,0.2098
none,0,fixed,1.0,0,179,0.8907,0.0000,-0.1165
none,0,fixed,1.0,0,180,1.0650,0.0000,0.9151
none,0,fixed,1.0,0,181,-2.9266,0.0000,1.6687
none,0,fixed,1.0,0,182,1.3717,0.0000,2.6798
none,0,fixed,1.0,0,183,7.6499,0.0000,4.4360
none,0,fixed,1.0,0,184,2.8315,0.0000,0.7933
none,0,fixed,1.0,0,185,-1.8154,0.0000,0.2544
none,0,fixed,1.0,0,186,-4.5836,0.0000,-1.1984
none,0,fixed,1.0,0,187,-0.0304,0.0000,-0.5795
none,0,fixed,1.0,0,188,-1.5946,0.0000,-0.6328
none,0,fixed,1.0,0,189,-0.3338,0.0000,2.1558
none,0,fixed,1.0,0,190,1.5160,0.0000,1.1995
none,0,fixed,1.0,0,191,2.3516,0.0000,2.3019
none,0,fixed,1.0,0,192,-0.4419,0.0000,-1.2978
none,0,fixed,1.0,0,193,-0.0539,0.0000,1.0100
none,0,fixed,1.0,0,194,-5.6659,0.0000,-0.8398
none,0,fixed,1.0,0,195,5.4442,0.0000,2.7168
none,0,fixed,1.0,0,196,8.4017,0.0000,5.8507
none,0,fixed,1.0,0,197,-3.4695,0.0000,-2.3513
none,0,fixed,1.0,0,198,3.8440,0.0000,2.0684
none,0,fixed,1.0,0,199,-5.7641,0.0000,-1.8011
none,0,fixed,1.0,0,200,-2.2323,0.0000,-0.6363
none,0,fixed,1.0,0,201,-1.8079,0.0000,0.3772
none,0,fixed,1.0,0,202,4.4790,0.0000,1.9563
none,0,fixed,1.0,0,203,3.7383,0.0000,0.9547
none,0,fixed,1.0,0,204,-1.4350,0.0000,-1.2135
none,0,fixed,1.0,0,205,-8.3783,0.0000,-1.5574
none,0,fixed,1.0,0,206,-2.1876,0.0000,-0.5886
none,0,fixed,1.0,0,207,9.5249,0.0000,4.6024
none,0,fixed,1.0,0,208,-6.4088,0.0000,-2.6260
none,0,fixed,1.0,0,209,-18.4447,0.0000,-5.7323
none,0,fixed,1.0,0,210,-14.8587,0.0000,-4.7289
none,0,fixed,1.0,0,211,5.7827,0.0000,0.5063
none,0,fixed,1.0,0,212,5.0196,0.0000,2.3784
none,0,fixed,1.0,0,213,-0.8306,0.0000,-0.4088
none,0,fixed,1.0,0,214,-3.7920,0.0000,0.5369
none,0,fixed,1.0,0,215,-2.3614,0.0000,0.3031
none,0,fixed,1.0,0,216,-1.5233,0.0000,0.9003
none,0,fixed,1.0,0,217,0.8579,0.0000,0.8591
none,0,fixed,1.0,0,218,-3.1915,0.0000,-0.5928
none,0,fixed,1.0,0,219,1.9461,0.0000,0.1650
none,0,fixed,1.0,0,220,-5.0273,0.0000,-1.8979
none,0,fixed,1.0,0,221,-5.4888,0.0000,0.8668
none,0,fixed,1.0,0,222,4.1519,0.0000,1.3689
none,0,fixed,1.0,0,223,-3.6257,0.0000,-2.1525
none,0,fixed,1.0,0,224,4.8132,0.0000,2.9997
none,0,fixed,1.0,0,225,3.2827,0.0000,0.9435
none,0,fixed,1.0,0,226,-3.8013,0.0000,-1.2057
none,0,fixed,1.0,0,227,2.7580,0.0000,0.1999
none,0,fixed,1.0,0,228,1.8034,0.0000,3.6509
none,0,fixed,1.0,0,229,-1.8938,0.0000,0.6217
none,0,fixed,1.0,0,230,-3.1786,0.0000,-0.2573
none,0,fixed,1.0,0,231,2.6800,0.0000,1.2986
none,0,fixed,1.0,0,232,-3.4542,0.0000,-2.5795
none,0,fixed,1.0,0,233,2.4936,0.0000,-0.6415
none,0,fixed,1.0,0,234,-7.3415,0.0000,-2.8352
none,0,fixed,1.0,0,235,-1.2644,0.0000,1.4803
none,0,fixed,1.0,0,236,-10.9864,0.0000,-3.0257
none,0,fixed,1.0,0,237,3.5061,0.0000,2.1934
none,0,fixed,1.0,0,238,2.8204,0.0000,0.8278
none,0,fixed,1.0,0,239,-3.7970,0.0000,0.5045
none,0,fixed,1.0,0,240,0.5808,0.0000,-0.6404
none,0,fixed,1.0,0,241,-3.0387,0.0000,-2.1993
none,0,fixed,1.0,0,242,5.4750,0.0000,0.5262
none,0,fixed,1.0,0,243,1.6933,0.0000,1.8768
none,0,fixed,1.0,0,244,2.6030,0.0000,3.1508
none,0,fixed,1.0,0,245,-2.6574,0.0000,-1.3106
none,0,fixed,1.0,0,246,5.8246,0.0000,2.8662
none,0,fixed,1.0,0,247,-1.2331,0.0000,1.1119
none,0,fixed,1.0,0,248,-8.3799,0.0000,-3.1215
none,0,fixed,1.0,0,249,2.0265,0.0000,0.6508
none,0,fixed,1.0,0,250,6.6946,0.0000,2.4848
none,0,fixed,1.0,0,251,1.2822,0.0000,2.5090
none,0,fixed,1.0,0,252,-7.3883,0.0000,-1.3740
none,0,fixed,1.0,0,253,-1.8167,0.0000,-0.1570
none,0,fixed,1.0,0,254,-8.4349,0.0000,-2.6982
none,0,fixed,1.0,0,255,2.4102,0.0000,-0.5769
none,0,fixed,1.0,0,256,5.3597,0.0000,2.7417
none,0,fixed,1.0,0,257,-5.4545,0.0000,-1.7432
none,0,fixed,1.0,0,258,-2.8114,0.0000,0.3978
none,0,fixed,1.0,0,259,-10.7075,0.0000,-2.7647
none,0,fixed,1.0,0,260,1.3463,0.0000,1.4577
none,0,fixed,1.0,0,261,1.4089,0.0000,-0.0730
none,0,fixed,1.0,0,262,-5.8690,0.0000,-1.9807
none,0,fixed,1.0,0,263,-8.8920,0.0000,-3.2798
none,0,fixed,1.0,0,264,1.4209,0.0000,-0.1038
none,0,fixed,1.0,0,265,-12.3822,0.0000,-4.5383
none,0,fixed,1.0,0,266,-6.7766,0.0000,-1.9754
none,0,fixed,1.0,0,267,0.8851,0.0000,1.5086
none,0,fixed,1.0,0,268,-6.0430,0.0000,-3.1907
none,0,fixed,1.0,0,269,-2.5513,0.0000,-1.9067
none,0,fixed,1.0,0,270,-0.2937,0.0000,-0.1074
none,0,fixed,1.0,0,271,-6.0462,0.0000,-1.6026
none,0,fixed,1.0,0,272,4.7326,0.0000,3.1785
none,0,fixed,1.0,0,273,3.0465,0.0000,3.9364
none,0,fixed,1.0,0,274,-6.9227,0.0000,-1.4222
none,0,fixed,1.0,0,275,-1.2336,0.0000,-0.5351
none,0,fixed,1.0,0,276,-1.0957,0.0000,3.5396
none,0,fixed,1.0,0,277,5.4347,0.0000,3.0981
none,0,fixed,1.0,0,278,-3.3932,0.0000,0.7633
none,0,fixed,1.0,0,279,-1.2965,0.0000,-1.1921
none,0,fixed,1.0,0,280,-4.7963,0.0000,-0.7111
none,0,fixed,1.0,0,281,4.1534,0.0000,1.0479
none,0,fixed,1.0,0,282,-4.1563,0.0000,-2.3597
none,0,fixed,1.0,0,283,-2.7267,0.0000,-2.1071
none,0,fixed,1.0,0,284,-14.8601,0.0000,-1.4207
none,0,fixed,1.0,0,285,-2.9562,0.0000,-1.9114
none,0,fixed,1.0,0,286,-5.4863,0.0000,-1.3999
none,0,fixed,1.0,0,287,-0.0337,0.0000,-0.5395
none,0,fixed,1.0,0,288,2.4140,0.0000,1.2011
none,0,fixed,1.0,0,289,-1.2382,0.0000,1.4271
none,0,fixed,1.0,0,290,-1.2634,0.0000,0.1554
none,0,fixed,1.0,0,291,-6.1838,0.0000,-3.2685
none,0,fixed,1.0,0,292,-9.3852,0.0000,-3.5672
none,0,fixed,1.0,0,293,-13.6771,0.0000,-4.2740
none,0,fixed,1.0,0,294,3.3983,0.0000,0.3299
none,0,fixed,1.0,0,295,-1.5332,0.0000,-0.6441
none,0,fixed,1.0,0,296,1.8510,0.0000,1.6657
none,0,fixed,1.0,0,297,6.0897,0.0000,3.6532
none,0,fixed,1.0,0,298,2.5171,0.0000,3.0300
none,0,fixed,1.0,0,299,0.6709,0.0000,0.0389
none,0,fixed,1.0,0,300,-4.1031,0.0000,-0.6947
none,0,fixed,1.0,0,301,-4.0978,0.0000,-1.2344
none,0,fixed,1.0,0,302,-3.8648,0.0000,1.9258
none,0,fixed,1.0,0,303,2.6485,0.0000,1.9803
none,0,fixed,1.0,0,304,7.3137,0.0000,4.1354
none,0,fixed,1.0,0,305,2.0347,0.0000,-0.6344
none,0,fixed,1.0,0,306,-7.2745,0.0000,-3.9096
none,0,fixed,1.0,0,307,-1.2909,0.0000,-2.2077
none,0,fixed,1.0,0,308,5.0418,0.0000,0.8846
none,0,fixed,1.0,0,309,-3.6583,0.0000,1.3402
none,0,fixed,1.0,0,310,2.1515,0.0000,0.7329
none,0,fixed,1.0,0,311,-4.6584,0.0000,-1.4717
none,0,fixed,1.0,0,312,-4.9053,0.0000,0.7625
none,0,fixed,1.0,0,313,-3.1477,0.0000,-0.7873
none,0,fixed,1.0,0,314,-6.1789,0.0000,0.7640
none,0,fixed,1.0,0,315,3.6542,0.0000,1.2035
none,0,fixed,1.0,0,316,-3.0722,0.0000,-0.7757
none,0,fixed,1.0,0,317,-4.3561,0.0000,-3.0103
none,0,fixed,1.0,0,318,4.8072,0.0000,6.5757
none,0,fixed,1.0,0,319,-10.1449,0.0000,-1.2275
none,0,fixed,1.0,0,320,6.0861,0.0000,0.2548
none,0,fixed,1.0,0,321,0.6807,0.0000,1.8377
none,0,fixed,1.0,0,322,4.7745,0.0000,1.6638
none,0,fixed,1.0,0,323,2.5570,0.0000,0.0826
none,0,fixed,1.0,0,324,5.5707,0.0000,1.5605
none,0,fixed,1.0,0,325,-2.3289,0.0000,-0.5704
none,0,fixed,1.0,0,326,-3.1497,0.0000,0.5610
none,0,fixed,1.0,0,327,4.5856,0.0000,2.3042
none,0,fixed,1.0,0,328,3.7149,0.0000,0.1486
none,0,fixed,1.0,0,329,-1.6180,0.0000,-0.1977
none,0,fixed,1.0,0,330,-7.1278,0.0000,-2.6933
none,0,fixed,1.0,0,331,6.1654,0.0000,5.1569
none,0,fixed,1.0,0,332,-0.6805,0.0000,1.1480
none,0,fixed,1.0,0,333,-9.0612,0.0000,-2.8033
none,0,fixed,1.0,0,334,-0.4596,0.0000,2.2074
none,0,fixed,1.0,0,335,3.4731,0.0000,4.0590
none,0,fixed,1.0,0,336,-3.4270,0.0000,-0.3037
none,0,fixed,1.0,0,337,-3.7438,0.0000,-3.6217
none,0,fixed,1.0,0,338,-7.2132,0.0000,-2.9606
none,0,fixed,1.0,0,339,4.7633,0.0000,2.9637
none,0,fixed,1.0,0,340,-0.5808,0.0000,0.6621
none,0,fixed,1.0,0,341,6.6254,0.0000,1.2995
none,0,fixed,1.0,0,342,-1.2098,0.0000,-0.9381
none,0,fixed,1.0,0,343,-4.1223,0.0000,-0.8250
none,0,fixed,1.0,0,344,-0.4550,0.0000,1.2299
none,0,fixed,1.0,0,345,3.2767,0.0000,1.2768
none,0,fixed,1.0,0,346,5.0855,0.0000,3.7061
none,0,fixed,1.0,0,347,-12.1705,0.0000,-5.5973
none,0,fixed,1.0,0,348,-8.7826,0.0000,-3.2791
none,0,fixed,1.0,0,349,0.6846,0.0000,0.9449
none,0,fixed,1.0,0,350,7.8130,0.0000,2.6535
none,0,fixed,1.0,0,351,-4.6106,0.0000,-1.5978
none,0,fixed,1.0,0,352,-1.6016,0.0000,-1.4102
none,0,fixed,1.0,0,353,-0.2345,0.0000,0.0513
none,0,fixed,1.0,0,354,-4.1314,0.0000,1.0810
none,0,fixed,1.0,0,355,3.0548,0.0000,3.1361
none,0,fixed,1.0,0,356,6.4094,0.0000,2.5789
none,0,fixed,1.0,0,357,-3.6841,0.0000,-0.4185
none,0,fixed,1.0,0,358,1.2574,0.0000,0.2063
none,0,fixed,1.0,0,359,-3.7179,0.0000,-0.7047
none,0,fixed,1.0,0,360,-4.1920,0.0000,1.6238
none,0,fixed,1.0,0,361,1.2844,0.0000,0.6858
none,0,fixed,1.0,0,362,-8.2490,0.0000,-4.4755
none,0,fixed,1.0,0,363,-0.2713,0.0000,1.5976
none,0,fixed,1.0,0,364,4.7386,0.0000,4.1245
none,0,fixed,1.0,0,365,-4.9578,0.0000,-2.2780
none,0,fixed,1.0,0,366,-1.5974,0.0000,0.1323
none,0,fixed,1.0,0,367,7.6813,0.0000,6.2014
none,0,fixed,1.0,0,368,-0.1652,0.0000,-0.0637
none,0,fixed,1.0,0,369,-2.1898,0.0000,-0.2391
none,0,fixed,1.0,0,370,-4.1669,0.0000,-1.4973
none,0,fixed,1.0,0,371,1.8074,0.0000,1.0462
none,0,fixed,1.0,0,372,-4.1486,0.0000,-0.5409
none,0,fixed,1.0,0,373,-9.3515,0.0000,-4.0200
none,0,fixed,1.0,0,374,3.8592,0.0000,0.9437
none,0,fixed,1.0,0,375,-7.9909,0.0000,-1.8584
none,0,fixed,1.0,0,376,-12.5342,0.0000,-5.2772
none,0,fixed,1.0,0,377,-3.8423,0.0000,-0.4902
none,0,fixed,1.0,0,378,-1.8453,0.0000,1.8901
none,0,fixed,1.0,0,379,-0.6992,0.0000,2.3312
none,0,fixed,1.0,0,380,2.2861,0.0000,-0.3886
none,0,fixed,1.0,0,381,-3.9293,0.0000,0.3549
none,0,fixed,1.0,0,382,-5.7426,0.0000,-0.3466
none,0,fixed,1.0,0,383,0.6907,0.0000,-0.3239
none,0,fixed,1.0,0,384,4.7186,0.0000,2.3533
none,0,fixed,1.0,0,385,2.0422,0.0000,0.4865
none,0,fixed,1.0,0,386,-9.4103,0.0000,-3.0439
none,0,fixed,1.0,0,387,-8.7190,0.0000,-1.5490
none,0,fixed,1.0,0,388,-14.3331,0.0000,-4.2288
none,0,fixed,1.0,0,389,-10.2061,0.0000,-1.9141
none,0,fixed,1.0,0,390,-7.6913,0.0000,-1.5133
none,0,fixed,1.0,0,391,3.3811,0.0000,3.1307
none,0,fixed,1.0,0,392,-3.1519,0.0000,-0.1521
none,0,fixed,1.0,0,393,-1.0767,0.0000,0.8507
none,0,fixed,1.0,0,394,-8.2299,0.0000,-1.6370
none,0,fixed,1.0,0,395,-8.2251,0.0000,-3.2446
none,0,fixed,1.0,0,396,-13.2831,0.0000,-4.4326
none,0,fixed,1.0,0,397,4.4494,0.0000,2.2859
none,0,fixed,1.0,0,398,-0.3972,0.0000,0.3985
none,0,fixed,1.0,0,399,0.8607,0.0000,0.5483
none,0,fixed,1.0,0,400,-3.1191,0.0000,-3.2647
none,0,fixed,1.0,0,401,-6.4582,0.0000,-2.7860
none,0,fixed,1.0,0,402,-2.4462,0.0000,-2.6481
none,0,fixed,1.0,0,403,-3.6780,0.0000,-1.4786
none,0,fixed,1.0,0,404,-8.4340,0.0000,0.1994
none,0,fixed,1.0,0,405,-3.5359,0.0000,-1.9581
none,0,fixed,1.0,0,406,0.7789,0.0000,0.9571
none,0,fixed,1.0,0,407,1.0490,0.0000,0.2749
none,0,fixed,1.0,0,408,-4.7924,0.0000,-0.7088
none,0,fixed,1.0,0,409,1.0582,0.0000,1.1816
none,0,fixed,1.0,0,410,-7.1363,0.0000,-1.9159
none,0,fixed,1.0,0,411,5.0742,0.0000,1.5655
none,0,fixed,1.0,0,412,-0.6322,0.0000,0.0976
none,0,fixed,1.0,0,413,-5.0948,0.0000,-0.0146
none,0,fixed,1.0,0,414,-7.0736,0.0000,-1.0785
none,0,fixed,1.0,0,415,3.2804,0.0000,1.3314
none,0,fixed,1.0,0,416,-2.7325,0.0000,0.2626
none,0,fixed,1.0,0,417,-0.5519,0.0000,0.2384
none,0,fixed,1.0,0,418,-3.0280,0.0000,-1.3645
none,0,fixed,1.0,0,419,4.8833,0.0000,3.3161
none,0,fixed,1.0,0,420,-4.5802,0.0000,0.2558
none,0,fixed,1.0,0,421,1.1535,0.0000,-1.5732
none,0,fixed,1.0,0,422,-1.3172,0.0000,0.2753
none,0,fixed,1.0,0,423,-1.0604,0.0000,1.8000
none,0,fixed,1.0,0,424,-0.3555,0.0000,-0.9297
none,0,fixed,1.0,0,425,-5.3170,0.0000,-2.1535
none,0,fixed,1.0,0,426,-2.1365,0.0000,-0.2606
none,0,fixed,1.0,0,427,5.5942,0.0000,2.8459
none,0,fixed,1.0,0,428,-14.4106,0.0000,-5.0576
none,0,fixed,1.0,0,429,-8.1420,0.0000,-0.8201
none,0,fixed,1.0,0,430,3.6492,0.0000,1.6200
none,0,fixed,1.0,0,431,-6.7990,0.0000,-1.9980
none,0,fixed,1.0,0,432,-3.6952,0.0000,-2.0400
none,0,fixed,1.0,0,433,-3.3444,0.0000,-0.6910
none,0,fixed,1.0,0,434,0.4328,0.0000,1.6543
none,0,fixed,1.0,0,435,3.3078,0.0000,1.6874
none,0,fixed,1.0,0,436,-2.1751,0.0000,-1.3104
none,0,fixed,1.0,0,437,-4.0912,0.0000,1.0744
none,0,fixed,1.0,0,438,0.8018,0.0000,2.5533
none,0,fixed,1.0,0,439,-13.4605,0.0000,-1.4517
none,0,fixed,1.0,0,440,-6.1182,0.0000,-2.6554
none,0,fixed,1.0,0,441,-2.3516,0.0000,-0.3815
none,0,fixed,1.0,0,442,-10.9799,0.0000,-4.6258
none,0,fixed,1.0,0,443,-4.1116,0.0000,-1.0701
none,0,fixed,1.0,0,444,-2.1760,0.0000,0.4929
none,0,fixed,1.0,0,445,2.7731,0.0000,-0.2483
none,0,fixed,1.0,0,446,-2.8896,0.0000,-1.8029
none,0,fixed,1.0,0,447,4.0395,0.0000,1.3818
none,0,fixed,1.0,0,448,-11.3426,0.0000,-3.2782
none,0,fixed,1.0,0,449,-6.4443,0.0000,-0.9575
none,0,fixed,1.0,0,450,-5.7707,0.0000,-1.5953
none,0,fixed,1.0,0,451,-3.3568,0.0000,1.3889
none,0,fixed,1.0,0,452,-4.9290,0.0000,-2.2303
none,0,fixed,1.0,0,453,-5.1448,0.0000,-0.5102
none,0,fixed,1.0,0,454,3.6560,0.0000,3.6684
none,0,fixed,1.0,0,455,-8.0214,0.0000,-3.6857
none,0,fixed,1.0,0,456,-11.5300,0.0000,-3.5750
none,0,fixed,1.0,0,457,-2.5598,0.0000,-0.6780
none,0,fixed,1.0,0,458,-1.4830,0.0000,-0.0382
none,0,fixed,1.0,0,459,-8.1752,0.0000,0.1058
none,0,fixed,1.0,0,460,0.5722,0.0000,-2.0547
none,0,fixed,1.0,0,461,3.2447,0.0000,1.6577
none,0,fixed,1.0,0,462,-2.5726,0.0000,0.6564
none,0,fixed,1.0,0,463,7.1886,0.0000,2.6502
none,0,fixed,1.0,0,464,-0.7631,0.0000,-2.7849
none,0,fixed,1.0,0,465,-5.7845,0.0000,0.7010
none,0,fixed,1.0,0,466,-2.2169,0.0000,1.6188
none,0,fixed,1.0,0,467,-3.2973,0.0000,-1.8853
none,0,fixed,1.0,0,468,-2.3168,0.0000,0.6909
none,0,fixed,1.0,0,469,-1.0115,0.0000,0.0652
none,0,fixed,1.0,0,470,-6.7231,0.0000,-1.3917
none,0,fixed,1.0,0,471,-9.4574,0.0000,-3.9949
none,0,fixed,1.0,0,472,-0.9173,0.0000,0.9473
none,0,fixed,1.0,0,473,0.9394,0.0000,-0.5186
none,0,fixed,1.0,0,474,-6.6976,0.0000,-4.2213
none,0,fixed,1.0,0,475,-7.1324,0.0000,-2.0450
none,0,fixed,1.0,0,476,-9.0889,0.0000,-3.6496
none,0,fixed,1.0,0,477,0.8586,0.0000,0.9704
none,0,fixed,1.0,0,478,2.4209,0.0000,0.5342
none,0,fixed,1.0,0,479,2.4679,0.0000,0.1820
none,0,fixed,1.0,0,480,-6.9926,0.0000,-2.0483
none,0,fixed,1.0,0,481,-2.6170,0.0000,-0.8792
none,0,fixed,1.0,0,482,-6.1405,0.0000,-3.5511
none,0,fixed,1.0,0,483,6.8025,0.0000,3.1486
none,0,fixed,1.0,0,484,-5.8951,0.0000,-3.4782
none,0,fixed,1.0,0,485,-1.7598,0.0000,-0.1836
none,0,fixed,1.0,0,486,-9.1139,0.0000,-2.6138
none,0,fixed,1.0,0,487,-0.0259,0.0000,-0.9368
none,0,fixed,1.0,0,488,1.9139,0.0000,1.2504
none,0,fixed,1.0,0,489,5.0467,0.0000,3.8458
none,0,fixed,1.0,0,490,-11.6792,0.0000,-2.5493
none,0,fixed,1.0,0,491,-2.6058,0.0000,-2.3096
none,0,fixed,1.0,0,492,-9.2354,0.0000,-2.9691
none,0,fixed,1.0,0,493,6.3184,0.0000,1.4579
none,0,fixed,1.0,0,494,-1.1737,0.0000,-2.0833
none,0,fixed,1.0,0,495,-9.1050,0.0000,-2.5566
none,0,fixed,1.0,0,496,1.9157,0.0000,1.2294
none,0,fixed,1.0,0,497,-4.5574,0.0000,0.2537
none,0,fixed,1.0,0,498,6.2618,0.0000,1.5998
none,0,fixed,1.0,0,499,-5.4077,0.0000,-1.3223
none,0,fixed,1.0,0,500,-0.3499,0.0000,0.6795
none,0,fixed,1.0,0,501,-4.5890,0.0000,-1.5562
none,0,fixed,1.0,0,502,4.5007,0.0000,2.2852
none,0,fixed,1.0,0,503,-0.6560,0.0000,-1.2266
none,0,fixed,1.0,0,504,-2.6466,0.0000,-1.6407
none,0,fixed,1.0,0,505,0.7979,0.0000,3.9052
none,0,fixed,1.0,0,506,0.2826,0.0000,-0.2295
none,0,fixed,1.0,0,507,-3.4498,0.0000,-1.0421
none,0,fixed,1.0,0,508,-21.0532,0.0000,-6.4109
none,0,fixed,1.0,0,509,2.7891,0.0000,-0.0989
none,0,fixed,1.0,0,510,-2.0112,0.0000,0.8951
none,0,fixed,1.0,0,511,-8.3714,0.0000,-2.1710
none,0,fixed,1.0,0,512,2.6239,0.0000,2.7624
none,0,fixed,1.0,0,513,6.6093,0.0000,1.4157
none,0,fixed,1.0,0,514,3.2219,0.0000,-0.1713
none,0,fixed,1.0,0,515,4.1562,0.0000,2.4065
none,0,fixed,1.0,0,516,-6.0900,0.0000,-1.1848
none,0,fixed,1.0,0,517,-2.7364,0.0000,-1.0212
none,0,fixed,1.0,0,518,-0.6742,0.0000,1.1619
none,0,fixed,1.0,0,519,-7.1422,0.0000,-2.4206
none,0,fixed,1.0,0,520,-7.6403,0.0000,-3.1415
none,0,fixed,1.0,0,521,-8.3346,0.0000,-2.9462
none,0,fixed,1.0,0,522,5.9737,0.0000,2.7806
none,0,fixed,1.0,0,523,-8.4652,0.0000,-1.7050
none,0,fixed,1.0,0,524,-1.4844,0.0000,-1.5472
none,0,fixed,1.0,0,525,-3.3353,0.0000,0.8846
none,0,fixed,1.0,0,526,-4.2237,0.0000,-1.4312
none,0,fixed,1.0,0,527,-2.4549,0.0000,-2.2301
none,0,fixed,1.0,0,528,3.9169,0.0000,1.6790
none,0,fixed,1.0,0,529,-1.1079,0.0000,1.6461
none,0,fixed,1.0,0,530,-3.9870,0.0000,2.1613
none,0,fixed,1.0,0,531,0.4556,0.0000,0.6477
none,0,fixed,1.0,0,532,-0.7411,0.0000,-0.4260
none,0,fixed,1.0,0,533,1.3915,0.0000,-0.7087
none,0,fixed,1.0,0,534,-9.6387,0.0000,-1.4965
none,0,fixed,1.0,0,535,-3.5047,0.0000,-2.4837
none,0,fixed,1.0,0,536,-7.5205,0.0000,0.3419
none,0,fixed,1.0,0,537,-5.9538,0.0000,-2.1425
none,0,fixed,1.0,0,538,0.4184,0.0000,2.1332
none,0,fixed,1.0,0,539,-2.8809,0.0000,-1.2060
none,0,fixed,1.0,0,540,0.9738,0.0000,0.4595
none,0,fixed,1.0,0,541,-7.9100,0.0000,-3.5189
none,0,fixed,1.0,0,542,2.5065,0.0000,2.3494
none,0,fixed,1.0,0,543,-3.8317,0.0000,-0.6669
none,0,fixed,1.0,0,544,-6.1475,0.0000,-2.4287
none,0,fixed,1.0,0,545,-1.7869,0.0000,-1.5227
none,0,fixed,1.0,0,546,-1.9934,0.0000,0.2079
none,0,fixed,1.0,0,547,2.1118,0.0000,3.8976
none,0,fixed,1.0,0,548,-0.2645,0.0000,-1.1276
none,0,fixed,1.0,0,549,4.0237,0.0000,1.0547
none,0,fixed,1.0,0,550,1.9643,0.0000,1.5071
none,0,fixed,1.0,0,551,-1.1501,0.0000,-0.4119
none,0,fixed,1.0,0,552,7.0400,0.0000,3.9998
none,0,fixed,1.0,0,553,4.5891,0.0000,0.9313
none,0,fixed,1.0,0,554,-0.5403,0.0000,-0.2346
none,0,fixed,1.0,0,555,-3.7110,0.0000,-1.0014
none,0,fixed,1.0,0,556,-1.3659,0.0000,1.8172
none,0,fixed,1.0,0,557,-0.9526,0.0000,-0.4306
none,0,fixed,1.0,0,558,-3.8644,0.0000,1.5717
none,0,fixed,1.0,0,559,3.5140,0.0000,1.9329
none,0,fixed,1.0,0,560,-14.4320,0.0000,-5.1690
none,0,fixed,1.0,0,561,-5.5114,0.0000,-0.0389
none,0,fixed,1.0,0,562,8.2905,0.0000,4.5534
none,0,fixed,1.0,0,563,-2.7296,0.0000,-0.2343
none,0,fixed,1.0,0,564,0.4479,0.0000,1.3206
none,0,fixed,1.0,0,565,-11.0730,0.0000,-2.5264
none,0,fixed,1.0,0,566,-5.4479,0.0000,-2.8257
none,0,fixed,1.0,0,567,0.3345,0.0000,0.6817
none,0,fixed,1.0,0,568,0.6658,0.0000,3.4030
none,0,fixed,1.0,0,569,0.4580,0.0000,-0.1941
none,0,fixed,1.0,0,570,-7.2293,0.0000,-1.5619
none,0,fixed,1.0,0,571,-0.7021,0.0000,0.5917
none,0,fixed,1.0,0,572,-2.1636,0.0000,0.4407
none,0,fixed,1.0,0,573,2.7812,0.0000,0.4905
none,0,fixed,1.0,0,574,-7.1406,0.0000,-2.3089
none,0,fixed,1.0,0,575,-2.5890,0.0000,-1.6531
none,0,fixed,1.0,0,576,2.2093,0.0000,-0.6954
none,0,fixed,1.0,0,577,-2.6793,0.0000,-0.2855
none,0,fixed,1.0,0,578,0.1493,0.0000,1.5463
none,0,fixed,1.0,0,579,-4.7361,0.0000,1.6798
none,0,fixed,1.0,0,580,-2.8644,0.0000,-0.9403
none,0,fixed,1.0,0,581,-22.0342,0.0000,-7.8272
none,0,fixed,1.0,0,582,-1.4306,0.0000,0.8798
none,0,fixed,1.0,0,583,-11.6005,0.0000,-4.4479
none,0,fixed,1.0,0,584,2.0741,0.0000,1.6430
none,0,fixed,1.0,0,585,2.7680,0.0000,1.0329
none,0,fixed,1.0,0,586,-3.2357,0.0000,1.8457
none,0,fixed,1.0,0,587,1.6146,0.0000,0.8531
none,0,fixed,1.0,0,588,-11.0698,0.0000,-1.6246
none,0,fixed,1.0,0,589,-1.9114,0.0000,-1.9117
none,0,fixed,1.0,0,590,-9.0833,0.0000,-2.7123
none,0,fixed,1.0,0,591,-6.3943,0.0000,-1.2366
none,0,fixed,1.0,0,592,0.1873,0.0000,0.4657
none,0,fixed,1.0,0,593,10.6825,0.0000,7.6032
none,0,fixed,1.0,0,594,-2.7175,0.0000,-0.3680
none,0,fixed,1.0,0,595,-8.9354,0.0000,-3.4574
none,0,fixed,1.0,0,596,-3.2637,0.0000,2.3331
none,0,fixed,1.0,0,597,-6.8273,0.0000,-5.3842
none,0,fixed,1.0,0,598,-6.2030,0.0000,-1.3583
none,0,fixed,1.0,0,599,-5.3517,0.0000,-2.7665
none,0,fixed,1.0,0,600,-1.4579,0.0000,-1.8245
none,0,fixed,1.0,0,601,-7.1327,0.0000,-2.7690
none,0,fixed,1.0,0,602,-2.6413,0.0000,4.4810
none,0,fixed,1.0,0,603,-3.3301,0.0000,-1.4374
none,0,fixed,1.0,0,604,-9.1108,0.0000,-3.2626
none,0,fixed,1.0,0,605,-4.0071,0.0000,-0.3276
none,0,fixed,1.0,0,606,-4.5584,0.0000,-3.2228
none,0,fixed,1.0,0,607,3.1618,0.0000,3.9947
none,0,fixed,1.0,0,608,6.0247,0.0000,2.7334
none,0,fixed,1.0,0,609,4.5598,0.0000,2.2679
none,0,fixed,1.0,0,610,2.6779,0.0000,3.8404
none,0,fixed,1.0,0,611,-11.4598,0.0000,0.3992
none,0,fixed,1.0,0,612,-7.6501,0.0000,-1.3872
none,0,fixed,1.0,0,613,-7.4035,0.0000,-3.2473
none,0,fixed,1.0,0,614,-6.1470,0.0000,-1.7365
none,0,fixed,1.0,0,615,-1.6048,0.0000,0.7109
none,0,fixed,1.0,0,616,0.3685,0.0000,2.0578
none,0,fixed,1.0,0,617,-4.1062,0.0000,-0.6300
none,0,fixed,1.0,0,618,6.2994,0.0000,4.0278
none,0,fixed,1.0,0,619,-7.7361,0.0000,-3.5931
none,0,fixed,1.0,0,620,-15.4627,0.0000,-5.1722
none,0,fixed,1.0,0,621,-7.8893,0.0000,-3.3044
none,0,fixed,1.0,0,622,3.1614,0.0000,0.3693
none,0,fixed,1.0,0,623,-6.1629,0.0000,0.3629
none,0,fixed,1.0,0,624,-5.5704,0.0000,1.6005
none,0,fixed,1.0,0,625,-6.3959,0.0000,-0.8866
none,0,fixed,1.0,0,626,2.9890,0.0000,3.3707
none,0,fixed,1.0,0,627,-5.8543,0.0000,-1.6399
none,0,fixed,1.0,0,628,-6.4468,0.0000,-2.7933
none,0,fixed,1.0,0,629,-9.7531,0.0000,-5.6465
none,0,fixed,1.0,0,630,-6.7603,0.0000,-1.7467
none,0,fixed,1.0,0,631,1.8123,0.0000,0.6092
none,0,fixed,1.0,0,632,0.2147,0.0000,3.2486
none,0,fixed,1.0,0,633,-9.0670,0.0000,-4.0318
none,0,fixed,1.0,0,634,2.9869,0.0000,3.4340
none,0,fixed,1.0,0,635,5.9855,0.0000,2.1215
none,0,fixed,1.0,0,636,3.4654,0.0000,1.6993
none,0,fixed,1.0,0,637,-5.4990,0.0000,-1.1033
none,0,fixed,1.0,0,638,-5.7972,0.0000,-2.2011
none,0,fixed,1.0,0,639,-1.6988,0.0000,-2.2548
none,0,fixed,1.0,0,640,0.6745,0.0000,0.9346
none,0,fixed,1.0,0,641,-1.1620,0.0000,0.5262
none,0,fixed,1.0,0,642,7.1678,0.0000,5.3552
none,0,fixed,1.0,0,643,0.1024,0.0000,2.9105
none,0,fixed,1.0,0,644,-4.2120,0.0000,0.5328
none,0,fixed,1.0,0,645,1.3230,0.0000,1.4988
none,0,fixed,1.0,0,646,3.1618,0.0000,2.7381
none,0,fixed,1.0,0,647,-6.4547,0.0000,-2.1672
none,0,fixed,1.0,0,648,7.4712,0.0000,1.9331
none,0,fixed,1.0,0,649,-3.8829,0.0000,-2.0218
none,0,fixed,1.0,0,650,5.1432,0.0000,3.2666
none,0,fixed,1.0,0,651,2.6581,0.0000,3.4719
none,0,fixed,1.0,0,652,-3.0331,0.0000,-1.0692
none,0,fixed,1.0,0,653,-1.5653,0.0000,0.4022
none,0,fixed,1.0,0,654,2.3097,0.0000,-1.0415
none,0,fixed,1.0,0,655,-1.9878,0.0000,1.2291
none,0,fixed,1.0,0,656,-8.3341,0.0000,-2.3843
none,0,fixed,1.0,0,657,0.8941,0.0000,-0.7174
none,0,fixed,1.0,0,658,1.4048,0.0000,0.3483
none,0,fixed,1.0,0,659,2.9048,0.0000,2.9854
none,0,fixed,1.0,0,660,-7.6686,0.0000,-1.1419
none,0,fixed,1.0,0,661,1.0947,0.0000,0.0073
none,0,fixed,1.0,0,662,0.2436,0.0000,-0.0317
none,0,fixed,1.0,0,663,0.6896,0.0000,1.4024
none,0,fixed,1.0,0,664,-5.3200,0.0000,-2.7189
none,0,fixed,1.0,0,665,-1.8283,0.0000,-0.0809
none,0,fixed,1.0,0,666,-1.9700,0.0000,-1.2737
none,0,fixed,1.0,0,667,-6.7364,0.0000,-2.9993
none,0,fixed,1.0,0,668,0.3269,0.0000,0.2508
none,0,fixed,1.0,0,669,1.5147,0.0000,0.0556
none,0,fixed,1.0,0,670,8.0597,0.0000,6.0047
none,0,fixed,1.0,0,671,3.4702,0.0000,6.1699
none,0,fixed,1.0,0,672,-0.2192,0.0000,1.2973
none,0,fixed,1.0,0,673,-0.3566,0.0000,0.8584
none,0,fixed,1.0,0,674,-2.1494,0.0000,-0.0145
none,0,fixed,1.0,0,675,-3.9851,0.0000,-0.6429
none,0,fixed,1.0,0,676,-0.5558,0.0000,-1.1094
none,0,fixed,1.0,0,677,-10.7293,0.0000,-1.3119
none,0,fixed,1.0,0,678,5.1220,0.0000,0.5535
none,0,fixed,1.0,0,679,-2.5020,0.0000,-0.9758
none,0,fixed,1.0,0,680,-4.0543,0.0000,-0.5940
none,0,fixed,1.0,0,681,2.5871,0.0000,1.2076
none,0,fixed,1.0,0,682,5.3259,0.0000,2.8643
none,0,fixed,1.0,0,683,-5.2591,0.0000,-2.3897
none,0,fixed,1.0,0,684,3.7572,0.0000,2.9089
none,0,fixed,1.0,0,685,-2.3866,0.0000,0.0619
none,0,fixed,1.0,0,686,-2.0007,0.0000,1.1761
none,0,fixed,1.0,0,687,-8.8122,0.0000,-1.1987
none,0,fixed,1.0,0,688,-1.9846,0.0000,-1.0427
none,0,fixed,1.0,0,689,-2.9865,0.0000,-0.2074
none,0,fixed,1.0,0,690,-4.1203,0.0000,0.8289
none,0,fixed,1.0,0,691,-4.4004,0.0000,0.0193
none,0,fixed,1.0,0,692,-2.0787,0.0000,-2.5285
none,0,fixed,1.0,0,693,0.7631,0.0000,0.5011
none,0,fixed,1.0,0,694,-2.1963,0.0000,-0.8514
none,0,fixed,1.0,0,695,6.3572,0.0000,2.1859
none,0,fixed,1.0,0,696,3.6927,0.0000,1.8396
none,0,fixed,1.0,0,697,-2.2341,0.0000,-0.8262
none,0,fixed,1.0,0,698,0.1873,0.0000,2.7769
none,0,fixed,1.0,0,699,-3.3825,0.0000,2.1769
none,0,fixed,1.0,0,700,-3.7064,0.0000,-1.7781
none,0,fixed,1.0,0,701,4.9606,0.0000,2.4083
none,0,fixed,1.0,0,702,-9.7539,0.0000,-4.7483
none,0,fixed,1.0,0,703,-2.2655,0.0000,-0.0738
none,0,fixed,1.0,0,704,-3.9769,0.0000,0.7422
none,0,fixed,1.0,0,705,-8.8494,0.0000,-2.7736
none,0,fixed,1.0,0,706,-10.8368,0.0000,-2.9266
none,0,fixed,1.0,0,707,-3.7181,0.0000,0.0668
none,0,fixed,1.0,0,708,8.5108,0.0000,5.3358
none,0,fixed,1.0,0,709,-9.5724,0.0000,-2.0829
none,0,fixed,1.0,0,710,0.7675,0.0000,-0.1167
none,0,fixed,1.0,0,711,11.7512,0.0000,6.4581
none,0,fixed,1.0,0,712,6.5169,0.0000,4.4527
none,0,fixed,1.0,0,713,-2.7750,0.0000,-1.0020
none,0,fixed,1.0,0,714,-14.6138,0.0000,-3.7214
none,0,fixed,1.0,0,715,1.3949,0.0000,-0.1312
none,0,fixed,1.0,0,716,2.2662,0.0000,3.4385
none,0,fixed,1.0,0,717,4.2038,0.0000,1.3248
none,0,fixed,1.0,0,718,0.9574,0.0000,-1.9163
none,0,fixed,1.0,0,719,-5.0249,0.0000,-0.9751
none,0,fixed,1.0,0,720,-3.4224,0.0000,-0.6957
none,0,fixed,1.0,0,721,2.4731,0.0000,1.9359
none,0,fixed,1.0,0,722,3.9405,0.0000,3.6154
none,0,fixed,1.0,0,723,-1.1043,0.0000,-0.7390
none,0,fixed,1.0,0,724,-2.3763,0.0000,-0.5049
none,0,fixed,1.0,0,725,-5.3193,0.0000,-2.6639
none,0,fixed,1.0,0,726,-6.8374,0.0000,-3.9307
none,0,fixed,1.0,0,727,-0.2124,0.0000,0.4883
none,0,fixed,1.0,0,728,-2.7607,0.0000,-1.1053
none,0,fixed,1.0,0,729,5.1092,0.0000,2.0260
none,0,fixed,1.0,0,730,-2.6538,0.0000,-0.6104
none,0,fixed,1.0,0,731,-0.8856,0.0000,-0.3837
none,0,fixed,1.0,0,732,0.1739,0.0000,1.9619
none,0,fixed,1.0,0,733,0.2155,0.0000,1.5882
none,0,fixed,1.0,0,734,-6.1212,0.0000,-1.5035
none,0,fixed,1.0,0,735,-10.3356,0.0000,0.3272
none,0,fixed,1.0,0,736,3.7147,0.0000,1.6199
none,0,fixed,1.0,0,737,2.7206,0.0000,0.5918
none,0,fixed,1.0,0,738,-5.6856,0.0000,-2.8095
none,0,fixed,1.0,0,739,-0.0598,0.0000,0.8208
none,0,fixed,1.0,0,740,-5.4424,0.0000,0.5060
none,0,fixed,1.0,0,741,-0.8739,0.0000,-0.1899
none,0,fixed,1.0,0,742,0.5150,0.0000,0.2449
none,0,fixed,1.0,0,743,-4.5509,0.0000,1.5369
none,0,fixed,1.0,0,744,-15.7690,0.0000,-4.8657
none,0,fixed,1.0,0,745,-1.2398,0.0000,-0.0302
none,0,fixed,1.0,0,746,-9.6715,0.0000,-4.4668
none,0,fixed,1.0,0,747,0.0839,0.0000,0.3353
none,0,fixed,1.0,0,748,3.1423,0.0000,0.6275
none,0,fixed,1.0,0,749,0.5351,0.0000,2.5016
none,0,fixed,1.0,0,750,-4.6294,0.0000,-2.1673
none,0,fixed,1.0,0,751,-4.2541,0.0000,-0.3992
none,0,fixed,1.0,0,752,-4.5998,0.0000,-1.8903
none,0,fixed,1.0,0,753,-2.2615,0.0000,0.2070
none,0,fixed,1.0,0,754,-1.0357,0.0000,2.4673
none,0,fixed,1.0,0,755,-10.3089,0.0000,-3.4737
none,0,fixed,1.0,0,756,6.3493,0.0000,4.7502
none,0,fixed,1.0,0,757,-3.3942,0.0000,-0.5354
none,0,fixed,1.0,0,758,3.0308,0.0000,2.8638
none,0,fixed,1.0,0,759,-0.2718,0.0000,-1.4992
none,0,fixed,1.0,0,760,-1.0767,0.0000,0.6178
none,0,fixed,1.0,0,761,-2.8454,0.0000,0.4359
none,0,fixed,1.0,0,762,-4.5805,0.0000,-1.5216
none,0,fixed,1.0,0,763,-2.6254,0.0000,-1.9294
none,0,fixed,1.0,0,764,3.1150,0.0000,1.4997
none,0,fixed,1.0,0,765,-0.8957,0.0000,-0.1519
none,0,fixed,1.0,0,766,-0.3507,0.0000,1.3336
none,0,fixed,1.0,0,767,-14.7971,0.0000,-6.0953
none,0,fixed,1.0,0,768,7.2818,0.0000,3.7710
none,0,fixed,1.0,0,769,-9.6821,0.0000,-1.7129
none,0,fixed,1.0,0,770,-7.1114,0.0000,-2.4950
none,0,fixed,1.0,0,771,-7.5375,0.0000,-0.4288
none,0,fixed,1.0,0,772,-5.9217,0.0000,-1.9974
none,0,fixed,1.0,0,773,-4.0534,0.0000,-0.8574
none,0,fixed,1.0,0,774,7.1736,0.0000,3.7894
none,0,fixed,1.0,0,775,-6.8282,0.0000,-2.1146
none,0,fixed,1.0,0,776,-2.7526,0.0000,0.5196
none,0,fixed,1.0,0,777,8.7478,0.0000,7.3840
none,0,fixed,1.0,0,778,-1.1186,0.0000,0.2488
none,0,fixed,1.0,0,779,-4.3801,0.0000,-1.6263
none,0,fixed,1.0,0,780,-2.2248,0.0000,0.3350
none,0,fixed,1.0,0,781,-3.3142,0.0000,-0.3228
none,0,fixed,1.0,0,782,-0.4016,0.0000,1.0850
none,0,fixed,1.0,0,783,1.4182,0.0000,0.7246
none,0,fixed,1.0,0,784,3.7966,0.0000,2.5082
none,0,fixed,1.0,0,785,-0.5334,0.0000,0.5874
none,0,fixed,1.0,0,786,5.4752,0.0000,4.2206
none,0,fixed,1.0,0,787,1.3775,0.0000,-0.1941
none,0,fixed,1.0,0,788,2.1955,0.0000,-1.6149
none,0,fixed,1.0,0,789,-3.9086,0.0000,-0.3294
none,0,fixed,1.0,0,790,2.6590,0.0000,1.7605
none,0,fixed,1.0,0,791,-2.0620,0.0000,0.3814
none,0,fixed,1.0,0,792,-4.8076,0.0000,-2.1810
none,0,fixed,1.0,0,793,6.3260,0.0000,4.7187
none,0,fixed,1.0,0,794,10.3599,0.0000,5.7199
none,0,fixed,1.0,0,795,-2.5882,0.0000,1.6313
none,0,fixed,1.0,0,796,0.4788,0.0000,2.0099
none,0,fixed,1.0,0,797,-1.4630,0.0000,-1.0838
none,0,fixed,1.0,0,798,0.5679,0.0000,2.4127
none,0,fixed,1.0,0,799,0.4185,0.0000,-0.9430
none,0,fixed,1.0,0,800,-1.7332,0.0000,0.6290
none,0,fixed,1.0,0,801,3.4519,0.0000,1.9937
none,0,fixed,1.0,0,802,1.6498,0.0000,0.8985
none,0,fixed,1.0,0,803,-4.0246,0.0000,-2.5864
none,0,fixed,1.0,0,804,3.9756,0.0000,1.8694
none,0,fixed,1.0,0,805,8.6039,0.0000,4.3304
none,0,fixed,1.0,0,806,-2.9504,0.0000,-2.0832
none,0,fixed,1.0,0,807,2.8881,0.0000,0.2352
none,0,fixed,1.0,0,808,-7.7097,0.0000,-3.2557
none,0,fixed,1.0,0,809,-4.9393,0.0000,1.1536
none,0,fixed,1.0,0,810,-7.4964,0.0000,-0.1317
none,0,fixed,1.0,0,811,-0.0533,0.0000,3.2494
none,0,fixed,1.0,0,812,-1.6897,0.0000,-0.0452
none,0,fixed,1.0,0,813,0.7737,0.0000,0.8098
none,0,fixed,1.0,0,814,-0.4476,0.0000,-0.1089
none,0,fixed,1.0,0,815,-0.1382,0.0000,0.1682
none,0,fixed,1.0,0,816,2.5095,0.0000,-0.2416
none,0,fixed,1.0,0,817,-1.8365,0.0000,5.4467
none,0,fixed,1.0,0,818,-1.7944,0.0000,-0.8553
none,0,fixed,1.0,0,819,-1.8581,0.0000,-1.8763
none,0,fixed,1.0,0,820,2.1024,0.0000,2.9995
none,0,fixed,1.0,0,821,-6.4683,0.0000,-2.2114
none,0,fixed,1.0,0,822,1.1769,0.0000,1.4123
none,0,fixed,1.0,0,823,-1.6951,0.0000,-1.5058
none,0,fixed,1.0,0,824,2.4925,0.0000,1.9166
none,0,fixed,1.0,0,825,6.6083,0.0000,2.2749
none,0,fixed,1.0,0,826,7.7338,0.0000,4.7336
none,0,fixed,1.0,0,827,-8.8964,0.0000,-3.9788
none,0,fixed,1.0,0,828,-7.2448,0.0000,-3.2527
none,0,fixed,1.0,0,829,3.4814,0.0000,0.0879
none,0,fixed,1.0,0,830,-2.4290,0.0000,0.0924
none,0,fixed,1.0,0,831,-8.3837,0.0000,-1.8966
none,0,fixed,1.0,0,832,-2.2358,0.0000,-0.2741
none,0,fixed,1.0,0,833,-10.6084,0.0000,-3.0832
none,0,fixed,1.0,0,834,2.8566,0.0000,0.7467
none,0,fixed,1.0,0,835,-6.7536,0.0000,-2.6326
none,0,fixed,1.0,0,836,-3.9656,0.0000,-0.2110
none,0,fixed,1.0,0,837,-2.4396,0.0000,1.5101
none,0,fixed,1.0,0,838,-0.2174,0.0000,0.1301
none,0,fixed,1.0,0,839,0.4018,0.0000,-1.3282
none,0,fixed,1.0,0,840,-2.2663,0.0000,-0.3195
none,0,fixed,1.0,0,841,1.1193,0.0000,2.1136
none,0,fixed,1.0,0,842,-1.8782,0.0000,-0.1440
none,0,fixed,1.0,0,843,-5.4563,0.0000,2.1029
none,0,fixed,1.0,0,844,3.8133,0.0000,1.5762
none,0,fixed,1.0,0,845,-4.7261,0.0000,-0.7360
none,0,fixed,1.0,0,846,-8.6747,0.0000,-1.3083
none,0,fixed,1.0,0,847,-13.0479,0.0000,-5.7128
none,0,fixed,1.0,0,848,6.8236,0.0000,3.9301
none,0,fixed,1.0,0,849,-5.9770,0.0000,-0.6030
none,0,fixed,1.0,0,850,5.3616,0.0000,1.8932
none,0,fixed,1.0,0,851,5.9932,0.0000,2.8782
none,0,fixed,1.0,0,852,-3.4182,0.0000,-1.5632
none,0,fixed,1.0,0,853,-2.4368,0.0000,0.5616
none,0,fixed,1.0,0,854,-4.2377,0.0000,0.3075
none,0,fixed,1.0,0,855,-8.4047,0.0000,-2.1122
none,0,fixed,1.0,0,856,8.8828,0.0000,6.2300
none,0,fixed,1.0,0,857,0.3666,0.0000,1.3545
none,0,fixed,1.0,0,858,-4.9874,0.0000,-2.2035
none,0,fixed,1.0,0,859,-1.8568,0.0000,-0.4897
none,0,fixed,1.0,0,860,-0.7359,0.0000,0.1066
none,0,fixed,1.0,0,861,-9.4806,0.0000,-2.6940
none,0,fixed,1.0,0,862,-5.5681,0.0000,-1.7209
none,0,fixed,1.0,0,863,-5.3899,0.0000,-1.4344
none,0,fixed,1.0,0,864,-2.0707,0.0000,-1.0052
none,0,fixed,1.0,0,865,-8.1267,0.0000,-4.2257
none,0,fixed,1.0,0,866,-7.6053,0.0000,-1.2060
none,0,fixed,1.0,0,867,-0.6744,0.0000,-1.2267
none,0,fixed,1.0,0,868,-6.8734,0.0000,-2.6982
none,0,fixed,1.0,0,869,-3.5967,0.0000,1.8704
none,0,fixed,1.0,0,870,0.1112,0.0000,-0.3055
none,0,fixed,1.0,0,871,0.5425,0.0000,0.2845
none,0,fixed,1.0,0,872,-2.2677,0.0000,-0.3916
none,0,fixed,1.0,0,873,3.1104,0.0000,0.3864
none,0,fixed,1.0,0,874,-2.2191,0.0000,1.8811
none,0,fixed,1.0,0,875,-3.2013,0.0000,-3.1659
none,0,fixed,1.0,0,876,6.3566,0.0000,1.6746
none,0,fixed,1.0,0,877,-12.9044,0.0000,-5.1600
none,0,fixed,1.0,0,878,-0.4876,0.0000,0.0781
none,0,fixed,1.0,0,879,3.7060,0.0000,2.6899
none,0,fixed,1.0,0,880,-2.6273,0.0000,-0.0891
none,0,fixed,1.0,0,881,-7.9194,0.0000,-3.9767
none,0,fixed,1.0,0,882,-2.6864,0.0000,-0.8121
none,0,fixed,1.0,0,883,-2.3264,0.0000,-1.9531
none,0,fixed,1.0,0,884,2.0487,0.0000,1.3944
none,0,fixed,1.0,0,885,-3.5699,0.0000,-0.2138
none,0,fixed,1.0,0,886,3.4704,0.0000,1.2779
none,0,fixed,1.0,0,887,1.3375,0.0000,0.2917
none,0,fixed,1.0,0,888,-5.0903,0.0000,-0.7582
none,0,fixed,1.0,0,889,-9.7540,0.0000,-2.3768
none,0,fixed,1.0,0,890,0.1664,0.0000,2.1627
none,0,fixed,1.0,0,891,-3.3088,0.0000,0.3798
none,0,fixed,1.0,0,892,-0.6212,0.0000,0.6415
none,0,fixed,1.0,0,893,6.4347,0.0000,1.2461
none,0,fixed,1.0,0,894,1.4633,0.0000,1.1708
none,0,fixed,1.0,0,895,-3.0027,0.0000,-1.1854
none,0,fixed,1.0,0,896,-3.0653,0.0000,-0.0994
none,0,fixed,1.0,0,897,-6.7566,0.0000,-1.3087
none,0,fixed,1.0,0,898,-4.1716,0.0000,0.6304
none,0,fixed,1.0,0,899,-6.6640,0.0000,-2.5427
none,0,fixed,1.0,0,900,7.8587,0.0000,4.3304
none,0,fixed,1.0,0,901,-7.3509,0.0000,-2.6544
none,0,fixed,1.0,0,902,1.3254,0.0000,0.1710
none,0,fixed,1.0,0,903,-5.2656,0.0000,-1.0559
none,0,fixed,1.0,0,904,2.3334,0.0000,5.8463
none,0,fixed,1.0,0,905,0.5784,0.0000,0.7294
none,0,fixed,1.0,0,906,2.3965,0.0000,1.2723
none,0,fixed,1.0,0,907,-9.5322,0.0000,-3.7882
none,0,fixed,1.0,0,908,-9.3387,0.0000,-2.8705
none,0,fixed,1.0,0,909,5.8873,0.0000,2.5116
none,0,fixed,1.0,0,910,-4.4734,0.0000,-1.2729
none,0,fixed,1.0,0,911,-2.0038,0.0000,-0.5891
none,0,fixed,1.0,0,912,-5.3062,0.0000,-1.5652
none,0,fixed,1.0,0,913,3.7027,0.0000,0.8800
none,0,fixed,1.0,0,914,6.5536,0.0000,3.5275
none,0,fixed,1.0,0,915,-4.8763,0.0000,-1.2081
none,0,fixed,1.0,0,916,2.2119,0.0000,2.1922
none,0,fixed,1.0,0,917,0.7807,0.0000,0.9430
none,0,fixed,1.0,0,918,-5.9922,0.0000,-2.1634
none,0,fixed,1.0,0,919,-3.1165,0.0000,1.1890
none,0,fixed,1.0,0,920,-6.9750,0.0000,-1.1040
none,0,fixed,1.0,0,921,2.8627,0.0000,2.2109
none,0,fixed,1.0,0,922,-2.0587,0.0000,0.5060
none,0,fixed,1.0,0,923,0.1866,0.0000,0.1678
none,0,fixed,1.0,0,924,-2.3294,0.0000,-1.1248
none,0,fixed,1.0,0,925,-8.6241,0.0000,-1.8144
none,0,fixed,1.0,0,926,-5.8660,0.0000,-1.7231
none,0,fixed,1.0,0,927,-1.5139,0.0000,1.5144
none,0,fixed,1.0,0,928,-4.9656,0.0000,-1.8860
none,0,fixed,1.0,0,929,-10.6272,0.0000,-4.3153
none,0,fixed,1.0,0,930,4.1094,0.0000,1.1262
none,0,fixed,1.0,0,931,1.9695,0.0000,1.3764
none,0,fixed,1.0,0,932,-0.6223,0.0000,0.4047
none,0,fixed,1.0,0,933,0.3441,0.0000,0.4041
none,0,fixed,1.0,0,934,0.9154,0.0000,0.7344
none,0,fixed,1.0,0,935,-6.7006,0.0000,-2.8577
none,0,fixed,1.0,0,936,0.4813,0.0000,-1.1492
none,0,fixed,1.0,0,937,-8.3330,0.0000,-1.9753
none,0,fixed,1.0,0,938,-10.0604,0.0000,-1.0941
none,0,fixed,1.0,0,939,-1.3978,0.0000,0.8932
none,0,fixed,1.0,0,940,4.2004,0.0000,3.3277
none,0,fixed,1.0,0,941,-6.0956,0.0000,-2.5254
none,0,fixed,1.0,0,942,-1.5682,0.0000,3.8122
none,0,fixed,1.0,0,943,-4.1452,0.0000,1.0724
none,0,fixed,1.0,0,944,7.7423,0.0000,1.4394
none,0,fixed,1.0,0,945,-0.2298,0.0000,0.1420
none,0,fixed,1.0,0,946,3.9085,0.0000,0.9111
none,0,fixed,1.0,0,947,-2.0202,0.0000,-0.4299
none,0,fixed,1.0,0,948,3.3242,0.0000,-0.3568
none,0,fixed,1.0,0,949,0.5279,0.0000,1.6500
none,0,fixed,1.0,0,950,-3.7717,0.0000,-2.4454
none,0,fixed,1.0,0,951,-8.0211,0.0000,-0.7651
none,0,fixed,1.0,0,952,-7.4827,0.0000,-1.6669
none,0,fixed,1.0,0,953,4.0117,0.0000,2.7538
none,0,fixed,1.0,0,954,-3.6374,0.0000,-0.7366
none,0,fixed,1.0,0,955,-2.5318,0.0000,1.0106
none,0,fixed,1.0,0,956,-1.8024,0.0000,-0.7325
none,0,fixed,1.0,0,957,-0.4190,0.0000,-0.3647
none,0,fixed,1.0,0,958,7.4228,0.0000,3.5038
none,0,fixed,1.0,0,959,-5.5244,0.0000,-3.6470
none,0,fixed,1.0,0,960,-4.4532,0.0000,2.6086
none,0,fixed,1.0,0,961,-1.7424,0.0000,-1.6728
none,0,fixed,1.0,0,962,1.6469,0.0000,1.7983
none,0,fixed,1.0,0,963,4.3474,0.0000,2.7401
none,0,fixed,1.0,0,964,-1.0616,0.0000,-0.2768
none,0,fixed,1.0,0,965,5.7598,0.0000,2.5433
none,0,fixed,1.0,0,966,6.8291,0.0000,1.9454
none,0,fixed,1.0,0,967,0.4270,0.0000,1.1364
none,0,fixed,1.0,0,968,0.0524,0.0000,-1.0441
none,0,fixed,1.0,0,969,1.2868,0.0000,0.7135
none,0,fixed,1.0,0,970,-8.1572,0.0000,-2.5406
none,0,fixed,1.0,0,971,-5.3564,0.0000,0.9095
none,0,fixed,1.0,0,972,-1.6604,0.0000,0.2565
none,0,fixed,1.0,0,973,-1.5571,0.0000,0.8818
none,0,fixed,1.0,0,974,1.1688,0.0000,0.5359
none,0,fixed,1.0,0,975,-3.1746,0.0000,-1.8602
none,0,fixed,1.0,0,976,8.9185,0.0000,3.8435
none,0,fixed,1.0,0,977,-6.3892,0.0000,-2.1203
none,0,fixed,1.0,0,978,2.9682,0.0000,-0.3986
none,0,fixed,1.0,0,979,-1.9493,0.0000,1.7325
none,0,fixed,1.0,0,980,-4.7307,0.0000,-0.5084
none,0,fixed,1.0,0,981,0.3375,0.0000,-0.9420
none,0,fixed,1.0,0,982,0.4006,0.0000,0.4115
none,0,fixed,1.0,0,983,-4.1872,0.0000,-0.6172
none,0,fixed,1.0,0,984,-2.3020,0.0000,1.0271
none,0,fixed,1.0,0,985,-7.2495,0.0000,-3.3998
none,0,fixed,1.0,0,986,9.7941,0.0000,4.2302
none,0,fixed,1.0,0,987,-8.8056,0.0000,-1.7243
none,0,fixed,1.0,0,988,-1.9614,0.0000,0.1303
none,0,fixed,1.0,0,989,-2.9107,0.0000,1.2119
none,0,fixed,1.0,0,990,-0.0002,0.0000,2.7227
none,0,fixed,1.0,0,991,-5.6650,0.0000,-1.4521
none,0,fixed,1.0,0,992,0.2523,0.0000,0.8613
none,0,fixed,1.0,0,993,-6.6838,0.0000,-2.6841
none,0,fixed,1.0,0,994,-4.6803,0.0000,-0.9847
none,0,fixed,1.0,0,995,-0.1398,0.0000,0.5622
none,0,fixed,1.0,0,996,1.6109,0.0000,-1.8849
none,0,fixed,1.0,0,997,3.8188,0.0000,1.5367
none,0,fixed,1.0,0,998,1.4401,0.0000,-2.4573
none,0,fixed,1.0,0,999,-3.1016,0.0000,-1.3799
none,0,fixed,1.0,0,1000,-0.3050,0.0000,0.0735
momentum,16,fixed,1.0,0,1,-4.1373,1.2868,-0.9527
momentum,16,fixed,1.0,0,2,8.0732,15.1813,4.2572
momentum,16,fixed,1.0,0,3,-10.6930,2.9924,-2.1548
momentum,16,fixed,1.0,0,4,-2.9557,8.0275,0.6526
momentum,16,fixed,1.0,0,5,-7.4774,-5.0829,-2.5373
momentum,16,fixed,1.0,0,6,1.1395,10.8592,-0.3767
momentum,16,fixed,1.0,0,7,6.5736,11.9073,3.0242
momentum,16,fixed,1.0,0,8,-6.7670,-13.6964,-0.6656
momentum,16,fixed,1.0,0,9,-1.6170,8.3259,-0.1593
momentum,16,fixed,1.0,0,10,0.1275,-8.2238,0.8316
momentum,16,fixed,1.0,0,11,-2.1130,-8.5049,-0.8263
momentum,16,fixed,1.0,0,12,8.3565,6.8153,3.4040
momentum,16,fixed,1.0,0,13,1.8112,24.9067,2.2708
momentum,16,fixed,1.0,0,14,-10.2446,-2.4728,-2.7317
momentum,16,fixed,1.0,0,15,-2.0510,-9.1584,-0.9641
momentum,16,fixed,1.0,0,16,3.3255,31.2717,1.0297
momentum,16,fixed,1.0,0,17,-4.6334,-5.9362,-2.7220
momentum,16,fixed,1.0,0,18,-1.5289,10.0280,-2.1071
momentum,16,fixed,1.0,0,19,-4.5304,-7.4455,-1.0960
momentum,16,fixed,1.0,0,20,-4.9742,7.4636,-1.0985
momentum,16,fixed,1.0,0,21,0.2501,-14.3472,0.4984
momentum,16,fixed,1.0,0,22,-8.7828,-10.2126,-2.9788
momentum,16,fixed,1.0,0,23,-7.1270,5.2415,-0.2381
momentum,16,fixed,1.0,0,24,-5.3562,-4.0520,-0.2748
momentum,16,fixed,1.0,0,25,-1.8168,-3.9233,-0.1209
momentum,16,fixed,1.0,0,26,4.1688,-6.1569,0.7990
momentum,16,fixed,1.0,0,27,-3.0046,-2.7217,-0.2615
momentum,16,fixed,1.0,0,28,6.6850,21.3663,2.4778
momentum,16,fixed,1.0,0,29,-0.7791,-4.8842,-1.7217
momentum,16,fixed,1.0,0,30,1.2773,2.2653,2.7739
momentum,16,fixed,1.0,0,31,-6.8279,10.7834,-1.5439
momentum,16,fixed,1.0,0,32,-10.0806,2.4284,-3.3793
momentum,16,fixed,1.0,0,33,7.6589,42.9315,3.7394
momentum,16,fixed,1.0,0,34,-2.2934,-4.3757,-1.4174
momentum,16,fixed,1.0,0,35,1.7409,-11.5438,-0.3530
momentum,16,fixed,1.0,0,36,-2.1861,-4.3705,-1.3043
momentum,16,fixed,1.0,0,37,2.2724,8.0565,2.3861
momentum,16,fixed,1.0,0,38,5.3231,-1.8343,3.2139
momentum,16,fixed,1.0,0,39,5.5819,11.3092,3.0597
momentum,16,fixed,1.0,0,40,-8.6025,2.0256,-1.9953
momentum,16,fixed,1.0,0,41,1.6479,9.4578,1.0232
momentum,16,fixed,1.0,0,42,-10.1358,16.3592,-0.9803
momentum,16,fixed,1.0,0,43,3.1814,12.0035,2.3491
momentum,16,fixed,1.0,0,44,3.5059,2.8517,1.3012
momentum,16,fixed,1.0,0,45,-1.7288,1.8773,-1.5865
momentum,16,fixed,1.0,0,46,-3.9106,-5.3429,-2.2497
momentum,16,fixed,1.0,0,47,-3.0908,-1.7298,-1.6095
momentum,16,fixed,1.0,0,48,2.6492,-5.6010,1.4971
momentum,16,fixed,1.0,0,49,3.7351,-0.1235,2.1082
momentum,16,fixed,1.0,0,50,-2.3600,11.3149,-1.4320
momentum,16,fixed,1.0,0,51,3.4908,5.8297,0.0420
momentum,16,fixed,1.0,0,52,2.5426,-2.8272,3.0659
momentum,16,fixed,1.0,0,53,-0.4857,-9.1520,-0.0220
momentum,16,fixed,1.0,0,54,-3.1725,-0.8163,-1.5796
momentum,16,fixed,1.0,0,55,0.5887,-6.2006,1.2184
momentum,16,fixed,1.0,0,56,1.5475,6.1359,2.7134
momentum,16,fixed,1.0,0,57,6.7399,11.7335,1.8818
momentum,16,fixed,1.0,0,58,-3.6042,-4.8180,0.1250
momentum,16,fixed,1.0,0,59,3.0697,-16.2480,0.3373
momentum,16,fixed,1.0,0,60,-1.2638,5.8955,1.4774
momentum,16,fixed,1.0,0,61,3.5117,0.6882,2.4496
momentum,16,fixed,1.0,0,62,-2.3994,-4.0465,0.0014
momentum,16,fixed,1.0,0,63,1.2139,-6.1618,0.4848
momentum,16,fixed,1.0,0,64,-3.9166,3.1296,-1.4731
momentum,16,fixed,1.0,0,65,1.4366,-1.3498,3.0449
momentum,16,fixed,1.0,0,66,0.0871,-4.8268,-1.7019
momentum,16,fixed,1.0,0,67,-7.5046,-0.5624,-2.5323
momentum,16,fixed,1.0,0,68,-6.8586,-15.9889,-1.5916
momentum,16,fixed,1.0,0,69,0.2161,9.4233,1.6684
momentum,16,fixed,1.0,0,70,8.1409,12.3209,2.5177
momentum,16,fixed,1.0,0,71,2.8714,-7.3522,4.1779
momentum,16,fixed,1.0,0,72,-4.7990,8.3994,0.9000
momentum,16,fixed,1.0,0,73,-4.7924,18.6490,-2.0949
momentum,16,fixed,1.0,0,74,-9.4228,-5.8947,-2.4603
momentum,16,fixed,1.0,0,75,4.4618,5.5844,0.1762
momentum,16,fixed,1.0,0,76,-3.4775,-3.7068,-1.3422
momentum,16,fixed,1.0,0,77,2.0107,9.7610,2.6318
momentum,16,fixed,1.0,0,78,1.8328,4.9836,0.8885
momentum,16,fixed,1.0,0,79,-9.8935,4.5580,-2.8939
momentum,16,fixed,1.0,0,80,-3.3357,-1.8726,-2.0496
momentum,16,fixed,1.0,0,81,-2.8339,5.0151,-1.0228
momentum,16,fixed,1.0,0,82,1.7644,17.9126,3.4061
momentum,16,fixed,1.0,0,83,1.3216,12.1069,0.9654
momentum,16,fixed,1.0,0,84,3.7289,-4.3756,1.8757
momentum,16,fixed,1.0,0,85,3.8811,-3.4483,1.0187
momentum,16,fixed,1.0,0,86,-0.6766,2.9491,1.5540
momentum,16,fixed,1.0,0,87,-7.8793,-12.1740,-2.1936
momentum,16,fixed,1.0,0,88,-4.2266,-8.0385,-0.5687
momentum,16,fixed,1.0,0,89,3.7217,-1.3534,2.1680
momentum,16,fixed,1.0,0,90,-0.0224,-0.9515,0.5117
momentum,16,fixed,1.0,0,91,1.6453,7.6081,1.2594
momentum,16,fixed,1.0,0,92,-5.0562,1.3223,-1.8177
momentum,16,fixed,1.0,0,93,1.3137,5.8165,2.1201
momentum,16,fixed,1.0,0,94,-6.0766,6.6009,-2.1630
momentum,16,fixed,1.0,0,95,1.6265,2.4020,-0.7831
momentum,16,fixed,1.0,0,96,-1.0966,-9.0385,-1.6491
momentum,16,fixed,1.0,0,97,-11.8250,3.2146,-4.2614
momentum,16,fixed,1.0,0,98,-9.2487,-3.6045,-3.0065
momentum,16,fixed,1.0,0,99,4.3323,18.1531,2.7621
momentum,16,fixed,1.0,0,100,4.9592,4.6696,0.8858
momentum,16,fixed,1.0,0,101,-0.2728,0.1490,1.3149
momentum,16,fixed,1.0,0,102,-0.0356,6.2757,0.4903
momentum,16,fixed,1.0,0,103,-7.3772,16.9121,-0.8146
momentum,16,fixed,1.0,0,104,-3.1171,-7.2553,-0.5611
momentum,16,fixed,1.0,0,105,4.0763,1.5983,1.3785
momentum,16,fixed,1.0,0,106,-4.1252,11.1354,-0.0802
momentum,16,fixed,1.0,0,107,-3.9373,-18.8643,-1.1501
momentum,16,fixed,1.0,0,108,0.0321,3.8032,1.9028
momentum,16,fixed,1.0,0,109,0.5654,7.0834,-1.5694
momentum,16,fixed,1.0,0,110,1.8707,18.8316,2.2878
momentum,16,fixed,1.0,0,111,-3.6051,4.2610,0.1382
momentum,16,fixed,1.0,0,112,-1.9099,4.7092,-1.2665
momentum,16,fixed,1.0,0,113,-3.4886,-4.8004,-3.6242
momentum,16,fixed,1.0,0,114,-5.6373,-4.2901,0.5984
momentum,16,fixed,1.0,0,115,-1.1459,31.3181,0.1513
momentum,16,fixed,1.0,0,116,-0.9167,21.3097,-3.1149
momentum,16,fixed,1.0,0,117,-0.0413,-6.9820,0.2870
momentum,16,fixed,1.0,0,118,2.1549,0.9513,0.2107
momentum,16,fixed,1.0,0,119,-2.3314,12.6089,-0.2786
momentum,16,fixed,1.0,0,120,-1.5941,-3.9323,-0.9893
momentum,16,fixed,1.0,0,121,6.9288,7.7535,1.5263
momentum,16,fixed,1.0,0,122,-3.3636,16.0573,-0.9832
momentum,16,fixed,1.0,0,123,4.0890,28.8546,2.2178
momentum,16,fixed,1.0,0,124,1.0895,-2.5243,1.8912
momentum,16,fixed,1.0,0,125,-0.2164,-2.0125,0.1712
momentum,16,fixed,1.0,0,126,6.7936,-1.0797,2.0940
momentum,16,fixed,1.0,0,127,7.2612,-9.1916,2.4909
momentum,16,fixed,1.0,0,128,-2.6370,-1.3875,-0.1261
momentum,16,fixed,1.0,0,129,0.9949,-5.5605,2.7312
momentum,16,fixed,1.0,0,130,6.1087,2.4441,2.1076
momentum,16,fixed,1.0,0,131,-0.2004,9.6650,0.9629
momentum,16,fixed,1.0,0,132,1.1744,25.1668,0.2793
momentum,16,fixed,1.0,0,133,1.5735,7.9137,1.9839
momentum,16,fixed,1.0,0,134,9.0548,14.8042,4.4507
momentum,16,fixed,1.0,0,135,2.3776,4.6015,1.2589
momentum,16,fixed,1.0,0,136,4.8857,8.2426,2.3784
momentum,16,fixed,1.0,0,137,-0.3526,20.3450,-1.8889
momentum,16,fixed,1.0,0,138,2.3124,11.0941,0.7824
momentum,16,fixed,1.0,0,139,3.5041,12.6164,0.6273
momentum,16,fixed,1.0,0,140,-4.7955,-1.1832,-2.6960
momentum,16,fixed,1.0,0,141,2.0084,17.3993,1.1117
momentum,16,fixed,1.0,0,142,-7.5235,-5.2638,-2.5046
momentum,16,fixed,1.0,0,143,-2.7688,15.2698,-1.6069
momentum,16,fixed,1.0,0,144,-2.6655,-1.8117,-1.8607
momentum,16,fixed,1.0,0,145,-4.9040,7.7153,-2.4280
momentum,16,fixed,1.0,0,146,5.5637,18.1580,1.1547
momentum,16,fixed,1.0,0,147,0.5842,-0.6939,1.5293
momentum,16,fixed,1.0,0,148,-3.4016,2.1842,-1.2118
momentum,16,fixed,1.0,0,149,-0.1726,11.2170,1.1544
momentum,16,fixed,1.0,0,150,-4.1425,-1.5185,-2.4725
momentum,16,fixed,1.0,0,151,-5.6538,-3.5567,-0.8706
momentum,16,fixed,1.0,0,152,-5.9081,-7.8238,-0.6943
momentum,16,fixed,1.0,0,153,3.1140,-4.6598,0.1857
momentum,16,fixed,1.0,0,154,-8.4933,19.7623,-0.9932
momentum,16,fixed,1.0,0,155,1.7273,-0.0067,0.4154
momentum,16,fixed,1.0,0,156,-5.2237,-12.0562,-2.4449
momentum,16,fixed,1.0,0,157,1.4186,2.4291,-1.3883
momentum,16,fixed,1.0,0,158,-0.1991,-12.5345,0.0495
momentum,16,fixed,1.0,0,159,-17.6403,-7.5647,-5.2900
momentum,16,fixed,1.0,0,160,-8.6804,-14.1154,-0.8354
momentum,16,fixed,1.0,0,161,0.7385,27.1642,1.5257
momentum,16,fixed,1.0,0,162,5.9522,32.2472,0.1430
momentum,16,fixed,1.0,0,163,-4.3677,4.9335,-1.6523
momentum,16,fixed,1.0,0,164,-1.7658,18.1509,1.4069
momentum,16,fixed,1.0,0,165,-4.0940,0.3357,-2.9008
momentum,16,fixed,1.0,0,166,4.6176,1.9326,2.3958
momentum,16,fixed,1.0,0,167,2.2963,14.1631,-0.6308
momentum,16,fixed,1.0,0,168,4.1165,13.0327,0.5116
momentum,16,fixed,1.0,0,169,2.6685,19.0119,-0.1728
momentum,16,fixed,1.0,0,170,1.8127,-8.8205,1.0766
momentum,16,fixed,1.0,0,171,-1.8727,-4.4121,-2.1292
momentum,16,fixed,1.0,0,172,3.0368,6.5551,2.8326
momentum,16,fixed,1.0,0,173,3.4463,16.9187,0.4021
momentum,16,fixed,1.0,0,174,-2.9489,-5.0826,-0.6617
momentum,16,fixed,1.0,0,175,-1.1281,19.4794,0.0779
momentum,16,fixed,1.0,0,176,-1.4993,-2.2082,-2.1204
momentum,16,fixed,1.0,0,177,0.1162,12.4264,-1.0674
momentum,16,fixed,1.0,0,178,-1.9099,-10.3506,0.7529
momentum,16,fixed,1.0,0,179,0.2838,-8.7210,0.3806
momentum,16,fixed,1.0,0,180,1.0721,3.4016,0.6870
momentum,16,fixed,1.0,0,181,-2.4549,-3.7003,1.6683
momentum,16,fixed,1.0,0,182,2.0618,11.2506,2.2169
momentum,16,fixed,1.0,0,183,7.0414,2.0561,4.4975
momentum,16,fixed,1.0,0,184,2.8194,1.9297,0.7925
momentum,16,fixed,1.0,0,185,-1.1751,12.6490,-0.3707
momentum,16,fixed,1.0,0,186,-4.2135,-6.6557,-0.9657
momentum,16,fixed,1.0,0,187,-1.0045,-9.7700,-0.1633
momentum,16,fixed,1.0,0,188,-0.8331,2.9276,-0.7992
momentum,16,fixed,1.0,0,189,-0.5583,12.8825,1.4508
momentum,16,fixed,1.0,0,190,0.8964,-4.5894,1.3862
momentum,16,fixed,1.0,0,191,3.7272,13.4718,1.6992
momentum,16,fixed,1.0,0,192,-0.0235,-8.8423,-0.8759
momentum,16,fixed,1.0,0,193,2.2257,3.2872,0.6410
momentum,16,fixed,1.0,0,194,-4.7996,-0.4246,-0.7558
momentum,16,fixed,1.0,0,195,5.6862,-1.5697,2.6429
momentum,16,fixed,1.0,0,196,11.4357,15.5959,4.9387
momentum,16,fixed,1.0,0,197,-2.1170,5.7706,-2.5108
momentum,16,fixed,1.0,0,198,5.0562,-1.1832,1.9466
momentum,16,fixed,1.0,0,199,-4.4729,-1.4063,-1.6937
momentum,16,fixed,1.0,0,200,-0.9329,5.7430,-0.8868
momentum,16,fixed,1.0,0,201,0.0530,14.1973,-0.2660
momentum,16,fixed,1.0,0,202,3.7802,7.5089,1.4920
momentum,16,fixed,1.0,0,203,3.9309,-2.6106,1.1756
momentum,16,fixed,1.0,0,204,-2.0066,-9.8371,-0.8109
momentum,16,fixed,1.0,0,205,-7.9392,-2.8400,-1.5145
momentum,16,fixed,1.0,0,206,-1.2259,-3.5116,-0.4269
momentum,16,fixed,1.0,0,207,10.5491,5.8670,4.1486
momentum,16,fixed,1.0,0,208,-5.7538,-5.1720,-2.5382
momentum,16,fixed,1.0,0,209,-18.8394,-10.3283,-5.2807
momentum,16,fixed,1.0,0,210,-14.5046,-5.3599,-4.5789
momentum,16,fixed,1.0,0,211,5.1441,-4.2080,0.7840
momentum,16,fixed,1.0,0,212,5.9764,12.9914,1.6423
momentum,16,fixed,1.0,0,213,0.0379,8.6172,-0.9861
momentum,16,fixed,1.0,0,214,-3.0305,7.0886,0.3180
momentum,16,fixed,1.0,0,215,-2.3859,0.2737,0.2508
momentum,16,fixed,1.0,0,216,-1.3696,13.3169,0.4755
momentum,16,fixed,1.0,0,217,2.8757,10.4387,0.2143
momentum,16,fixed,1.0,0,218,-1.1611,3.4457,-0.8155
momentum,16,fixed,1.0,0,219,1.2184,-4.8408,0.3570
momentum,16,fixed,1.0,0,220,-5.0121,-10.4180,-1.3889
momentum,16,fixed,1.0,0,221,-2.7056,13.8373,0.1785
momentum,16,fixed,1.0,0,222,4.3998,-5.8541,1.7132
momentum,16,fixed,1.0,0,223,-4.1164,-18.4398,-1.1679
momentum,16,fixed,1.0,0,224,4.2026,-0.3382,2.8671
momentum,16,fixed,1.0,0,225,3.0166,-9.1271,1.4415
momentum,16,fixed,1.0,0,226,-4.8698,-12.0234,-0.4999
momentum,16,fixed,1.0,0,227,4.1968,12.8497,-0.2942
momentum,16,fixed,1.0,0,228,2.9316,3.9451,3.4725
momentum,16,fixed,1.0,0,229,-1.1828,3.1774,0.4220
momentum,16,fixed,1.0,0,230,-1.3688,3.2385,-0.3899
momentum,16,fixed,1.0,0,231,2.6203,0.6697,1.4212
momentum,16,fixed,1.0,0,232,-2.8535,2.1121,-2.8459
momentum,16,fixed,1.0,0,233,2.1488,-4.3609,-0.5370
momentum,16,fixed,1.0,0,234,-7.1364,-8.2289,-2.5418
momentum,16,fixed,1.0,0,235,-2.7595,0.1222,1.6845
momentum,16,fixed,1.0,0,236,-10.8738,0.6186,-3.0838
momentum,16,fixed,1.0,0,237,5.7811,11.2245,1.4982
momentum,16,fixed,1.0,0,238,2.3829,-4.0914,1.1844
momentum,16,fixed,1.0,0,239,-3.0868,4.1400,0.5072
momentum,16,fixed,1.0,0,240,0.6128,5.7747,-0.7416
momentum,16,fixed,1.0,0,241,-3.1594,-8.6596,-1.8335
momentum,16,fixed,1.0,0,242,6.1749,-0.6832,0.6550
momentum,16,fixed,1.0,0,243,3.7128,9.9080,1.5033
momentum,16,fixed,1.0,0,244,2.5841,9.6360,2.4939
momentum,16,fixed,1.0,0,245,-1.1635,17.5662,-2.1860
momentum,16,fixed,1.0,0,246,4.3735,-3.9244,3.2540
momentum,16,fixed,1.0,0,247,-1.5660,5.8459,0.9341
momentum,16,fixed,1.0,0,248,-8.0825,-10.7577,-2.5795
momentum,16,fixed,1.0,0,249,3.0970,13.7308,-0.1781
momentum,16,fixed,1.0,0,250,6.4132,11.0765,1.8846
momentum,16,fixed,1.0,0,251,4.6188,25.1802,1.2587
momentum,16,fixed,1.0,0,252,-7.9142,-11.7195,-0.7961
momentum,16,fixed,1.0,0,253,-0.5280,-5.0474,0.1190
momentum,16,fixed,1.0,0,254,-7.8235,-9.7613,-2.3307
momentum,16,fixed,1.0,0,255,4.4052,2.6052,-0.7951
momentum,16,fixed,1.0,0,256,5.7645,13.8255,1.9436
momentum,16,fixed,1.0,0,257,-4.6068,-2.3454,-1.5767
momentum,16,fixed,1.0,0,258,-3.2347,-9.4717,0.7945
momentum,16,fixed,1.0,0,259,-9.9101,6.8858,-3.0264
momentum,16,fixed,1.0,0,260,0.9020,5.4939,1.3312
momentum,16,fixed,1.0,0,261,0.9377,-8.5044,0.2689
momentum,16,fixed,1.0,0,262,-5.1473,-4.3796,-1.9158
momentum,16,fixed,1.0,0,263,-7.4892,-6.8094,-3.1287
momentum,16,fixed,1.0,0,264,2.5162,-5.6089,0.1087
momentum,16,fixed,1.0,0,265,-12.3915,-17.6479,-3.8233
momentum,16,fixed,1.0,0,266,-6.4695,0.2702,-2.0673
momentum,16,fixed,1.0,0,267,0.4074,19.4661,0.4960
momentum,16,fixed,1.0,0,268,-5.1060,-4.6986,-3.1044
momentum,16,fixed,1.0,0,269,-3.7447,-7.1923,-1.5866
momentum,16,fixed,1.0,0,270,0.7135,7.9313,-0.5998
momentum,16,fixed,1.0,0,271,-4.6000,16.4582,-2.2455
momentum,16,fixed,1.0,0,272,5.4796,2.0784,3.1711
momentum,16,fixed,1.0,0,273,4.2258,12.5309,3.1807
momentum,16,fixed,1.0,0,274,-6.0270,-2.6239,-1.2349
momentum,16,fixed,1.0,0,275,-0.5665,2.5439,-0.7742
momentum,16,fixed,1.0,0,276,-0.7673,14.6898,2.7674
momentum,16,fixed,1.0,0,277,6.0371,11.7505,2.4088
momentum,16,fixed,1.0,0,278,-2.0684,6.6665,0.3669
momentum,16,fixed,1.0,0,279,-0.9877,-3.0441,-1.2265
momentum,16,fixed,1.0,0,280,-3.3559,3.5417,-0.9267
momentum,16,fixed,1.0,0,281,3.8525,2.8473,1.0461
momentum,16,fixed,1.0,0,282,-5.0880,-12.9940,-1.8001
momentum,16,fixed,1.0,0,283,-1.0252,-3.4592,-1.9339
momentum,16,fixed,1.0,0,284,-12.5961,8.1122,-1.9089
momentum,16,fixed,1.0,0,285,-2.2904,-9.3073,-1.4382
momentum,16,fixed,1.0,0,286,-4.1745,10.7768,-1.8241
momentum,16,fixed,1.0,0,287,-0.1092,-2.2814,-0.5535
momentum,16,fixed,1.0,0,288,1.7195,-1.1029,1.3851
momentum,16,fixed,1.0,0,289,-1.0836,0.0749,1.4995
momentum,16,fixed,1.0,0,290,-1.8433,-4.0046,0.3389
momentum,16,fixed,1.0,0,291,-5.0130,-0.5092,-3.4631
momentum,16,fixed,1.0,0,292,-7.8318,-1.8513,-3.3911
momentum,16,fixed,1.0,0,293,-12.7711,-7.0470,-4.0341
momentum,16,fixed,1.0,0,294,3.7458,10.4725,-0.2535
momentum,16,fixed,1.0,0,295,-1.4105,-1.1565,-0.7194
momentum,16,fixed,1.0,0,296,2.6223,2.5163,1.4866
momentum,16,fixed,1.0,0,297,5.8286,0.6099,3.6182
momentum,16,fixed,1.0,0,298,3.5908,25.5032,1.7247
momentum,16,fixed,1.0,0,299,1.0529,5.8747,-0.1349
momentum,16,fixed,1.0,0,300,-3.6410,-1.9931,-0.4874
momentum,16,fixed,1.0,0,301,-3.8313,-6.9799,-0.7860
momentum,16,fixed,1.0,0,302,-2.6153,21.9221,0.9511
momentum,16,fixed,1.0,0,303,4.8505,22.3860,0.9008
momentum,16,fixed,1.0,0,304,8.1270,10.6126,3.4304
momentum,16,fixed,1.0,0,305,1.6472,-6.8393,-0.1535
momentum,16,fixed,1.0,0,306,-5.0450,4.6981,-4.2196
momentum,16,fixed,1.0,0,307,-0.6205,-9.2756,-1.7380
momentum,16,fixed,1.0,0,308,5.0449,6.5513,0.6065
momentum,16,fixed,1.0,0,309,-2.1952,23.0902,0.2915
momentum,16,fixed,1.0,0,310,0.2468,-10.2810,1.4649
momentum,16,fixed,1.0,0,311,-4.7993,-0.0025,-1.4511
momentum,16,fixed,1.0,0,312,-5.8065,17.0192,-0.0797
momentum,16,fixed,1.0,0,313,-2.4110,-2.1350,-0.8308
momentum,16,fixed,1.0,0,314,-4.7892,28.9436,-0.5073
momentum,16,fixed,1.0,0,315,3.6892,-7.0005,1.6477
momentum,16,fixed,1.0,0,316,-2.9287,9.7015,-1.3827
momentum,16,fixed,1.0,0,317,-3.2626,1.2294,-3.1964
momentum,16,fixed,1.0,0,318,5.1404,16.7229,5.7688
momentum,16,fixed,1.0,0,319,-9.3634,3.1622,-1.4519
momentum,16,fixed,1.0,0,320,5.3995,-2.2227,0.5009
momentum,16,fixed,1.0,0,321,1.8342,7.1715,1.5567
momentum,16,fixed,1.0,0,322,5.4665,3.5610,1.3372
momentum,16,fixed,1.0,0,323,3.4120,6.2157,-0.1287
momentum,16,fixed,1.0,0,324,5.3559,-1.4739,1.7356
momentum,16,fixed,1.0,0,325,-1.4857,-0.7639,-0.6424
momentum,16,fixed,1.0,0,326,-4.2881,6.4392,0.2866
momentum,16,fixed,1.0,0,327,4.8303,-1.7662,2.5292
momentum,16,fixed,1.0,0,328,4.4098,-0.2587,-0.0064
momentum,16,fixed,1.0,0,329,-1.2510,-4.4441,-0.0612
momentum,16,fixed,1.0,0,330,-6.8287,-1.0735,-2.7596
momentum,16,fixed,1.0,0,331,7.2992,28.5366,3.9848
momentum,16,fixed,1.0,0,332,0.2544,8.9237,0.5299
momentum,16,fixed,1.0,0,333,-7.6170,-1.5999,-2.7376
momentum,16,fixed,1.0,0,334,0.4569,-2.5972,2.3320
momentum,16,fixed,1.0,0,335,4.5157,22.5387,2.7690
momentum,16,fixed,1.0,0,336,-2.8755,1.3210,-0.3409
momentum,16,fixed,1.0,0,337,-3.0557,-7.7402,-3.3903
momentum,16,fixed,1.0,0,338,-6.9051,2.7440,-3.0668
momentum,16,fixed,1.0,0,339,5.4801,3.5183,2.8793
momentum,16,fixed,1.0,0,340,-0.9729,-7.2928,1.0280
momentum,16,fixed,1.0,0,341,6.6642,7.5420,0.8467
momentum,16,fixed,1.0,0,342,-0.3286,-8.9517,-0.4972
momentum,16,fixed,1.0,0,343,-3.7917,11.5946,-1.4671
momentum,16,fixed,1.0,0,344,0.0934,4.9899,0.8208
momentum,16,fixed,1.0,0,345,3.1054,3.6580,1.0105
momentum,16,fixed,1.0,0,346,5.8711,18.3966,2.6537
momentum,16,fixed,1.0,0,347,-12.6434,-14.3735,-4.9583
momentum,16,fixed,1.0,0,348,-9.5036,2.1634,-3.3660
momentum,16,fixed,1.0,0,349,0.2506,-0.4309,0.8842
momentum,16,fixed,1.0,0,350,8.5531,14.4643,2.1131
momentum,16,fixed,1.0,0,351,-5.4145,-6.6774,-1.3231
momentum,16,fixed,1.0,0,352,-1.4236,-6.4290,-1.2076
momentum,16,fixed,1.0,0,353,1.6797,17.1744,-0.8377
momentum,16,fixed,1.0,0,354,-3.7951,5.8325,0.6382
momentum,16,fixed,1.0,0,355,3.5958,17.8995,2.3402
momentum,16,fixed,1.0,0,356,9.2455,13.6796,1.6445
momentum,16,fixed,1.0,0,357,-3.1758,25.4307,-1.3775
momentum,16,fixed,1.0,0,358,1.1418,6.9187,-0.1220
momentum,16,fixed,1.0,0,359,-5.0571,-8.3238,-0.3211
momentum,16,fixed,1.0,0,360,-3.6681,4.9494,1.3803
momentum,16,fixed,1.0,0,361,2.1194,0.5109,0.6329
momentum,16,fixed,1.0,0,362,-8.1623,-4.9453,-4.0930
momentum,16,fixed,1.0,0,363,1.0219,9.6322,0.9645
momentum,16,fixed,1.0,0,364,4.2452,-7.8255,4.4462
momentum,16,fixed,1.0,0,365,-5.8659,-10.2149,-1.6693
momentum,16,fixed,1.0,0,366,-1.2611,-3.9995,0.2658
momentum,16,fixed,1.0,0,367,8.5954,15.9413,5.2204
momentum,16,fixed,1.0,0,368,-0.7502,-4.6591,0.2440
momentum,16,fixed,1.0,0,369,-2.0332,-15.0161,0.4928
momentum,16,fixed,1.0,0,370,-2.4029,-0.7251,-1.5940
momentum,16,fixed,1.0,0,371,2.3982,1.1260,1.1208
momentum,16,fixed,1.0,0,372,-3.4168,-7.4751,-0.3143
momentum,16,fixed,1.0,0,373,-9.0004,3.3259,-4.1530
momentum,16,fixed,1.0,0,374,4.1279,-2.8238,0.9942
momentum,16,fixed,1.0,0,375,-6.9327,-2.3432,-1.6115
momentum,16,fixed,1.0,0,376,-11.3309,4.6684,-5.6244
momentum,16,fixed,1.0,0,377,-3.4116,-4.0643,-0.3505
momentum,16,fixed,1.0,0,378,-1.3768,27.4514,0.4904
momentum,16,fixed,1.0,0,379,0.5050,23.6127,1.4265
momentum,16,fixed,1.0,0,380,2.0439,12.1879,-0.9080
momentum,16,fixed,1.0,0,381,-2.7726,5.8242,-0.0106
momentum,16,fixed,1.0,0,382,-4.2510,3.8873,-0.6070
momentum,16,fixed,1.0,0,383,2.8507,3.4219,-0.4567
momentum,16,fixed,1.0,0,384,7.3845,11.5219,1.7525
momentum,16,fixed,1.0,0,385,1.8724,-5.7664,0.8283
momentum,16,fixed,1.0,0,386,-9.1494,-2.1184,-2.8580
momentum,16,fixed,1.0,0,387,-7.1625,-6.5892,-1.2982
momentum,16,fixed,1.0,0,388,-13.4688,0.9119,-4.1960
momentum,16,fixed,1.0,0,389,-10.0703,-0.5284,-1.7880
momentum,16,fixed,1.0,0,390,-5.0251,15.1160,-2.2413
momentum,16,fixed,1.0,0,391,3.6903,-2.9552,3.0826
momentum,16,fixed,1.0,0,392,-4.6325,-0.4730,0.0106
momentum,16,fixed,1.0,0,393,-0.7943,2.1158,0.8235
momentum,16,fixed,1.0,0,394,-6.9507,22.3815,-2.6722
momentum,16,fixed,1.0,0,395,-8.6754,-4.2607,-3.0834
momentum,16,fixed,1.0,0,396,-12.9948,-12.7953,-3.8111
momentum,16,fixed,1.0,0,397,3.7524,-5.6019,2.6630
momentum,16,fixed,1.0,0,398,0.1112,0.1854,0.4526
momentum,16,fixed,1.0,0,399,1.0929,-4.7541,0.7462
momentum,16,fixed,1.0,0,400,-2.6139,12.4959,-3.8970
momentum,16,fixed,1.0,0,401,-6.1428,-9.9545,-2.2698
momentum,16,fixed,1.0,0,402,-1.7572,3.6430,-2.9782
momentum,16,fixed,1.0,0,403,-2.3984,-1.0052,-1.5276
momentum,16,fixed,1.0,0,404,-7.0336,25.2592,-0.9782
momentum,16,fixed,1.0,0,405,-2.4227,-0.4693,-2.0901
momentum,16,fixed,1.0,0,406,2.4868,10.4294,0.2095
momentum,16,fixed,1.0,0,407,0.5063,-6.7992,0.6113
momentum,16,fixed,1.0,0,408,-4.5636,3.5220,-0.9639
momentum,16,fixed,1.0,0,409,1.3428,4.3348,0.8086
momentum,16,fixed,1.0,0,410,-7.2224,0.0757,-2.0132
momentum,16,fixed,1.0,0,411,4.7451,8.0360,1.0709
momentum,16,fixed,1.0,0,412,0.3022,6.2801,-0.1367
momentum,16,fixed,1.0,0,413,-3.3233,9.0043,-0.3793
momentum,16,fixed,1.0,0,414,-5.8746,-1.6324,-1.1719
momentum,16,fixed,1.0,0,415,4.8451,2.9954,1.2287
momentum,16,fixed,1.0,0,416,-1.3043,14.6867,-0.4334
momentum,16,fixed,1.0,0,417,0.4476,13.0016,-0.5306
momentum,16,fixed,1.0,0,418,-3.0273,-9.0462,-0.8412
momentum,16,fixed,1.0,0,419,5.5216,18.1834,2.5213
momentum,16,fixed,1.0,0,420,-4.3730,5.4698,-0.1740
momentum,16,fixed,1.0,0,421,0.9085,-5.3851,-1.3638
momentum,16,fixed,1.0,0,422,-0.4384,-0.8019,0.1249
momentum,16,fixed,1.0,0,423,-0.7383,20.9908,0.9570
momentum,16,fixed,1.0,0,424,-0.5830,-11.5841,-0.2972
momentum,16,fixed,1.0,0,425,-6.3590,-10.3142,-1.7082
momentum,16,fixed,1.0,0,426,-0.8523,4.4518,-0.4890
momentum,16,fixed,1.0,0,427,6.3200,8.9117,2.4845
momentum,16,fixed,1.0,0,428,-13.7108,-9.1327,-4.7402
momentum,16,fixed,1.0,0,429,-6.3637,9.2333,-1.4126
momentum,16,fixed,1.0,0,430,4.8234,7.3459,1.1625
momentum,16,fixed,1.0,0,431,-5.0561,3.4766,-2.1505
momentum,16,fixed,1.0,0,432,-3.2259,2.5839,-2.0022
momentum,16,fixed,1.0,0,433,-2.3417,-5.8923,-0.4271
momentum,16,fixed,1.0,0,434,0.7112,10.2487,1.2018
momentum,16,fixed,1.0,0,435,3.0917,7.5397,1.3416
momentum,16,fixed,1.0,0,436,-1.6575,-8.2328,-1.0134
momentum,16,fixed,1.0,0,437,-2.3566,6.6721,0.5266
momentum,16,fixed,1.0,0,438,1.5368,14.8898,1.9423
momentum,16,fixed,1.0,0,439,-12.5823,14.7523,-2.1149
momentum,16,fixed,1.0,0,440,-4.8281,-3.3704,-2.4839
momentum,16,fixed,1.0,0,441,-2.2668,6.1685,-0.8445
momentum,16,fixed,1.0,0,442,-11.1611,-1.2493,-4.5648
momentum,16,fixed,1.0,0,443,-4.3386,-4.7929,-0.7492
momentum,16,fixed,1.0,0,444,-2.5688,-10.8597,0.9062
momentum,16,fixed,1.0,0,445,2.0252,-10.2251,0.1480
momentum,16,fixed,1.0,0,446,-2.4950,-11.0737,-1.4368
momentum,16,fixed,1.0,0,447,3.6924,4.8309,1.0566
momentum,16,fixed,1.0,0,448,-10.9910,10.0503,-3.6670
momentum,16,fixed,1.0,0,449,-5.2635,17.6647,-1.8183
momentum,16,fixed,1.0,0,450,-6.8117,-13.6756,-0.9808
momentum,16,fixed,1.0,0,451,-1.5840,2.6556,1.2845
momentum,16,fixed,1.0,0,452,-3.1579,-6.2109,-1.8894
momentum,16,fixed,1.0,0,453,-6.2501,-8.5184,-0.1109
momentum,16,fixed,1.0,0,454,4.4137,11.0375,2.9767
momentum,16,fixed,1.0,0,455,-8.5482,-9.2746,-3.1986
momentum,16,fixed,1.0,0,456,-10.6881,-9.1502,-3.1134
momentum,16,fixed,1.0,0,457,-1.8222,20.4190,-1.8252
momentum,16,fixed,1.0,0,458,-2.0169,0.0992,-0.0306
momentum,16,fixed,1.0,0,459,-7.7284,6.6454,-0.3761
momentum,16,fixed,1.0,0,460,-0.3617,-2.1228,-1.8838
momentum,16,fixed,1.0,0,461,1.4583,-12.0907,2.3761
momentum,16,fixed,1.0,0,462,-1.2663,5.8174,0.3507
momentum,16,fixed,1.0,0,463,8.3897,14.4485,2.1262
momentum,16,fixed,1.0,0,464,0.0191,6.5518,-3.2569
momentum,16,fixed,1.0,0,465,-4.9575,2.7200,0.6311
momentum,16,fixed,1.0,0,466,-0.4515,27.9535,-0.0340
momentum,16,fixed,1.0,0,467,-2.4708,3.5136,-2.2438
momentum,16,fixed,1.0,0,468,-1.5009,2.4065,0.3998
momentum,16,fixed,1.0,0,469,-1.4807,-2.2775,0.1531
momentum,16,fixed,1.0,0,470,-4.8601,7.7265,-2.0214
momentum,16,fixed,1.0,0,471,-9.6227,-15.9781,-3.1725
momentum,16,fixed,1.0,0,472,-0.7580,-3.5497,0.9678
momentum,16,fixed,1.0,0,473,0.4232,-9.0422,-0.1565
momentum,16,fixed,1.0,0,474,-6.5222,-0.2961,-4.0533
momentum,16,fixed,1.0,0,475,-7.1725,-11.1069,-1.5772
momentum,16,fixed,1.0,0,476,-8.4779,-0.8299,-3.6440
momentum,16,fixed,1.0,0,477,1.8132,8.0427,0.6418
momentum,16,fixed,1.0,0,478,2.7346,-8.1806,1.0245
momentum,16,fixed,1.0,0,479,3.2187,-7.5735,0.6218
momentum,16,fixed,1.0,0,480,-6.3084,1.0785,-1.9301
momentum,16,fixed,1.0,0,481,-2.1697,-0.0900,-0.7474
momentum,16,fixed,1.0,0,482,-5.6033,5.2802,-3.9756
momentum,16,fixed,1.0,0,483,8.5797,13.4860,2.4589
momentum,16,fixed,1.0,0,484,-4.6890,4.5943,-3.5946
momentum,16,fixed,1.0,0,485,-0.0437,-4.9126,-0.1469
momentum,16,fixed,1.0,0,486,-8.6254,-14.8408,-2.0426
momentum,16,fixed,1.0,0,487,-0.1985,-9.9621,-0.5732
momentum,16,fixed,1.0,0,488,2.6473,3.2400,0.9320
momentum,16,fixed,1.0,0,489,4.6905,-4.9282,4.0038
momentum,16,fixed,1.0,0,490,-9.6533,14.5575,-3.3372
momentum,16,fixed,1.0,0,491,-2.8237,-2.8909,-2.2568
momentum,16,fixed,1.0,0,492,-8.3304,-11.2516,-2.3402
momentum,16,fixed,1.0,0,493,8.8769,21.8726,0.3698
momentum,16,fixed,1.0,0,494,-1.3542,-6.0835,-1.7781
momentum,16,fixed,1.0,0,495,-8.4490,0.9435,-2.5203
momentum,16,fixed,1.0,0,496,2.8849,2.8052,0.8882
momentum,16,fixed,1.0,0,497,-4.9991,-3.0925,0.3728
momentum,16,fixed,1.0,0,498,5.9667,-8.6995,2.1575
momentum,16,fixed,1.0,0,499,-4.8588,-6.4034,-0.8884
momentum,16,fixed,1.0,0,500,-0.7480,-8.5687,1.1444
momentum,16,fixed,1.0,0,501,-4.9361,-12.2680,-0.8364
momentum,16,fixed,1.0,0,502,4.8573,-0.2331,2.3630
momentum,16,fixed,1.0,0,503,0.1524,-11.0552,-0.6977
momentum,16,fixed,1.0,0,504,-2.5919,-4.2435,-1.3754
momentum,16,fixed,1.0,0,505,0.7707,8.6018,3.6015
momentum,16,fixed,1.0,0,506,1.4009,-1.9821,-0.2539
momentum,16,fixed,1.0,0,507,-4.1575,-2.4801,-0.9860
momentum,16,fixed,1.0,0,508,-19.5142,-4.7355,-6.1650
momentum,16,fixed,1.0,0,509,2.1957,-7.2956,0.2671
momentum,16,fixed,1.0,0,510,-1.2224,-2.2109,0.8632
momentum,16,fixed,1.0,0,511,-7.7462,1.6861,-2.1389
momentum,16,fixed,1.0,0,512,4.3003,6.1101,2.5003
momentum,16,fixed,1.0,0,513,4.5755,2.0824,1.3471
momentum,16,fixed,1.0,0,514,3.3440,-10.4774,0.1935
momentum,16,fixed,1.0,0,515,6.1677,5.7326,2.0647
momentum,16,fixed,1.0,0,516,-3.8442,3.0985,-1.5913
momentum,16,fixed,1.0,0,517,-2.0792,13.4157,-1.5027
momentum,16,fixed,1.0,0,518,-0.6122,8.0625,0.8067
momentum,16,fixed,1.0,0,519,-7.2791,-11.6465,-1.7353
momentum,16,fixed,1.0,0,520,-7.3373,-9.3279,-2.6867
momentum,16,fixed,1.0,0,521,-7.2652,-3.2831,-2.8621
momentum,16,fixed,1.0,0,522,5.2806,-0.9701,2.8829
momentum,16,fixed,1.0,0,523,-5.5340,1.3710,-1.7677
momentum,16,fixed,1.0,0,524,-2.3216,-15.7248,-0.8628
momentum,16,fixed,1.0,0,525,-2.6413,4.3225,0.6068
momentum,16,fixed,1.0,0,526,-4.6940,-9.8057,-0.8096
momentum,16,fixed,1.0,0,527,-2.9022,-8.1194,-1.8682
momentum,16,fixed,1.0,0,528,3.3575,-4.0682,1.8270
momentum,16,fixed,1.0,0,529,0.6436,14.4822,1.0684
momentum,16,fixed,1.0,0,530,-2.0877,31.0728,0.6681
momentum,16,fixed,1.0,0,531,0.4056,-9.3197,1.0097
momentum,16,fixed,1.0,0,532,0.1052,-0.9771,-0.4622
momentum,16,fixed,1.0,0,533,0.3965,-6.3045,-0.1470
momentum,16,fixed,1.0,0,534,-8.3977,-3.3373,-1.5504
momentum,16,fixed,1.0,0,535,-3.2801,-6.3623,-2.1353
momentum,16,fixed,1.0,0,536,-5.4723,11.9914,-0.1883
momentum,16,fixed,1.0,0,537,-6.9772,-9.0172,-1.8239
momentum,16,fixed,1.0,0,538,2.2151,10.4841,1.6194
momentum,16,fixed,1.0,0,539,-3.3515,-3.6894,-0.9675
momentum,16,fixed,1.0,0,540,1.9422,3.1436,0.1386
momentum,16,fixed,1.0,0,541,-8.0972,-9.7710,-2.9474
momentum,16,fixed,1.0,0,542,1.1986,-5.2089,2.7337
momentum,16,fixed,1.0,0,543,-2.4877,7.6149,-1.0243
momentum,16,fixed,1.0,0,544,-5.6848,-6.7753,-1.9773
momentum,16,fixed,1.0,0,545,-1.8399,-5.0522,-1.4008
momentum,16,fixed,1.0,0,546,-2.4458,-4.2255,0.4763
momentum,16,fixed,1.0,0,547,2.7612,-1.4959,3.8185
momentum,16,fixed,1.0,0,548,-0.1341,4.9905,-1.4352
momentum,16,fixed,1.0,0,549,3.9921,-9.6311,1.4691
momentum,16,fixed,1.0,0,550,2.6987,-1.3247,1.4677
momentum,16,fixed,1.0,0,551,-1.1061,1.1160,-0.6260
momentum,16,fixed,1.0,0,552,6.8612,7.2635,3.8138
momentum,16,fixed,1.0,0,553,4.9393,13.1560,0.3418
momentum,16,fixed,1.0,0,554,2.1901,1.7391,-0.3581
momentum,16,fixed,1.0,0,555,-2.0334,5.2158,-1.2821
momentum,16,fixed,1.0,0,556,-1.3653,-2.8476,1.9814
momentum,16,fixed,1.0,0,557,-0.2609,13.0058,-1.1971
momentum,16,fixed,1.0,0,558,-3.3138,12.0381,0.8957
momentum,16,fixed,1.0,0,559,4.9612,11.8136,1.4227
momentum,16,fixed,1.0,0,560,-15.5157,-15.7304,-4.4148
momentum,16,fixed,1.0,0,561,-5.0428,-3.0771,0.0147
momentum,16,fixed,1.0,0,562,7.1767,2.5001,4.5646
momentum,16,fixed,1.0,0,563,-2.2011,1.5710,-0.3187
momentum,16,fixed,1.0,0,564,0.9291,-2.4683,1.4712
momentum,16,fixed,1.0,0,565,-11.5480,-7.5174,-2.2279
momentum,16,fixed,1.0,0,566,-5.7784,-11.3401,-2.3545
momentum,16,fixed,1.0,0,567,0.6209,-5.0263,0.7483
momentum,16,fixed,1.0,0,568,2.6767,12.3011,2.7501
momentum,16,fixed,1.0,0,569,0.3177,0.1793,-0.3343
momentum,16,fixed,1.0,0,570,-6.6392,4.9460,-1.9008
momentum,16,fixed,1.0,0,571,0.7197,12.8213,-0.0297
momentum,16,fixed,1.0,0,572,-1.1913,-3.4497,0.6120
momentum,16,fixed,1.0,0,573,1.5007,-2.8120,0.8296
momentum,16,fixed,1.0,0,574,-4.6935,10.8757,-2.8225
momentum,16,fixed,1.0,0,575,-2.7893,-6.4900,-1.4795
momentum,16,fixed,1.0,0,576,2.8711,9.2020,-1.0050
momentum,16,fixed,1.0,0,577,-0.7686,12.7946,-0.9082
momentum,16,fixed,1.0,0,578,1.5621,2.5079,1.2634
momentum,16,fixed,1.0,0,579,-5.0455,8.9851,1.3952
momentum,16,fixed,1.0,0,580,-3.7405,-4.0236,-0.6420
momentum,16,fixed,1.0,0,581,-21.5799,-7.5815,-7.5622
momentum,16,fixed,1.0,0,582,-2.4537,-13.5254,1.5160
momentum,16,fixed,1.0,0,583,-11.5922,-5.7169,-4.2834
momentum,16,fixed,1.0,0,584,2.2187,-6.5316,1.8565
momentum,16,fixed,1.0,0,585,2.7592,3.6845,0.8935
momentum,16,fixed,1.0,0,586,-1.4444,26.0028,0.6895
momentum,16,fixed,1.0,0,587,2.4972,3.6056,0.7627
momentum,16,fixed,1.0,0,588,-9.8422,-3.3701,-1.3955
momentum,16,fixed,1.0,0,589,-1.9019,-10.7798,-1.4831
momentum,16,fixed,1.0,0,590,-9.4801,-8.5411,-2.3422
momentum,16,fixed,1.0,0,591,-5.4616,2.2314,-1.2787
momentum,16,fixed,1.0,0,592,-0.0340,-2.1865,0.5857
momentum,16,fixed,1.0,0,593,10.3713,20.9873,6.5870
momentum,16,fixed,1.0,0,594,-1.5079,-2.0408,-0.4252
momentum,16,fixed,1.0,0,595,-9.8069,-16.4291,-2.6368
momentum,16,fixed,1.0,0,596,-3.8139,9.3595,1.9700
momentum,16,fixed,1.0,0,597,-7.2944,-16.6488,-4.6681
momentum,16,fixed,1.0,0,598,-5.9904,1.5042,-1.4639
momentum,16,fixed,1.0,0,599,-5.0418,-1.3997,-2.5966
momentum,16,fixed,1.0,0,600,-0.7949,-1.8030,-1.8952
momentum,16,fixed,1.0,0,601,-7.3107,-7.4114,-2.4401
momentum,16,fixed,1.0,0,602,-1.7321,23.8597,3.3061
momentum,16,fixed,1.0,0,603,-3.1197,3.3434,-1.6341
momentum,16,fixed,1.0,0,604,-8.5469,-12.4299,-2.6855
momentum,16,fixed,1.0,0,605,-1.3684,27.1494,-1.8305
momentum,16,fixed,1.0,0,606,-4.0708,-14.9932,-2.4799
momentum,16,fixed,1.0,0,607,3.7299,8.0644,3.6112
momentum,16,fixed,1.0,0,608,5.8356,-2.3571,2.8947
momentum,16,fixed,1.0,0,609,4.0347,-3.0682,2.5475
momentum,16,fixed,1.0,0,610,2.9817,10.1144,3.2974
momentum,16,fixed,1.0,0,611,-10.7135,-4.8764,0.6540
momentum,16,fixed,1.0,0,612,-6.9485,5.0725,-1.5298
momentum,16,fixed,1.0,0,613,-6.1542,13.3960,-3.8115
momentum,16,fixed,1.0,0,614,-4.9966,9.5023,-2.3834
momentum,16,fixed,1.0,0,615,-2.0303,8.2332,0.2692
momentum,16,fixed,1.0,0,616,0.5870,2.3253,2.0723
momentum,16,fixed,1.0,0,617,-3.9950,-4.5613,-0.4260
momentum,16,fixed,1.0,0,618,5.8118,3.0868,4.0205
momentum,16,fixed,1.0,0,619,-7.3842,-11.6870,-3.1664
momentum,16,fixed,1.0,0,620,-14.4996,1.1894,-5.3672
momentum,16,fixed,1.0,0,621,-7.6878,-7.4053,-2.8356
momentum,16,fixed,1.0,0,622,3.0977,-8.3192,0.6557
momentum,16,fixed,1.0,0,623,-4.3147,20.0058,-0.5507
momentum,16,fixed,1.0,0,624,-3.7822,18.9240,0.6385
momentum,16,fixed,1.0,0,625,-6.3710,5.4846,-0.9793
momentum,16,fixed,1.0,0,626,4.2209,0.2497,3.1387
momentum,16,fixed,1.0,0,627,-3.9830,5.8731,-1.8863
momentum,16,fixed,1.0,0,628,-5.4903,12.6669,-3.5178
momentum,16,fixed,1.0,0,629,-8.6576,-13.2668,-4.9823
momentum,16,fixed,1.0,0,630,-7.0802,-10.6444,-1.1793
momentum,16,fixed,1.0,0,631,3.6478,12.6687,-0.0891
momentum,16,fixed,1.0,0,632,-0.0630,5.3263,2.9750
momentum,16,fixed,1.0,0,633,-8.5646,-13.6998,-3.3338
momentum,16,fixed,1.0,0,634,2.7456,-4.5561,3.6211
momentum,16,fixed,1.0,0,635,6.0204,1.4803,1.9109
momentum,16,fixed,1.0,0,636,3.0746,1.2325,1.6667
momentum,16,fixed,1.0,0,637,-4.9280,1.7217,-1.2995
momentum,16,fixed,1.0,0,638,-6.2169,-5.2989,-1.8334
momentum,16,fixed,1.0,0,639,-1.4831,6.3790,-2.4441
momentum,16,fixed,1.0,0,640,0.3455,-2.1441,1.1545
momentum,16,fixed,1.0,0,641,-2.2746,-3.4332,0.8591
momentum,16,fixed,1.0,0,642,7.3086,3.3622,5.1756
momentum,16,fixed,1.0,0,643,1.5960,25.0421,1.7558
momentum,16,fixed,1.0,0,644,-2.1665,4.5298,0.3398
momentum,16,fixed,1.0,0,645,0.3529,-3.7641,1.8444
momentum,16,fixed,1.0,0,646,2.4033,-5.9859,3.0739
momentum,16,fixed,1.0,0,647,-6.9086,-15.9638,-1.2764
momentum,16,fixed,1.0,0,648,9.6293,16.9846,1.1686
momentum,16,fixed,1.0,0,649,-2.5414,11.7508,-2.5335
momentum,16,fixed,1.0,0,650,5.2667,10.5108,2.6934
momentum,16,fixed,1.0,0,651,3.7968,0.0142,3.5147
momentum,16,fixed,1.0,0,652,-2.9457,-9.7654,-0.5621
momentum,16,fixed,1.0,0,653,-0.7144,4.2500,-0.0200
momentum,16,fixed,1.0,0,654,1.4611,-8.5215,-0.4458
momentum,16,fixed,1.0,0,655,-1.9547,4.5957,0.9453
momentum,16,fixed,1.0,0,656,-7.4329,-9.1805,-2.0924
momentum,16,fixed,1.0,0,657,0.4450,-10.1379,-0.2500
momentum,16,fixed,1.0,0,658,0.2815,-3.0379,0.6490
momentum,16,fixed,1.0,0,659,2.5978,2.5133,3.0401
momentum,16,fixed,1.0,0,660,-6.4503,1.5956,-1.1202
momentum,16,fixed,1.0,0,661,1.2160,-7.1505,0.3427
momentum,16,fixed,1.0,0,662,0.1513,10.7547,-0.6030
momentum,16,fixed,1.0,0,663,1.4982,9.2384,0.8011
momentum,16,fixed,1.0,0,664,-5.2463,-10.9375,-2.1262
momentum,16,fixed,1.0,0,665,-1.8091,-9.0525,0.3986
momentum,16,fixed,1.0,0,666,-1.7510,-1.1035,-1.3177
momentum,16,fixed,1.0,0,667,-6.4435,-7.0718,-2.5582
momentum,16,fixed,1.0,0,668,-0.3103,-4.2128,0.4233
momentum,16,fixed,1.0,0,669,2.5394,19.7491,-0.7785
momentum,16,fixed,1.0,0,670,9.2573,7.7192,5.5305
momentum,16,fixed,1.0,0,671,4.1292,26.5642,4.7680
momentum,16,fixed,1.0,0,672,0.8362,4.1803,1.0728
momentum,16,fixed,1.0,0,673,0.7895,-3.8321,0.8187
momentum,16,fixed,1.0,0,674,-1.4722,2.9058,-0.2690
momentum,16,fixed,1.0,0,675,-3.4346,-6.4956,-0.4577
momentum,16,fixed,1.0,0,676,-0.9047,-16.3086,-0.3128
momentum,16,fixed,1.0,0,677,-8.0763,6.2354,-1.6206
momentum,16,fixed,1.0,0,678,5.5324,-4.0412,0.9108
momentum,16,fixed,1.0,0,679,-1.9061,-2.9195,-0.9638
momentum,16,fixed,1.0,0,680,-2.0444,1.0621,-0.5819
momentum,16,fixed,1.0,0,681,2.4341,13.9840,0.4627
momentum,16,fixed,1.0,0,682,5.0407,-4.6536,2.9886
momentum,16,fixed,1.0,0,683,-4.8334,-6.0657,-2.0442
momentum,16,fixed,1.0,0,684,4.6185,10.4657,2.4091
momentum,16,fixed,1.0,0,685,-2.8980,-11.6997,0.4880
momentum,16,fixed,1.0,0,686,-1.6760,-0.1337,1.1894
momentum,16,fixed,1.0,0,687,-6.7939,11.7286,-1.7245
momentum,16,fixed,1.0,0,688,-2.3545,-12.8634,-0.2974
momentum,16,fixed,1.0,0,689,-4.0524,1.2633,-0.2516
momentum,16,fixed,1.0,0,690,-2.9459,9.2167,0.1983
momentum,16,fixed,1.0,0,691,-3.9892,5.2837,-0.1470
momentum,16,fixed,1.0,0,692,-2.9063,-7.4142,-2.1003
momentum,16,fixed,1.0,0,693,2.1832,11.0038,0.0144
momentum,16,fixed,1.0,0,694,-2.8007,-2.7388,-0.7434
momentum,16,fixed,1.0,0,695,7.4855,16.2221,1.1642
momentum,16,fixed,1.0,0,696,3.4074,-3.9540,2.1605
momentum,16,fixed,1.0,0,697,-2.1089,-4.7019,-0.6731
momentum,16,fixed,1.0,0,698,2.6442,8.5684,2.2751
momentum,16,fixed,1.0,0,699,0.2246,21.4537,1.1270
momentum,16,fixed,1.0,0,700,-4.2946,4.0019,-1.8249
momentum,16,fixed,1.0,0,701,5.6519,7.3277,2.1598
momentum,16,fixed,1.0,0,702,-9.7893,-8.6863,-4.4512
momentum,16,fixed,1.0,0,703,-2.5803,3.9402,-0.3582
momentum,16,fixed,1.0,0,704,-2.1556,0.9660,0.7173
momentum,16,fixed,1.0,0,705,-8.8852,-3.8002,-2.7344
momentum,16,fixed,1.0,0,706,-10.2111,-3.8470,-2.8223
momentum,16,fixed,1.0,0,707,-3.5689,-4.2672,0.2029
momentum,16,fixed,1.0,0,708,8.0018,-2.9748,5.3894
momentum,16,fixed,1.0,0,709,-8.9287,0.4925,-2.0614
momentum,16,fixed,1.0,0,710,0.6897,5.9377,-0.5414
momentum,16,fixed,1.0,0,711,12.7767,14.9695,5.8404
momentum,16,fixed,1.0,0,712,6.7176,6.7386,4.1949
momentum,16,fixed,1.0,0,713,-1.7127,-1.7359,-0.8686
momentum,16,fixed,1.0,0,714,-14.7505,-9.0576,-3.3089
momentum,16,fixed,1.0,0,715,2.0608,8.6914,-0.7370
momentum,16,fixed,1.0,0,716,3.0028,14.2395,2.9205
momentum,16,fixed,1.0,0,717,3.0793,-0.5092,1.4630
momentum,16,fixed,1.0,0,718,1.1870,4.0259,-2.2111
momentum,16,fixed,1.0,0,719,-3.7219,3.7588,-1.3804
momentum,16,fixed,1.0,0,720,-1.2383,8.8852,-1.1522
momentum,16,fixed,1.0,0,721,3.5273,-1.4082,2.1121
momentum,16,fixed,1.0,0,722,5.5557,6.0850,3.2740
momentum,16,fixed,1.0,0,723,-1.6701,1.2091,-0.8908
momentum,16,fixed,1.0,0,724,-2.6584,-5.2803,-0.1071
momentum,16,fixed,1.0,0,725,-5.7404,-13.0957,-2.1079
momentum,16,fixed,1.0,0,726,-6.6066,3.0387,-4.0942
momentum,16,fixed,1.0,0,727,0.2676,-4.8827,0.8084
momentum,16,fixed,1.0,0,728,-2.1069,-1.0895,-1.1668
momentum,16,fixed,1.0,0,729,7.2388,12.4309,1.2806
momentum,16,fixed,1.0,0,730,-2.4434,7.5401,-1.0173
momentum,16,fixed,1.0,0,731,-0.0524,2.7159,-0.7136
momentum,16,fixed,1.0,0,732,1.1257,2.6487,1.7424
momentum,16,fixed,1.0,0,733,0.0578,4.8225,1.2270
momentum,16,fixed,1.0,0,734,-4.3829,0.8466,-1.5862
momentum,16,fixed,1.0,0,735,-8.3499,9.7923,-0.3589
momentum,16,fixed,1.0,0,736,4.2033,0.3009,1.6627
momentum,16,fixed,1.0,0,737,2.9033,13.1492,0.1102
momentum,16,fixed,1.0,0,738,-5.3151,-4.9707,-2.7455
momentum,16,fixed,1.0,0,739,0.2152,4.5254,0.6842
momentum,16,fixed,1.0,0,740,-5.6458,3.7186,0.2084
momentum,16,fixed,1.0,0,741,0.3203,11.5704,-0.6069
momentum,16,fixed,1.0,0,742,0.0688,2.6957,0.0107
momentum,16,fixed,1.0,0,743,-3.2226,16.9233,0.6833
momentum,16,fixed,1.0,0,744,-14.0349,-7.3728,-4.4462
momentum,16,fixed,1.0,0,745,-1.5551,0.8956,-0.1532
momentum,16,fixed,1.0,0,746,-10.0623,-1.5033,-4.5080
momentum,16,fixed,1.0,0,747,-0.5257,-4.1591,0.5549
momentum,16,fixed,1.0,0,748,1.9712,-6.2894,0.9050
momentum,16,fixed,1.0,0,749,0.5075,0.8238,2.5750
momentum,16,fixed,1.0,0,750,-4.8906,-15.2126,-1.5382
momentum,16,fixed,1.0,0,751,-3.2592,8.4609,-0.7126
momentum,16,fixed,1.0,0,752,-6.0705,-7.4442,-1.3963
momentum,16,fixed,1.0,0,753,-2.2774,-10.0964,0.8213
momentum,16,fixed,1.0,0,754,-0.3532,-4.2948,2.4649
momentum,16,fixed,1.0,0,755,-10.6354,-10.1303,-2.8784
momentum,16,fixed,1.0,0,756,6.9211,13.4380,4.2579
momentum,16,fixed,1.0,0,757,-4.1747,-13.1354,0.1338
momentum,16,fixed,1.0,0,758,3.3802,13.1020,2.1087
momentum,16,fixed,1.0,0,759,1.3183,3.5503,-1.9033
momentum,16,fixed,1.0,0,760,0.6064,-1.8754,0.5924
momentum,16,fixed,1.0,0,761,-1.0934,4.8367,0.1761
momentum,16,fixed,1.0,0,762,-4.0865,-5.0741,-1.4235
momentum,16,fixed,1.0,0,763,-2.1192,-4.4536,-1.8254
momentum,16,fixed,1.0,0,764,4.0365,1.9008,1.2389
momentum,16,fixed,1.0,0,765,-0.1905,3.9287,-0.2562
momentum,16,fixed,1.0,0,766,1.7803,5.3460,0.7726
momentum,16,fixed,1.0,0,767,-13.4910,-5.9740,-5.6906
momentum,16,fixed,1.0,0,768,5.6230,-8.0923,4.1455
momentum,16,fixed,1.0,0,769,-9.9076,0.0973,-1.8290
momentum,16,fixed,1.0,0,770,-6.3944,-3.3634,-2.4483
momentum,16,fixed,1.0,0,771,-6.9505,-2.3551,-0.2659
momentum,16,fixed,1.0,0,772,-5.8871,-0.0559,-2.0716
momentum,16,fixed,1.0,0,773,-3.3838,-5.5348,-0.6454
momentum,16,fixed,1.0,0,774,6.8903,17.9604,3.0698
momentum,16,fixed,1.0,0,775,-5.0372,-0.5975,-2.0591
momentum,16,fixed,1.0,0,776,-2.6471,-4.0901,0.8939
momentum,16,fixed,1.0,0,777,9.2814,11.7952,6.6200
momentum,16,fixed,1.0,0,778,-0.6398,4.5519,0.0896
momentum,16,fixed,1.0,0,779,-3.3126,-5.5537,-1.4085
momentum,16,fixed,1.0,0,780,-0.8539,14.7260,-0.4052
momentum,16,fixed,1.0,0,781,-2.8938,-6.8861,-0.0398
momentum,16,fixed,1.0,0,782,0.4946,3.4672,0.8867
momentum,16,fixed,1.0,0,783,2.7873,0.3005,0.7732
momentum,16,fixed,1.0,0,784,4.5630,8.9878,2.1508
momentum,16,fixed,1.0,0,785,-0.4269,6.4411,0.3118
momentum,16,fixed,1.0,0,786,5.4899,11.9751,3.4750
momentum,16,fixed,1.0,0,787,2.9759,8.1144,-0.6259
momentum,16,fixed,1.0,0,788,1.5356,-13.1960,-1.0420
momentum,16,fixed,1.0,0,789,-3.4373,-8.1134,0.0262
momentum,16,fixed,1.0,0,790,2.3212,10.6606,1.1283
momentum,16,fixed,1.0,0,791,-1.1998,-6.0952,0.5829
momentum,16,fixed,1.0,0,792,-4.9078,-2.5560,-2.1521
momentum,16,fixed,1.0,0,793,8.3484,19.3572,3.8418
momentum,16,fixed,1.0,0,794,10.8204,11.7814,5.2369
momentum,16,fixed,1.0,0,795,-2.0102,-3.3711,1.8765
momentum,16,fixed,1.0,0,796,2.6814,21.5013,0.8431
momentum,16,fixed,1.0,0,797,-1.4807,-12.5641,-0.4150
momentum,16,fixed,1.0,0,798,1.0387,11.6766,1.7803
momentum,16,fixed,1.0,0,799,0.0793,5.8766,-1.2361
momentum,16,fixed,1.0,0,800,-1.0286,6.9392,0.4144
momentum,16,fixed,1.0,0,801,4.3943,9.6593,1.3390
momentum,16,fixed,1.0,0,802,1.6079,-8.2923,1.1369
momentum,16,fixed,1.0,0,803,-3.0710,-6.2086,-2.3982
momentum,16,fixed,1.0,0,804,6.2450,12.7672,1.1752
momentum,16,fixed,1.0,0,805,8.9801,-0.4254,4.1913
momentum,16,fixed,1.0,0,806,-2.7463,-17.0279,-1.4020
momentum,16,fixed,1.0,0,807,3.6769,10.7749,-0.4968
momentum,16,fixed,1.0,0,808,-7.6557,-11.5564,-2.8130
momentum,16,fixed,1.0,0,809,-3.9823,14.2315,0.3314
momentum,16,fixed,1.0,0,810,-6.1229,4.0497,-0.5362
momentum,16,fixed,1.0,0,811,0.6858,5.4649,3.0272
momentum,16,fixed,1.0,0,812,0.0190,3.5896,-0.2735
momentum,16,fixed,1.0,0,813,2.3539,4.8852,0.3782
momentum,16,fixed,1.0,0,814,-1.0765,-8.2360,0.1734
momentum,16,fixed,1.0,0,815,0.0426,-0.4889,0.2447
momentum,16,fixed,1.0,0,816,1.7588,-3.3483,-0.0583
momentum,16,fixed,1.0,0,817,-0.6951,23.0981,4.3489
momentum,16,fixed,1.0,0,818,-3.0141,-8.2002,-0.4787
momentum,16,fixed,1.0,0,819,-2.0009,-10.5628,-1.2693
momentum,16,fixed,1.0,0,820,1.6906,1.6433,2.8444
momentum,16,fixed,1.0,0,821,-5.0137,-3.1254,-2.1158
momentum,16,fixed,1.0,0,822,0.6830,-1.8086,1.5804
momentum,16,fixed,1.0,0,823,-2.4035,-3.4281,-1.3770
momentum,16,fixed,1.0,0,824,2.8729,3.3503,1.6536
momentum,16,fixed,1.0,0,825,6.2552,-6.1145,2.6671
momentum,16,fixed,1.0,0,826,6.7465,-1.7152,4.8739
momentum,16,fixed,1.0,0,827,-7.6141,1.6651,-4.0740
momentum,16,fixed,1.0,0,828,-7.1700,-7.5088,-3.0294
momentum,16,fixed,1.0,0,829,3.2497,3.9501,-0.2060
momentum,16,fixed,1.0,0,830,-1.8263,-1.5590,0.0751
momentum,16,fixed,1.0,0,831,-7.2572,10.4732,-2.5140
momentum,16,fixed,1.0,0,832,-1.1690,0.8308,-0.3193
momentum,16,fixed,1.0,0,833,-9.8476,1.5578,-3.1928
momentum,16,fixed,1.0,0,834,2.6202,-1.1157,0.6971
momentum,16,fixed,1.0,0,835,-5.8440,-6.6037,-2.5556
momentum,16,fixed,1.0,0,836,-3.6147,11.1379,-0.7963
momentum,16,fixed,1.0,0,837,-1.5017,2.2776,1.2227
momentum,16,fixed,1.0,0,838,1.4002,0.6393,0.0652
momentum,16,fixed,1.0,0,839,0.2157,-9.8978,-0.8018
momentum,16,fixed,1.0,0,840,-1.5309,0.5148,-0.2881
momentum,16,fixed,1.0,0,841,1.7071,2.3313,1.9548
momentum,16,fixed,1.0,0,842,-1.5229,-2.1011,-0.0853
momentum,16,fixed,1.0,0,843,-6.6101,19.9095,1.2601
momentum,16,fixed,1.0,0,844,2.7835,-7.8885,1.8780
momentum,16,fixed,1.0,0,845,-4.6298,-5.4890,-0.5959
momentum,16,fixed,1.0,0,846,-7.1707,2.3469,-1.4189
momentum,16,fixed,1.0,0,847,-14.3577,-20.7617,-4.7862
momentum,16,fixed,1.0,0,848,6.2295,8.3464,3.6796
momentum,16,fixed,1.0,0,849,-6.7600,-7.5271,-0.2360
momentum,16,fixed,1.0,0,850,5.1376,5.7771,1.5336
momentum,16,fixed,1.0,0,851,8.2568,3.3275,2.4742
momentum,16,fixed,1.0,0,852,-3.8254,-2.5739,-1.5076
momentum,16,fixed,1.0,0,853,-1.7363,-1.0508,0.6861
momentum,16,fixed,1.0,0,854,-3.3872,-9.9221,0.6742
momentum,16,fixed,1.0,0,855,-7.9445,-6.2869,-1.9231
momentum,16,fixed,1.0,0,856,8.5439,17.5130,5.2875
momentum,16,fixed,1.0,0,857,1.5981,7.0117,0.8357
momentum,16,fixed,1.0,0,858,-3.0230,5.1381,-2.6492
momentum,16,fixed,1.0,0,859,-0.6132,8.8402,-0.8584
momentum,16,fixed,1.0,0,860,0.0001,-1.0149,0.1374
momentum,16,fixed,1.0,0,861,-9.0392,-1.9127,-2.7004
momentum,16,fixed,1.0,0,862,-4.8436,-9.6970,-1.2458
momentum,16,fixed,1.0,0,863,-4.5649,-6.0952,-1.1261
momentum,16,fixed,1.0,0,864,-1.0434,3.0884,-1.1641
momentum,16,fixed,1.0,0,865,-8.3199,-10.8811,-3.7602
momentum,16,fixed,1.0,0,866,-6.1815,6.9746,-1.8414
momentum,16,fixed,1.0,0,867,-1.2121,-8.1441,-0.9144
momentum,16,fixed,1.0,0,868,-6.8530,1.8007,-2.8350
momentum,16,fixed,1.0,0,869,-2.9566,26.6003,0.6946
momentum,16,fixed,1.0,0,870,-0.7132,-8.8079,0.1370
momentum,16,fixed,1.0,0,871,2.2770,0.0738,0.0366
momentum,16,fixed,1.0,0,872,-1.6736,-1.3281,-0.3468
momentum,16,fixed,1.0,0,873,2.4162,-8.1750,0.9078
momentum,16,fixed,1.0,0,874,-0.3654,22.4010,0.5875
momentum,16,fixed,1.0,0,875,-1.9051,1.5763,-3.1887
momentum,16,fixed,1.0,0,876,6.7420,-0.7496,1.6342
momentum,16,fixed,1.0,0,877,-14.1323,-21.3526,-3.9821
momentum,16,fixed,1.0,0,878,-1.7852,-10.4384,0.5199
momentum,16,fixed,1.0,0,879,4.9858,20.8807,1.6209
momentum,16,fixed,1.0,0,880,-1.6773,-3.0083,0.1892
momentum,16,fixed,1.0,0,881,-6.6434,-5.2299,-3.7907
momentum,16,fixed,1.0,0,882,-2.6034,-3.7509,-0.5812
momentum,16,fixed,1.0,0,883,-2.6241,-9.2891,-1.5495
momentum,16,fixed,1.0,0,884,3.3549,10.2988,0.9686
momentum,16,fixed,1.0,0,885,-3.7688,5.8757,-0.4554
momentum,16,fixed,1.0,0,886,2.9818,-1.8891,1.2902
momentum,16,fixed,1.0,0,887,2.7646,0.7558,0.0188
momentum,16,fixed,1.0,0,888,-5.4576,-2.5592,-0.6207
momentum,16,fixed,1.0,0,889,-8.9189,-2.7746,-2.2875
momentum,16,fixed,1.0,0,890,0.6834,8.6773,1.5947
momentum,16,fixed,1.0,0,891,-1.6260,6.4801,0.0954
momentum,16,fixed,1.0,0,892,-1.3576,-3.4034,0.9276
momentum,16,fixed,1.0,0,893,5.6123,8.7936,0.8229
momentum,16,fixed,1.0,0,894,3.1240,12.9382,0.7046
momentum,16,fixed,1.0,0,895,-4.0000,-9.4536,-0.7837
momentum,16,fixed,1.0,0,896,-3.1193,-1.9481,-0.0872
momentum,16,fixed,1.0,0,897,-6.7189,-3.8498,-1.2452
momentum,16,fixed,1.0,0,898,-4.1326,0.0260,0.5673
momentum,16,fixed,1.0,0,899,-7.0846,-11.6404,-2.0716
momentum,16,fixed,1.0,0,900,8.3066,15.0185,3.7667
momentum,16,fixed,1.0,0,901,-6.5295,-1.8521,-2.4899
momentum,16,fixed,1.0,0,902,2.3774,2.6371,-0.0063
momentum,16,fixed,1.0,0,903,-5.2212,-10.2032,-0.4572
momentum,16,fixed,1.0,0,904,3.3521,13.4762,5.1898
momentum,16,fixed,1.0,0,905,1.3194,0.0901,0.8397
momentum,16,fixed,1.0,0,906,3.4172,2.1628,1.1591
momentum,16,fixed,1.0,0,907,-9.5772,-14.7327,-3.1678
momentum,16,fixed,1.0,0,908,-9.6280,2.0651,-2.8130
momentum,16,fixed,1.0,0,909,5.2924,-7.3844,2.7917
momentum,16,fixed,1.0,0,910,-4.5076,16.9634,-2.0140
momentum,16,fixed,1.0,0,911,-1.9577,-9.1186,-0.0638
momentum,16,fixed,1.0,0,912,-5.2985,-10.6110,-0.9803
momentum,16,fixed,1.0,0,913,3.8390,2.1259,0.9376
momentum,16,fixed,1.0,0,914,5.4308,-3.2253,3.6516
momentum,16,fixed,1.0,0,915,-4.4510,-3.8498,-1.0904
momentum,16,fixed,1.0,0,916,2.4857,-2.3973,2.2971
momentum,16,fixed,1.0,0,917,2.8033,2.6183,0.7185
momentum,16,fixed,1.0,0,918,-6.1623,-9.0380,-1.8758
momentum,16,fixed,1.0,0,919,-3.2437,-6.9283,1.4062
momentum,16,fixed,1.0,0,920,-6.1254,3.8823,-1.4076
momentum,16,fixed,1.0,0,921,1.7944,2.1193,2.1672
momentum,16,fixed,1.0,0,922,-1.7433,9.0650,0.1407
momentum,16,fixed,1.0,0,923,0.3723,0.5951,0.3066
momentum,16,fixed,1.0,0,924,-2.3704,-3.8509,-1.0490
momentum,16,fixed,1.0,0,925,-7.5358,-3.1705,-1.6376
momentum,16,fixed,1.0,0,926,-4.6214,-5.8048,-1.4007
momentum,16,fixed,1.0,0,927,-0.6860,-1.4673,1.4619
momentum,16,fixed,1.0,0,928,-4.2458,0.6616,-1.7837
momentum,16,fixed,1.0,0,929,-10.2021,-2.3915,-4.1013
momentum,16,fixed,1.0,0,930,6.4774,14.2402,0.4455
momentum,16,fixed,1.0,0,931,2.1414,-5.1056,1.6483
momentum,16,fixed,1.0,0,932,-0.5581,0.2082,0.3140
momentum,16,fixed,1.0,0,933,0.4016,4.5468,0.0611
momentum,16,fixed,1.0,0,934,1.6809,7.2479,0.2043
momentum,16,fixed,1.0,0,935,-6.6266,-9.4267,-2.3765
momentum,16,fixed,1.0,0,936,-0.2816,-1.7099,-1.0888
momentum,16,fixed,1.0,0,937,-8.0452,8.4491,-2.5007
momentum,16,fixed,1.0,0,938,-9.0599,-3.1136,-1.0608
momentum,16,fixed,1.0,0,939,0.9230,14.9934,-0.0290
momentum,16,fixed,1.0,0,940,4.7719,9.5376,2.8187
momentum,16,fixed,1.0,0,941,-6.6713,-3.3276,-2.2080
momentum,16,fixed,1.0,0,942,-0.0375,12.0707,3.2362
momentum,16,fixed,1.0,0,943,-4.5991,-1.1877,1.1030
momentum,16,fixed,1.0,0,944,8.7247,8.9864,1.0200
momentum,16,fixed,1.0,0,945,-0.3037,-5.0215,0.4840
momentum,16,fixed,1.0,0,946,4.0577,6.2148,0.6813
momentum,16,fixed,1.0,0,947,-2.8323,-3.1032,-0.3610
momentum,16,fixed,1.0,0,948,3.4014,-5.6352,-0.0221
momentum,16,fixed,1.0,0,949,0.9960,-3.4442,1.8736
momentum,16,fixed,1.0,0,950,-3.7576,-10.8560,-1.9549
momentum,16,fixed,1.0,0,951,-7.1201,14.8494,-1.6297
momentum,16,fixed,1.0,0,952,-6.5118,0.0894,-1.8380
momentum,16,fixed,1.0,0,953,2.9037,-6.9584,3.2156
momentum,16,fixed,1.0,0,954,-2.2488,9.1405,-1.0751
momentum,16,fixed,1.0,0,955,-2.8494,-4.6588,1.2780
momentum,16,fixed,1.0,0,956,-1.1975,-3.5174,-0.6493
momentum,16,fixed,1.0,0,957,-0.3385,-2.4198,-0.1799
momentum,16,fixed,1.0,0,958,6.8587,5.4250,3.2959
momentum,16,fixed,1.0,0,959,-7.1442,-19.2138,-2.5913
momentum,16,fixed,1.0,0,960,-4.2325,15.7617,1.8928
momentum,16,fixed,1.0,0,961,-0.4326,4.5673,-2.0253
momentum,16,fixed,1.0,0,962,3.5637,24.9206,0.3346
momentum,16,fixed,1.0,0,963,5.7266,9.7330,2.3380
momentum,16,fixed,1.0,0,964,-0.8740,-0.2481,-0.1441
momentum,16,fixed,1.0,0,965,6.5053,1.8265,2.3226
momentum,16,fixed,1.0,0,966,5.5850,0.2663,1.9782
momentum,16,fixed,1.0,0,967,0.5630,-3.8943,1.1627
momentum,16,fixed,1.0,0,968,0.4629,-6.0340,-0.6773
momentum,16,fixed,1.0,0,969,2.0866,13.3342,0.1897
momentum,16,fixed,1.0,0,970,-6.1918,2.8743,-2.8883
momentum,16,fixed,1.0,0,971,-1.7338,28.7967,-0.7349
momentum,16,fixed,1.0,0,972,-2.0597,-1.8436,0.4770
momentum,16,fixed,1.0,0,973,-1.7392,3.7199,0.8174
momentum,16,fixed,1.0,0,974,1.0671,1.0820,0.6227
momentum,16,fixed,1.0,0,975,-2.1875,12.7536,-2.3552
momentum,16,fixed,1.0,0,976,9.4844,7.6679,3.3265
momentum,16,fixed,1.0,0,977,-6.8930,-12.0405,-1.6220
momentum,16,fixed,1.0,0,978,4.8007,12.8297,-1.2759
momentum,16,fixed,1.0,0,979,-1.9030,1.9641,1.5913
momentum,16,fixed,1.0,0,980,-3.9495,-4.6875,-0.2957
momentum,16,fixed,1.0,0,981,-0.1751,-15.2633,-0.3489
momentum,16,fixed,1.0,0,982,-0.1743,-9.1068,0.7589
momentum,16,fixed,1.0,0,983,-3.0506,-1.3158,-0.7516
momentum,16,fixed,1.0,0,984,-0.5372,22.4697,0.0296
momentum,16,fixed,1.0,0,985,-7.0569,-6.4051,-3.1389
momentum,16,fixed,1.0,0,986,9.2599,3.1318,4.1436
momentum,16,fixed,1.0,0,987,-6.6753,-1.3113,-1.7096
momentum,16,fixed,1.0,0,988,-0.5471,6.0933,-0.1409
momentum,16,fixed,1.0,0,989,-3.2791,-3.4308,1.2571
momentum,16,fixed,1.0,0,990,0.1472,5.9315,2.5451
momentum,16,fixed,1.0,0,991,-6.5104,-3.9668,-1.3035
momentum,16,fixed,1.0,0,992,-0.8982,-7.4159,1.1104
momentum,16,fixed,1.0,0,993,-5.8654,-2.9952,-2.5839
momentum,16,fixed,1.0,0,994,-3.5905,13.3005,-1.6217
momentum,16,fixed,1.0,0,995,1.9319,6.9704,0.2559
momentum,16,fixed,1.0,0,996,1.6967,24.1640,-3.0874
momentum,16,fixed,1.0,0,997,4.4314,-6.0183,1.8742
momentum,16,fixed,1.0,0,998,2.0985,-6.0488,-2.1361
momentum,16,fixed,1.0,0,999,-3.1570,-1.8830,-1.2665
momentum,16,fixed,1.0,0,1000,1.5537,11.1536,-0.4709
informed,16,fixed,1.0,0,1,-2.3778,27.3486,-2.2446
informed,16,fixed,1.0,0,2,8.5977,36.7362,3.0431
informed,16,fixed,1.0,0,3,-9.3375,24.2124,-3.0960
informed,16,fixed,1.0,0,4,-1.8695,32.7139,-0.6610
informed,16,fixed,1.0,0,5,-4.7167,14.4556,-3.5481
informed,16,fixed,1.0,0,6,1.9663,29.5831,-1.3314
informed,16,fixed,1.0,0,7,7.4809,27.6476,2.2273
informed,16,fixed,1.0,0,8,-5.4968,6.7260,-1.5681
informed,16,fixed,1.0,0,9,-1.8197,22.5861,-0.8411
informed,16,fixed,1.0,0,10,2.0744,15.5936,-0.3663
informed,16,fixed,1.0,0,11,-0.4297,22.0215,-2.1366
informed,16,fixed,1.0,0,12,8.4074,23.2927,2.7098
informed,16,fixed,1.0,0,13,1.9382,34.5175,1.7211
informed,16,fixed,1.0,0,14,-9.4511,16.0266,-3.4571
informed,16,fixed,1.0,0,15,-2.2281,11.8909,-1.7531
informed,16,fixed,1.0,0,16,3.6649,55.8170,-0.3317
informed,16,fixed,1.0,0,17,-4.4989,9.1840,-3.4938
informed,16,fixed,1.0,0,18,-1.1667,20.1441,-2.6368
informed,16,fixed,1.0,0,19,-2.6117,14.5058,-2.0944
informed,16,fixed,1.0,0,20,-5.6995,17.0591,-1.6215
informed,16,fixed,1.0,0,21,0.3293,8.8710,-0.8345
informed,16,fixed,1.0,0,22,-7.0804,15.8165,-4.2848
informed,16,fixed,1.0,0,23,-6.1871,39.0030,-1.8573
informed,16,fixed,1.0,0,24,-5.0228,8.3868,-0.9270
informed,16,fixed,1.0,0,25,-0.4541,15.8296,-1.0613
informed,16,fixed,1.0,0,26,5.7641,14.4643,-0.2894
informed,16,fixed,1.0,0,27,-1.7727,17.1050,-1.2971
informed,16,fixed,1.0,0,28,7.2963,38.1609,1.6391
informed,16,fixed,1.0,0,29,0.5234,15.0590,-2.4465
informed,16,fixed,1.0,0,30,2.5122,21.1947,1.8184
informed,16,fixed,1.0,0,31,-5.8194,36.0707,-2.6304
informed,16,fixed,1.0,0,32,-8.8006,18.3747,-3.8511
informed,16,fixed,1.0,0,33,6.4863,41.0547,3.7748
informed,16,fixed,1.0,0,34,-1.1091,14.7690,-2.4851
informed,16,fixed,1.0,0,35,2.6406,12.3026,-1.5313
informed,16,fixed,1.0,0,36,-1.2549,27.6432,-3.0443
informed,16,fixed,1.0,0,37,1.1493,25.4335,1.5112
informed,16,fixed,1.0,0,38,6.8396,20.0686,2.1093
informed,16,fixed,1.0,0,39,5.6112,27.8142,2.3032
informed,16,fixed,1.0,0,40,-6.7423,20.1009,-2.9294
informed,16,fixed,1.0,0,41,3.0463,32.0820,-0.2235
informed,16,fixed,1.0,0,42,-9.4095,44.7965,-2.3166
informed,16,fixed,1.0,0,43,3.9252,33.5337,1.2765
informed,16,fixed,1.0,0,44,4.8755,30.4313,-0.0793
informed,16,fixed,1.0,0,45,-1.0640,20.1613,-2.4170
informed,16,fixed,1.0,0,46,-4.4568,12.0583,-2.9026
informed,16,fixed,1.0,0,47,-1.9974,31.2172,-3.3039
informed,16,fixed,1.0,0,48,3.5216,9.9565,0.5765
informed,16,fixed,1.0,0,49,4.8306,17.4176,1.2324
informed,16,fixed,1.0,0,50,-1.8554,43.3231,-2.8939
informed,16,fixed,1.0,0,51,4.1319,25.2013,-1.0057
informed,16,fixed,1.0,0,52,5.0845,26.4108,1.7146
informed,16,fixed,1.0,0,53,0.7790,15.0050,-1.1419
informed,16,fixed,1.0,0,54,-3.1807,21.2365,-2.6659
informed,16,fixed,1.0,0,55,2.3291,14.6161,0.2942
informed,16,fixed,1.0,0,56,2.4658,21.0059,1.9946
informed,16,fixed,1.0,0,57,8.0637,43.9843,0.4286
informed,16,fixed,1.0,0,58,-1.1187,27.4766,-1.6455
informed,16,fixed,1.0,0,59,5.5233,13.8412,-1.1428
informed,16,fixed,1.0,0,60,-1.4297,16.9576,1.1695
informed,16,fixed,1.0,0,61,4.4298,24.1958,1.3795
informed,16,fixed,1.0,0,62,-1.7874,18.6678,-0.9803
informed,16,fixed,1.0,0,63,1.8420,12.3994,-0.4534
informed,16,fixed,1.0,0,64,-2.6996,29.8573,-2.8204
informed,16,fixed,1.0,0,65,2.4062,25.0636,1.5279
informed,16,fixed,1.0,0,66,1.6933,23.7997,-3.0883
informed,16,fixed,1.0,0,67,-7.0559,30.0573,-3.9783
informed,16,fixed,1.0,0,68,-4.5506,11.7014,-3.0239
informed,16,fixed,1.0,0,69,1.4722,21.7580,1.2977
informed,16,fixed,1.0,0,70,8.8618,28.1990,1.8140
informed,16,fixed,1.0,0,71,4.1015,14.9159,2.9624
informed,16,fixed,1.0,0,72,-3.6376,46.5989,-1.0955
informed,16,fixed,1.0,0,73,-6.8176,22.9833,-2.1229
informed,16,fixed,1.0,0,74,-7.2274,22.1748,-3.8339
informed,16,fixed,1.0,0,75,4.1608,16.1477,-0.2859
informed,16,fixed,1.0,0,76,-3.4424,21.1457,-2.7510
informed,16,fixed,1.0,0,77,2.3828,41.0753,0.9663
informed,16,fixed,1.0,0,78,3.2966,26.6214,-0.1597
informed,16,fixed,1.0,0,79,-9.8166,22.9853,-3.6948
informed,16,fixed,1.0,0,80,-2.0691,16.2260,-2.9065
informed,16,fixed,1.0,0,81,-2.7859,17.0031,-1.5155
informed,16,fixed,1.0,0,82,1.2952,42.9643,2.1878
informed,16,fixed,1.0,0,83,0.8936,21.6057,0.3798
informed,16,fixed,1.0,0,84,5.5928,20.5654,0.6554
informed,16,fixed,1.0,0,85,5.5095,22.0102,-0.1878
informed,16,fixed,1.0,0,86,0.9046,20.8253,0.6346
informed,16,fixed,1.0,0,87,-5.8745,22.0844,-3.7502
informed,16,fixed,1.0,0,88,-4.5893,14.6252,-1.7421
informed,16,fixed,1.0,0,89,5.8556,30.7919,0.6367
informed,16,fixed,1.0,0,90,0.3090,8.6545,0.1109
informed,16,fixed,1.0,0,91,2.9393,32.4165,0.0645
informed,16,fixed,1.0,0,92,-3.7447,28.5484,-3.1539
informed,16,fixed,1.0,0,93,-0.3762,25.4708,1.1409
informed,16,fixed,1.0,0,94,-5.9983,23.9968,-2.6166
informed,16,fixed,1.0,0,95,2.7831,23.3160,-1.8575
informed,16,fixed,1.0,0,96,-0.4133,10.0982,-2.3932
informed,16,fixed,1.0,0,97,-10.7742,39.6066,-5.9925
informed,16,fixed,1.0,0,98,-9.3553,19.2321,-3.8818
informed,16,fixed,1.0,0,99,4.2573,33.5859,2.0873
informed,16,fixed,1.0,0,100,4.7716,23.0727,-0.1299
informed,16,fixed,1.0,0,101,0.7532,24.6863,0.0513
informed,16,fixed,1.0,0,102,0.0286,36.1677,-0.9860
informed,16,fixed,1.0,0,103,-7.3047,31.3195,-1.4446
informed,16,fixed,1.0,0,104,-3.1711,8.8356,-1.5384
informed,16,fixed,1.0,0,105,6.3692,26.7831,0.0235
informed,16,fixed,1.0,0,106,-4.6949,38.3279,-1.5051
informed,16,fixed,1.0,0,107,-2.0468,16.0762,-2.7152
informed,16,fixed,1.0,0,108,-0.3213,42.7841,-0.0787
informed,16,fixed,1.0,0,109,1.1712,33.4492,-2.7265
informed,16,fixed,1.0,0,110,3.2616,39.4160,1.2530
informed,16,fixed,1.0,0,111,-1.9930,31.0072,-1.1053
informed,16,fixed,1.0,0,112,-1.9622,25.9250,-2.2130
informed,16,fixed,1.0,0,113,-3.5241,8.1097,-4.0743
informed,16,fixed,1.0,0,114,-5.0737,27.2099,-0.9757
informed,16,fixed,1.0,0,115,-1.6754,44.0440,-0.6402
informed,16,fixed,1.0,0,116,-1.0865,23.3730,-3.2127
informed,16,fixed,1.0,0,117,0.8294,17.5625,-0.7415
informed,16,fixed,1.0,0,118,4.3142,32.9484,-1.3211
informed,16,fixed,1.0,0,119,-1.8020,24.4838,-1.1384
informed,16,fixed,1.0,0,120,-0.7748,24.6044,-2.2971
informed,16,fixed,1.0,0,121,7.3929,21.8749,0.6609
informed,16,fixed,1.0,0,122,-4.0257,36.2507,-1.6942
informed,16,fixed,1.0,0,123,3.3067,56.0017,0.7255
informed,16,fixed,1.0,0,124,3.3604,28.4258,0.3449
informed,16,fixed,1.0,0,125,0.0703,15.6543,-0.6988
informed,16,fixed,1.0,0,126,7.7189,25.0903,0.7682
informed,16,fixed,1.0,0,127,9.0769,21.7202,0.9811
informed,16,fixed,1.0,0,128,-2.6136,23.4680,-1.2483
informed,16,fixed,1.0,0,129,0.8832,17.6694,1.6187
informed,16,fixed,1.0,0,130,7.1719,22.0868,1.2039
informed,16,fixed,1.0,0,131,-1.1154,32.0226,0.0938
informed,16,fixed,1.0,0,132,1.9851,49.5173,-0.8793
informed,16,fixed,1.0,0,133,2.3910,25.0338,1.0627
informed,16,fixed,1.0,0,134,10.1448,39.4028,3.2944
informed,16,fixed,1.0,0,135,2.7654,35.7497,-0.2986
informed,16,fixed,1.0,0,136,2.9892,18.6830,1.8376
informed,16,fixed,1.0,0,137,0.9580,54.3638,-3.5263
informed,16,fixed,1.0,0,138,2.5627,25.3457,0.1611
informed,16,fixed,1.0,0,139,5.5815,44.1290,-0.7942
informed,16,fixed,1.0,0,140,-3.9258,19.2325,-3.4211
informed,16,fixed,1.0,0,141,3.1992,36.2664,0.0853
informed,16,fixed,1.0,0,142,-5.9564,8.9431,-3.0451
informed,16,fixed,1.0,0,143,-2.5863,36.3196,-2.5221
informed,16,fixed,1.0,0,144,-1.4695,10.2602,-2.3599
informed,16,fixed,1.0,0,145,-3.3021,29.3575,-3.5443
informed,16,fixed,1.0,0,146,5.8220,35.9599,0.1307
informed,16,fixed,1.0,0,147,2.1759,15.2186,0.9211
informed,16,fixed,1.0,0,148,-2.4679,19.8509,-1.8093
informed,16,fixed,1.0,0,149,0.7077,32.4805,0.3485
informed,16,fixed,1.0,0,150,-3.6510,17.3637,-3.0381
informed,16,fixed,1.0,0,151,-5.3978,15.4101,-1.7074
informed,16,fixed,1.0,0,152,-5.0489,19.7273,-2.0949
informed,16,fixed,1.0,0,153,5.1728,21.2655,-1.1267
informed,16,fixed,1.0,0,154,-6.7246,46.8095,-2.0368
informed,16,fixed,1.0,0,155,2.1595,23.9495,-0.5996
informed,16,fixed,1.0,0,156,-4.5617,13.3232,-3.7446
informed,16,fixed,1.0,0,157,1.6904,12.2891,-1.9080
informed,16,fixed,1.0,0,158,0.5902,20.2725,-1.6077
informed,16,fixed,1.0,0,159,-17.7767,15.4891,-6.1242
informed,16,fixed,1.0,0,160,-7.2725,7.8510,-1.8277
informed,16,fixed,1.0,0,161,0.9188,55.7114,0.1702
informed,16,fixed,1.0,0,162,5.8153,51.5096,-1.0428
informed,16,fixed,1.0,0,163,-2.3933,22.4369,-2.6220
informed,16,fixed,1.0,0,164,-1.9355,42.6313,0.1544
informed,16,fixed,1.0,0,165,-4.4170,14.6780,-3.3408
informed,16,fixed,1.0,0,166,4.2844,18.5671,1.7167
informed,16,fixed,1.0,0,167,2.3222,38.0722,-1.7099
informed,16,fixed,1.0,0,168,7.1188,33.1150,-0.3628
informed,16,fixed,1.0,0,169,2.3516,29.9821,-0.9232
informed,16,fixed,1.0,0,170,3.4984,19.1732,-0.1019
informed,16,fixed,1.0,0,171,-1.1737,8.1147,-2.4827
informed,16,fixed,1.0,0,172,3.0519,23.8431,2.1337
informed,16,fixed,1.0,0,173,4.9477,45.3241,-0.9421
informed,16,fixed,1.0,0,174,-1.0108,26.3653,-2.3335
informed,16,fixed,1.0,0,175,-0.3755,38.1533,-0.8337
informed,16,fixed,1.0,0,176,-0.9315,22.0029,-3.2672
informed,16,fixed,1.0,0,177,0.8101,41.3307,-2.4587
informed,16,fixed,1.0,0,178,0.1414,16.1401,-0.5068
informed,16,fixed,1.0,0,179,0.8783,16.6125,-0.8001
informed,16,fixed,1.0,0,180,1.8680,34.1741,-0.7903
informed,16,fixed,1.0,0,181,-2.4050,27.6348,0.1672
informed,16,fixed,1.0,0,182,3.1030,36.7524,0.8130
informed,16,fixed,1.0,0,183,7.5533,18.8780,3.5037
informed,16,fixed,1.0,0,184,3.4086,18.5048,-0.0437
informed,16,fixed,1.0,0,185,-1.5771,24.4774,-0.9613
informed,16,fixed,1.0,0,186,-2.4540,10.1987,-1.8047
informed,16,fixed,1.0,0,187,0.3577,29.3200,-1.9835
informed,16,fixed,1.0,0,188,2.1629,34.8125,-2.2605
informed,16,fixed,1.0,0,189,0.6558,39.5889,0.2138
informed,16,fixed,1.0,0,190,2.9840,23.7047,-0.0460
informed,16,fixed,1.0,0,191,4.1863,29.3304,0.8812
informed,16,fixed,1.0,0,192,0.0405,5.9225,-1.5680
informed,16,fixed,1.0,0,193,1.6212,23.4540,-0.3869
informed,16,fixed,1.0,0,194,-4.6517,19.7183,-1.5973
informed,16,fixed,1.0,0,195,6.7386,21.0070,1.7303
informed,16,fixed,1.0,0,196,10.7336,27.7452,4.3745
informed,16,fixed,1.0,0,197,-2.2964,16.4077,-2.9756
informed,16,fixed,1.0,0,198,6.0429,16.2462,1.2821
informed,16,fixed,1.0,0,199,-4.1633,13.8603,-2.5496
informed,16,fixed,1.0,0,200,-0.7451,22.2958,-1.5977
informed,16,fixed,1.0,0,201,1.3715,35.9297,-1.3114
informed,16,fixed,1.0,0,202,4.1211,24.5573,0.7322
informed,16,fixed,1.0,0,203,4.4055,21.2684,-0.0195
informed,16,fixed,1.0,0,204,-1.1810,7.4948,-1.7060
informed,16,fixed,1.0,0,205,-7.4760,15.7241,-2.4037
informed,16,fixed,1.0,0,206,-1.3023,20.2749,-1.4672
informed,16,fixed,1.0,0,207,11.7802,33.5526,2.8345
informed,16,fixed,1.0,0,208,-4.8705,15.4672,-3.4962
informed,16,fixed,1.0,0,209,-19.3870,7.2414,-5.8536
informed,16,fixed,1.0,0,210,-12.2643,16.6007,-5.6131
informed,16,fixed,1.0,0,211,5.2751,11.6390,-0.1097
informed,16,fixed,1.0,0,212,5.3123,27.1785,1.1444
informed,16,fixed,1.0,0,213,0.5418,24.7669,-1.5863
informed,16,fixed,1.0,0,214,-1.7213,33.5665,-1.0965
informed,16,fixed,1.0,0,215,-2.0238,11.9094,-0.3642
informed,16,fixed,1.0,0,216,-0.8678,40.0101,-1.0935
informed,16,fixed,1.0,0,217,4.2971,38.3613,-1.2805
informed,16,fixed,1.0,0,218,-1.6240,19.2885,-1.4452
informed,16,fixed,1.0,0,219,2.4409,12.0791,-0.4714
informed,16,fixed,1.0,0,220,-2.4386,17.0186,-2.6425
informed,16,fixed,1.0,0,221,-2.2410,39.6242,-1.2467
informed,16,fixed,1.0,0,222,5.2586,12.2992,0.8061
informed,16,fixed,1.0,0,223,-1.8817,21.3210,-3.2947
informed,16,fixed,1.0,0,224,6.3647,29.2273,1.3583
informed,16,fixed,1.0,0,225,4.9870,17.1345,0.0791
informed,16,fixed,1.0,0,226,-3.9395,9.4477,-1.6751
informed,16,fixed,1.0,0,227,3.2211,14.7364,-0.3257
informed,16,fixed,1.0,0,228,5.0011,38.3275,1.7463
informed,16,fixed,1.0,0,229,0.4438,21.4070,-0.5502
informed,16,fixed,1.0,0,230,-1.9185,21.0559,-1.4839
informed,16,fixed,1.0,0,231,4.4246,17.7213,0.3990
informed,16,fixed,1.0,0,232,-2.7795,16.9834,-3.6192
informed,16,fixed,1.0,0,233,3.5390,23.6222,-1.9687
informed,16,fixed,1.0,0,234,-6.9297,3.8848,-3.2122
informed,16,fixed,1.0,0,235,-1.0583,31.0049,0.1169
informed,16,fixed,1.0,0,236,-9.3080,26.4785,-4.0166
informed,16,fixed,1.0,0,237,4.4178,27.3969,0.9352
informed,16,fixed,1.0,0,238,3.2461,20.0390,-0.1099
informed,16,fixed,1.0,0,239,-1.5452,25.3888,-0.4681
informed,16,fixed,1.0,0,240,1.1481,20.2943,-1.7298
informed,16,fixed,1.0,0,241,-2.1624,20.3709,-3.2276
informed,16,fixed,1.0,0,242,6.5065,24.9285,-0.6068
informed,16,fixed,1.0,0,243,4.2994,30.8488,0.2606
informed,16,fixed,1.0,0,244,3.6365,27.3135,1.5849
informed,16,fixed,1.0,0,245,-1.4598,31.0353,-2.8122
informed,16,fixed,1.0,0,246,5.8344,25.7395,1.7514
informed,16,fixed,1.0,0,247,-0.5115,20.6171,-0.0231
informed,16,fixed,1.0,0,248,-8.2882,-6.9075,-2.7700
informed,16,fixed,1.0,0,249,3.0619,21.2803,-0.5083
informed,16,fixed,1.0,0,250,7.1489,31.7466,0.9299
informed,16,fixed,1.0,0,251,2.9313,43.1142,0.4068
informed,16,fixed,1.0,0,252,-5.7527,14.0608,-2.1071
informed,16,fixed,1.0,0,253,-0.8396,11.9234,-0.7476
informed,16,fixed,1.0,0,254,-7.2721,9.9396,-3.3708
informed,16,fixed,1.0,0,255,2.9286,23.6525,-1.7139
informed,16,fixed,1.0,0,256,5.5997,38.6959,0.7243
informed,16,fixed,1.0,0,257,-3.8894,25.5829,-2.9350
informed,16,fixed,1.0,0,258,-1.4852,14.1149,-0.4357
informed,16,fixed,1.0,0,259,-10.0946,30.3229,-4.0186
informed,16,fixed,1.0,0,260,1.2529,26.6949,0.2710
informed,16,fixed,1.0,0,261,3.3314,19.4008,-0.9066
informed,16,fixed,1.0,0,262,-3.3155,10.5512,-2.4846
informed,16,fixed,1.0,0,263,-6.3297,10.7963,-3.7887
informed,16,fixed,1.0,0,264,3.1185,16.5911,-1.0292
informed,16,fixed,1.0,0,265,-9.0132,13.7587,-5.4138
informed,16,fixed,1.0,0,266,-6.3576,15.1705,-2.6569
informed,16,fixed,1.0,0,267,1.0238,39.7166,-0.4965
informed,16,fixed,1.0,0,268,-4.0314,20.2703,-4.2867
informed,16,fixed,1.0,0,269,-1.2251,12.3410,-2.5265
informed,16,fixed,1.0,0,270,1.4247,28.2615,-1.6283
informed,16,fixed,1.0,0,271,-5.2131,35.6462,-3.2792
informed,16,fixed,1.0,0,272,5.2677,18.4799,2.2103
informed,16,fixed,1.0,0,273,3.1669,40.8166,1.8329
informed,16,fixed,1.0,0,274,-4.8827,20.2082,-2.4237
informed,16,fixed,1.0,0,275,-0.9980,14.7378,-1.0837
informed,16,fixed,1.0,0,276,-0.7364,37.5056,1.7682
informed,16,fixed,1.0,0,277,7.4580,31.9833,1.5445
informed,16,fixed,1.0,0,278,-1.9504,26.0632,-0.5187
informed,16,fixed,1.0,0,279,-0.0641,21.2487,-2.0961
informed,16,fixed,1.0,0,280,-2.8015,14.3006,-1.4424
informed,16,fixed,1.0,0,281,4.0520,12.7747,0.5717
informed,16,fixed,1.0,0,282,-2.8952,13.5434,-3.1359
informed,16,fixed,1.0,0,283,-1.2687,18.9436,-2.9148
informed,16,fixed,1.0,0,284,-14.3221,45.4578,-3.5123
informed,16,fixed,1.0,0,285,-1.7527,8.8500,-2.3113
informed,16,fixed,1.0,0,286,-3.3848,21.2924,-2.3742
informed,16,fixed,1.0,0,287,3.0162,28.6616,-1.8744
informed,16,fixed,1.0,0,288,3.6950,28.1636,-0.0449
informed,16,fixed,1.0,0,289,-0.1789,21.1949,0.4997
informed,16,fixed,1.0,0,290,-1.0995,28.3679,-1.2445
informed,16,fixed,1.0,0,291,-5.2891,18.6386,-4.3537
informed,16,fixed,1.0,0,292,-7.0623,14.9592,-4.4057
informed,16,fixed,1.0,0,293,-12.4542,0.0779,-4.3985
informed,16,fixed,1.0,0,294,5.0047,33.7608,-1.4063
informed,16,fixed,1.0,0,295,0.4038,23.2749,-1.9283
informed,16,fixed,1.0,0,296,4.1611,30.9597,0.1435
informed,16,fixed,1.0,0,297,7.8899,32.7741,2.0717
informed,16,fixed,1.0,0,298,2.6442,43.9113,1.0010
informed,16,fixed,1.0,0,299,1.3605,16.9194,-0.8202
informed,16,fixed,1.0,0,300,-3.1967,12.6111,-1.3189
informed,16,fixed,1.0,0,301,-2.9685,14.8277,-1.8832
informed,16,fixed,1.0,0,302,-1.6829,37.7328,0.1702
informed,16,fixed,1.0,0,303,4.0569,42.9933,0.1508
informed,16,fixed,1.0,0,304,8.3890,29.3716,2.5940
informed,16,fixed,1.0,0,305,2.4447,12.9646,-1.4354
informed,16,fixed,1.0,0,306,-5.8795,48.3656,-6.1455
informed,16,fixed,1.0,0,307,-0.0875,22.4212,-3.3074
informed,16,fixed,1.0,0,308,5.7352,7.0550,0.5252
informed,16,fixed,1.0,0,309,-1.4310,40.8390,-0.7156
informed,16,fixed,1.0,0,310,3.3507,29.0807,-0.6200
informed,16,fixed,1.0,0,311,-3.7892,23.3994,-2.3844
informed,16,fixed,1.0,0,312,-3.6904,34.9869,-0.9759
informed,16,fixed,1.0,0,313,-2.3589,13.5433,-1.3528
informed,16,fixed,1.0,0,314,-4.0183,52.4920,-1.7598
informed,16,fixed,1.0,0,315,5.0044,17.6919,0.4719
informed,16,fixed,1.0,0,316,-2.2053,40.6542,-2.6060
informed,16,fixed,1.0,0,317,-2.3021,17.5566,-3.8106
informed,16,fixed,1.0,0,318,6.4294,43.2250,4.3276
informed,16,fixed,1.0,0,319,-10.2732,24.5922,-2.2253
informed,16,fixed,1.0,0,320,6.9599,21.3271,-0.7143
informed,16,fixed,1.0,0,321,2.1636,43.2478,-0.2013
informed,16,fixed,1.0,0,322,6.4460,17.9492,0.7417
informed,16,fixed,1.0,0,323,5.5831,49.3336,-2.1794
informed,16,fixed,1.0,0,324,6.2731,14.3160,0.9768
informed,16,fixed,1.0,0,325,-1.9666,9.1983,-1.0462
informed,16,fixed,1.0,0,326,-2.6023,34.6554,-1.0812
informed,16,fixed,1.0,0,327,4.2108,11.5521,1.7603
informed,16,fixed,1.0,0,328,4.0269,2.9018,-0.0060
informed,16,fixed,1.0,0,329,-0.3111,20.6909,-1.0858
informed,16,fixed,1.0,0,330,-5.6041,12.8772,-3.3877
informed,16,fixed,1.0,0,331,6.7199,63.8257,2.2719
informed,16,fixed,1.0,0,332,1.6696,36.6609,-0.8538
informed,16,fixed,1.0,0,333,-7.9620,24.6353,-3.9182
informed,16,fixed,1.0,0,334,1.2862,13.2515,1.4005
informed,16,fixed,1.0,0,335,7.0010,36.3187,2.2184
informed,16,fixed,1.0,0,336,-3.3707,14.6670,-1.1481
informed,16,fixed,1.0,0,337,-1.8075,18.5838,-4.4192
informed,16,fixed,1.0,0,338,-6.2101,17.8985,-4.0037
informed,16,fixed,1.0,0,339,6.4242,27.2765,1.5476
informed,16,fixed,1.0,0,340,-0.5664,12.4126,0.0164
informed,16,fixed,1.0,0,341,6.9179,27.8016,-0.1730
informed,16,fixed,1.0,0,342,-1.1694,4.8416,-0.9930
informed,16,fixed,1.0,0,343,-3.4075,28.3667,-2.2861
informed,16,fixed,1.0,0,344,1.1184,25.3998,-0.0752
informed,16,fixed,1.0,0,345,3.9499,15.8295,0.3880
informed,16,fixed,1.0,0,346,4.9910,40.0012,1.9255
informed,16,fixed,1.0,0,347,-12.1649,3.4343,-5.7105
informed,16,fixed,1.0,0,348,-9.2339,9.3100,-3.7204
informed,16,fixed,1.0,0,349,2.0449,20.0777,0.0262
informed,16,fixed,1.0,0,350,8.1770,30.7372,1.1232
informed,16,fixed,1.0,0,351,-4.9969,8.5962,-1.8809
informed,16,fixed,1.0,0,352,-0.4068,18.5754,-2.3689
informed,16,fixed,1.0,0,353,1.1237,38.2885,-1.8465
informed,16,fixed,1.0,0,354,-2.4104,38.8141,-1.0089
informed,16,fixed,1.0,0,355,4.5383,42.9958,0.8773
informed,16,fixed,1.0,0,356,7.2408,24.5217,1.3318
informed,16,fixed,1.0,0,357,-1.1639,30.2842,-1.7540
informed,16,fixed,1.0,0,358,2.2168,34.4522,-1.5416
informed,16,fixed,1.0,0,359,-2.3855,16.0583,-1.4215
informed,16,fixed,1.0,0,360,-2.9082,27.5443,0.4066
informed,16,fixed,1.0,0,361,3.3201,20.4598,-0.2745
informed,16,fixed,1.0,0,362,-7.1984,18.0042,-5.4092
informed,16,fixed,1.0,0,363,0.4718,32.9021,0.0639
informed,16,fixed,1.0,0,364,5.0596,20.5960,3.0074
informed,16,fixed,1.0,0,365,-2.5563,25.8365,-3.5912
informed,16,fixed,1.0,0,366,-1.6657,14.4986,-0.4177
informed,16,fixed,1.0,0,367,10.7688,52.5958,3.6030
informed,16,fixed,1.0,0,368,0.5316,30.0731,-1.5162
informed,16,fixed,1.0,0,369,-0.9594,17.4200,-1.1261
informed,16,fixed,1.0,0,370,-2.5272,23.0864,-2.6998
informed,16,fixed,1.0,0,371,3.5257,28.6077,-0.4140
informed,16,fixed,1.0,0,372,-1.0071,24.4164,-1.9164
informed,16,fixed,1.0,0,373,-9.8918,16.1546,-4.6433
informed,16,fixed,1.0,0,374,5.0028,20.3535,0.0261
informed,16,fixed,1.0,0,375,-6.2130,17.3430,-2.5502
informed,16,fixed,1.0,0,376,-9.9246,25.7615,-6.7916
informed,16,fixed,1.0,0,377,-2.5047,15.9903,-1.2013
informed,16,fixed,1.0,0,378,1.7971,70.7424,-1.6827
informed,16,fixed,1.0,0,379,0.8817,54.9352,-0.0221
informed,16,fixed,1.0,0,380,3.6457,35.6460,-2.0479
informed,16,fixed,1.0,0,381,-1.7790,22.5019,-0.8171
informed,16,fixed,1.0,0,382,-4.9244,27.2977,-1.5982
informed,16,fixed,1.0,0,383,2.4061,22.2279,-1.2103
informed,16,fixed,1.0,0,384,8.0215,43.5598,0.3018
informed,16,fixed,1.0,0,385,2.1446,11.0587,-0.2057
informed,16,fixed,1.0,0,386,-6.7692,23.1785,-4.1164
informed,16,fixed,1.0,0,387,-4.9902,14.1652,-2.2900
informed,16,fixed,1.0,0,388,-12.5063,21.8525,-5.2171
informed,16,fixed,1.0,0,389,-8.5411,23.4826,-2.9226
informed,16,fixed,1.0,0,390,-6.0665,45.0033,-3.6884
informed,16,fixed,1.0,0,391,5.7187,22.5739,1.8106
informed,16,fixed,1.0,0,392,-3.1452,26.2311,-1.3793
informed,16,fixed,1.0,0,393,-0.4215,19.5410,-0.0496
informed,16,fixed,1.0,0,394,-7.0567,29.9203,-3.0329
informed,16,fixed,1.0,0,395,-6.8656,15.9576,-3.8427
informed,16,fixed,1.0,0,396,-12.8447,6.7793,-4.6802
informed,16,fixed,1.0,0,397,6.3423,19.1614,1.2566
informed,16,fixed,1.0,0,398,0.5345,20.3927,-0.5956
informed,16,fixed,1.0,0,399,1.2400,9.2772,0.0093
informed,16,fixed,1.0,0,400,-2.3289,32.8868,-5.0450
informed,16,fixed,1.0,0,401,-5.0018,17.1739,-3.6598
informed,16,fixed,1.0,0,402,-1.4951,12.5377,-3.3327
informed,16,fixed,1.0,0,403,-0.7551,18.8039,-2.5604
informed,16,fixed,1.0,0,404,-4.9871,50.4126,-2.4975
informed,16,fixed,1.0,0,405,-2.1981,21.0586,-2.9668
informed,16,fixed,1.0,0,406,2.0217,24.5498,-0.1918
informed,16,fixed,1.0,0,407,2.0360,12.8746,-0.2950
informed,16,fixed,1.0,0,408,-3.3309,24.3817,-1.9841
informed,16,fixed,1.0,0,409,1.5201,20.6027,0.1342
informed,16,fixed,1.0,0,410,-5.8072,26.1270,-3.2953
informed,16,fixed,1.0,0,411,4.7122,21.7223,0.4368
informed,16,fixed,1.0,0,412,1.4953,21.1424,-0.8750
informed,16,fixed,1.0,0,413,-4.2893,10.8415,-0.5115
informed,16,fixed,1.0,0,414,-5.7335,12.4693,-1.6508
informed,16,fixed,1.0,0,415,5.5669,40.5704,-0.5608
informed,16,fixed,1.0,0,416,1.2134,35.4906,-1.4228
informed,16,fixed,1.0,0,417,1.7455,25.9377,-1.2639
informed,16,fixed,1.0,0,418,-1.5930,13.0047,-2.1426
informed,16,fixed,1.0,0,419,7.2581,26.1600,2.0922
informed,16,fixed,1.0,0,420,-2.8248,32.4723,-1.2142
informed,16,fixed,1.0,0,421,1.2414,5.6367,-1.8292
informed,16,fixed,1.0,0,422,0.6703,31.4083,-1.2277
informed,16,fixed,1.0,0,423,0.0434,31.7475,0.2157
informed,16,fixed,1.0,0,424,0.8643,11.4260,-1.6140
informed,16,fixed,1.0,0,425,-4.5108,14.5740,-2.9494
informed,16,fixed,1.0,0,426,-0.8167,19.8752,-1.3938
informed,16,fixed,1.0,0,427,5.9941,28.4243,1.5255
informed,16,fixed,1.0,0,428,-14.8063,-2.4705,-5.0728
informed,16,fixed,1.0,0,429,-7.0629,19.6379,-1.5927
informed,16,fixed,1.0,0,430,4.3135,27.3049,0.2910
informed,16,fixed,1.0,0,431,-5.1889,20.8425,-2.9968
informed,16,fixed,1.0,0,432,-2.2076,20.6887,-3.0208
informed,16,fixed,1.0,0,433,-2.4277,6.6559,-0.9340
informed,16,fixed,1.0,0,434,1.7578,29.8088,-0.0060
informed,16,fixed,1.0,0,435,3.4032,22.8148,0.7572
informed,16,fixed,1.0,0,436,-0.8087,16.6280,-2.2741
informed,16,fixed,1.0,0,437,-2.7298,15.0684,0.2367
informed,16,fixed,1.0,0,438,2.6124,36.2418,0.6337
informed,16,fixed,1.0,0,439,-13.3094,51.9252,-3.9453
informed,16,fixed,1.0,0,440,-4.8642,18.1625,-3.5564
informed,16,fixed,1.0,0,441,-3.3428,33.1036,-2.0507
informed,16,fixed,1.0,0,442,-9.1369,16.7099,-5.4068
informed,16,fixed,1.0,0,443,-3.2306,12.3938,-1.6642
informed,16,fixed,1.0,0,444,-1.3676,19.9253,-0.5073
informed,16,fixed,1.0,0,445,3.1828,14.8902,-1.0225
informed,16,fixed,1.0,0,446,-0.1814,22.0108,-3.1062
informed,16,fixed,1.0,0,447,5.3110,26.3667,-0.0554
informed,16,fixed,1.0,0,448,-8.8054,29.9726,-4.6385
informed,16,fixed,1.0,0,449,-3.5099,42.6057,-2.9663
informed,16,fixed,1.0,0,450,-4.8414,8.1656,-1.9724
informed,16,fixed,1.0,0,451,-1.2226,34.0132,-0.5485
informed,16,fixed,1.0,0,452,-2.5324,15.4890,-2.8218
informed,16,fixed,1.0,0,453,-4.0021,15.4315,-1.3243
informed,16,fixed,1.0,0,454,4.7893,35.5071,1.8535
informed,16,fixed,1.0,0,455,-6.7107,12.3467,-4.1829
informed,16,fixed,1.0,0,456,-9.9122,9.4444,-3.9205
informed,16,fixed,1.0,0,457,-0.9089,42.0282,-2.9283
informed,16,fixed,1.0,0,458,0.0198,22.9198,-1.0892
informed,16,fixed,1.0,0,459,-7.1730,31.4366,-1.3718
informed,16,fixed,1.0,0,460,1.3200,21.5403,-2.9166
informed,16,fixed,1.0,0,461,3.1755,15.2877,0.8830
informed,16,fixed,1.0,0,462,-1.3662,25.7605,-0.6614
informed,16,fixed,1.0,0,463,8.5785,25.1291,1.4149
informed,16,fixed,1.0,0,464,-0.1333,18.4466,-3.5408
informed,16,fixed,1.0,0,465,-3.8878,20.0445,-0.4264
informed,16,fixed,1.0,0,466,0.6704,46.2997,-0.9862
informed,16,fixed,1.0,0,467,-1.6828,31.7220,-3.5119
informed,16,fixed,1.0,0,468,-0.0301,12.8816,0.0437
informed,16,fixed,1.0,0,469,0.0731,15.6328,-0.7755
informed,16,fixed,1.0,0,470,-4.4906,22.6797,-2.4901
informed,16,fixed,1.0,0,471,-8.6323,7.0880,-4.2870
informed,16,fixed,1.0,0,472,0.4301,15.1252,0.2345
informed,16,fixed,1.0,0,473,3.9957,23.5005,-1.8048
informed,16,fixed,1.0,0,474,-7.0387,16.7834,-4.9040
informed,16,fixed,1.0,0,475,-7.0527,7.1253,-2.5420
informed,16,fixed,1.0,0,476,-7.4004,14.1939,-4.2732
informed,16,fixed,1.0,0,477,0.7142,18.7857,0.0894
informed,16,fixed,1.0,0,478,3.3826,12.6721,-0.2466
informed,16,fixed,1.0,0,479,3.9745,14.3041,-0.4630
informed,16,fixed,1.0,0,480,-6.6934,15.4804,-2.6378
informed,16,fixed,1.0,0,481,0.0853,22.8341,-1.9576
informed,16,fixed,1.0,0,482,-5.8055,23.9221,-4.8510
informed,16,fixed,1.0,0,483,7.4703,31.1946,1.7422
informed,16,fixed,1.0,0,484,-3.8280,37.2195,-5.1122
informed,16,fixed,1.0,0,485,0.1915,16.6119,-1.1198
informed,16,fixed,1.0,0,486,-7.6793,18.3072,-3.6553
informed,16,fixed,1.0,0,487,1.6344,11.7586,-1.4790
informed,16,fixed,1.0,0,488,2.2278,21.9392,0.0253
informed,16,fixed,1.0,0,489,6.3168,18.0971,2.8168
informed,16,fixed,1.0,0,490,-8.8625,41.2231,-4.4683
informed,16,fixed,1.0,0,491,-2.2166,15.9991,-2.9613
informed,16,fixed,1.0,0,492,-8.0195,24.1000,-3.9861
informed,16,fixed,1.0,0,493,8.0653,42.7197,-0.3351
informed,16,fixed,1.0,0,494,-0.2800,18.6546,-2.7788
informed,16,fixed,1.0,0,495,-7.2310,25.6008,-3.7685
informed,16,fixed,1.0,0,496,3.9254,35.8250,-0.7051
informed,16,fixed,1.0,0,497,-4.6689,20.2068,-0.6725
informed,16,fixed,1.0,0,498,7.1698,20.4800,0.5377
informed,16,fixed,1.0,0,499,-3.7857,18.7021,-2.0816
informed,16,fixed,1.0,0,500,0.3176,13.3597,-0.0166
informed,16,fixed,1.0,0,501,-2.2768,9.2264,-1.9892
informed,16,fixed,1.0,0,502,5.8665,19.5935,1.0999
informed,16,fixed,1.0,0,503,0.8052,8.2551,-1.6018
informed,16,fixed,1.0,0,504,-2.2452,19.6415,-2.5696
informed,16,fixed,1.0,0,505,1.2611,36.3097,2.0148
informed,16,fixed,1.0,0,506,2.0159,22.0110,-1.2747
informed,16,fixed,1.0,0,507,-3.1751,9.5985,-1.3475
informed,16,fixed,1.0,0,508,-17.5604,19.9530,-7.3051
informed,16,fixed,1.0,0,509,3.1106,13.9101,-0.7364
informed,16,fixed,1.0,0,510,1.0891,21.1769,-0.2965
informed,16,fixed,1.0,0,511,-6.8352,27.2263,-3.4720
informed,16,fixed,1.0,0,512,4.1808,24.0662,1.5110
informed,16,fixed,1.0,0,513,6.7112,31.4648,-0.1185
informed,16,fixed,1.0,0,514,4.9446,20.7638,-1.3885
informed,16,fixed,1.0,0,515,5.5254,23.4174,1.3314
informed,16,fixed,1.0,0,516,-3.7124,33.1559,-3.0135
informed,16,fixed,1.0,0,517,-0.7863,38.5993,-2.7930
informed,16,fixed,1.0,0,518,0.8219,31.6662,-0.2316
informed,16,fixed,1.0,0,519,-6.0497,7.4056,-2.6791
informed,16,fixed,1.0,0,520,-7.7898,11.0004,-3.6916
informed,16,fixed,1.0,0,521,-6.0478,22.5927,-4.2194
informed,16,fixed,1.0,0,522,7.8866,31.5158,1.1847
informed,16,fixed,1.0,0,523,-5.8554,25.2544,-2.8764
informed,16,fixed,1.0,0,524,-1.3463,9.5834,-2.1041
informed,16,fixed,1.0,0,525,-2.1786,20.9764,-0.2304
informed,16,fixed,1.0,0,526,-3.6909,9.2898,-1.8197
informed,16,fixed,1.0,0,527,-1.0532,13.2361,-2.8390
informed,16,fixed,1.0,0,528,5.3378,20.0622,0.7198
informed,16,fixed,1.0,0,529,1.5105,39.2817,-0.2607
informed,16,fixed,1.0,0,530,-3.0054,61.7203,-0.6494
informed,16,fixed,1.0,0,531,0.5948,12.1186,0.2120
informed,16,fixed,1.0,0,532,0.7303,13.6813,-1.0491
informed,16,fixed,1.0,0,533,1.7981,19.1466,-1.3383
informed,16,fixed,1.0,0,534,-7.6648,24.5883,-2.9007
informed,16,fixed,1.0,0,535,-2.0631,8.9381,-3.0138
informed,16,fixed,1.0,0,536,-4.7337,41.7133,-1.8583
informed,16,fixed,1.0,0,537,-6.3638,1.6524,-2.3146
informed,16,fixed,1.0,0,538,2.4946,34.9181,0.3899
informed,16,fixed,1.0,0,539,-1.4588,20.2084,-2.1564
informed,16,fixed,1.0,0,540,3.2083,17.1640,-0.5922
informed,16,fixed,1.0,0,541,-6.4097,-0.0561,-3.5835
informed,16,fixed,1.0,0,542,3.4581,23.6299,1.2564
informed,16,fixed,1.0,0,543,-3.1132,25.7496,-1.9015
informed,16,fixed,1.0,0,544,-4.7455,32.0745,-4.0038
informed,16,fixed,1.0,0,545,-0.5477,15.8866,-2.2351
informed,16,fixed,1.0,0,546,-1.4952,26.4930,-0.9520
informed,16,fixed,1.0,0,547,3.9957,24.8978,2.5584
informed,16,fixed,1.0,0,548,0.0902,20.3350,-1.8644
informed,16,fixed,1.0,0,549,4.5834,12.0059,0.3572
informed,16,fixed,1.0,0,550,2.6636,19.6281,0.6538
informed,16,fixed,1.0,0,551,0.7740,26.6944,-1.7755
informed,16,fixed,1.0,0,552,8.3940,28.7714,2.5294
informed,16,fixed,1.0,0,553,5.8583,26.2333,-0.3354
informed,16,fixed,1.0,0,554,0.4317,7.2814,-0.7358
informed,16,fixed,1.0,0,555,0.8435,33.5929,-2.7791
informed,16,fixed,1.0,0,556,-1.0377,17.2384,0.9830
informed,16,fixed,1.0,0,557,0.6034,44.4294,-2.7383
informed,16,fixed,1.0,0,558,-2.1275,35.3231,-0.1646
informed,16,fixed,1.0,0,559,4.2737,41.1950,0.0578
informed,16,fixed,1.0,0,560,-14.4145,6.6844,-5.5089
informed,16,fixed,1.0,0,561,-2.6319,29.4201,-1.3433
informed,16,fixed,1.0,0,562,7.4256,23.9024,3.5204
informed,16,fixed,1.0,0,563,-1.9467,34.3963,-1.7882
informed,16,fixed,1.0,0,564,3.0918,23.7307,0.0726
informed,16,fixed,1.0,0,565,-10.6671,12.5208,-3.2008
informed,16,fixed,1.0,0,566,-3.6344,8.6936,-3.1445
informed,16,fixed,1.0,0,567,1.0497,20.8250,-0.4002
informed,16,fixed,1.0,0,568,2.5529,45.1285,1.1921
informed,16,fixed,1.0,0,569,2.1295,30.0401,-1.6530
informed,16,fixed,1.0,0,570,-7.4736,23.6484,-2.7974
informed,16,fixed,1.0,0,571,1.3839,38.8195,-1.4844
informed,16,fixed,1.0,0,572,-0.3485,23.0585,-0.7890
informed,16,fixed,1.0,0,573,3.2349,13.2507,-0.0357
informed,16,fixed,1.0,0,574,-5.7900,30.1029,-3.7468
informed,16,fixed,1.0,0,575,-2.1765,8.5047,-2.1278
informed,16,fixed,1.0,0,576,3.2577,22.3923,-1.6067
informed,16,fixed,1.0,0,577,-1.4645,41.6922,-2.1807
informed,16,fixed,1.0,0,578,3.9607,45.4949,-0.9111
informed,16,fixed,1.0,0,579,-2.9776,31.5008,0.1566
informed,16,fixed,1.0,0,580,-1.2793,28.4635,-2.3520
informed,16,fixed,1.0,0,581,-19.1566,8.1451,-8.1709
informed,16,fixed,1.0,0,582,-1.7211,14.1988,0.1309
informed,16,fixed,1.0,0,583,-11.7132,15.9424,-5.0394
informed,16,fixed,1.0,0,584,3.2717,13.8036,0.8440
informed,16,fixed,1.0,0,585,4.3160,19.1591,0.1274
informed,16,fixed,1.0,0,586,-1.3740,54.1411,-0.5991
informed,16,fixed,1.0,0,587,2.2837,20.8468,-0.0168
informed,16,fixed,1.0,0,588,-8.0381,24.8677,-2.7611
informed,16,fixed,1.0,0,589,-1.0043,2.5626,-2.1693
informed,16,fixed,1.0,0,590,-7.7685,23.9771,-3.8226
informed,16,fixed,1.0,0,591,-5.3534,19.6976,-2.3430
informed,16,fixed,1.0,0,592,1.0894,25.5909,-0.8053
informed,16,fixed,1.0,0,593,9.5971,44.2127,5.5314
informed,16,fixed,1.0,0,594,-0.8090,22.2473,-1.5142
informed,16,fixed,1.0,0,595,-8.4495,-0.4598,-3.4636
informed,16,fixed,1.0,0,596,-3.1494,36.2056,0.7002
informed,16,fixed,1.0,0,597,-4.9824,12.4719,-6.0336
informed,16,fixed,1.0,0,598,-4.5572,22.0300,-2.3379
informed,16,fixed,1.0,0,599,-4.0179,24.5009,-3.8021
informed,16,fixed,1.0,0,600,0.3764,23.1972,-2.9879
informed,16,fixed,1.0,0,601,-4.7179,18.4371,-3.6862
informed,16,fixed,1.0,0,602,-2.0962,52.4156,1.9792
informed,16,fixed,1.0,0,603,-1.8582,22.4423,-2.5638
informed,16,fixed,1.0,0,604,-7.7168,-0.1170,-3.3996
informed,16,fixed,1.0,0,605,-2.7370,47.5841,-2.6022
informed,16,fixed,1.0,0,606,-3.7876,0.2037,-3.4313
informed,16,fixed,1.0,0,607,3.6378,21.9714,2.8060
informed,16,fixed,1.0,0,608,7.6362,23.5204,1.4307
informed,16,fixed,1.0,0,609,4.7235,25.0262,0.9809
informed,16,fixed,1.0,0,610,4.7451,45.6546,1.3941
informed,16,fixed,1.0,0,611,-9.1504,24.0004,-1.0362
informed,16,fixed,1.0,0,612,-5.5900,32.6879,-2.8547
informed,16,fixed,1.0,0,613,-6.0863,28.7317,-4.3980
informed,16,fixed,1.0,0,614,-6.0745,42.4088,-3.8730
informed,16,fixed,1.0,0,615,-2.2414,32.2833,-0.7809
informed,16,fixed,1.0,0,616,2.1840,25.0098,1.0100
informed,16,fixed,1.0,0,617,-3.0941,22.2336,-1.5485
informed,16,fixed,1.0,0,618,8.4065,25.7752,2.6576
informed,16,fixed,1.0,0,619,-6.0846,14.6703,-4.3325
informed,16,fixed,1.0,0,620,-14.8819,12.4821,-5.8266
informed,16,fixed,1.0,0,621,-6.6030,15.0935,-3.9766
informed,16,fixed,1.0,0,622,3.9126,12.7210,-0.3650
informed,16,fixed,1.0,0,623,-4.1591,44.2512,-1.7294
informed,16,fixed,1.0,0,624,-4.7549,50.2176,-0.8487
informed,16,fixed,1.0,0,625,-6.3679,2.9222,-1.1322
informed,16,fixed,1.0,0,626,6.0599,38.3713,1.1605
informed,16,fixed,1.0,0,627,-3.5692,18.8572,-2.5798
informed,16,fixed,1.0,0,628,-6.0450,19.5203,-3.7100
informed,16,fixed,1.0,0,629,-8.6726,12.1617,-6.1824
informed,16,fixed,1.0,0,630,-5.4862,12.0040,-2.3813
informed,16,fixed,1.0,0,631,3.5389,30.2524,-1.0148
informed,16,fixed,1.0,0,632,1.8607,32.1121,1.5884
informed,16,fixed,1.0,0,633,-8.1138,10.6400,-4.4933
informed,16,fixed,1.0,0,634,3.4858,21.7953,2.2787
informed,16,fixed,1.0,0,635,7.2522,6.9676,1.8006
informed,16,fixed,1.0,0,636,4.3490,24.0207,0.4195
informed,16,fixed,1.0,0,637,-3.6899,14.6483,-1.9359
informed,16,fixed,1.0,0,638,-6.2308,14.6460,-2.8365
informed,16,fixed,1.0,0,639,-0.1472,17.0037,-3.0158
informed,16,fixed,1.0,0,640,1.9055,14.9281,0.1321
informed,16,fixed,1.0,0,641,-0.5539,21.7485,-0.6253
informed,16,fixed,1.0,0,642,7.8175,23.7503,4.0585
informed,16,fixed,1.0,0,643,0.8497,49.1188,0.4314
informed,16,fixed,1.0,0,644,-1.1209,43.3765,-1.3765
informed,16,fixed,1.0,0,645,1.2818,23.5250,0.3695
informed,16,fixed,1.0,0,646,3.4743,20.1980,1.8096
informed,16,fixed,1.0,0,647,-5.5010,-0.6413,-2.1616
informed,16,fixed,1.0,0,648,8.3995,29.0181,0.4328
informed,16,fixed,1.0,0,649,-1.8732,24.1406,-3.2341
informed,16,fixed,1.0,0,650,6.9718,50.8196,0.7890
informed,16,fixed,1.0,0,651,4.3985,23.3423,2.2211
informed,16,fixed,1.0,0,652,-1.2784,17.5380,-2.0507
informed,16,fixed,1.0,0,653,-1.3395,28.7411,-1.1119
informed,16,fixed,1.0,0,654,1.7505,18.0637,-1.8750
informed,16,fixed,1.0,0,655,-0.1655,25.3707,-0.0439
informed,16,fixed,1.0,0,656,-5.6164,18.3618,-3.5575
informed,16,fixed,1.0,0,657,1.3186,3.7416,-0.9692
informed,16,fixed,1.0,0,658,1.3151,12.9512,-0.2816
informed,16,fixed,1.0,0,659,4.2481,31.1142,1.5156
informed,16,fixed,1.0,0,660,-5.2980,24.1123,-2.2695
informed,16,fixed,1.0,0,661,1.5388,10.8708,-0.5641
informed,16,fixed,1.0,0,662,0.9137,28.2353,-1.3682
informed,16,fixed,1.0,0,663,3.3193,30.0664,-0.1089
informed,16,fixed,1.0,0,664,-4.4637,2.2762,-2.8734
informed,16,fixed,1.0,0,665,0.3219,18.1932,-1.1183
informed,16,fixed,1.0,0,666,-0.6112,19.3289,-2.1200
informed,16,fixed,1.0,0,667,-4.8054,13.3323,-3.5386
informed,16,fixed,1.0,0,668,0.4619,16.2460,-0.5081
informed,16,fixed,1.0,0,669,3.6832,28.3475,-1.4020
informed,16,fixed,1.0,0,670,9.2911,25.9038,4.8137
informed,16,fixed,1.0,0,671,4.8472,67.4075,2.7632
informed,16,fixed,1.0,0,672,0.5337,24.5895,-0.1073
informed,16,fixed,1.0,0,673,1.1801,27.0905,-0.6114
informed,16,fixed,1.0,0,674,-0.0324,28.9326,-1.5222
informed,16,fixed,1.0,0,675,-3.3217,12.7280,-1.2186
informed,16,fixed,1.0,0,676,0.2423,23.5278,-2.1129
informed,16,fixed,1.0,0,677,-9.6249,28.4136,-2.6205
informed,16,fixed,1.0,0,678,5.1559,20.2259,-0.4318
informed,16,fixed,1.0,0,679,-0.9257,17.2260,-1.9052
informed,16,fixed,1.0,0,680,-2.4076,21.1713,-1.7299
informed,16,fixed,1.0,0,681,2.9334,34.3533,-0.4340
informed,16,fixed,1.0,0,682,6.0539,14.4483,1.9873
informed,16,fixed,1.0,0,683,-3.3398,11.6706,-2.8959
informed,16,fixed,1.0,0,684,4.0965,41.4988,0.8757
informed,16,fixed,1.0,0,685,-1.5374,22.7733,-0.9893
informed,16,fixed,1.0,0,686,-0.3643,12.4505,0.5342
informed,16,fixed,1.0,0,687,-6.4270,44.2220,-3.2737
informed,16,fixed,1.0,0,688,-0.2828,11.0687,-1.4330
informed,16,fixed,1.0,0,689,-3.3068,20.9597,-1.0796
informed,16,fixed,1.0,0,690,-0.8192,31.3490,-0.6912
informed,16,fixed,1.0,0,691,-2.6408,33.9280,-1.6963
informed,16,fixed,1.0,0,692,-2.0129,6.5276,-2.7202
informed,16,fixed,1.0,0,693,3.0274,26.8118,-0.7979
informed,16,fixed,1.0,0,694,-1.1158,11.3236,-1.2420
informed,16,fixed,1.0,0,695,7.6011,39.1843,0.1340
informed,16,fixed,1.0,0,696,4.8671,22.0464,0.6967
informed,16,fixed,1.0,0,697,-0.6785,17.2528,-1.8272
informed,16,fixed,1.0,0,698,2.9441,41.0537,0.7674
informed,16,fixed,1.0,0,699,-1.4328,36.6111,0.2860
informed,16,fixed,1.0,0,700,-1.9006,22.8327,-2.9125
informed,16,fixed,1.0,0,701,6.6260,27.3652,1.1860
informed,16,fixed,1.0,0,702,-9.3627,3.3875,-5.0327
informed,16,fixed,1.0,0,703,-1.6327,26.8515,-1.3135
informed,16,fixed,1.0,0,704,-1.7012,37.2776,-1.1638
informed,16,fixed,1.0,0,705,-8.9838,13.5858,-3.5292
informed,16,fixed,1.0,0,706,-10.5605,18.5712,-3.7906
informed,16,fixed,1.0,0,707,-3.6445,17.6276,-0.7030
informed,16,fixed,1.0,0,708,9.4113,36.7344,3.6683
informed,16,fixed,1.0,0,709,-8.0683,21.3091,-2.9484
informed,16,fixed,1.0,0,710,2.3018,22.5237,-1.1809
informed,16,fixed,1.0,0,711,13.2051,31.1424,5.1347
informed,16,fixed,1.0,0,712,6.9578,10.4353,3.7856
informed,16,fixed,1.0,0,713,-1.0984,22.5083,-2.1144
informed,16,fixed,1.0,0,714,-14.0913,11.9389,-4.0743
informed,16,fixed,1.0,0,715,1.8364,30.9111,-1.7527
informed,16,fixed,1.0,0,716,2.8500,37.8886,1.6220
informed,16,fixed,1.0,0,717,4.5431,16.5461,0.5230
informed,16,fixed,1.0,0,718,1.9092,19.1705,-2.7250
informed,16,fixed,1.0,0,719,-3.5902,28.2577,-2.3532
informed,16,fixed,1.0,0,720,-2.1168,28.5385,-2.0205
informed,16,fixed,1.0,0,721,3.5924,19.6792,1.1601
informed,16,fixed,1.0,0,722,6.4578,27.7373,2.2213
informed,16,fixed,1.0,0,723,-1.9229,15.2351,-1.4645
informed,16,fixed,1.0,0,724,-2.4359,13.8326,-1.1763
informed,16,fixed,1.0,0,725,-3.2116,10.9863,-3.1123
informed,16,fixed,1.0,0,726,-7.1516,17.1228,-4.7187
informed,16,fixed,1.0,0,727,0.8113,14.6102,-0.2819
informed,16,fixed,1.0,0,728,-1.0103,15.7528,-1.8709
informed,16,fixed,1.0,0,729,7.6790,33.0047,0.3346
informed,16,fixed,1.0,0,730,-2.6109,31.5456,-2.0794
informed,16,fixed,1.0,0,731,-0.3869,20.8358,-1.3583
informed,16,fixed,1.0,0,732,2.9325,35.9531,0.2360
informed,16,fixed,1.0,0,733,1.5824,25.8297,0.1621
informed,16,fixed,1.0,0,734,-3.8150,22.3952,-2.6667
informed,16,fixed,1.0,0,735,-8.0037,36.0375,-1.5668
informed,16,fixed,1.0,0,736,4.4832,28.7572,0.1574
informed,16,fixed,1.0,0,737,3.0505,32.8120,-1.0703
informed,16,fixed,1.0,0,738,-4.8306,8.2540,-3.0684
informed,16,fixed,1.0,0,739,0.2819,22.1680,-0.2140
informed,16,fixed,1.0,0,740,-4.7048,23.3751,-0.5217
informed,16,fixed,1.0,0,741,0.3968,32.3827,-1.5322
informed,16,fixed,1.0,0,742,-0.0040,20.5481,-0.6093
informed,16,fixed,1.0,0,743,-2.4538,41.2265,-0.2568
informed,16,fixed,1.0,0,744,-13.0553,3.6951,-5.0919
informed,16,fixed,1.0,0,745,0.9674,38.1065,-2.1205
informed,16,fixed,1.0,0,746,-8.5112,16.5195,-5.4915
informed,16,fixed,1.0,0,747,0.8495,9.2153,-0.1195
informed,16,fixed,1.0,0,748,3.1830,19.9572,-0.4904
informed,16,fixed,1.0,0,749,2.6293,35.0184,0.8218
informed,16,fixed,1.0,0,750,-3.8650,5.9087,-2.6146
informed,16,fixed,1.0,0,751,-1.4210,30.1294,-1.6760
informed,16,fixed,1.0,0,752,-4.5093,10.4160,-2.1962
informed,16,fixed,1.0,0,753,-0.3905,10.6760,-0.3288
informed,16,fixed,1.0,0,754,0.2190,17.4139,1.3933
informed,16,fixed,1.0,0,755,-8.8040,18.4580,-4.4762
informed,16,fixed,1.0,0,756,7.2406,36.7415,3.1964
informed,16,fixed,1.0,0,757,-2.0677,11.1028,-1.0380
informed,16,fixed,1.0,0,758,4.6392,38.0830,1.0445
informed,16,fixed,1.0,0,759,0.9931,24.9675,-2.8914
informed,16,fixed,1.0,0,760,0.1741,13.9611,-0.0190
informed,16,fixed,1.0,0,761,1.0695,32.0524,-1.2117
informed,16,fixed,1.0,0,762,-2.4937,11.7017,-2.1509
informed,16,fixed,1.0,0,763,-1.0977,13.0648,-2.5297
informed,16,fixed,1.0,0,764,4.3205,18.9827,0.6278
informed,16,fixed,1.0,0,765,0.0632,25.3378,-1.5452
informed,16,fixed,1.0,0,766,0.8091,19.8215,0.1850
informed,16,fixed,1.0,0,767,-12.7701,20.4533,-6.9051
informed,16,fixed,1.0,0,768,8.2092,28.6561,2.2255
informed,16,fixed,1.0,0,769,-9.8541,-4.2928,-1.6638
informed,16,fixed,1.0,0,770,-6.1207,17.5253,-3.4794
informed,16,fixed,1.0,0,771,-6.7402,20.1451,-1.5386
informed,16,fixed,1.0,0,772,-5.6537,23.5309,-3.0936
informed,16,fixed,1.0,0,773,-1.6114,25.7592,-2.0714
informed,16,fixed,1.0,0,774,7.4675,36.0421,1.9440
informed,16,fixed,1.0,0,775,-3.9342,26.1684,-3.2497
informed,16,fixed,1.0,0,776,-1.9307,11.3309,-0.1187
informed,16,fixed,1.0,0,777,9.2479,32.6554,5.7808
informed,16,fixed,1.0,0,778,0.6140,22.8830,-0.8618
informed,16,fixed,1.0,0,779,-3.8324,17.5865,-2.6089
informed,16,fixed,1.0,0,780,-1.5504,45.4349,-1.8293
informed,16,fixed,1.0,0,781,-1.1101,22.7314,-1.5793
informed,16,fixed,1.0,0,782,0.4648,33.7789,-0.7214
informed,16,fixed,1.0,0,783,3.9032,22.5707,-0.3075
informed,16,fixed,1.0,0,784,6.3176,30.8715,1.0393
informed,16,fixed,1.0,0,785,2.4686,32.6485,-1.1021
informed,16,fixed,1.0,0,786,6.3778,38.5412,2.1739
informed,16,fixed,1.0,0,787,2.4259,20.8024,-1.4040
informed,16,fixed,1.0,0,788,3.6568,12.0214,-1.9902
informed,16,fixed,1.0,0,789,-2.1168,21.2303,-1.5047
informed,16,fixed,1.0,0,790,2.8688,46.0961,-0.4988
informed,16,fixed,1.0,0,791,0.2723,17.3662,-0.5649
informed,16,fixed,1.0,0,792,-4.6429,5.8337,-2.1904
informed,16,fixed,1.0,0,793,7.9072,38.8333,2.6432
informed,16,fixed,1.0,0,794,11.8103,42.4692,3.9021
informed,16,fixed,1.0,0,795,-0.7247,29.0207,0.1205
informed,16,fixed,1.0,0,796,2.3772,38.9898,0.1531
informed,16,fixed,1.0,0,797,1.3014,10.7576,-1.7097
informed,16,fixed,1.0,0,798,1.0449,42.2362,0.4221
informed,16,fixed,1.0,0,799,1.3759,30.8727,-2.5435
informed,16,fixed,1.0,0,800,-0.3899,34.9148,-0.9605
informed,16,fixed,1.0,0,801,4.8225,31.4979,0.4235
informed,16,fixed,1.0,0,802,3.6366,20.7594,-0.1500
informed,16,fixed,1.0,0,803,-2.2651,14.1824,-3.4374
informed,16,fixed,1.0,0,804,5.9569,34.0796,0.0679
informed,16,fixed,1.0,0,805,6.9289,23.7911,3.1906
informed,16,fixed,1.0,0,806,-1.2328,8.2366,-2.5565
informed,16,fixed,1.0,0,807,3.4794,36.4771,-1.6599
informed,16,fixed,1.0,0,808,-5.2586,25.0207,-4.7015
informed,16,fixed,1.0,0,809,-4.6136,34.9979,-0.5509
informed,16,fixed,1.0,0,810,-6.1952,26.5616,-1.4966
informed,16,fixed,1.0,0,811,0.8385,27.5467,1.7496
informed,16,fixed,1.0,0,812,0.5667,22.2206,-1.3452
informed,16,fixed,1.0,0,813,2.8291,17.9464,-0.0307
informed,16,fixed,1.0,0,814,-0.0946,19.4930,-1.1786
informed,16,fixed,1.0,0,815,0.6629,17.0864,-0.7879
informed,16,fixed,1.0,0,816,2.6621,23.8377,-1.2931
informed,16,fixed,1.0,0,817,0.0337,54.2243,2.6274
informed,16,fixed,1.0,0,818,-0.7345,11.6372,-1.4072
informed,16,fixed,1.0,0,819,-0.2065,18.6601,-2.7097
informed,16,fixed,1.0,0,820,3.6956,21.1695,1.7437
informed,16,fixed,1.0,0,821,-5.5444,13.0203,-2.8201
informed,16,fixed,1.0,0,822,2.0628,18.0156,0.5736
informed,16,fixed,1.0,0,823,-0.7750,24.4017,-2.8155
informed,16,fixed,1.0,0,824,3.3985,27.1092,0.6083
informed,16,fixed,1.0,0,825,6.3934,11.6802,1.8137
informed,16,fixed,1.0,0,826,7.9394,12.3987,4.0498
informed,16,fixed,1.0,0,827,-7.6311,8.8998,-4.2446
informed,16,fixed,1.0,0,828,-7.0572,8.2898,-3.6233
informed,16,fixed,1.0,0,829,3.4057,31.2552,-1.2595
informed,16,fixed,1.0,0,830,-0.2978,20.5869,-1.0672
informed,16,fixed,1.0,0,831,-6.7292,30.5983,-3.5332
informed,16,fixed,1.0,0,832,-1.8830,8.5969,-0.5625
informed,16,fixed,1.0,0,833,-10.4183,22.1587,-4.2885
informed,16,fixed,1.0,0,834,4.2937,21.2601,-0.4518
informed,16,fixed,1.0,0,835,-5.3799,9.4577,-3.2282
informed,16,fixed,1.0,0,836,-2.4126,32.4142,-1.7358
informed,16,fixed,1.0,0,837,-1.7048,33.3834,-0.2265
informed,16,fixed,1.0,0,838,1.2840,23.5632,-0.9910
informed,16,fixed,1.0,0,839,3.3472,25.2493,-2.5203
informed,16,fixed,1.0,0,840,-0.4530,25.9131,-1.5686
informed,16,fixed,1.0,0,841,1.9140,14.8429,1.3636
informed,16,fixed,1.0,0,842,0.2035,21.6490,-1.1772
informed,16,fixed,1.0,0,843,-5.0263,38.8705,0.2853
informed,16,fixed,1.0,0,844,4.4114,13.9898,0.7245
informed,16,fixed,1.0,0,845,-3.4595,17.6872,-1.5480
informed,16,fixed,1.0,0,846,-5.9509,15.6863,-2.2230
informed,16,fixed,1.0,0,847,-11.1997,3.4782,-6.1196
informed,16,fixed,1.0,0,848,7.3460,30.3355,2.4080
informed,16,fixed,1.0,0,849,-4.5277,30.4059,-2.1580
informed,16,fixed,1.0,0,850,5.3336,31.4242,0.3549
informed,16,fixed,1.0,0,851,7.2728,27.2380,1.4693
informed,16,fixed,1.0,0,852,-2.3701,14.4384,-2.3446
informed,16,fixed,1.0,0,853,-2.0034,35.0981,-1.1488
informed,16,fixed,1.0,0,854,-1.5174,26.0347,-0.8683
informed,16,fixed,1.0,0,855,-6.3038,14.7930,-2.7289
informed,16,fixed,1.0,0,856,10.5385,48.9636,3.9683
informed,16,fixed,1.0,0,857,1.5575,20.3074,0.2433
informed,16,fixed,1.0,0,858,-3.9193,11.5200,-2.7031
informed,16,fixed,1.0,0,859,-0.4852,28.7237,-1.9795
informed,16,fixed,1.0,0,860,2.5773,16.6862,-0.7189
informed,16,fixed,1.0,0,861,-8.8520,7.6291,-3.0834
informed,16,fixed,1.0,0,862,-4.8197,8.7971,-2.1977
informed,16,fixed,1.0,0,863,-3.2179,22.1951,-2.4130
informed,16,fixed,1.0,0,864,-0.6143,16.4506,-1.6479
informed,16,fixed,1.0,0,865,-8.3508,7.4503,-4.6709
informed,16,fixed,1.0,0,866,-6.1999,29.4060,-2.9029
informed,16,fixed,1.0,0,867,0.2402,16.2289,-2.0525
informed,16,fixed,1.0,0,868,-6.6162,14.5919,-3.3509
informed,16,fixed,1.0,0,869,-2.1620,38.9287,0.0424
informed,16,fixed,1.0,0,870,2.3897,10.4692,-0.8796
informed,16,fixed,1.0,0,871,1.0599,31.5602,-1.2650
informed,16,fixed,1.0,0,872,-1.9122,15.7110,-1.2184
informed,16,fixed,1.0,0,873,3.2334,14.5098,-0.3430
informed,16,fixed,1.0,0,874,-2.8160,47.3444,-0.3275
informed,16,fixed,1.0,0,875,-1.6671,10.3276,-3.5574
informed,16,fixed,1.0,0,876,6.9668,35.5404,0.0326
informed,16,fixed,1.0,0,877,-11.6547,10.2042,-5.6084
informed,16,fixed,1.0,0,878,-0.0530,9.0408,-0.4437
informed,16,fixed,1.0,0,879,4.3421,28.4598,1.3377
informed,16,fixed,1.0,0,880,-1.3456,10.1374,-0.3330
informed,16,fixed,1.0,0,881,-6.5265,13.8857,-4.4548
informed,16,fixed,1.0,0,882,-0.8060,20.4257,-1.8713
informed,16,fixed,1.0,0,883,-1.6824,21.9109,-2.8619
informed,16,fixed,1.0,0,884,4.3589,34.9098,-0.5009
informed,16,fixed,1.0,0,885,-2.6496,21.3470,-1.2332
informed,16,fixed,1.0,0,886,4.1294,24.1384,0.2692
informed,16,fixed,1.0,0,887,2.7674,22.1278,-0.7892
informed,16,fixed,1.0,0,888,-3.5105,12.8967,-1.2385
informed,16,fixed,1.0,0,889,-8.2603,41.5400,-4.3810
informed,16,fixed,1.0,0,890,3.1598,38.3299,0.0058
informed,16,fixed,1.0,0,891,-1.7233,18.3764,-0.5223
informed,16,fixed,1.0,0,892,0.9022,37.0567,-1.0828
informed,16,fixed,1.0,0,893,7.4554,27.1906,-0.1325
informed,16,fixed,1.0,0,894,1.9526,30.7698,-0.3431
informed,16,fixed,1.0,0,895,-1.7701,24.3796,-2.4134
informed,16,fixed,1.0,0,896,-2.0448,24.5125,-1.3787
informed,16,fixed,1.0,0,897,-5.0592,15.8164,-2.1050
informed,16,fixed,1.0,0,898,-3.7027,29.8806,-0.7408
informed,16,fixed,1.0,0,899,-7.1264,1.5709,-2.6693
informed,16,fixed,1.0,0,900,8.1197,18.7341,3.4866
informed,16,fixed,1.0,0,901,-4.1364,19.1231,-3.6316
informed,16,fixed,1.0,0,902,2.8766,18.3780,-0.9437
informed,16,fixed,1.0,0,903,-3.5086,16.7377,-1.7434
informed,16,fixed,1.0,0,904,4.7939,38.7708,3.8958
informed,16,fixed,1.0,0,905,1.1028,24.0787,-0.2041
informed,16,fixed,1.0,0,906,2.6238,24.0937,-0.1442
informed,16,fixed,1.0,0,907,-8.4035,15.0742,-4.4553
informed,16,fixed,1.0,0,908,-7.1299,24.0443,-3.8790
informed,16,fixed,1.0,0,909,7.0861,14.7894,1.6149
informed,16,fixed,1.0,0,910,-3.9225,32.2282,-2.6153
informed,16,fixed,1.0,0,911,-0.4435,17.0395,-1.3742
informed,16,fixed,1.0,0,912,-3.4744,9.0248,-1.9764
informed,16,fixed,1.0,0,913,3.6173,17.4147,0.0051
informed,16,fixed,1.0,0,914,7.3535,20.9397,2.4180
informed,16,fixed,1.0,0,915,-3.6485,32.8837,-2.9412
informed,16,fixed,1.0,0,916,2.7761,14.2148,1.3826
informed,16,fixed,1.0,0,917,2.0294,25.3269,-0.3220
informed,16,fixed,1.0,0,918,-4.9853,9.3754,-2.6971
informed,16,fixed,1.0,0,919,-2.3917,21.2435,0.1342
informed,16,fixed,1.0,0,920,-4.8726,15.3562,-1.7527
informed,16,fixed,1.0,0,921,4.4055,32.4973,0.4884
informed,16,fixed,1.0,0,922,0.1234,29.1210,-1.0890
informed,16,fixed,1.0,0,923,0.2770,18.1953,-0.4805
informed,16,fixed,1.0,0,924,-1.0774,19.4340,-1.9744
informed,16,fixed,1.0,0,925,-6.8109,17.8067,-2.7211
informed,16,fixed,1.0,0,926,-3.4690,18.7556,-2.5425
informed,16,fixed,1.0,0,927,0.6395,24.2477,0.3648
informed,16,fixed,1.0,0,928,-5.0444,10.1014,-2.3296
informed,16,fixed,1.0,0,929,-10.1424,11.8658,-4.7851
informed,16,fixed,1.0,0,930,3.7774,19.2475,0.2320
informed,16,fixed,1.0,0,931,3.5363,9.0894,0.8489
informed,16,fixed,1.0,0,932,0.1989,16.0682,-0.2371
informed,16,fixed,1.0,0,933,1.7012,20.0412,-0.7900
informed,16,fixed,1.0,0,934,2.5092,26.4453,-0.7455
informed,16,fixed,1.0,0,935,-5.2113,16.5030,-3.5280
informed,16,fixed,1.0,0,936,1.7174,19.7710,-2.0638
informed,16,fixed,1.0,0,937,-6.7908,38.8214,-3.7303
informed,16,fixed,1.0,0,938,-9.4226,18.9452,-2.0308
informed,16,fixed,1.0,0,939,0.2004,34.1401,-0.9669
informed,16,fixed,1.0,0,940,4.8528,29.1309,1.8691
informed,16,fixed,1.0,0,941,-5.1450,22.0675,-3.4420
informed,16,fixed,1.0,0,942,-1.0671,35.5935,1.9064
informed,16,fixed,1.0,0,943,-2.9356,22.3284,0.0526
informed,16,fixed,1.0,0,944,9.9329,33.3754,-0.2175
informed,16,fixed,1.0,0,945,0.3101,13.6545,-0.4443
informed,16,fixed,1.0,0,946,5.0907,25.7488,-0.4354
informed,16,fixed,1.0,0,947,-1.1806,21.5694,-1.5836
informed,16,fixed,1.0,0,948,2.0621,4.6792,-0.4786
informed,16,fixed,1.0,0,949,2.5575,21.4809,0.5214
informed,16,fixed,1.0,0,950,-2.2114,14.1103,-3.1029
informed,16,fixed,1.0,0,951,-6.6228,43.1220,-2.6786
informed,16,fixed,1.0,0,952,-6.5433,17.4126,-2.6221
informed,16,fixed,1.0,0,953,4.6667,21.5291,1.8242
informed,16,fixed,1.0,0,954,-2.4819,32.4593,-2.3522
informed,16,fixed,1.0,0,955,-0.9909,16.5214,0.1455
informed,16,fixed,1.0,0,956,0.3312,19.0154,-1.7949
informed,16,fixed,1.0,0,957,0.6260,9.8930,-0.8095
informed,16,fixed,1.0,0,958,9.4088,28.7035,2.0243
informed,16,fixed,1.0,0,959,-5.0511,0.7596,-3.5838
informed,16,fixed,1.0,0,960,-3.9598,42.9036,0.5105
informed,16,fixed,1.0,0,961,-0.6708,11.5407,-2.3970
informed,16,fixed,1.0,0,962,3.6799,45.6356,-0.6004
informed,16,fixed,1.0,0,963,5.6264,27.3140,1.1297
informed,16,fixed,1.0,0,964,-1.4555,11.5254,-0.8602
informed,16,fixed,1.0,0,965,5.9340,11.1013,1.9516
informed,16,fixed,1.0,0,966,7.1559,25.5504,0.6072
informed,16,fixed,1.0,0,967,1.0189,23.9588,-0.1000
informed,16,fixed,1.0,0,968,0.4157,8.0660,-1.4251
informed,16,fixed,1.0,0,969,2.2010,20.9246,-0.1285
informed,16,fixed,1.0,0,970,-6.6058,19.0719,-3.5062
informed,16,fixed,1.0,0,971,-1.5015,60.4719,-1.7818
informed,16,fixed,1.0,0,972,-1.1216,19.5090,-0.5872
informed,16,fixed,1.0,0,973,-0.0019,30.8883,-0.5958
informed,16,fixed,1.0,0,974,2.8678,7.6510,0.2331
informed,16,fixed,1.0,0,975,-1.3479,30.8416,-3.4701
informed,16,fixed,1.0,0,976,9.2989,32.5404,2.1206
informed,16,fixed,1.0,0,977,-4.9256,16.3792,-2.9152
informed,16,fixed,1.0,0,978,3.3423,22.8060,-1.5339
informed,16,fixed,1.0,0,979,-1.1429,26.2284,0.4444
informed,16,fixed,1.0,0,980,-2.7286,19.8869,-1.3918
informed,16,fixed,1.0,0,981,1.9956,9.9354,-1.4958
informed,16,fixed,1.0,0,982,1.8387,10.3913,-0.0445
informed,16,fixed,1.0,0,983,-3.0416,27.1101,-2.0983
informed,16,fixed,1.0,0,984,-1.7338,52.2875,-1.4355
informed,16,fixed,1.0,0,985,-6.1440,18.3418,-4.1664
informed,16,fixed,1.0,0,986,10.6947,22.3305,3.2042
informed,16,fixed,1.0,0,987,-6.5045,16.4705,-2.3755
informed,16,fixed,1.0,0,988,-0.4855,27.2205,-0.9967
informed,16,fixed,1.0,0,989,-1.8406,18.9646,0.1712
informed,16,fixed,1.0,0,990,0.8106,32.6604,1.1403
informed,16,fixed,1.0,0,991,-5.1807,12.6510,-2.0871
informed,16,fixed,1.0,0,992,-0.2742,12.3302,0.1449
informed,16,fixed,1.0,0,993,-5.1669,10.7751,-3.1230
informed,16,fixed,1.0,0,994,-3.8242,29.7721,-2.4815
informed,16,fixed,1.0,0,995,0.8486,22.3599,-0.4706
informed,16,fixed,1.0,0,996,2.2449,37.6689,-3.7363
informed,16,fixed,1.0,0,997,4.6214,17.3181,0.8233
informed,16,fixed,1.0,0,998,3.7495,25.6626,-3.6727
informed,16,fixed,1.0,0,999,-2.3384,15.3275,-2.1586
informed,16,fixed,1.0,0,1000,-0.7927,22.8227,-0.9652
random,16,fixed,1.0,0,1,-3.3249,-2.6086,-0.8025
random,16,fixed,1.0,0,2,7.2732,6.3427,4.5454
random,16,fixed,1.0,0,3,-11.2752,-7.4671,-1.5555
random,16,fixed,1.0,0,4,-2.0218,-0.9548,0.8529
random,16,fixed,1.0,0,5,-7.1832,-7.8333,-2.3556
random,16,fixed,1.0,0,6,0.4833,-0.9269,0.2625
random,16,fixed,1.0,0,7,6.1487,3.2333,3.3668
random,16,fixed,1.0,0,8,-6.1331,-6.4525,-1.0102
random,16,fixed,1.0,0,9,-1.9903,-3.7780,0.3134
random,16,fixed,1.0,0,10,0.4190,-2.9972,0.4579
random,16,fixed,1.0,0,11,-2.0564,-3.5757,-0.9992
random,16,fixed,1.0,0,12,7.4451,4.9367,3.5545
random,16,fixed,1.0,0,13,0.2471,3.4052,3.3418
random,16,fixed,1.0,0,14,-10.7687,-5.8786,-2.5056
random,16,fixed,1.0,0,15,-2.1223,-5.5520,-1.0122
random,16,fixed,1.0,0,16,2.2755,4.8409,2.2440
random,16,fixed,1.0,0,17,-4.7509,-6.5784,-2.7023
random,16,fixed,1.0,0,18,-2.3679,-4.1406,-1.5460
random,16,fixed,1.0,0,19,-4.6925,-3.8739,-1.2137
random,16,fixed,1.0,0,20,-6.4098,-4.0626,-0.5194
random,16,fixed,1.0,0,21,0.6922,-3.2942,-0.1705
random,16,fixed,1.0,0,22,-7.7362,-9.5002,-2.9563
random,16,fixed,1.0,0,23,-7.4903,-2.8961,0.1768
random,16,fixed,1.0,0,24,-4.4071,-3.5203,-0.3361
random,16,fixed,1.0,0,25,-1.5932,-3.4410,-0.1232
random,16,fixed,1.0,0,26,5.0381,0.3959,0.4665
random,16,fixed,1.0,0,27,-3.0080,-2.3193,-0.3855
random,16,fixed,1.0,0,28,4.8984,2.9850,3.6364
random,16,fixed,1.0,0,29,-0.8718,-4.2443,-1.6364
random,16,fixed,1.0,0,30,1.4698,2.5381,2.6216
random,16,fixed,1.0,0,31,-6.9079,-1.7169,-0.8990
random,16,fixed,1.0,0,32,-9.9077,-7.9821,-2.8582
random,16,fixed,1.0,0,33,5.7490,9.8617,5.2510
random,16,fixed,1.0,0,34,-2.9659,-5.1100,-1.4262
random,16,fixed,1.0,0,35,1.5333,-2.1953,-0.8640
random,16,fixed,1.0,0,36,-3.8853,-4.4769,-1.3031
random,16,fixed,1.0,0,37,1.1138,1.5334,2.9205
random,16,fixed,1.0,0,38,5.1826,4.2961,2.9276
random,16,fixed,1.0,0,39,4.9762,4.4100,3.2661
random,16,fixed,1.0,0,40,-8.5007,-5.9853,-1.8358
random,16,fixed,1.0,0,41,1.6307,0.5568,1.2961
random,16,fixed,1.0,0,42,-10.5322,-2.3295,0.0149
random,16,fixed,1.0,0,43,2.2527,5.5851,2.8781
random,16,fixed,1.0,0,44,3.2606,1.3080,1.3765
random,16,fixed,1.0,0,45,-2.3129,-2.0744,-1.2933
random,16,fixed,1.0,0,46,-3.7377,-6.3804,-2.1326
random,16,fixed,1.0,0,47,-3.5437,-5.7164,-1.2877
random,16,fixed,1.0,0,48,2.6417,-0.9170,1.1952
random,16,fixed,1.0,0,49,3.8505,2.6063,2.0110
random,16,fixed,1.0,0,50,-4.4714,-2.1645,-0.7099
random,16,fixed,1.0,0,51,1.8530,-1.2502,0.3907
random,16,fixed,1.0,0,52,1.5022,2.8038,3.0255
random,16,fixed,1.0,0,53,-0.3989,-2.7162,-0.3167
random,16,fixed,1.0,0,54,-3.4643,-5.1420,-1.3028
random,16,fixed,1.0,0,55,1.4063,0.3957,0.9269
random,16,fixed,1.0,0,56,0.8810,3.1973,2.9474
random,16,fixed,1.0,0,57,4.4557,3.7773,2.3540
random,16,fixed,1.0,0,58,-4.0272,-3.8331,0.0384
random,16,fixed,1.0,0,59,4.3461,-1.1531,-0.3877
random,16,fixed,1.0,0,60,-2.3289,1.0416,1.8364
random,16,fixed,1.0,0,61,4.0964,1.5384,2.4221
random,16,fixed,1.0,0,62,-3.0262,-4.8277,-0.0447
random,16,fixed,1.0,0,63,1.3052,-0.3562,0.1026
random,16,fixed,1.0,0,64,-5.1912,-4.0401,-1.2705
random,16,fixed,1.0,0,65,1.1524,3.5471,2.7571
random,16,fixed,1.0,0,66,0.7560,-3.1162,-1.8740
random,16,fixed,1.0,0,67,-8.5624,-7.0333,-2.2735
random,16,fixed,1.0,0,68,-5.7192,-6.8286,-2.0910
random,16,fixed,1.0,0,69,0.2428,1.8835,2.2210
random,16,fixed,1.0,0,70,6.3378,3.1956,3.0570
random,16,fixed,1.0,0,71,4.2082,3.2289,3.5534
random,16,fixed,1.0,0,72,-4.6559,2.0644,1.0787
random,16,fixed,1.0,0,73,-8.3906,-5.7718,-0.9580
random,16,fixed,1.0,0,74,-8.6593,-5.9914,-2.4516
random,16,fixed,1.0,0,75,4.2024,0.3436,0.2855
random,16,fixed,1.0,0,76,-4.4495,-5.9961,-1.3881
random,16,fixed,1.0,0,77,0.7948,3.2994,2.9401
random,16,fixed,1.0,0,78,2.0659,-1.1988,1.2629
random,16,fixed,1.0,0,79,-10.5111,-9.4975,-2.1407
random,16,fixed,1.0,0,80,-3.6461,-5.8770,-1.7208
random,16,fixed,1.0,0,81,-1.6863,-4.1732,-0.5354
random,16,fixed,1.0,0,82,1.6405,5.4457,3.8330
random,16,fixed,1.0,0,83,0.2575,-0.7364,1.4309
random,16,fixed,1.0,0,84,4.1049,1.0253,1.5682
random,16,fixed,1.0,0,85,4.4015,0.4581,0.6715
random,16,fixed,1.0,0,86,-0.6492,0.3085,1.7958
random,16,fixed,1.0,0,87,-8.1332,-8.8477,-2.4181
random,16,fixed,1.0,0,88,-5.9089,-6.8098,-0.5995
random,16,fixed,1.0,0,89,4.6698,3.9348,1.8351
random,16,fixed,1.0,0,90,-0.7380,-3.2910,0.8124
random,16,fixed,1.0,0,91,2.3474,1.2901,1.6208
random,16,fixed,1.0,0,92,-4.8388,-3.4879,-1.5125
random,16,fixed,1.0,0,93,0.4183,0.7344,2.2815
random,16,fixed,1.0,0,94,-6.8361,-5.1517,-1.4625
random,16,fixed,1.0,0,95,1.8016,-0.7941,-0.5750
random,16,fixed,1.0,0,96,-1.2657,-3.0314,-1.9755
random,16,fixed,1.0,0,97,-12.6122,-8.0027,-3.7801
random,16,fixed,1.0,0,98,-11.0220,-9.2025,-2.7185
random,16,fixed,1.0,0,99,2.1435,1.7233,3.7228
random,16,fixed,1.0,0,100,3.8469,0.1203,1.0058
random,16,fixed,1.0,0,101,-0.2734,-1.0300,1.3171
random,16,fixed,1.0,0,102,-0.9506,1.2722,0.8851
random,16,fixed,1.0,0,103,-8.1991,-4.9741,0.1066
random,16,fixed,1.0,0,104,-3.0133,-3.1521,-0.8510
random,16,fixed,1.0,0,105,5.1090,-0.1231,1.4667
random,16,fixed,1.0,0,106,-5.1379,-1.1368,0.5461
random,16,fixed,1.0,0,107,-3.0080,-4.3881,-1.8370
random,16,fixed,1.0,0,108,-1.0338,1.0802,2.1776
random,16,fixed,1.0,0,109,-0.2609,-1.7493,-1.0577
random,16,fixed,1.0,0,110,1.6358,2.4789,3.2026
random,16,fixed,1.0,0,111,-4.9317,-1.5147,0.2335
random,16,fixed,1.0,0,112,-2.1450,-3.2918,-0.7845
random,16,fixed,1.0,0,113,-5.4307,-7.7104,-3.2712
random,16,fixed,1.0,0,114,-5.7742,-3.3228,0.4287
random,16,fixed,1.0,0,115,-4.1295,0.2007,1.7331
random,16,fixed,1.0,0,116,-1.3911,-4.0490,-1.8071
random,16,fixed,1.0,0,117,-0.5619,-3.6703,0.1405
random,16,fixed,1.0,0,118,3.1517,-0.6180,0.3763
random,16,fixed,1.0,0,119,-4.4003,-3.8379,0.4438
random,16,fixed,1.0,0,120,-2.5637,-5.2025,-0.9875
random,16,fixed,1.0,0,121,5.9396,2.6196,1.8229
random,16,fixed,1.0,0,122,-5.8156,-1.5051,0.0963
random,16,fixed,1.0,0,123,1.7142,5.4941,3.3430
random,16,fixed,1.0,0,124,0.5330,1.6963,1.7518
random,16,fixed,1.0,0,125,-0.7832,-2.8818,0.2527
random,16,fixed,1.0,0,126,7.3741,1.7522,1.9434
random,16,fixed,1.0,0,127,8.1849,2.6833,1.8814
random,16,fixed,1.0,0,128,-3.7703,-4.8189,0.2675
random,16,fixed,1.0,0,129,0.7361,1.7992,2.3621
random,16,fixed,1.0,0,130,5.3586,0.9692,2.2615
random,16,fixed,1.0,0,131,-1.2967,-1.8173,1.6754
random,16,fixed,1.0,0,132,0.9132,1.1291,1.4853
random,16,fixed,1.0,0,133,1.8303,1.5328,2.2110
random,16,fixed,1.0,0,134,9.0431,6.7852,4.8726
random,16,fixed,1.0,0,135,2.2468,0.1516,1.3627
random,16,fixed,1.0,0,136,3.2816,3.3385,2.6167
random,16,fixed,1.0,0,137,-1.4290,-2.3096,-0.9270
random,16,fixed,1.0,0,138,1.7853,-1.5957,1.1679
random,16,fixed,1.0,0,139,3.9253,3.4678,1.1486
random,16,fixed,1.0,0,140,-6.0826,-6.4114,-2.2142
random,16,fixed,1.0,0,141,0.9289,2.2035,2.0403
random,16,fixed,1.0,0,142,-7.6951,-8.5219,-2.3203
random,16,fixed,1.0,0,143,-2.1841,-3.7829,-0.8035
random,16,fixed,1.0,0,144,-3.0731,-5.1724,-1.5743
random,16,fixed,1.0,0,145,-4.6002,-4.9396,-1.6472
random,16,fixed,1.0,0,146,4.6246,0.8568,1.9315
random,16,fixed,1.0,0,147,0.9487,1.6649,1.4845
random,16,fixed,1.0,0,148,-4.6151,-0.1034,-0.8691
random,16,fixed,1.0,0,149,0.3977,1.2329,1.6878
random,16,fixed,1.0,0,150,-5.2948,-6.3323,-2.0937
random,16,fixed,1.0,0,151,-5.1741,-4.3153,-0.6835
random,16,fixed,1.0,0,152,-5.7101,-4.6578,-0.9457
random,16,fixed,1.0,0,153,3.4134,-0.2725,0.0515
random,16,fixed,1.0,0,154,-9.2592,-1.1745,0.1519
random,16,fixed,1.0,0,155,1.3111,0.7209,0.3041
random,16,fixed,1.0,0,156,-5.0029,-8.2398,-2.6069
random,16,fixed,1.0,0,157,0.1917,-2.7726,-1.2115
random,16,fixed,1.0,0,158,-0.0211,-5.3135,-0.3794
random,16,fixed,1.0,0,159,-18.6768,-14.1670,-4.8715
random,16,fixed,1.0,0,160,-7.3539,-6.3840,-1.2078
random,16,fixed,1.0,0,161,0.7165,1.5829,2.9436
random,16,fixed,1.0,0,162,5.0740,2.2407,1.4513
random,16,fixed,1.0,0,163,-3.3755,-5.2243,-1.2144
random,16,fixed,1.0,0,164,-2.7742,0.7297,2.0848
random,16,fixed,1.0,0,165,-4.8377,-5.9131,-2.5619
random,16,fixed,1.0,0,166,4.1108,2.7937,2.4746
random,16,fixed,1.0,0,167,1.0817,-2.0250,0.3131
random,16,fixed,1.0,0,168,4.5052,-0.1510,1.2346
random,16,fixed,1.0,0,169,1.5339,-1.0985,0.6420
random,16,fixed,1.0,0,170,1.8993,-1.5175,0.7463
random,16,fixed,1.0,0,171,-2.2092,-5.0758,-1.9701
random,16,fixed,1.0,0,172,2.0214,2.3063,3.1895
random,16,fixed,1.0,0,173,3.9873,3.2518,1.1366
random,16,fixed,1.0,0,174,-3.2208,-4.4973,-0.8231
random,16,fixed,1.0,0,175,-2.6384,0.8152,0.9128
random,16,fixed,1.0,0,176,-1.2907,-4.9437,-1.9223
random,16,fixed,1.0,0,177,0.2715,-0.9303,-0.2828
random,16,fixed,1.0,0,178,-1.2345,-3.8903,0.3297
random,16,fixed,1.0,0,179,-0.0466,-2.7592,0.0539
random,16,fixed,1.0,0,180,0.7018,-0.0065,0.9085
random,16,fixed,1.0,0,181,-3.1356,-3.8710,1.8582
random,16,fixed,1.0,0,182,2.0183,1.2254,2.5871
random,16,fixed,1.0,0,183,7.4506,5.6441,4.1900
random,16,fixed,1.0,0,184,3.0282,0.0458,0.7659
random,16,fixed,1.0,0,185,-0.9486,-1.2125,0.2316
random,16,fixed,1.0,0,186,-4.7523,-5.5899,-0.9433
random,16,fixed,1.0,0,187,0.6906,-1.3003,-0.5613
random,16,fixed,1.0,0,188,-0.8722,-0.6098,-0.6849
random,16,fixed,1.0,0,189,-1.1939,2.1604,2.1242
random,16,fixed,1.0,0,190,1.0247,1.4299,1.1625
random,16,fixed,1.0,0,191,2.8482,1.5723,2.2009
random,16,fixed,1.0,0,192,-0.2480,-3.8249,-1.1389
random,16,fixed,1.0,0,193,0.8194,0.4611,0.8972
random,16,fixed,1.0,0,194,-5.3579,-3.3006,-0.6894
random,16,fixed,1.0,0,195,6.3102,4.3922,2.4562
random,16,fixed,1.0,0,196,8.3638,10.1820,5.3931
random,16,fixed,1.0,0,197,-2.7925,-4.6472,-2.1949
random,16,fixed,1.0,0,198,4.4671,1.7622,1.9449
random,16,fixed,1.0,0,199,-5.2143,-5.4047,-1.5950
random,16,fixed,1.0,0,200,-1.9145,-3.2924,-0.5026
random,16,fixed,1.0,0,201,-1.2487,-0.1033,0.3594
random,16,fixed,1.0,0,202,3.7824,2.7337,1.9269
random,16,fixed,1.0,0,203,3.0788,0.9471,0.9546
random,16,fixed,1.0,0,204,-1.6118,-4.2320,-0.9937
random,16,fixed,1.0,0,205,-6.7840,-4.7703,-1.4773
random,16,fixed,1.0,0,206,-2.4630,-1.4242,-0.4750
random,16,fixed,1.0,0,207,9.4486,5.0413,4.3514
random,16,fixed,1.0,0,208,-6.5567,-6.2249,-2.3068
random,16,fixed,1.0,0,209,-18.5173,-15.5207,-5.0320
random,16,fixed,1.0,0,210,-15.0727,-12.1120,-4.1568
random,16,fixed,1.0,0,211,5.7655,1.2052,0.4623
random,16,fixed,1.0,0,212,5.0701,2.1566,2.2499
random,16,fixed,1.0,0,213,-1.6724,-2.9219,-0.2340
random,16,fixed,1.0,0,214,-4.2651,-1.3112,0.6213
random,16,fixed,1.0,0,215,-1.9802,-1.9455,0.3693
random,16,fixed,1.0,0,216,-2.3369,1.0122,0.9059
random,16,fixed,1.0,0,217,1.7648,0.2092,0.7842
random,16,fixed,1.0,0,218,-3.5741,-3.3296,-0.4470
random,16,fixed,1.0,0,219,1.9306,-1.6955,0.2454
random,16,fixed,1.0,0,220,-3.5674,-5.5863,-1.7288
random,16,fixed,1.0,0,221,-5.2840,-2.1961,0.9543
random,16,fixed,1.0,0,222,3.8882,-0.9852,1.4518
random,16,fixed,1.0,0,223,-4.3358,-4.8769,-1.8695
random,16,fixed,1.0,0,224,5.5565,4.8061,2.7241
random,16,fixed,1.0,0,225,2.8861,-2.3828,1.0976
random,16,fixed,1.0,0,226,-4.6277,-5.5151,-0.8810
random,16,fixed,1.0,0,227,3.0487,-1.8809,0.2440
random,16,fixed,1.0,0,228,2.8573,2.7747,3.4477
random,16,fixed,1.0,0,229,-0.5064,-0.2232,0.5361
random,16,fixed,1.0,0,230,-2.4920,-2.6195,-0.1958
random,16,fixed,1.0,0,231,3.0543,0.9788,1.2656
random,16,fixed,1.0,0,232,-3.0399,-6.7441,-2.2982
random,16,fixed,1.0,0,233,2.4398,-3.3636,-0.4761
random,16,fixed,1.0,0,234,-7.5209,-7.7972,-2.4385
random,16,fixed,1.0,0,235,-2.0666,0.3048,1.5084
random,16,fixed,1.0,0,236,-10.9107,-8.2144,-2.6483
random,16,fixed,1.0,0,237,4.0231,1.4218,2.0447
random,16,fixed,1.0,0,238,2.1472,-0.7920,0.9177
random,16,fixed,1.0,0,239,-4.1989,-0.2655,0.5528
random,16,fixed,1.0,0,240,-0.3838,-3.4253,-0.4358
random,16,fixed,1.0,0,241,-3.1348,-5.0294,-1.9317
random,16,fixed,1.0,0,242,5.6089,1.0054,0.4797
random,16,fixed,1.0,0,243,2.3152,1.5016,1.7613
random,16,fixed,1.0,0,244,3.1730,3.6238,2.9199
random,16,fixed,1.0,0,245,-2.6078,-1.2654,-1.2481
random,16,fixed,1.0,0,246,3.7906,2.6547,2.8647
random,16,fixed,1.0,0,247,-1.0363,-1.0074,1.1683
random,16,fixed,1.0,0,248,-7.9518,-7.2720,-2.8082
random,16,fixed,1.0,0,249,2.2948,-0.9153,0.6616
random,16,fixed,1.0,0,250,6.6273,3.3532,2.3359
random,16,fixed,1.0,0,251,2.9264,1.9142,2.3283
random,16,fixed,1.0,0,252,-7.9222,-5.8039,-1.0861
random,16,fixed,1.0,0,253,-1.6798,-3.5591,-0.0054
random,16,fixed,1.0,0,254,-7.6798,-8.2366,-2.3679
random,16,fixed,1.0,0,255,2.3804,-0.9778,-0.5095
random,16,fixed,1.0,0,256,4.6183,4.2088,2.6091
random,16,fixed,1.0,0,257,-5.3190,-5.5772,-1.4834
random,16,fixed,1.0,0,258,-1.9105,-2.9680,0.4741
random,16,fixed,1.0,0,259,-11.5898,-8.1392,-2.3250
random,16,fixed,1.0,0,260,0.2733,0.0109,1.5180
random,16,fixed,1.0,0,261,1.1535,-1.3273,0.0190
random,16,fixed,1.0,0,262,-5.2745,-5.4589,-1.7680
random,16,fixed,1.0,0,263,-7.8692,-7.4883,-2.9963
random,16,fixed,1.0,0,264,2.0183,-2.2238,-0.0677
random,16,fixed,1.0,0,265,-11.8579,-8.7032,-4.1709
random,16,fixed,1.0,0,266,-6.1363,-7.4531,-1.7033
random,16,fixed,1.0,0,267,0.7389,1.0725,1.4802
random,16,fixed,1.0,0,268,-5.6088,-7.5281,-2.8677
random,16,fixed,1.0,0,269,-2.2574,-4.9864,-1.7001
random,16,fixed,1.0,0,270,-0.1061,-1.7208,-0.0370
random,16,fixed,1.0,0,271,-5.7422,-3.3588,-1.4584
random,16,fixed,1.0,0,272,4.9326,3.7134,2.9674
random,16,fixed,1.0,0,273,3.3358,5.1177,3.7093
random,16,fixed,1.0,0,274,-6.3015,-5.6399,-1.2280
random,16,fixed,1.0,0,275,-1.7375,-2.0770,-0.4186
random,16,fixed,1.0,0,276,-1.9175,2.2275,3.4957
random,16,fixed,1.0,0,277,5.2714,4.8848,2.8982
random,16,fixed,1.0,0,278,-2.3661,-1.0993,0.7852
random,16,fixed,1.0,0,279,-0.7952,-3.2604,-1.0584
random,16,fixed,1.0,0,280,-4.3486,-1.1825,-0.6736
random,16,fixed,1.0,0,281,3.6540,-0.9473,1.1439
random,16,fixed,1.0,0,282,-3.9728,-6.4445,-2.0718
random,16,fixed,1.0,0,283,-2.2028,-6.1952,-1.8592
random,16,fixed,1.0,0,284,-15.5913,-8.7722,-0.9849
random,16,fixed,1.0,0,285,-3.1269,-6.1393,-1.6102
random,16,fixed,1.0,0,286,-4.3252,-3.4320,-1.2940
random,16,fixed,1.0,0,287,1.3558,-1.1298,-0.5750
random,16,fixed,1.0,0,288,1.7212,-0.0693,1.2436
random,16,fixed,1.0,0,289,-1.1299,-2.0666,1.5121
random,16,fixed,1.0,0,290,-1.6407,-2.4789,0.2591
random,16,fixed,1.0,0,291,-6.2339,-6.7202,-2.9562
random,16,fixed,1.0,0,292,-8.3880,-7.8582,-3.2565
random,16,fixed,1.0,0,293,-12.1615,-10.5063,-3.8798
random,16,fixed,1.0,0,294,3.7673,-0.5394,0.3313
random,16,fixed,1.0,0,295,0.2401,-4.0418,-0.5730
random,16,fixed,1.0,0,296,1.7750,-0.3507,1.6778
random,16,fixed,1.0,0,297,5.6264,7.3998,3.3078
random,16,fixed,1.0,0,298,2.7497,2.8442,2.8952
random,16,fixed,1.0,0,299,-0.2640,-1.4325,0.1670
random,16,fixed,1.0,0,300,-4.1137,-3.7762,-0.5048
random,16,fixed,1.0,0,301,-4.5067,-5.6601,-0.9549
random,16,fixed,1.0,0,302,-4.3360,0.5305,1.9178
random,16,fixed,1.0,0,303,2.9132,-0.6339,1.9741
random,16,fixed,1.0,0,304,8.2965,5.0567,3.8349
random,16,fixed,1.0,0,305,2.2241,-0.5794,-0.5924
random,16,fixed,1.0,0,306,-7.9167,-7.8719,-3.5215
random,16,fixed,1.0,0,307,-0.9055,-5.0902,-1.9905
random,16,fixed,1.0,0,308,5.1476,-1.3545,0.9432
random,16,fixed,1.0,0,309,-3.5003,0.8522,1.3249
random,16,fixed,1.0,0,310,1.3675,-1.3585,0.8207
random,16,fixed,1.0,0,311,-4.9712,-4.5094,-1.2268
random,16,fixed,1.0,0,312,-5.8052,-0.0027,0.7942
random,16,fixed,1.0,0,313,-2.9126,-4.2078,-0.6305
random,16,fixed,1.0,0,314,-6.8404,1.4377,0.7597
random,16,fixed,1.0,0,315,3.3765,1.9084,1.1380
random,16,fixed,1.0,0,316,-2.5654,-3.5987,-0.6525
random,16,fixed,1.0,0,317,-4.6781,-8.7593,-2.6015
random,16,fixed,1.0,0,318,4.3656,7.7656,6.2513
random,16,fixed,1.0,0,319,-9.6158,-6.7327,-0.9621
random,16,fixed,1.0,0,320,5.0526,-0.4259,0.3325
random,16,fixed,1.0,0,321,1.0801,0.7388,1.7932
random,16,fixed,1.0,0,322,6.0090,3.8425,1.4094
random,16,fixed,1.0,0,323,2.3408,-0.3366,0.1284
random,16,fixed,1.0,0,324,5.1433,2.1764,1.4779
random,16,fixed,1.0,0,325,-2.7460,-4.2907,-0.3377
random,16,fixed,1.0,0,326,-3.8767,-0.5743,0.6412
random,16,fixed,1.0,0,327,4.1055,0.7710,2.2712
random,16,fixed,1.0,0,328,3.7788,-1.3478,0.2184
random,16,fixed,1.0,0,329,-1.7837,-4.4300,0.0060
random,16,fixed,1.0,0,330,-7.0443,-5.8473,-2.4165
random,16,fixed,1.0,0,331,5.2439,9.7678,4.7854
random,16,fixed,1.0,0,332,-0.4950,1.4886,1.0734
random,16,fixed,1.0,0,333,-8.5193,-6.9015,-2.5164
random,16,fixed,1.0,0,334,0.7940,0.6965,2.0946
random,16,fixed,1.0,0,335,3.8606,5.1107,3.7703
random,16,fixed,1.0,0,336,-3.5522,-3.0624,-0.1628
random,16,fixed,1.0,0,337,-3.6618,-7.7621,-3.2506
random,16,fixed,1.0,0,338,-6.8951,-6.3778,-2.6937
random,16,fixed,1.0,0,339,4.4870,3.0527,2.8544
random,16,fixed,1.0,0,340,-0.9791,-3.0849,0.8266
random,16,fixed,1.0,0,341,7.2465,0.8227,1.2224
random,16,fixed,1.0,0,342,-1.3297,-4.0958,-0.7297
random,16,fixed,1.0,0,343,-3.8679,-4.2945,-0.6673
random,16,fixed,1.0,0,344,0.1172,-0.2908,1.1903
random,16,fixed,1.0,0,345,2.5324,-0.4729,1.3626
random,16,fixed,1.0,0,346,6.1298,6.6294,3.3378
random,16,fixed,1.0,0,347,-12.2058,-11.6586,-5.0510
random,16,fixed,1.0,0,348,-10.3267,-8.0438,-2.8038
random,16,fixed,1.0,0,349,0.6644,-1.1050,0.9994
random,16,fixed,1.0,0,350,8.0624,3.9208,2.4710
random,16,fixed,1.0,0,351,-4.9421,-5.7751,-1.3152
random,16,fixed,1.0,0,352,0.1958,-4.0707,-1.3655
random,16,fixed,1.0,0,353,0.2755,0.5307,-0.0252
random,16,fixed,1.0,0,354,-4.2341,-1.0331,1.1243
random,16,fixed,1.0,0,355,2.9587,4.0934,2.9524
random,16,fixed,1.0,0,356,7.3826,3.3239,2.3464
random,16,fixed,1.0,0,357,-4.5047,-1.5618,-0.2910
random,16,fixed,1.0,0,358,1.6619,-2.0425,0.2800
random,16,fixed,1.0,0,359,-4.0506,-2.6618,-0.5713
random,16,fixed,1.0,0,360,-4.3391,-2.3492,1.7456
random,16,fixed,1.0,0,361,1.3642,-3.2382,0.8263
random,16,fixed,1.0,0,362,-8.3075,-9.2577,-4.0564
random,16,fixed,1.0,0,363,0.1875,0.4867,1.5375
random,16,fixed,1.0,0,364,4.9559,4.0222,3.9524
random,16,fixed,1.0,0,365,-4.8999,-5.8005,-2.0242
random,16,fixed,1.0,0,366,-0.9565,-2.7252,0.2152
random,16,fixed,1.0,0,367,9.0881,11.4862,5.5801
random,16,fixed,1.0,0,368,-0.5827,-2.2967,0.0531
random,16,fixed,1.0,0,369,-2.3863,-5.0766,0.0037
random,16,fixed,1.0,0,370,-4.5903,-3.2446,-1.3347
random,16,fixed,1.0,0,371,2.9771,0.7534,0.9220
random,16,fixed,1.0,0,372,-2.7512,-2.7896,-0.4864
random,16,fixed,1.0,0,373,-10.1388,-11.2940,-3.4622
random,16,fixed,1.0,0,374,4.2401,0.3690,0.8896
random,16,fixed,1.0,0,375,-8.2007,-5.4608,-1.5928
random,16,fixed,1.0,0,376,-11.3480,-11.1458,-4.8623
random,16,fixed,1.0,0,377,-2.8871,-4.3863,-0.3481
random,16,fixed,1.0,0,378,-1.3947,2.0424,1.7537
random,16,fixed,1.0,0,379,-1.0857,2.5236,2.2936
random,16,fixed,1.0,0,380,1.0775,-1.2931,-0.2609
random,16,fixed,1.0,0,381,-2.9389,-1.4883,0.3770
random,16,fixed,1.0,0,382,-5.6546,-2.9518,-0.2218
random,16,fixed,1.0,0,383,0.9658,-1.3090,-0.2691
random,16,fixed,1.0,0,384,4.5236,1.6010,2.3068
random,16,fixed,1.0,0,385,2.3022,-0.3562,0.4964
random,16,fixed,1.0,0,386,-9.3397,-5.0709,-2.8155
random,16,fixed,1.0,0,387,-7.3467,-6.5114,-1.3454
random,16,fixed,1.0,0,388,-14.1515,-9.9897,-3.7871
random,16,fixed,1.0,0,389,-10.0494,-6.2335,-1.6689
random,16,fixed,1.0,0,390,-7.3531,-3.2899,-1.4122
random,16,fixed,1.0,0,391,3.1292,5.4458,2.9029
random,16,fixed,1.0,0,392,-4.4947,-3.3751,0.1040
random,16,fixed,1.0,0,393,-1.2936,-0.6946,0.8937
random,16,fixed,1.0,0,394,-8.7391,-7.6864,-1.2741
random,16,fixed,1.0,0,395,-8.6447,-8.6519,-2.7868
random,16,fixed,1.0,0,396,-13.2797,-12.0573,-3.8893
random,16,fixed,1.0,0,397,4.3513,0.5791,2.2416
random,16,fixed,1.0,0,398,-0.4858,-0.4516,0.4010
random,16,fixed,1.0,0,399,0.5406,-0.9619,0.6049
random,16,fixed,1.0,0,400,-2.6794,-4.6558,-3.0758
random,16,fixed,1.0,0,401,-6.1219,-7.8921,-2.4587
random,16,fixed,1.0,0,402,-3.0771,-7.0473,-2.2786
random,16,fixed,1.0,0,403,-3.5447,-3.8065,-1.3192
random,16,fixed,1.0,0,404,-8.5183,-2.9252,0.3566
random,16,fixed,1.0,0,405,-3.7470,-6.4822,-1.6254
random,16,fixed,1.0,0,406,0.9983,-1.4087,0.9819
random,16,fixed,1.0,0,407,0.8400,-0.2980,0.3095
random,16,fixed,1.0,0,408,-4.5538,-3.8666,-0.5269
random,16,fixed,1.0,0,409,1.8258,-0.3077,1.1531
random,16,fixed,1.0,0,410,-7.6576,-5.0376,-1.6685
random,16,fixed,1.0,0,411,4.1473,0.9439,1.6310
random,16,fixed,1.0,0,412,0.0405,-0.5551,0.0529
random,16,fixed,1.0,0,413,-4.5077,-1.5207,0.0418
random,16,fixed,1.0,0,414,-7.1070,-5.8545,-0.7809
random,16,fixed,1.0,0,415,4.7432,1.6294,1.1852
random,16,fixed,1.0,0,416,-3.0148,-1.1994,0.3599
random,16,fixed,1.0,0,417,0.4364,-0.3493,0.2027
random,16,fixed,1.0,0,418,-2.2701,-4.0766,-1.2392
random,16,fixed,1.0,0,419,5.4863,2.7166,3.1255
random,16,fixed,1.0,0,420,-4.2348,-3.6297,0.3861
random,16,fixed,1.0,0,421,0.1578,-3.2861,-1.3664
random,16,fixed,1.0,0,422,0.7304,-0.6063,0.1775
random,16,fixed,1.0,0,423,-1.7673,1.2828,1.7905
random,16,fixed,1.0,0,424,0.0775,-2.5811,-0.8250
random,16,fixed,1.0,0,425,-4.8384,-5.7684,-1.9544
random,16,fixed,1.0,0,426,-1.2293,-3.2434,-0.1776
random,16,fixed,1.0,0,427,5.6260,4.2957,2.6617
random,16,fixed,1.0,0,428,-14.2756,-12.1494,-4.4934
random,16,fixed,1.0,0,429,-8.3644,-5.4325,-0.5593
random,16,fixed,1.0,0,430,4.7707,1.2785,1.4944
random,16,fixed,1.0,0,431,-6.7084,-5.3841,-1.7703
random,16,fixed,1.0,0,432,-3.4478,-4.9768,-1.8169
random,16,fixed,1.0,0,433,-3.6665,-5.0186,-0.4315
random,16,fixed,1.0,0,434,0.5725,3.6535,1.4761
random,16,fixed,1.0,0,435,2.4634,2.3672,1.6492
random,16,fixed,1.0,0,436,-2.0725,-3.0473,-1.1845
random,16,fixed,1.0,0,437,-2.9232,-0.7509,1.0224
random,16,fixed,1.0,0,438,2.0479,1.1765,2.4101
random,16,fixed,1.0,0,439,-12.9310,-5.6640,-1.2418
random,16,fixed,1.0,0,440,-6.1250,-5.6811,-2.4159
random,16,fixed,1.0,0,441,-3.1725,-0.8447,-0.2934
random,16,fixed,1.0,0,442,-11.3263,-12.0679,-4.0677
random,16,fixed,1.0,0,443,-4.0885,-5.3896,-0.8171
random,16,fixed,1.0,0,444,-2.2753,-1.8250,0.5872
random,16,fixed,1.0,0,445,2.0710,-2.0242,-0.1147
random,16,fixed,1.0,0,446,-2.3980,-4.8152,-1.6132
random,16,fixed,1.0,0,447,4.2031,2.2273,1.2623
random,16,fixed,1.0,0,448,-11.2228,-8.8018,-2.8799
random,16,fixed,1.0,0,449,-5.3949,-5.4887,-0.7652
random,16,fixed,1.0,0,450,-5.3433,-6.4993,-1.3522
random,16,fixed,1.0,0,451,-2.8049,-1.1261,1.4270
random,16,fixed,1.0,0,452,-3.9563,-4.9797,-2.0656
random,16,fixed,1.0,0,453,-4.8191,-2.9604,-0.3841
random,16,fixed,1.0,0,454,4.7290,5.3254,3.3470
random,16,fixed,1.0,0,455,-8.6142,-10.6474,-3.1131
random,16,fixed,1.0,0,456,-11.1391,-10.4664,-3.1448
random,16,fixed,1.0,0,457,-1.6820,-3.6704,-0.5932
random,16,fixed,1.0,0,458,-2.3634,-3.5206,0.1655
random,16,fixed,1.0,0,459,-8.0131,-5.4074,0.3182
random,16,fixed,1.0,0,460,-0.6089,-5.5819,-1.7099
random,16,fixed,1.0,0,461,2.8180,1.1676,1.6419
random,16,fixed,1.0,0,462,-2.9661,-2.2959,0.7825
random,16,fixed,1.0,0,463,6.5078,5.1670,2.4771
random,16,fixed,1.0,0,464,-0.7744,-5.8459,-2.5256
random,16,fixed,1.0,0,465,-5.5436,-4.5163,0.8904
random,16,fixed,1.0,0,466,-1.3463,0.6097,1.5206
random,16,fixed,1.0,0,467,-2.8087,-4.2212,-1.7152
random,16,fixed,1.0,0,468,-2.1813,-0.9888,0.7281
random,16,fixed,1.0,0,469,-0.9740,-2.6991,0.2069
random,16,fixed,1.0,0,470,-5.8710,-6.4490,-1.1644
random,16,fixed,1.0,0,471,-8.9504,-10.7796,-3.5266
random,16,fixed,1.0,0,472,-0.6252,-2.2052,1.0101
random,16,fixed,1.0,0,473,0.4242,-2.8722,-0.3449
random,16,fixed,1.0,0,474,-7.7053,-10.6746,-3.6504
random,16,fixed,1.0,0,475,-6.6924,-7.8168,-1.7339
random,16,fixed,1.0,0,476,-8.6586,-7.4828,-3.3582
random,16,fixed,1.0,0,477,1.4051,0.1941,0.9297
random,16,fixed,1.0,0,478,2.3390,-0.7352,0.5644
random,16,fixed,1.0,0,479,2.5480,-1.9053,0.2812
random,16,fixed,1.0,0,480,-6.5284,-4.8862,-1.8295
random,16,fixed,1.0,0,481,-1.7085,-3.4431,-0.7755
random,16,fixed,1.0,0,482,-5.4462,-7.9971,-3.2443
random,16,fixed,1.0,0,483,6.9508,3.7074,2.9645
random,16,fixed,1.0,0,484,-5.1796,-6.9995,-3.1881
random,16,fixed,1.0,0,485,-1.0262,-1.9405,-0.1605
random,16,fixed,1.0,0,486,-7.9724,-5.5608,-2.4230
random,16,fixed,1.0,0,487,0.8756,-3.8105,-0.8455
random,16,fixed,1.0,0,488,2.1969,0.5709,1.1755
random,16,fixed,1.0,0,489,5.2231,2.3099,3.7355
random,16,fixed,1.0,0,490,-10.0238,-7.7617,-2.2705
random,16,fixed,1.0,0,491,-2.4211,-5.7646,-2.0773
random,16,fixed,1.0,0,492,-9.9018,-9.0279,-2.5282
random,16,fixed,1.0,0,493,6.2323,4.2192,1.2745
random,16,fixed,1.0,0,494,-0.7480,-3.5018,-1.9456
random,16,fixed,1.0,0,495,-8.9697,-6.9467,-2.2445
random,16,fixed,1.0,0,496,2.8776,0.8190,1.1267
random,16,fixed,1.0,0,497,-4.0248,-1.4260,0.2962
random,16,fixed,1.0,0,498,5.8963,2.1867,1.5619
random,16,fixed,1.0,0,499,-4.8363,-5.9745,-1.1028
random,16,fixed,1.0,0,500,-0.7146,-0.5142,0.7061
random,16,fixed,1.0,0,501,-4.2626,-4.0473,-1.3823
random,16,fixed,1.0,0,502,4.4123,1.3725,2.2437
random,16,fixed,1.0,0,503,-0.1239,-4.7883,-1.0639
random,16,fixed,1.0,0,504,-2.2225,-3.9522,-1.4948
random,16,fixed,1.0,0,505,0.4910,5.7790,3.6678
random,16,fixed,1.0,0,506,0.6383,-3.7581,-0.1044
random,16,fixed,1.0,0,507,-3.9021,-3.9774,-0.8248
random,16,fixed,1.0,0,508,-21.0083,-14.0734,-5.7707
random,16,fixed,1.0,0,509,3.6583,-2.0454,-0.0634
random,16,fixed,1.0,0,510,-0.5853,-1.1205,0.8674
random,16,fixed,1.0,0,511,-8.4389,-7.9395,-1.7974
random,16,fixed,1.0,0,512,4.2278,1.7425,2.5748
random,16,fixed,1.0,0,513,5.7599,1.7150,1.3916
random,16,fixed,1.0,0,514,3.2228,-0.7781,-0.1519
random,16,fixed,1.0,0,515,4.9362,1.5302,2.2860
random,16,fixed,1.0,0,516,-5.2276,-3.9291,-1.0698
random,16,fixed,1.0,0,517,-3.5214,-4.5236,-0.7634
random,16,fixed,1.0,0,518,-0.9263,0.8981,1.1364
random,16,fixed,1.0,0,519,-6.7769,-8.0433,-2.0705
random,16,fixed,1.0,0,520,-7.9605,-8.4840,-2.7371
random,16,fixed,1.0,0,521,-8.2146,-7.1139,-2.6187
random,16,fixed,1.0,0,522,6.3903,3.4534,2.5672
random,16,fixed,1.0,0,523,-7.3082,-5.1073,-1.5300
random,16,fixed,1.0,0,524,-1.4866,-5.2878,-1.3001
random,16,fixed,1.0,0,525,-2.9026,-2.3386,0.9517
random,16,fixed,1.0,0,526,-4.6235,-5.3942,-1.1453
random,16,fixed,1.0,0,527,-2.1182,-6.0026,-1.9958
random,16,fixed,1.0,0,528,4.3755,1.1383,1.5686
random,16,fixed,1.0,0,529,-1.6618,0.3273,1.6603
random,16,fixed,1.0,0,530,-3.1894,2.0618,1.9895
random,16,fixed,1.0,0,531,0.4695,-0.9249,0.6926
random,16,fixed,1.0,0,532,-0.0851,-1.5350,-0.4265
random,16,fixed,1.0,0,533,0.7837,-2.0932,-0.5343
random,16,fixed,1.0,0,534,-9.0537,-4.8454,-1.2839
random,16,fixed,1.0,0,535,-2.9536,-5.0707,-2.2667
random,16,fixed,1.0,0,536,-6.5532,-1.0476,0.3230
random,16,fixed,1.0,0,537,-6.5876,-6.5371,-1.8168
random,16,fixed,1.0,0,538,1.4959,3.7282,1.8941
random,16,fixed,1.0,0,539,-3.2177,-3.4927,-1.0343
random,16,fixed,1.0,0,540,2.5171,-0.1590,0.3737
random,16,fixed,1.0,0,541,-7.3420,-8.4898,-3.1699
random,16,fixed,1.0,0,542,1.7872,1.3796,2.3381
random,16,fixed,1.0,0,543,-3.5336,-4.5706,-0.4898
random,16,fixed,1.0,0,544,-6.4006,-4.4760,-2.2067
random,16,fixed,1.0,0,545,-2.0582,-6.0777,-1.2174
random,16,fixed,1.0,0,546,-2.3388,-2.4174,0.3116
random,16,fixed,1.0,0,547,2.9567,3.3740,3.6821
random,16,fixed,1.0,0,548,-0.4719,-3.4265,-0.9468
random,16,fixed,1.0,0,549,4.3951,-0.6358,1.0448
random,16,fixed,1.0,0,550,2.2007,0.0524,1.4890
random,16,fixed,1.0,0,551,-1.1331,-1.5047,-0.3259
random,16,fixed,1.0,0,552,7.7400,7.3341,3.6146
random,16,fixed,1.0,0,553,4.8360,0.2331,0.8873
random,16,fixed,1.0,0,554,0.7294,-1.3161,-0.2656
random,16,fixed,1.0,0,555,-3.3010,-3.7076,-0.8755
random,16,fixed,1.0,0,556,-0.6529,1.8910,1.6902
random,16,fixed,1.0,0,557,-1.2816,-2.9395,-0.2699
random,16,fixed,1.0,0,558,-2.7729,0.6999,1.4349
random,16,fixed,1.0,0,559,2.1880,3.5791,1.8825
random,16,fixed,1.0,0,560,-14.2387,-12.8916,-4.5607
random,16,fixed,1.0,0,561,-4.9975,-5.0421,0.1681
random,16,fixed,1.0,0,562,7.7014,5.7725,4.3330
random,16,fixed,1.0,0,563,-1.9780,-3.1530,-0.1529
random,16,fixed,1.0,0,564,0.7183,-0.1739,1.3298
random,16,fixed,1.0,0,565,-10.7018,-7.2547,-2.1859
random,16,fixed,1.0,0,566,-4.6759,-8.3539,-2.4773
random,16,fixed,1.0,0,567,1.4229,0.6509,0.5553
random,16,fixed,1.0,0,568,1.1445,3.4889,3.2512
random,16,fixed,1.0,0,569,0.9048,-0.5086,-0.2381
random,16,fixed,1.0,0,570,-6.1618,-4.4552,-1.4473
random,16,fixed,1.0,0,571,-0.4758,-2.2982,0.6612
random,16,fixed,1.0,0,572,-1.5336,-0.4470,0.3665
random,16,fixed,1.0,0,573,2.5637,-0.0840,0.4968
random,16,fixed,1.0,0,574,-6.8528,-5.8452,-2.0660
random,16,fixed,1.0,0,575,-2.3178,-5.6306,-1.4310
random,16,fixed,1.0,0,576,2.3579,-0.5878,-0.6523
random,16,fixed,1.0,0,577,-2.7953,-2.7002,-0.1502
random,16,fixed,1.0,0,578,0.2807,0.5675,1.5124
random,16,fixed,1.0,0,579,-4.9691,1.0459,1.6481
random,16,fixed,1.0,0,580,-2.7938,-4.3844,-0.7391
random,16,fixed,1.0,0,581,-21.3686,-17.1216,-7.0673
random,16,fixed,1.0,0,582,-1.2337,-2.9854,0.9945
random,16,fixed,1.0,0,583,-12.8401,-10.6343,-3.8706
random,16,fixed,1.0,0,584,1.1697,0.2930,1.6697
random,16,fixed,1.0,0,585,3.2926,0.7469,0.9504
random,16,fixed,1.0,0,586,-3.3790,3.9579,1.7136
random,16,fixed,1.0,0,587,1.2336,-0.3773,0.8835
random,16,fixed,1.0,0,588,-9.8630,-6.6980,-1.3973
random,16,fixed,1.0,0,589,-2.0859,-5.5003,-1.6314
random,16,fixed,1.0,0,590,-9.5061,-9.0320,-2.2735
random,16,fixed,1.0,0,591,-5.8961,-5.1871,-1.0320
random,16,fixed,1.0,0,592,0.0096,0.5506,0.4829
random,16,fixed,1.0,0,593,9.4749,10.4345,7.2104
random,16,fixed,1.0,0,594,-1.8027,-1.7564,-0.3320
random,16,fixed,1.0,0,595,-9.4061,-8.4494,-3.0478
random,16,fixed,1.0,0,596,-4.4434,-1.1883,2.4348
random,16,fixed,1.0,0,597,-6.2155,-10.4558,-4.9370
random,16,fixed,1.0,0,598,-5.2801,-3.9263,-1.2341
random,16,fixed,1.0,0,599,-5.9334,-7.5701,-2.4096
random,16,fixed,1.0,0,600,-0.7367,-3.9975,-1.7008
random,16,fixed,1.0,0,601,-7.2153,-6.6021,-2.4382
random,16,fixed,1.0,0,602,-3.9106,2.5174,4.4261
random,16,fixed,1.0,0,603,-3.5000,-3.6235,-1.2760
random,16,fixed,1.0,0,604,-8.7412,-6.9626,-2.9995
random,16,fixed,1.0,0,605,-3.9980,-3.7360,-0.1371
random,16,fixed,1.0,0,606,-3.9655,-7.1066,-2.9567
random,16,fixed,1.0,0,607,2.9311,3.3779,3.8376
random,16,fixed,1.0,0,608,6.8250,4.0582,2.4718
random,16,fixed,1.0,0,609,4.5647,1.0606,2.2027
random,16,fixed,1.0,0,610,3.3273,2.5247,3.6746
random,16,fixed,1.0,0,611,-10.6214,-5.3992,0.5673
random,16,fixed,1.0,0,612,-7.1867,-4.7462,-1.2122
random,16,fixed,1.0,0,613,-6.8215,-6.0210,-2.9800
random,16,fixed,1.0,0,614,-8.8080,-5.5603,-1.2978
random,16,fixed,1.0,0,615,-2.2212,-1.4484,0.7954
random,16,fixed,1.0,0,616,0.5949,1.3448,1.9624
random,16,fixed,1.0,0,617,-4.0295,-3.9208,-0.4456
random,16,fixed,1.0,0,618,7.2420,5.0825,3.7103
random,16,fixed,1.0,0,619,-6.7679,-8.0866,-3.3119
random,16,fixed,1.0,0,620,-16.0135,-11.6694,-4.6020
random,16,fixed,1.0,0,621,-7.7611,-7.6230,-2.9442
random,16,fixed,1.0,0,622,2.2880,-0.9965,0.4301
random,16,fixed,1.0,0,623,-5.7120,0.1125,0.3491
random,16,fixed,1.0,0,624,-5.6757,-1.1987,1.6341
random,16,fixed,1.0,0,625,-6.7280,-5.4742,-0.5944
random,16,fixed,1.0,0,626,3.7100,7.0921,3.0102
random,16,fixed,1.0,0,627,-4.6778,-5.1422,-1.4883
random,16,fixed,1.0,0,628,-6.5171,-5.6880,-2.5320
random,16,fixed,1.0,0,629,-9.2326,-13.9562,-5.0242
random,16,fixed,1.0,0,630,-6.1645,-4.6199,-1.5690
random,16,fixed,1.0,0,631,2.2221,0.4120,0.5342
random,16,fixed,1.0,0,632,0.3392,4.1726,3.0419
random,16,fixed,1.0,0,633,-8.8257,-9.8770,-3.5735
random,16,fixed,1.0,0,634,3.0646,3.1930,3.2597
random,16,fixed,1.0,0,635,5.2925,2.6137,2.0499
random,16,fixed,1.0,0,636,3.2218,0.2607,1.6809
random,16,fixed,1.0,0,637,-5.5606,-3.1929,-0.9884
random,16,fixed,1.0,0,638,-5.8899,-4.9879,-1.9379
random,16,fixed,1.0,0,639,-1.5180,-5.7706,-2.0135
random,16,fixed,1.0,0,640,0.2313,-2.2006,1.0486
random,16,fixed,1.0,0,641,-1.3637,-1.0309,0.5591
random,16,fixed,1.0,0,642,7.5264,6.4756,5.0368
random,16,fixed,1.0,0,643,0.4653,5.0416,2.6621
random,16,fixed,1.0,0,644,-3.1077,-3.0425,0.5982
random,16,fixed,1.0,0,645,0.5474,-0.0260,1.5444
random,16,fixed,1.0,0,646,3.4592,3.6899,2.5558
random,16,fixed,1.0,0,647,-6.3038,-6.2748,-1.8903
random,16,fixed,1.0,0,648,8.1494,4.3006,1.7120
random,16,fixed,1.0,0,649,-3.4165,-4.5611,-1.8527
random,16,fixed,1.0,0,650,5.2671,3.8757,3.0662
random,16,fixed,1.0,0,651,3.1518,2.7242,3.3078
random,16,fixed,1.0,0,652,-2.0942,-5.1610,-0.8920
random,16,fixed,1.0,0,653,-1.3906,-1.7543,0.4835
random,16,fixed,1.0,0,654,2.2078,-2.8655,-0.8903
random,16,fixed,1.0,0,655,-1.5405,0.9222,1.1513
random,16,fixed,1.0,0,656,-7.5987,-5.7040,-2.1965
random,16,fixed,1.0,0,657,0.9634,-2.9567,-0.5978
random,16,fixed,1.0,0,658,1.2802,-1.9242,0.4363
random,16,fixed,1.0,0,659,2.1895,3.1045,2.9035
random,16,fixed,1.0,0,660,-7.6916,-4.8877,-0.9003
random,16,fixed,1.0,0,661,0.7969,-1.0182,0.0773
random,16,fixed,1.0,0,662,0.0807,-1.5201,0.0630
random,16,fixed,1.0,0,663,0.6613,0.7848,1.3639
random,16,fixed,1.0,0,664,-4.8997,-5.4133,-2.5009
random,16,fixed,1.0,0,665,-1.9909,-3.2447,0.0783
random,16,fixed,1.0,0,666,-1.9265,-4.2349,-1.1002
random,16,fixed,1.0,0,667,-6.5191,-6.8235,-2.7068
random,16,fixed,1.0,0,668,0.8047,-0.8865,0.2776
random,16,fixed,1.0,0,669,1.1785,-1.3161,0.1056
random,16,fixed,1.0,0,670,8.0201,8.4441,5.6190
random,16,fixed,1.0,0,671,3.0996,10.4784,5.7054
random,16,fixed,1.0,0,672,0.3542,0.9940,1.2051
random,16,fixed,1.0,0,673,-0.0992,-0.1326,0.8242
random,16,fixed,1.0,0,674,-2.0974,-4.2685,0.1932
random,16,fixed,1.0,0,675,-3.9287,-3.6630,-0.4706
random,16,fixed,1.0,0,676,-0.9025,-3.3210,-0.9183
random,16,fixed,1.0,0,677,-10.2960,-6.1368,-1.0694
random,16,fixed,1.0,0,678,4.2270,-1.9444,0.7155
random,16,fixed,1.0,0,679,-2.3336,-3.8728,-0.8198
random,16,fixed,1.0,0,680,-3.6228,-3.1889,-0.4598
random,16,fixed,1.0,0,681,2.1669,1.3185,1.2001
random,16,fixed,1.0,0,682,5.3109,2.8938,2.7269
random,16,fixed,1.0,0,683,-4.8684,-5.6433,-2.1386
random,16,fixed,1.0,0,684,3.4110,3.7645,2.7486
random,16,fixed,1.0,0,685,-2.1254,-2.1138,0.1240
random,16,fixed,1.0,0,686,-1.7172,-0.2392,1.1439
random,16,fixed,1.0,0,687,-6.7710,-5.5941,-1.0887
random,16,fixed,1.0,0,688,-1.7981,-4.9967,-0.8102
random,16,fixed,1.0,0,689,-3.3613,-1.0802,-0.1294
random,16,fixed,1.0,0,690,-3.8211,-0.4199,0.8060
random,16,fixed,1.0,0,691,-4.0719,-1.8737,0.0760
random,16,fixed,1.0,0,692,-2.4917,-4.2396,-2.2953
random,16,fixed,1.0,0,693,0.6699,0.0519,0.4890
random,16,fixed,1.0,0,694,-2.6497,-2.4915,-0.7002
random,16,fixed,1.0,0,695,6.7450,4.8915,1.9616
random,16,fixed,1.0,0,696,4.3488,0.8472,1.7381
random,16,fixed,1.0,0,697,-2.1331,-4.9398,-0.5940
random,16,fixed,1.0,0,698,1.7433,1.9035,2.5290
random,16,fixed,1.0,0,699,-2.5860,1.1962,2.0664
random,16,fixed,1.0,0,700,-3.4685,-5.4250,-1.5298
random,16,fixed,1.0,0,701,4.9522,3.4048,2.2390
random,16,fixed,1.0,0,702,-9.9310,-9.3363,-4.3281
random,16,fixed,1.0,0,703,-1.5423,-3.0969,0.0088
random,16,fixed,1.0,0,704,-3.2506,-1.8804,0.7822
random,16,fixed,1.0,0,705,-8.0618,-8.2177,-2.4443
random,16,fixed,1.0,0,706,-10.6680,-6.6111,-2.6284
random,16,fixed,1.0,0,707,-3.9845,-4.2779,0.2733
random,16,fixed,1.0,0,708,8.3612,7.7955,4.9838
random,16,fixed,1.0,0,709,-8.9644,-8.0937,-1.7364
random,16,fixed,1.0,0,710,1.2885,-0.3636,-0.1368
random,16,fixed,1.0,0,711,12.7516,10.7749,5.8955
random,16,fixed,1.0,0,712,7.5502,4.8903,4.1468
random,16,fixed,1.0,0,713,-2.2590,-3.6765,-0.8510
random,16,fixed,1.0,0,714,-14.5683,-10.0078,-3.2621
random,16,fixed,1.0,0,715,1.2354,-0.5745,-0.1058
random,16,fixed,1.0,0,716,1.7429,4.9463,3.2227
random,16,fixed,1.0,0,717,3.6570,-0.2999,1.3756
random,16,fixed,1.0,0,718,1.0498,-3.8545,-1.7543
random,16,fixed,1.0,0,719,-4.0578,-2.3639,-0.9287
random,16,fixed,1.0,0,720,-3.9465,-4.8279,-0.4586
random,16,fixed,1.0,0,721,3.1117,0.8338,1.8721
random,16,fixed,1.0,0,722,3.8260,3.8542,3.4397
random,16,fixed,1.0,0,723,-0.7200,-1.4285,-0.6990
random,16,fixed,1.0,0,724,-2.9506,-3.1759,-0.3258
random,16,fixed,1.0,0,725,-5.2963,-7.2317,-2.3070
random,16,fixed,1.0,0,726,-6.2043,-8.3674,-3.5877
random,16,fixed,1.0,0,727,-0.3752,-2.9289,0.6745
random,16,fixed,1.0,0,728,-2.6113,-4.0411,-0.8946
random,16,fixed,1.0,0,729,5.0198,4.3961,1.8411
random,16,fixed,1.0,0,730,-3.9798,-1.4294,-0.4382
random,16,fixed,1.0,0,731,-0.8918,-0.0010,-0.3734
random,16,fixed,1.0,0,732,1.2696,0.3301,1.8683
random,16,fixed,1.0,0,733,1.5840,0.3138,1.4990
random,16,fixed,1.0,0,734,-5.3034,-4.1468,-1.3920
random,16,fixed,1.0,0,735,-9.5630,-5.6715,0.5275
random,16,fixed,1.0,0,736,3.2715,0.4831,1.6215
random,16,fixed,1.0,0,737,1.8893,0.8763,0.5927
random,16,fixed,1.0,0,738,-5.1411,-7.1393,-2.5103
random,16,fixed,1.0,0,739,0.1723,1.0578,0.7426
random,16,fixed,1.0,0,740,-5.1101,-3.3214,0.6307
random,16,fixed,1.0,0,741,-0.5729,-1.0094,-0.1675
random,16,fixed,1.0,0,742,-0.4687,-0.9039,0.3329
random,16,fixed,1.0,0,743,-3.4549,-1.3046,1.5184
random,16,fixed,1.0,0,744,-14.7285,-10.0231,-4.4506
random,16,fixed,1.0,0,745,-0.1510,-2.1060,-0.0099
random,16,fixed,1.0,0,746,-9.8087,-10.4936,-3.9915
random,16,fixed,1.0,0,747,0.3411,-0.4286,0.3710
random,16,fixed,1.0,0,748,2.8133,-1.4454,0.6746
random,16,fixed,1.0,0,749,0.7163,2.8034,2.3578
random,16,fixed,1.0,0,750,-4.9316,-8.4867,-1.7759
random,16,fixed,1.0,0,751,-3.3367,-5.5174,-0.2208
random,16,fixed,1.0,0,752,-5.1788,-4.2075,-1.6760
random,16,fixed,1.0,0,753,-1.7061,-1.9465,0.2679
random,16,fixed,1.0,0,754,-0.6367,1.0395,2.3598
random,16,fixed,1.0,0,755,-9.1695,-9.1241,-3.1400
random,16,fixed,1.0,0,756,5.5675,5.3141,4.5655
random,16,fixed,1.0,0,757,-2.7526,-3.2393,-0.4461
random,16,fixed,1.0,0,758,4.2484,3.7985,2.5871
random,16,fixed,1.0,0,759,0.5744,-5.5132,-1.2966
random,16,fixed,1.0,0,760,-0.6741,-1.8100,0.6729
random,16,fixed,1.0,0,761,-1.6239,-1.0496,0.3797
random,16,fixed,1.0,0,762,-3.5476,-5.4198,-1.3566
random,16,fixed,1.0,0,763,-2.4254,-5.6847,-1.6734
random,16,fixed,1.0,0,764,3.7728,1.1061,1.3815
random,16,fixed,1.0,0,765,-2.0208,-2.6543,0.0425
random,16,fixed,1.0,0,766,-0.0387,-1.2623,1.3358
random,16,fixed,1.0,0,767,-14.9770,-13.2483,-5.4899
random,16,fixed,1.0,0,768,7.2023,3.8869,3.5786
random,16,fixed,1.0,0,769,-10.4456,-5.9081,-1.3820
random,16,fixed,1.0,0,770,-6.7805,-7.2865,-2.1862
random,16,fixed,1.0,0,771,-6.8536,-5.4415,-0.2469
random,16,fixed,1.0,0,772,-5.7919,-7.2287,-1.6801
random,16,fixed,1.0,0,773,-3.4144,-1.9768,-0.8006
random,16,fixed,1.0,0,774,6.0543,1.4592,3.7947
random,16,fixed,1.0,0,775,-6.2144,-5.4754,-1.9144
random,16,fixed,1.0,0,776,-2.8161,-2.3275,0.6326
random,16,fixed,1.0,0,777,9.2021,12.8940,6.7464
random,16,fixed,1.0,0,778,-0.7947,-1.9570,0.2809
random,16,fixed,1.0,0,779,-3.9020,-4.4641,-1.4424
random,16,fixed,1.0,0,780,-1.6470,-0.0427,0.3111
random,16,fixed,1.0,0,781,-2.9898,-2.5849,-0.2603
random,16,fixed,1.0,0,782,-0.8017,0.6089,1.0740
random,16,fixed,1.0,0,783,2.7199,-0.2683,0.6671
random,16,fixed,1.0,0,784,3.8164,1.7246,2.4363
random,16,fixed,1.0,0,785,-0.1585,-1.2127,0.6184
random,16,fixed,1.0,0,786,5.4517,5.7562,3.9670
random,16,fixed,1.0,0,787,1.8190,-0.7184,-0.1841
random,16,fixed,1.0,0,788,2.0509,-3.6009,-1.4610
random,16,fixed,1.0,0,789,-2.9608,-2.7445,-0.2871
random,16,fixed,1.0,0,790,2.5367,1.5532,1.6799
random,16,fixed,1.0,0,791,-2.0539,-0.9868,0.4310
random,16,fixed,1.0,0,792,-4.4368,-5.3351,-1.9456
random,16,fixed,1.0,0,793,6.3029,7.6536,4.3626
random,16,fixed,1.0,0,794,10.3898,8.3473,5.3213
random,16,fixed,1.0,0,795,-2.6197,-0.9700,1.6892
random,16,fixed,1.0,0,796,1.4064,3.9178,1.7367
random,16,fixed,1.0,0,797,-0.7820,-4.6476,-0.9148
random,16,fixed,1.0,0,798,-0.0277,2.1834,2.3827
random,16,fixed,1.0,0,799,0.2132,-1.9686,-0.8347
random,16,fixed,1.0,0,800,-1.3244,-2.7391,0.7093
random,16,fixed,1.0,0,801,3.5954,1.6651,1.8821
random,16,fixed,1.0,0,802,1.8032,1.1148,0.8182
random,16,fixed,1.0,0,803,-3.8325,-7.1916,-2.2813
random,16,fixed,1.0,0,804,3.5023,0.7616,1.8760
random,16,fixed,1.0,0,805,8.3038,5.5434,4.0840
random,16,fixed,1.0,0,806,-2.1560,-5.6455,-1.8675
random,16,fixed,1.0,0,807,3.0442,-1.1504,0.2301
random,16,fixed,1.0,0,808,-7.0854,-6.9863,-2.9602
random,16,fixed,1.0,0,809,-5.8329,-1.7434,1.2632
random,16,fixed,1.0,0,810,-6.9803,-2.8816,-0.0318
random,16,fixed,1.0,0,811,-0.1160,1.6331,3.1820
random,16,fixed,1.0,0,812,-1.5312,-2.2350,0.0294
random,16,fixed,1.0,0,813,1.6691,0.2659,0.7352
random,16,fixed,1.0,0,814,-0.6002,-2.5325,0.0156
random,16,fixed,1.0,0,815,0.4413,-0.8725,0.1508
random,16,fixed,1.0,0,816,2.1760,-3.3558,-0.0832
random,16,fixed,1.0,0,817,-2.2593,4.3769,5.2671
random,16,fixed,1.0,0,818,-1.9925,-4.5595,-0.6198
random,16,fixed,1.0,0,819,-1.2406,-3.7100,-1.7677
random,16,fixed,1.0,0,820,2.2370,1.8990,2.8701
random,16,fixed,1.0,0,821,-5.9155,-5.5654,-1.9919
random,16,fixed,1.0,0,822,0.5769,-0.5483,1.4730
random,16,fixed,1.0,0,823,-2.3389,-4.6985,-1.2575
random,16,fixed,1.0,0,824,1.6898,1.8328,1.9021
random,16,fixed,1.0,0,825,5.4607,1.7749,2.2641
random,16,fixed,1.0,0,826,8.2769,7.0412,4.3865
random,16,fixed,1.0,0,827,-8.5516,-8.0684,-3.6150
random,16,fixed,1.0,0,828,-7.5294,-8.2633,-2.8326
random,16,fixed,1.0,0,829,2.6973,-2.4133,0.2212
random,16,fixed,1.0,0,830,-2.3928,-1.0437,0.1649
random,16,fixed,1.0,0,831,-7.3708,-2.7767,-1.8400
random,16,fixed,1.0,0,832,-2.5539,-3.5221,-0.0958
random,16,fixed,1.0,0,833,-10.5977,-7.4234,-2.7545
random,16,fixed,1.0,0,834,3.7723,-0.2088,0.6940
random,16,fixed,1.0,0,835,-6.6473,-7.0421,-2.3149
random,16,fixed,1.0,0,836,-4.5447,-3.6784,-0.0185
random,16,fixed,1.0,0,837,-1.7988,1.6242,1.3909
random,16,fixed,1.0,0,838,0.4811,-0.7771,0.1147
random,16,fixed,1.0,0,839,0.1041,-2.6678,-1.1502
random,16,fixed,1.0,0,840,-1.9878,-1.4272,-0.2638
random,16,fixed,1.0,0,841,0.9590,0.7326,2.0759
random,16,fixed,1.0,0,842,-1.4469,-2.1389,-0.0913
random,16,fixed,1.0,0,843,-4.8966,2.1925,1.9502
random,16,fixed,1.0,0,844,4.0106,0.6063,1.5296
random,16,fixed,1.0,0,845,-4.4451,-4.7224,-0.5391
random,16,fixed,1.0,0,846,-7.4593,-5.5714,-1.1358
random,16,fixed,1.0,0,847,-12.9449,-13.9967,-5.0737
random,16,fixed,1.0,0,848,6.1305,5.2223,3.7501
random,16,fixed,1.0,0,849,-5.2536,-2.7657,-0.5123
random,16,fixed,1.0,0,850,4.9840,1.5876,1.8651
random,16,fixed,1.0,0,851,5.8854,6.5354,2.5844
random,16,fixed,1.0,0,852,-3.6079,-4.5684,-1.3166
random,16,fixed,1.0,0,853,-1.8075,-2.0253,0.6473
random,16,fixed,1.0,0,854,-2.4244,-1.8923,0.2460
random,16,fixed,1.0,0,855,-6.7315,-7.2970,-1.8845
random,16,fixed,1.0,0,856,9.2704,7.2432,5.8567
random,16,fixed,1.0,0,857,0.7075,1.4652,1.2545
random,16,fixed,1.0,0,858,-4.7916,-6.8319,-1.8984
random,16,fixed,1.0,0,859,-2.0605,-2.0378,-0.3919
random,16,fixed,1.0,0,860,-0.0107,-2.6691,0.1501
random,16,fixed,1.0,0,861,-9.4932,-9.1554,-2.2951
random,16,fixed,1.0,0,862,-5.5931,-5.7158,-1.4666
random,16,fixed,1.0,0,863,-6.0775,-3.0046,-1.2317
random,16,fixed,1.0,0,864,-2.3272,-5.8271,-0.7265
random,16,fixed,1.0,0,865,-8.3326,-9.1161,-3.8084
random,16,fixed,1.0,0,866,-7.7223,-6.8504,-0.9003
random,16,fixed,1.0,0,867,-0.7992,-2.6005,-1.0907
random,16,fixed,1.0,0,868,-8.0917,-8.4494,-2.2385
random,16,fixed,1.0,0,869,-3.2482,0.4853,1.8076
random,16,fixed,1.0,0,870,0.3897,-1.7348,-0.2691
random,16,fixed,1.0,0,871,0.7092,0.0243,0.2576
random,16,fixed,1.0,0,872,-2.1354,-2.5865,-0.2933
random,16,fixed,1.0,0,873,2.3346,-2.4241,0.5501
random,16,fixed,1.0,0,874,-3.9992,-0.3321,2.0168
random,16,fixed,1.0,0,875,-3.4626,-6.6356,-2.8428
random,16,fixed,1.0,0,876,6.0769,3.6776,1.5185
random,16,fixed,1.0,0,877,-13.1189,-12.3787,-4.5745
random,16,fixed,1.0,0,878,-0.6530,-3.5008,0.2797
random,16,fixed,1.0,0,879,3.5183,5.8073,2.4672
random,16,fixed,1.0,0,880,-2.8044,-3.3521,0.0617
random,16,fixed,1.0,0,881,-6.9992,-8.8422,-3.6330
random,16,fixed,1.0,0,882,-2.2856,-1.6979,-0.7504
random,16,fixed,1.0,0,883,-1.7995,-5.8309,-1.7182
random,16,fixed,1.0,0,884,1.9351,2.6519,1.2593
random,16,fixed,1.0,0,885,-3.5537,-2.9821,-0.0660
random,16,fixed,1.0,0,886,3.2661,0.7219,1.2477
random,16,fixed,1.0,0,887,1.8299,-1.9323,0.3424
random,16,fixed,1.0,0,888,-4.3883,-2.9655,-0.6713
random,16,fixed,1.0,0,889,-9.1732,-6.5101,-2.1358
random,16,fixed,1.0,0,890,0.5003,-0.1663,2.1660
random,16,fixed,1.0,0,891,-2.5569,-0.8364,0.3497
random,16,fixed,1.0,0,892,-0.1969,-2.3304,0.7322
random,16,fixed,1.0,0,893,5.7475,0.3477,1.2707
random,16,fixed,1.0,0,894,1.2057,0.5568,1.1814
random,16,fixed,1.0,0,895,-3.2570,-3.9135,-1.0039
random,16,fixed,1.0,0,896,-3.7724,-2.8965,0.0736
random,16,fixed,1.0,0,897,-6.8092,-5.7291,-1.0517
random,16,fixed,1.0,0,898,-4.1491,-2.4796,0.7200
random,16,fixed,1.0,0,899,-6.7258,-8.8427,-2.1065
random,16,fixed,1.0,0,900,7.9830,4.8879,4.0901
random,16,fixed,1.0,0,901,-7.2940,-7.7782,-2.3012
random,16,fixed,1.0,0,902,1.9966,-2.5153,0.2313
random,16,fixed,1.0,0,903,-5.1323,-5.5677,-0.8271
random,16,fixed,1.0,0,904,3.2458,5.9850,5.5070
random,16,fixed,1.0,0,905,0.5241,-3.1773,0.8978
random,16,fixed,1.0,0,906,3.5575,2.9939,1.0557
random,16,fixed,1.0,0,907,-9.1735,-8.4255,-3.4114
random,16,fixed,1.0,0,908,-10.1294,-8.7804,-2.4077
random,16,fixed,1.0,0,909,6.0790,2.2277,2.3744
random,16,fixed,1.0,0,910,-4.9341,-3.4302,-1.0784
random,16,fixed,1.0,0,911,-2.0363,-3.7273,-0.4144
random,16,fixed,1.0,0,912,-4.7900,-5.1773,-1.3520
random,16,fixed,1.0,0,913,3.5028,0.0260,0.9006
random,16,fixed,1.0,0,914,6.0551,4.9914,3.3317
random,16,fixed,1.0,0,915,-4.5505,-3.2837,-1.0765
random,16,fixed,1.0,0,916,2.2860,2.9287,2.0338
random,16,fixed,1.0,0,917,1.3899,-0.8274,0.9028
random,16,fixed,1.0,0,918,-5.7221,-6.6426,-1.8835
random,16,fixed,1.0,0,919,-3.1263,-2.1816,1.2863
random,16,fixed,1.0,0,920,-6.7922,-4.3095,-0.9116
random,16,fixed,1.0,0,921,2.3562,2.4446,2.1493
random,16,fixed,1.0,0,922,-2.0845,-0.5235,0.5372
random,16,fixed,1.0,0,923,-0.5065,-2.1585,0.2920
random,16,fixed,1.0,0,924,-2.7668,-3.3087,-0.9336
random,16,fixed,1.0,0,925,-8.8378,-8.3521,-1.4458
random,16,fixed,1.0,0,926,-5.2653,-6.7274,-1.4517
random,16,fixed,1.0,0,927,-1.7788,-0.4167,1.5277
random,16,fixed,1.0,0,928,-4.9308,-5.0002,-1.6522
random,16,fixed,1.0,0,929,-11.7300,-11.3186,-3.6985
random,16,fixed,1.0,0,930,3.8656,1.5168,1.0632
random,16,fixed,1.0,0,931,1.6404,0.3074,1.3663
random,16,fixed,1.0,0,932,-0.6048,-3.1751,0.5410
random,16,fixed,1.0,0,933,0.0755,-2.0730,0.4986
random,16,fixed,1.0,0,934,1.3448,2.3217,0.6162
random,16,fixed,1.0,0,935,-6.8990,-7.3777,-2.5339
random,16,fixed,1.0,0,936,1.0621,-1.1151,-1.1725
random,16,fixed,1.0,0,937,-8.8399,-5.0454,-1.7035
random,16,fixed,1.0,0,938,-9.9428,-6.5730,-0.8129
random,16,fixed,1.0,0,939,-0.6593,-0.0203,0.8537
random,16,fixed,1.0,0,940,3.5954,4.7401,3.1310
random,16,fixed,1.0,0,941,-5.5860,-5.4502,-2.3142
random,16,fixed,1.0,0,942,-1.4222,2.7973,3.6962
random,16,fixed,1.0,0,943,-3.8552,-1.8934,1.1353
random,16,fixed,1.0,0,944,7.8179,4.4777,1.2396
random,16,fixed,1.0,0,945,-0.4533,-2.4262,0.2605
random,16,fixed,1.0,0,946,3.3251,-0.7147,0.9599
random,16,fixed,1.0,0,947,-2.0159,-2.9095,-0.3118
random,16,fixed,1.0,0,948,2.6231,-2.6522,-0.2201
random,16,fixed,1.0,0,949,0.5292,0.1341,1.6391
random,16,fixed,1.0,0,950,-4.1797,-7.4801,-2.0694
random,16,fixed,1.0,0,951,-6.4939,-5.6139,-0.6296
random,16,fixed,1.0,0,952,-8.1622,-6.0209,-1.3277
random,16,fixed,1.0,0,953,3.7549,2.4906,2.6649
random,16,fixed,1.0,0,954,-4.1045,-2.4798,-0.5917
random,16,fixed,1.0,0,955,-2.2499,-2.8800,1.1345
random,16,fixed,1.0,0,956,-1.7232,-2.5402,-0.5830
random,16,fixed,1.0,0,957,-0.4077,-3.2002,-0.2469
random,16,fixed,1.0,0,958,7.4939,5.0678,3.3040
random,16,fixed,1.0,0,959,-6.0947,-9.9225,-3.1270
random,16,fixed,1.0,0,960,-3.8940,1.2522,2.5096
random,16,fixed,1.0,0,961,-1.9421,-4.9782,-1.4314
random,16,fixed,1.0,0,962,1.6754,3.6448,1.6193
random,16,fixed,1.0,0,963,4.5390,4.1689,2.5180
random,16,fixed,1.0,0,964,-1.0160,-1.4320,-0.2254
random,16,fixed,1.0,0,965,5.9574,1.9825,2.4549
random,16,fixed,1.0,0,966,6.6165,2.5961,1.8168
random,16,fixed,1.0,0,967,0.4306,-0.2978,1.1323
random,16,fixed,1.0,0,968,0.0916,-3.4854,-0.8707
random,16,fixed,1.0,0,969,0.4038,-2.7203,0.8803
random,16,fixed,1.0,0,970,-7.9400,-7.7397,-2.2008
random,16,fixed,1.0,0,971,-3.6223,-0.5418,0.8217
random,16,fixed,1.0,0,972,-2.5855,-2.3454,0.4035
random,16,fixed,1.0,0,973,-1.7680,-2.0599,1.0064
random,16,fixed,1.0,0,974,2.0124,-0.8799,0.5090
random,16,fixed,1.0,0,975,-4.2627,-3.3487,-1.6588
random,16,fixed,1.0,0,976,8.7935,6.8574,3.5317
random,16,fixed,1.0,0,977,-6.4569,-5.3156,-1.8760
random,16,fixed,1.0,0,978,2.5437,-3.5435,-0.2271
random,16,fixed,1.0,0,979,-2.3030,-0.2131,1.7988
random,16,fixed,1.0,0,980,-4.0142,-1.8911,-0.4458
random,16,fixed,1.0,0,981,0.5540,-3.7600,-0.8200
random,16,fixed,1.0,0,982,0.5094,-1.2375,0.4658
random,16,fixed,1.0,0,983,-3.7775,-3.1567,-0.4752
random,16,fixed,1.0,0,984,-2.4519,0.7870,0.9896
random,16,fixed,1.0,0,985,-7.3120,-8.1114,-3.0037
random,16,fixed,1.0,0,986,9.0889,5.2632,4.0268
random,16,fixed,1.0,0,987,-8.3253,-5.8082,-1.4924
random,16,fixed,1.0,0,988,-1.5132,-0.8704,0.1461
random,16,fixed,1.0,0,989,-2.7761,-1.6414,1.2608
random,16,fixed,1.0,0,990,-1.5038,0.9511,2.7602
random,16,fixed,1.0,0,991,-5.5272,-4.5513,-1.2595
random,16,fixed,1.0,0,992,0.3760,-1.3220,0.8762
random,16,fixed,1.0,0,993,-6.4816,-8.0511,-2.3494
random,16,fixed,1.0,0,994,-4.0408,-4.2264,-0.8291
random,16,fixed,1.0,0,995,0.2807,-1.6175,0.6323
random,16,fixed,1.0,0,996,1.0017,-1.6655,-1.7780
random,16,fixed,1.0,0,997,3.6942,0.7158,1.5403
random,16,fixed,1.0,0,998,1.3292,-5.1610,-2.2263
random,16,fixed,1.0,0,999,-3.1160,-4.6243,-1.1816
random,16,fixed,1.0,0,1000,-0.6905,-1.7582,0.2023
rl_homogeneous,16,fixed,1.0,0,1,-3.8775,12.7684,-1.3572
rl_homogeneous,16,fixed,1.0,0,2,7.2221,1.3812,4.7524
rl_homogeneous,16,fixed,1.0,0,3,-11.2316,-3.7097,-1.7250
rl_homogeneous,16,fixed,1.0,0,4,-2.8294,12.2137,0.3323
rl_homogeneous,16,fixed,1.0,0,5,-7.6008,-1.2946,-2.6055
rl_homogeneous,16,fixed,1.0,0,6,0.5801,18.2549,-0.6242
rl_homogeneous,16,fixed,1.0,0,7,7.5696,27.8259,2.0692
rl_homogeneous,16,fixed,1.0,0,8,-5.1943,0.9263,-1.3142
rl_homogeneous,16,fixed,1.0,0,9,-1.6915,7.2379,-0.2111
rl_homogeneous,16,fixed,1.0,0,10,1.6169,5.4448,0.1230
rl_homogeneous,16,fixed,1.0,0,11,-1.1931,0.1199,-1.2411
rl_homogeneous,16,fixed,1.0,0,12,7.8139,8.6037,3.3773
rl_homogeneous,16,fixed,1.0,0,13,0.2473,21.2630,2.4888
rl_homogeneous,16,fixed,1.0,0,14,-11.0541,-0.8647,-2.6688
rl_homogeneous,16,fixed,1.0,0,15,-1.5399,2.8766,-1.5044
rl_homogeneous,16,fixed,1.0,0,16,2.7929,43.4010,0.4574
rl_homogeneous,16,fixed,1.0,0,17,-3.4553,-1.3494,-3.0031
rl_homogeneous,16,fixed,1.0,0,18,-1.2793,16.1349,-2.4535
rl_homogeneous,16,fixed,1.0,0,19,-3.5425,-1.0754,-1.3577
rl_homogeneous,16,fixed,1.0,0,20,-6.4371,2.0860,-0.7917
rl_homogeneous,16,fixed,1.0,0,21,0.9320,3.2125,-0.4415
rl_homogeneous,16,fixed,1.0,0,22,-8.3222,-8.5960,-2.9500
rl_homogeneous,16,fixed,1.0,0,23,-7.5389,15.4330,-0.6093
rl_homogeneous,16,fixed,1.0,0,24,-4.3905,1.2651,-0.5004
rl_homogeneous,16,fixed,1.0,0,25,-1.5506,4.4373,-0.4911
rl_homogeneous,16,fixed,1.0,0,26,5.1035,9.2898,0.0351
rl_homogeneous,16,fixed,1.0,0,27,-1.2924,6.6075,-0.6742
rl_homogeneous,16,fixed,1.0,0,28,4.1753,18.4318,2.8513
rl_homogeneous,16,fixed,1.0,0,29,-0.8162,0.1179,-1.8268
rl_homogeneous,16,fixed,1.0,0,30,0.5653,0.7613,2.7636
rl_homogeneous,16,fixed,1.0,0,31,-6.6865,21.3782,-1.8347
rl_homogeneous,16,fixed,1.0,0,32,-10.0932,-6.7970,-2.7200
rl_homogeneous,16,fixed,1.0,0,33,5.6911,39.9642,3.7659
rl_homogeneous,16,fixed,1.0,0,34,-1.7722,1.2510,-1.8042
rl_homogeneous,16,fixed,1.0,0,35,2.3357,2.5008,-1.1599
rl_homogeneous,16,fixed,1.0,0,36,-2.8005,3.9662,-1.7559
rl_homogeneous,16,fixed,1.0,0,37,-0.1151,10.5381,2.4554
rl_homogeneous,16,fixed,1.0,0,38,5.2277,13.4827,2.3019
rl_homogeneous,16,fixed,1.0,0,39,5.4091,35.4931,1.6871
rl_homogeneous,16,fixed,1.0,0,40,-9.1666,15.0658,-2.6337
rl_homogeneous,16,fixed,1.0,0,41,1.4646,20.8225,0.4210
rl_homogeneous,16,fixed,1.0,0,42,-11.0477,2.2326,-0.1547
rl_homogeneous,16,fixed,1.0,0,43,2.3143,24.2660,1.8418
rl_homogeneous,16,fixed,1.0,0,44,3.7772,14.3332,0.7307
rl_homogeneous,16,fixed,1.0,0,45,-1.3465,11.3092,-1.9148
rl_homogeneous,16,fixed,1.0,0,46,-3.8321,6.1824,-2.7031
rl_homogeneous,16,fixed,1.0,0,47,-2.6584,9.9042,-2.0321
rl_homogeneous,16,fixed,1.0,0,48,3.4818,15.7301,0.4314
rl_homogeneous,16,fixed,1.0,0,49,4.1338,12.7021,1.3432
rl_homogeneous,16,fixed,1.0,0,50,-3.1995,17.2900,-1.5576
rl_homogeneous,16,fixed,1.0,0,51,2.6841,11.5724,-0.1352
rl_homogeneous,16,fixed,1.0,0,52,2.7513,22.5647,1.8901
rl_homogeneous,16,fixed,1.0,0,53,-0.2057,5.4323,-0.6804
rl_homogeneous,16,fixed,1.0,0,54,-1.7515,1.9589,-1.7663
rl_homogeneous,16,fixed,1.0,0,55,1.5452,10.7059,0.4043
rl_homogeneous,16,fixed,1.0,0,56,2.4579,30.5650,1.4602
rl_homogeneous,16,fixed,1.0,0,57,5.3583,22.7621,1.3207
rl_homogeneous,16,fixed,1.0,0,58,-3.3615,9.4725,-0.6390
rl_homogeneous,16,fixed,1.0,0,59,4.5271,9.6876,-0.8975
rl_homogeneous,16,fixed,1.0,0,60,-1.4188,19.8436,0.8884
rl_homogeneous,16,fixed,1.0,0,61,3.4314,1.8732,2.4426
rl_homogeneous,16,fixed,1.0,0,62,-2.0051,4.1029,-0.4651
rl_homogeneous,16,fixed,1.0,0,63,2.1360,13.0514,-0.4746
rl_homogeneous,16,fixed,1.0,0,64,-5.3265,13.2825,-1.8843
rl_homogeneous,16,fixed,1.0,0,65,0.7567,2.1950,2.8292
rl_homogeneous,16,fixed,1.0,0,66,0.6405,1.2965,-2.0531
rl_homogeneous,16,fixed,1.0,0,67,-9.7876,-0.7953,-2.4558
rl_homogeneous,16,fixed,1.0,0,68,-5.7349,0.2405,-2.4168
rl_homogeneous,16,fixed,1.0,0,69,0.1744,20.9534,1.1757
rl_homogeneous,16,fixed,1.0,0,70,6.3320,14.2995,2.5022
rl_homogeneous,16,fixed,1.0,0,71,3.1161,0.0000,3.7470
rl_homogeneous,16,fixed,1.0,0,72,-5.9887,18.7164,0.3953
rl_homogeneous,16,fixed,1.0,0,73,-9.0624,13.3649,-1.7181
rl_homogeneous,16,fixed,1.0,0,74,-8.7631,4.1352,-2.8392
rl_homogeneous,16,fixed,1.0,0,75,3.6239,13.8969,-0.3060
rl_homogeneous,16,fixed,1.0,0,76,-4.3840,0.8318,-1.7037
rl_homogeneous,16,fixed,1.0,0,77,2.0230,41.3445,1.1473
rl_homogeneous,16,fixed,1.0,0,78,2.0192,10.1300,0.7430
rl_homogeneous,16,fixed,1.0,0,79,-9.7156,-0.1554,-2.4780
rl_homogeneous,16,fixed,1.0,0,80,-2.6386,4.3061,-2.2394
rl_homogeneous,16,fixed,1.0,0,81,-2.2660,0.0000,-0.6977
rl_homogeneous,16,fixed,1.0,0,82,1.0977,24.6230,2.8767
rl_homogeneous,16,fixed,1.0,0,83,0.2459,16.5903,0.6833
rl_homogeneous,16,fixed,1.0,0,84,5.4164,17.3056,0.8044
rl_homogeneous,16,fixed,1.0,0,85,4.2178,0.0000,0.6915
rl_homogeneous,16,fixed,1.0,0,86,-0.2551,16.1696,0.9612
rl_homogeneous,16,fixed,1.0,0,87,-7.5783,2.1815,-2.8868
rl_homogeneous,16,fixed,1.0,0,88,-5.1424,2.4286,-1.0645
rl_homogeneous,16,fixed,1.0,0,89,4.2676,26.7749,0.8359
rl_homogeneous,16,fixed,1.0,0,90,0.5284,7.8509,0.2095
rl_homogeneous,16,fixed,1.0,0,91,2.2615,23.0804,0.6209
rl_homogeneous,16,fixed,1.0,0,92,-4.8808,8.0388,-1.9966
rl_homogeneous,16,fixed,1.0,0,93,0.0563,13.3814,1.5807
rl_homogeneous,16,fixed,1.0,0,94,-6.6317,4.1656,-1.8745
rl_homogeneous,16,fixed,1.0,0,95,1.7865,12.8947,-1.1670
rl_homogeneous,16,fixed,1.0,0,96,-1.1721,-1.2209,-2.0722
rl_homogeneous,16,fixed,1.0,0,97,-13.5588,-4.8989,-3.8308
rl_homogeneous,16,fixed,1.0,0,98,-9.7250,8.6438,-3.5866
rl_homogeneous,16,fixed,1.0,0,99,3.3119,0.0000,3.7037
rl_homogeneous,16,fixed,1.0,0,100,4.6221,14.4183,0.2689
rl_homogeneous,16,fixed,1.0,0,101,-0.5752,14.5648,0.5964
rl_homogeneous,16,fixed,1.0,0,102,-0.3244,24.2834,-0.2056
rl_homogeneous,16,fixed,1.0,0,103,-7.7714,11.7331,-0.6416
rl_homogeneous,16,fixed,1.0,0,104,-2.4401,0.7437,-1.0396
rl_homogeneous,16,fixed,1.0,0,105,4.3363,0.4213,1.5153
rl_homogeneous,16,fixed,1.0,0,106,-5.2164,11.1041,-0.0030
rl_homogeneous,16,fixed,1.0,0,107,-3.0896,-1.1071,-1.9660
rl_homogeneous,16,fixed,1.0,0,108,-0.6917,15.9346,1.3198
rl_homogeneous,16,fixed,1.0,0,109,0.3055,10.9460,-1.6306
rl_homogeneous,16,fixed,1.0,0,110,1.9078,27.4928,1.8531
rl_homogeneous,16,fixed,1.0,0,111,-3.9928,21.3517,-0.5559
rl_homogeneous,16,fixed,1.0,0,112,-2.6010,7.6692,-1.1943
rl_homogeneous,16,fixed,1.0,0,113,-5.8762,-8.4023,-3.2048
rl_homogeneous,16,fixed,1.0,0,114,-6.9962,7.2364,0.0468
rl_homogeneous,16,fixed,1.0,0,115,-3.6025,32.4758,0.2563
rl_homogeneous,16,fixed,1.0,0,116,-2.3466,12.6558,-2.4682
rl_homogeneous,16,fixed,1.0,0,117,-0.0046,7.4975,-0.3836
rl_homogeneous,16,fixed,1.0,0,118,3.5499,21.9429,-0.7937
rl_homogeneous,16,fixed,1.0,0,119,-2.5638,7.5780,-0.1639
rl_homogeneous,16,fixed,1.0,0,120,-2.8994,8.2426,-1.4953
rl_homogeneous,16,fixed,1.0,0,121,5.7442,12.6964,1.2459
rl_homogeneous,16,fixed,1.0,0,122,-4.5025,14.1491,-0.6823
rl_homogeneous,16,fixed,1.0,0,123,2.2124,32.0695,2.0269
rl_homogeneous,16,fixed,1.0,0,124,0.1810,12.2642,1.2783
rl_homogeneous,16,fixed,1.0,0,125,-1.0771,0.0000,0.1471
rl_homogeneous,16,fixed,1.0,0,126,6.3775,0.1790,2.0955
rl_homogeneous,16,fixed,1.0,0,127,8.0220,12.9894,1.2296
rl_homogeneous,16,fixed,1.0,0,128,-2.8249,12.3510,-0.5111
rl_homogeneous,16,fixed,1.0,0,129,0.7492,16.3449,1.5749
rl_homogeneous,16,fixed,1.0,0,130,5.8142,12.7239,1.7038
rl_homogeneous,16,fixed,1.0,0,131,-0.8703,9.5258,0.9944
rl_homogeneous,16,fixed,1.0,0,132,0.9121,31.3960,0.1302
rl_homogeneous,16,fixed,1.0,0,133,2.0985,25.9210,0.9774
rl_homogeneous,16,fixed,1.0,0,134,8.7945,0.1285,5.2024
rl_homogeneous,16,fixed,1.0,0,135,2.6980,23.8310,0.3380
rl_homogeneous,16,fixed,1.0,0,136,3.3326,0.0000,2.7788
rl_homogeneous,16,fixed,1.0,0,137,-0.4416,9.5602,-1.4042
rl_homogeneous,16,fixed,1.0,0,138,1.7373,1.7246,1.0094
rl_homogeneous,16,fixed,1.0,0,139,4.3022,22.6532,0.1216
rl_homogeneous,16,fixed,1.0,0,140,-5.2941,6.4112,-2.8525
rl_homogeneous,16,fixed,1.0,0,141,0.9880,16.5811,1.2251
rl_homogeneous,16,fixed,1.0,0,142,-6.8381,0.4329,-2.5025
rl_homogeneous,16,fixed,1.0,0,143,-2.9640,14.6019,-1.6150
rl_homogeneous,16,fixed,1.0,0,144,-1.4227,0.7867,-1.9806
rl_homogeneous,16,fixed,1.0,0,145,-4.7039,2.7843,-2.0435
rl_homogeneous,16,fixed,1.0,0,146,5.4982,25.6589,0.7618
rl_homogeneous,16,fixed,1.0,0,147,0.4639,0.0000,1.5884
rl_homogeneous,16,fixed,1.0,0,148,-4.0101,12.8084,-1.4787
rl_homogeneous,16,fixed,1.0,0,149,-0.3352,14.9785,1.0769
rl_homogeneous,16,fixed,1.0,0,150,-4.2311,7.1173,-2.7111
rl_homogeneous,16,fixed,1.0,0,151,-4.2043,0.8353,-0.9847
rl_homogeneous,16,fixed,1.0,0,152,-6.1391,1.8503,-0.9922
rl_homogeneous,16,fixed,1.0,0,153,4.1353,8.1688,-0.3608
rl_homogeneous,16,fixed,1.0,0,154,-10.1755,17.0691,-0.5952
rl_homogeneous,16,fixed,1.0,0,155,0.9187,20.2554,-0.5340
rl_homogeneous,16,fixed,1.0,0,156,-3.7898,0.5219,-3.0706
rl_homogeneous,16,fixed,1.0,0,157,1.3950,1.7019,-1.5061
rl_homogeneous,16,fixed,1.0,0,158,0.5747,2.2410,-0.7492
rl_homogeneous,16,fixed,1.0,0,159,-18.4099,-17.0813,-4.7232
rl_homogeneous,16,fixed,1.0,0,160,-8.2644,-0.6467,-1.2844
rl_homogeneous,16,fixed,1.0,0,161,-0.5677,30.1160,1.5417
rl_homogeneous,16,fixed,1.0,0,162,4.4613,35.0003,0.0407
rl_homogeneous,16,fixed,1.0,0,163,-3.9266,16.5535,-2.0674
rl_homogeneous,16,fixed,1.0,0,164,-2.2851,10.2293,1.6075
rl_homogeneous,16,fixed,1.0,0,165,-4.4655,-0.7162,-2.7865
rl_homogeneous,16,fixed,1.0,0,166,4.9966,17.5705,1.6013
rl_homogeneous,16,fixed,1.0,0,167,0.5362,8.3588,-0.1315
rl_homogeneous,16,fixed,1.0,0,168,2.8457,11.7788,0.7674
rl_homogeneous,16,fixed,1.0,0,169,1.6746,12.6967,0.0316
rl_homogeneous,16,fixed,1.0,0,170,1.9993,0.0000,0.6537
rl_homogeneous,16,fixed,1.0,0,171,-2.3343,-2.5472,-2.0295
rl_homogeneous,16,fixed,1.0,0,172,2.1626,14.8493,2.4661
rl_homogeneous,16,fixed,1.0,0,173,3.7000,33.9997,-0.2914
rl_homogeneous,16,fixed,1.0,0,174,-2.3998,2.2351,-1.2027
rl_homogeneous,16,fixed,1.0,0,175,-1.4417,21.8017,-0.0451
rl_homogeneous,16,fixed,1.0,0,176,-0.7991,5.3163,-2.3911
rl_homogeneous,16,fixed,1.0,0,177,-0.7054,8.4445,-0.7540
rl_homogeneous,16,fixed,1.0,0,178,-0.5556,17.1854,-0.5348
rl_homogeneous,16,fixed,1.0,0,179,0.9097,0.0000,-0.1297
rl_homogeneous,16,fixed,1.0,0,180,0.3746,21.7705,-0.0788
rl_homogeneous,16,fixed,1.0,0,181,-2.2518,12.0843,1.0538
rl_homogeneous,16,fixed,1.0,0,182,1.4097,0.0000,2.6819
rl_homogeneous,16,fixed,1.0,0,183,7.7800,0.0000,4.4350
rl_homogeneous,16,fixed,1.0,0,184,3.6093,18.2440,-0.0350
rl_homogeneous,16,fixed,1.0,0,185,-1.9554,12.4646,-0.2862
rl_homogeneous,16,fixed,1.0,0,186,-3.4229,0.0988,-1.2822
rl_homogeneous,16,fixed,1.0,0,187,-0.1835,14.9400,-1.2410
rl_homogeneous,16,fixed,1.0,0,188,-1.0954,19.1422,-1.3874
rl_homogeneous,16,fixed,1.0,0,189,-1.1590,28.7609,0.7830
rl_homogeneous,16,fixed,1.0,0,190,2.2091,11.8219,0.6078
rl_homogeneous,16,fixed,1.0,0,191,1.8280,20.7694,1.3906
rl_homogeneous,16,fixed,1.0,0,192,-0.3778,0.3882,-1.3327
rl_homogeneous,16,fixed,1.0,0,193,-0.2030,24.1964,-0.0928
rl_homogeneous,16,fixed,1.0,0,194,-5.8992,16.5349,-1.4887
rl_homogeneous,16,fixed,1.0,0,195,4.5364,10.0502,2.2757
rl_homogeneous,16,fixed,1.0,0,196,9.5624,37.1414,3.9235
rl_homogeneous,16,fixed,1.0,0,197,-3.0094,1.8602,-2.2651
rl_homogeneous,16,fixed,1.0,0,198,5.1403,0.0000,1.9749
rl_homogeneous,16,fixed,1.0,0,199,-5.5289,3.4811,-1.9595
rl_homogeneous,16,fixed,1.0,0,200,-1.4935,2.0876,-0.7596
rl_homogeneous,16,fixed,1.0,0,201,-1.8043,10.2753,-0.0826
rl_homogeneous,16,fixed,1.0,0,202,3.8897,31.5461,0.4542
rl_homogeneous,16,fixed,1.0,0,203,2.9962,1.0073,0.9628
rl_homogeneous,16,fixed,1.0,0,204,-1.6184,0.6977,-1.2298
rl_homogeneous,16,fixed,1.0,0,205,-8.2906,-1.0028,-1.5204
rl_homogeneous,16,fixed,1.0,0,206,-2.2599,6.6400,-0.8843
rl_homogeneous,16,fixed,1.0,0,207,10.1781,1.4336,4.4943
rl_homogeneous,16,fixed,1.0,0,208,-5.7663,-5.8200,-2.2241
rl_homogeneous,16,fixed,1.0,0,209,-17.9487,-5.7235,-5.3609
rl_homogeneous,16,fixed,1.0,0,210,-14.7292,-14.3392,-4.0748
rl_homogeneous,16,fixed,1.0,0,211,6.0988,14.1798,-0.1979
rl_homogeneous,16,fixed,1.0,0,212,5.7659,25.0587,1.1596
rl_homogeneous,16,fixed,1.0,0,213,-0.6433,18.8036,-1.2492
rl_homogeneous,16,fixed,1.0,0,214,-3.6350,19.6173,-0.3768
rl_homogeneous,16,fixed,1.0,0,215,-1.3835,16.9159,-0.5338
rl_homogeneous,16,fixed,1.0,0,216,-1.7655,35.4430,-0.6036
rl_homogeneous,16,fixed,1.0,0,217,1.7674,16.9721,0.0191
rl_homogeneous,16,fixed,1.0,0,218,-2.5474,4.1180,-0.8362
rl_homogeneous,16,fixed,1.0,0,219,1.9896,9.1271,-0.2455
rl_homogeneous,16,fixed,1.0,0,220,-4.3742,0.9975,-1.9840
rl_homogeneous,16,fixed,1.0,0,221,-4.4892,20.7209,-0.1281
rl_homogeneous,16,fixed,1.0,0,222,3.8965,0.0000,1.3872
rl_homogeneous,16,fixed,1.0,0,223,-4.5552,-3.3339,-1.9291
rl_homogeneous,16,fixed,1.0,0,224,5.5666,16.0791,2.1632
rl_homogeneous,16,fixed,1.0,0,225,3.0614,13.2222,0.3717
rl_homogeneous,16,fixed,1.0,0,226,-3.3810,-1.1033,-1.1091
rl_homogeneous,16,fixed,1.0,0,227,4.6776,11.7187,-0.4112
rl_homogeneous,16,fixed,1.0,0,228,2.3285,28.5828,2.2031
rl_homogeneous,16,fixed,1.0,0,229,-1.0142,17.3920,-0.2183
rl_homogeneous,16,fixed,1.0,0,230,-1.2087,18.3691,-1.1735
rl_homogeneous,16,fixed,1.0,0,231,3.6029,12.8196,0.6212
rl_homogeneous,16,fixed,1.0,0,232,-3.1096,-2.1258,-2.5037
rl_homogeneous,16,fixed,1.0,0,233,1.9049,0.0000,-0.5978
rl_homogeneous,16,fixed,1.0,0,234,-6.9969,-5.9842,-2.5925
rl_homogeneous,16,fixed,1.0,0,235,-3.1399,13.1723,1.0130
rl_homogeneous,16,fixed,1.0,0,236,-10.6671,-7.3523,-2.4429
rl_homogeneous,16,fixed,1.0,0,237,4.4249,15.9459,1.2560
rl_homogeneous,16,fixed,1.0,0,238,4.2130,18.4352,0.0496
rl_homogeneous,16,fixed,1.0,0,239,-3.8488,0.5609,0.4754
rl_homogeneous,16,fixed,1.0,0,240,-0.3819,5.5648,-0.8039
rl_homogeneous,16,fixed,1.0,0,241,-2.5994,1.3241,-2.2042
rl_homogeneous,16,fixed,1.0,0,242,6.1343,14.0273,-0.0670
rl_homogeneous,16,fixed,1.0,0,243,3.0941,21.0633,0.7713
rl_homogeneous,16,fixed,1.0,0,244,1.9833,18.7786,2.1418
rl_homogeneous,16,fixed,1.0,0,245,-1.9757,14.3694,-2.0326
rl_homogeneous,16,fixed,1.0,0,246,5.1814,0.0000,2.9130
rl_homogeneous,16,fixed,1.0,0,247,-1.0921,10.1264,0.6936
rl_homogeneous,16,fixed,1.0,0,248,-8.1612,-6.7729,-2.7528
rl_homogeneous,16,fixed,1.0,0,249,2.1048,9.5702,0.1582
rl_homogeneous,16,fixed,1.0,0,250,6.4435,26.4016,1.2890
rl_homogeneous,16,fixed,1.0,0,251,1.6402,15.1451,1.7183
rl_homogeneous,16,fixed,1.0,0,252,-6.5403,2.5560,-1.5177
rl_homogeneous,16,fixed,1.0,0,253,-1.1236,9.9930,-0.6073
rl_homogeneous,16,fixed,1.0,0,254,-7.9491,-4.9006,-2.4064
rl_homogeneous,16,fixed,1.0,0,255,2.6978,6.5865,-0.8831
rl_homogeneous,16,fixed,1.0,0,256,3.7929,12.9612,2.2704
rl_homogeneous,16,fixed,1.0,0,257,-4.9816,8.2825,-2.1156
rl_homogeneous,16,fixed,1.0,0,258,-2.0996,9.6202,-0.0631
rl_homogeneous,16,fixed,1.0,0,259,-10.5009,11.9652,-3.2152
rl_homogeneous,16,fixed,1.0,0,260,0.9737,13.0042,0.8689
rl_homogeneous,16,fixed,1.0,0,261,2.1569,11.4095,-0.6433
rl_homogeneous,16,fixed,1.0,0,262,-5.6905,0.4424,-1.9402
rl_homogeneous,16,fixed,1.0,0,263,-7.7323,5.5569,-3.5445
rl_homogeneous,16,fixed,1.0,0,264,2.1714,8.6492,-0.5542
rl_homogeneous,16,fixed,1.0,0,265,-11.7378,-7.4050,-4.2442
rl_homogeneous,16,fixed,1.0,0,266,-6.9071,-4.5623,-1.7661
rl_homogeneous,16,fixed,1.0,0,267,0.5324,26.5636,0.2068
rl_homogeneous,16,fixed,1.0,0,268,-5.7769,-4.7931,-2.9659
rl_homogeneous,16,fixed,1.0,0,269,-2.5165,-0.0822,-1.8702
rl_homogeneous,16,fixed,1.0,0,270,1.0269,12.8300,-0.7938
rl_homogeneous,16,fixed,1.0,0,271,-5.7261,19.1225,-2.2901
rl_homogeneous,16,fixed,1.0,0,272,5.0991,0.4678,3.1450
rl_homogeneous,16,fixed,1.0,0,273,3.8651,38.0874,2.1019
rl_homogeneous,16,fixed,1.0,0,274,-5.8049,-0.4543,-1.4971
rl_homogeneous,16,fixed,1.0,0,275,-1.2202,0.0000,-0.5383
rl_homogeneous,16,fixed,1.0,0,276,-0.9080,15.5840,2.8014
rl_homogeneous,16,fixed,1.0,0,277,5.5716,25.3020,1.9344
rl_homogeneous,16,fixed,1.0,0,278,-2.8027,7.8960,0.3685
rl_homogeneous,16,fixed,1.0,0,279,-1.5436,4.4480,-1.3724
rl_homogeneous,16,fixed,1.0,0,280,-3.8756,14.8038,-1.3189
rl_homogeneous,16,fixed,1.0,0,281,4.1216,6.4705,0.7613
rl_homogeneous,16,fixed,1.0,0,282,-2.8203,2.0399,-2.5309
rl_homogeneous,16,fixed,1.0,0,283,-1.6761,-2.0134,-2.0738
rl_homogeneous,16,fixed,1.0,0,284,-14.9054,11.9667,-1.9528
rl_homogeneous,16,fixed,1.0,0,285,-2.5263,0.0497,-1.9063
rl_homogeneous,16,fixed,1.0,0,286,-4.2825,14.3462,-2.1115
rl_homogeneous,16,fixed,1.0,0,287,1.0806,14.7719,-1.2610
rl_homogeneous,16,fixed,1.0,0,288,1.4522,12.9516,0.6722
rl_homogeneous,16,fixed,1.0,0,289,-1.1464,9.2097,0.9908
rl_homogeneous,16,fixed,1.0,0,290,-0.8052,16.6266,-0.6040
rl_homogeneous,16,fixed,1.0,0,291,-5.5462,-0.3715,-3.3223
rl_homogeneous,16,fixed,1.0,0,292,-9.3442,-3.8624,-3.3006
rl_homogeneous,16,fixed,1.0,0,293,-13.4955,-6.0341,-3.8998
rl_homogeneous,16,fixed,1.0,0,294,2.9696,19.1227,-0.5047
rl_homogeneous,16,fixed,1.0,0,295,-0.9917,8.1226,-1.1223
rl_homogeneous,16,fixed,1.0,0,296,3.1185,27.1090,0.3436
rl_homogeneous,16,fixed,1.0,0,297,5.2756,16.9754,2.7515
rl_homogeneous,16,fixed,1.0,0,298,2.6396,40.7059,1.1662
rl_homogeneous,16,fixed,1.0,0,299,0.5826,17.7653,-0.7066
rl_homogeneous,16,fixed,1.0,0,300,-4.0233,5.1303,-0.9403
rl_homogeneous,16,fixed,1.0,0,301,-3.9524,-0.3957,-1.1728
rl_homogeneous,16,fixed,1.0,0,302,-3.7649,16.3105,1.1584
rl_homogeneous,16,fixed,1.0,0,303,3.7597,19.3886,0.9595
rl_homogeneous,16,fixed,1.0,0,304,7.0405,0.0000,4.1709
rl_homogeneous,16,fixed,1.0,0,305,2.4084,9.1730,-1.0432
rl_homogeneous,16,fixed,1.0,0,306,-7.0821,-0.1309,-3.9144
rl_homogeneous,16,fixed,1.0,0,307,-0.2648,0.3172,-2.2826
rl_homogeneous,16,fixed,1.0,0,308,4.6077,0.0000,0.9149
rl_homogeneous,16,fixed,1.0,0,309,-4.5609,0.0000,1.4120
rl_homogeneous,16,fixed,1.0,0,310,2.1395,10.8923,0.3154
rl_homogeneous,16,fixed,1.0,0,311,-4.7745,10.6273,-1.8931
rl_homogeneous,16,fixed,1.0,0,312,-4.8757,22.5787,-0.3239
rl_homogeneous,16,fixed,1.0,0,313,-2.3751,-0.4001,-0.8298
rl_homogeneous,16,fixed,1.0,0,314,-5.9156,35.5706,-0.8558
rl_homogeneous,16,fixed,1.0,0,315,3.6642,0.9186,1.1555
rl_homogeneous,16,fixed,1.0,0,316,-1.7750,22.6624,-1.8906
rl_homogeneous,16,fixed,1.0,0,317,-3.8656,-2.4553,-2.9204
rl_homogeneous,16,fixed,1.0,0,318,4.6351,18.5227,5.7133
rl_homogeneous,16,fixed,1.0,0,319,-10.1307,-0.1118,-1.2032
rl_homogeneous,16,fixed,1.0,0,320,5.4299,12.9865,-0.3028
rl_homogeneous,16,fixed,1.0,0,321,1.7321,15.2282,1.1002
rl_homogeneous,16,fixed,1.0,0,322,6.0804,17.1676,0.7693
rl_homogeneous,16,fixed,1.0,0,323,2.9390,13.9626,-0.5770
rl_homogeneous,16,fixed,1.0,0,324,6.2101,13.7289,0.8026
rl_homogeneous,16,fixed,1.0,0,325,-1.7739,9.0143,-1.0683
rl_homogeneous,16,fixed,1.0,0,326,-4.6006,19.5788,-0.2577
rl_homogeneous,16,fixed,1.0,0,327,5.1592,0.0000,2.2740
rl_homogeneous,16,fixed,1.0,0,328,4.4437,10.2324,-0.4125
rl_homogeneous,16,fixed,1.0,0,329,-1.4197,0.0000,-0.2231
rl_homogeneous,16,fixed,1.0,0,330,-6.8693,-3.4109,-2.4487
rl_homogeneous,16,fixed,1.0,0,331,5.4005,31.7471,3.6493
rl_homogeneous,16,fixed,1.0,0,332,0.4079,22.2860,0.0620
rl_homogeneous,16,fixed,1.0,0,333,-8.1459,-1.7783,-2.7640
rl_homogeneous,16,fixed,1.0,0,334,0.7714,15.5419,1.4055
rl_homogeneous,16,fixed,1.0,0,335,3.1592,24.2358,2.8443
rl_homogeneous,16,fixed,1.0,0,336,-5.1198,6.6220,-0.5085
rl_homogeneous,16,fixed,1.0,0,337,-3.0581,-3.6289,-3.4985
rl_homogeneous,16,fixed,1.0,0,338,-6.2919,3.7904,-3.1887
rl_homogeneous,16,fixed,1.0,0,339,5.3380,12.2029,2.3452
rl_homogeneous,16,fixed,1.0,0,340,-0.9933,0.0000,0.7029
rl_homogeneous,16,fixed,1.0,0,341,6.9933,0.5048,1.2585
rl_homogeneous,16,fixed,1.0,0,342,-1.2253,1.4887,-0.9332
rl_homogeneous,16,fixed,1.0,0,343,-3.8273,18.6312,-1.6713
rl_homogeneous,16,fixed,1.0,0,344,0.0937,9.4977,0.6907
rl_homogeneous,16,fixed,1.0,0,345,2.7323,11.4471,0.7496
rl_homogeneous,16,fixed,1.0,0,346,6.2573,20.1849,2.5471
rl_homogeneous,16,fixed,1.0,0,347,-12.0348,-1.7686,-5.3805
rl_homogeneous,16,fixed,1.0,0,348,-8.5079,10.1220,-3.6371
rl_homogeneous,16,fixed,1.0,0,349,-0.6394,15.5278,0.3145
rl_homogeneous,16,fixed,1.0,0,350,7.3512,15.8771,1.9682
rl_homogeneous,16,fixed,1.0,0,351,-4.8719,0.3533,-1.6159
rl_homogeneous,16,fixed,1.0,0,352,-1.2748,-0.1650,-1.4060
rl_homogeneous,16,fixed,1.0,0,353,-0.2276,16.2303,-0.6987
rl_homogeneous,16,fixed,1.0,0,354,-4.6054,9.7436,0.6312
rl_homogeneous,16,fixed,1.0,0,355,2.6435,19.8289,2.1367
rl_homogeneous,16,fixed,1.0,0,356,7.1043,0.0000,2.5259
rl_homogeneous,16,fixed,1.0,0,357,-3.9045,20.3804,-1.3332
rl_homogeneous,16,fixed,1.0,0,358,0.9421,18.8017,-0.6087
rl_homogeneous,16,fixed,1.0,0,359,-4.3481,1.6214,-0.7615
rl_homogeneous,16,fixed,1.0,0,360,-3.9350,15.9199,0.7712
rl_homogeneous,16,fixed,1.0,0,361,1.7217,0.0000,0.6544
rl_homogeneous,16,fixed,1.0,0,362,-8.2582,-10.7372,-3.9698
rl_homogeneous,16,fixed,1.0,0,363,-0.4264,1.3851,1.5141
rl_homogeneous,16,fixed,1.0,0,364,5.3960,0.0000,4.0883
rl_homogeneous,16,fixed,1.0,0,365,-5.7930,2.1010,-2.3363
rl_homogeneous,16,fixed,1.0,0,366,-1.4531,6.1496,-0.1694
rl_homogeneous,16,fixed,1.0,0,367,8.3970,23.1124,4.8936
rl_homogeneous,16,fixed,1.0,0,368,-0.6401,19.1772,-0.9207
rl_homogeneous,16,fixed,1.0,0,369,-1.6906,0.0000,-0.2874
rl_homogeneous,16,fixed,1.0,0,370,-4.1412,7.4320,-1.8569
rl_homogeneous,16,fixed,1.0,0,371,2.0512,14.4898,0.3700
rl_homogeneous,16,fixed,1.0,0,372,-2.4946,11.3442,-1.0792
rl_homogeneous,16,fixed,1.0,0,373,-9.5480,-9.0672,-3.6109
rl_homogeneous,16,fixed,1.0,0,374,3.8560,0.0000,0.9330
rl_homogeneous,16,fixed,1.0,0,375,-8.0413,3.3895,-1.8177
rl_homogeneous,16,fixed,1.0,0,376,-12.5383,-9.1734,-4.8755
rl_homogeneous,16,fixed,1.0,0,377,-3.5841,0.0000,-0.5065
rl_homogeneous,16,fixed,1.0,0,378,-0.3215,37.9141,0.0694
rl_homogeneous,16,fixed,1.0,0,379,-1.9337,30.4332,1.0368
rl_homogeneous,16,fixed,1.0,0,380,2.1249,14.5304,-1.0418
rl_homogeneous,16,fixed,1.0,0,381,-3.4930,24.8533,-0.7477
rl_homogeneous,16,fixed,1.0,0,382,-6.1758,19.7714,-1.2058
rl_homogeneous,16,fixed,1.0,0,383,2.1691,14.6355,-1.0236
rl_homogeneous,16,fixed,1.0,0,384,5.0211,11.3760,1.7353
rl_homogeneous,16,fixed,1.0,0,385,2.8172,16.6098,-0.2096
rl_homogeneous,16,fixed,1.0,0,386,-9.5237,-1.0699,-2.9739
rl_homogeneous,16,fixed,1.0,0,387,-8.4452,0.1115,-1.4044
rl_homogeneous,16,fixed,1.0,0,388,-13.3150,-4.6562,-3.9315
rl_homogeneous,16,fixed,1.0,0,389,-9.8293,-0.9956,-1.8638
rl_homogeneous,16,fixed,1.0,0,390,-7.4997,6.7339,-1.8235
rl_homogeneous,16,fixed,1.0,0,391,3.5091,15.4408,2.3269
rl_homogeneous,16,fixed,1.0,0,392,-4.6577,3.3987,-0.2079
rl_homogeneous,16,fixed,1.0,0,393,-1.9264,0.0062,0.9061
rl_homogeneous,16,fixed,1.0,0,394,-6.8271,5.1365,-1.9771
rl_homogeneous,16,fixed,1.0,0,395,-8.2716,-4.0206,-3.0284
rl_homogeneous,16,fixed,1.0,0,396,-13.4474,-5.9436,-4.1106
rl_homogeneous,16,fixed,1.0,0,397,4.0001,0.0000,2.3038
rl_homogeneous,16,fixed,1.0,0,398,-0.4840,8.0415,0.0369
rl_homogeneous,16,fixed,1.0,0,399,0.6523,5.2923,0.2524
rl_homogeneous,16,fixed,1.0,0,400,-3.6765,-3.1885,-3.0663
rl_homogeneous,16,fixed,1.0,0,401,-6.0564,-6.4371,-2.5422
rl_homogeneous,16,fixed,1.0,0,402,-2.1033,1.3684,-2.7262
rl_homogeneous,16,fixed,1.0,0,403,-2.1173,15.2730,-2.2551
rl_homogeneous,16,fixed,1.0,0,404,-8.0094,20.9517,-0.7669
rl_homogeneous,16,fixed,1.0,0,405,-3.6745,2.8769,-2.0591
rl_homogeneous,16,fixed,1.0,0,406,1.5104,15.5915,0.2066
rl_homogeneous,16,fixed,1.0,0,407,0.7476,8.9912,-0.2279
rl_homogeneous,16,fixed,1.0,0,408,-4.0984,10.7307,-1.2324
rl_homogeneous,16,fixed,1.0,0,409,1.6172,9.8282,0.6187
rl_homogeneous,16,fixed,1.0,0,410,-6.9234,6.9138,-2.2448
rl_homogeneous,16,fixed,1.0,0,411,4.7692,14.4422,0.8407
rl_homogeneous,16,fixed,1.0,0,412,0.8712,17.0948,-0.8172
rl_homogeneous,16,fixed,1.0,0,413,-4.9724,6.6497,-0.2410
rl_homogeneous,16,fixed,1.0,0,414,-5.8555,11.2371,-1.6674
rl_homogeneous,16,fixed,1.0,0,415,3.8225,16.5674,0.5663
rl_homogeneous,16,fixed,1.0,0,416,-1.8209,32.2347,-1.1913
rl_homogeneous,16,fixed,1.0,0,417,0.2618,21.8720,-0.8422
rl_homogeneous,16,fixed,1.0,0,418,-2.1820,1.6746,-1.5093
rl_homogeneous,16,fixed,1.0,0,419,5.4170,27.6619,1.8553
rl_homogeneous,16,fixed,1.0,0,420,-4.6415,24.4332,-0.8394
rl_homogeneous,16,fixed,1.0,0,421,0.2795,5.5759,-1.7863
rl_homogeneous,16,fixed,1.0,0,422,-0.6311,15.4142,-0.4702
rl_homogeneous,16,fixed,1.0,0,423,-2.1543,12.8699,1.2986
rl_homogeneous,16,fixed,1.0,0,424,0.0498,5.2978,-1.1974
rl_homogeneous,16,fixed,1.0,0,425,-5.2967,-4.1380,-1.9827
rl_homogeneous,16,fixed,1.0,0,426,-1.1359,6.0134,-0.6234
rl_homogeneous,16,fixed,1.0,0,427,5.7708,16.9923,2.0545
rl_homogeneous,16,fixed,1.0,0,428,-14.4877,-14.6527,-4.3860
rl_homogeneous,16,fixed,1.0,0,429,-7.3855,18.7519,-1.5882
rl_homogeneous,16,fixed,1.0,0,430,4.2669,0.0000,1.5667
rl_homogeneous,16,fixed,1.0,0,431,-6.2836,9.1985,-2.4525
rl_homogeneous,16,fixed,1.0,0,432,-3.1544,15.2212,-2.6858
rl_homogeneous,16,fixed,1.0,0,433,-1.0345,10.3560,-1.2417
rl_homogeneous,16,fixed,1.0,0,434,0.0656,13.0488,0.9067
rl_homogeneous,16,fixed,1.0,0,435,2.3876,25.0359,0.6060
rl_homogeneous,16,fixed,1.0,0,436,-1.9006,4.7417,-1.5486
rl_homogeneous,16,fixed,1.0,0,437,-3.6974,17.7811,0.1859
rl_homogeneous,16,fixed,1.0,0,438,1.5347,14.8278,1.6950
rl_homogeneous,16,fixed,1.0,0,439,-13.7892,23.7877,-2.4813
rl_homogeneous,16,fixed,1.0,0,440,-5.7912,-4.7500,-2.4861
rl_homogeneous,16,fixed,1.0,0,441,-2.9372,20.1542,-1.2664
rl_homogeneous,16,fixed,1.0,0,442,-11.4537,-7.6437,-4.2424
rl_homogeneous,16,fixed,1.0,0,443,-4.0344,2.5535,-1.1159
rl_homogeneous,16,fixed,1.0,0,444,-2.0419,0.0000,0.4807
rl_homogeneous,16,fixed,1.0,0,445,2.4173,13.2216,-0.8116
rl_homogeneous,16,fixed,1.0,0,446,-2.4072,-2.5163,-1.7046
rl_homogeneous,16,fixed,1.0,0,447,4.9315,2.1831,1.2294
rl_homogeneous,16,fixed,1.0,0,448,-11.4437,2.7528,-3.3214
rl_homogeneous,16,fixed,1.0,0,449,-6.7711,0.3910,-0.9342
rl_homogeneous,16,fixed,1.0,0,450,-6.1853,3.3110,-1.7318
rl_homogeneous,16,fixed,1.0,0,451,-2.0633,17.6022,0.5215
rl_homogeneous,16,fixed,1.0,0,452,-4.3042,-4.2929,-2.0550
rl_homogeneous,16,fixed,1.0,0,453,-5.8125,0.5517,-0.4810
rl_homogeneous,16,fixed,1.0,0,454,3.7101,21.2685,2.6375
rl_homogeneous,16,fixed,1.0,0,455,-7.8059,-6.3768,-3.1722
rl_homogeneous,16,fixed,1.0,0,456,-11.0998,-10.5229,-3.1195
rl_homogeneous,16,fixed,1.0,0,457,-1.6916,21.4632,-1.7256
rl_homogeneous,16,fixed,1.0,0,458,-1.9260,8.1559,-0.3998
rl_homogeneous,16,fixed,1.0,0,459,-7.5806,4.6534,-0.1620
rl_homogeneous,16,fixed,1.0,0,460,-0.0449,3.0029,-2.1381
rl_homogeneous,16,fixed,1.0,0,461,2.7595,0.0000,1.6929
rl_homogeneous,16,fixed,1.0,0,462,-2.6042,6.0850,0.3821
rl_homogeneous,16,fixed,1.0,0,463,5.4627,11.8380,2.2486
rl_homogeneous,16,fixed,1.0,0,464,-1.6154,-2.4440,-2.6018
rl_homogeneous,16,fixed,1.0,0,465,-5.4649,12.6868,0.1358
rl_homogeneous,16,fixed,1.0,0,466,-1.1183,20.4182,0.4648
rl_homogeneous,16,fixed,1.0,0,467,-2.6573,4.4463,-2.0940
rl_homogeneous,16,fixed,1.0,0,468,-1.6307,14.5674,-0.0265
rl_homogeneous,16,fixed,1.0,0,469,-1.3893,0.0000,0.0871
rl_homogeneous,16,fixed,1.0,0,470,-6.0200,0.1541,-1.4463
rl_homogeneous,16,fixed,1.0,0,471,-9.0251,-12.2819,-3.4541
rl_homogeneous,16,fixed,1.0,0,472,-0.0066,7.7700,0.4818
rl_homogeneous,16,fixed,1.0,0,473,0.9609,8.5205,-0.9083
rl_homogeneous,16,fixed,1.0,0,474,-6.9433,2.2856,-4.3077
rl_homogeneous,16,fixed,1.0,0,475,-6.8171,-1.7431,-2.0080
rl_homogeneous,16,fixed,1.0,0,476,-9.4488,3.1648,-3.6278
rl_homogeneous,16,fixed,1.0,0,477,0.9400,9.7926,0.5313
rl_homogeneous,16,fixed,1.0,0,478,3.0213,11.7947,-0.0595
rl_homogeneous,16,fixed,1.0,0,479,3.2343,0.3065,0.1314
rl_homogeneous,16,fixed,1.0,0,480,-5.9767,4.1520,-2.1732
rl_homogeneous,16,fixed,1.0,0,481,-2.8645,3.9005,-1.0603
rl_homogeneous,16,fixed,1.0,0,482,-5.6732,-1.6674,-3.4979
rl_homogeneous,16,fixed,1.0,0,483,6.9075,18.6332,2.1681
rl_homogeneous,16,fixed,1.0,0,484,-4.7834,0.9807,-3.3894
rl_homogeneous,16,fixed,1.0,0,485,-0.6400,13.6155,-0.8805
rl_homogeneous,16,fixed,1.0,0,486,-8.4823,0.3625,-2.6816
rl_homogeneous,16,fixed,1.0,0,487,0.9068,5.5861,-1.2040
rl_homogeneous,16,fixed,1.0,0,488,3.1119,23.8352,0.0515
rl_homogeneous,16,fixed,1.0,0,489,5.3993,0.0000,3.8191
rl_homogeneous,16,fixed,1.0,0,490,-10.4817,12.3169,-3.0809
rl_homogeneous,16,fixed,1.0,0,491,-2.5304,-4.9439,-2.0941
rl_homogeneous,16,fixed,1.0,0,492,-8.6781,12.8742,-3.3155
rl_homogeneous,16,fixed,1.0,0,493,7.2100,15.6420,0.7026
rl_homogeneous,16,fixed,1.0,0,494,-0.3831,7.9588,-2.4681
rl_homogeneous,16,fixed,1.0,0,495,-8.5781,7.6128,-2.9423
rl_homogeneous,16,fixed,1.0,0,496,2.3488,0.4892,1.1830
rl_homogeneous,16,fixed,1.0,0,497,-4.3695,0.0000,0.2501
rl_homogeneous,16,fixed,1.0,0,498,6.3189,10.8278,1.1116
rl_homogeneous,16,fixed,1.0,0,499,-4.6080,14.2319,-1.9272
rl_homogeneous,16,fixed,1.0,0,500,0.1457,10.4232,0.1823
rl_homogeneous,16,fixed,1.0,0,501,-4.3979,-0.8457,-1.5120
rl_homogeneous,16,fixed,1.0,0,502,5.1086,9.2737,1.8036
rl_homogeneous,16,fixed,1.0,0,503,0.9719,0.3114,-1.3364
rl_homogeneous,16,fixed,1.0,0,504,-2.0558,1.7470,-1.7748
rl_homogeneous,16,fixed,1.0,0,505,0.5573,23.2825,2.6527
rl_homogeneous,16,fixed,1.0,0,506,0.8709,13.6006,-0.8914
rl_homogeneous,16,fixed,1.0,0,507,-3.6944,1.6841,-1.0920
rl_homogeneous,16,fixed,1.0,0,508,-20.9517,-1.9322,-6.1960
rl_homogeneous,16,fixed,1.0,0,509,2.8883,0.0569,-0.1083
rl_homogeneous,16,fixed,1.0,0,510,-1.0491,12.9659,0.2672
rl_homogeneous,16,fixed,1.0,0,511,-7.6139,-4.2870,-2.0111
rl_homogeneous,16,fixed,1.0,0,512,2.7545,0.0000,2.7644
rl_homogeneous,16,fixed,1.0,0,513,6.3806,4.7250,1.2215
rl_homogeneous,16,fixed,1.0,0,514,3.4582,6.3558,-0.5055
rl_homogeneous,16,fixed,1.0,0,515,4.9644,0.0000,2.3455
rl_homogeneous,16,fixed,1.0,0,516,-5.2438,25.5107,-2.3792
rl_homogeneous,16,fixed,1.0,0,517,-2.4001,17.7434,-1.8561
rl_homogeneous,16,fixed,1.0,0,518,-0.5992,13.7779,0.4445
rl_homogeneous,16,fixed,1.0,0,519,-7.3638,-4.2876,-2.1093
rl_homogeneous,16,fixed,1.0,0,520,-7.8547,-6.6923,-2.8133
rl_homogeneous,16,fixed,1.0,0,521,-7.8361,8.7841,-3.1406
rl_homogeneous,16,fixed,1.0,0,522,4.9656,1.5641,2.7763
rl_homogeneous,16,fixed,1.0,0,523,-7.3163,2.8086,-1.8808
rl_homogeneous,16,fixed,1.0,0,524,-1.6368,3.7068,-1.6749
rl_homogeneous,16,fixed,1.0,0,525,-3.0238,16.6457,0.0973
rl_homogeneous,16,fixed,1.0,0,526,-4.5009,1.4018,-1.4289
rl_homogeneous,16,fixed,1.0,0,527,-1.6508,6.0105,-2.4872
rl_homogeneous,16,fixed,1.0,0,528,5.6022,19.3509,0.6960
rl_homogeneous,16,fixed,1.0,0,529,-0.5618,27.1527,0.3000
rl_homogeneous,16,fixed,1.0,0,530,-5.0097,30.3250,0.8674
rl_homogeneous,16,fixed,1.0,0,531,0.4781,0.0000,0.6374
rl_homogeneous,16,fixed,1.0,0,532,0.1286,10.5450,-0.9829
rl_homogeneous,16,fixed,1.0,0,533,0.8374,9.7056,-1.0710
rl_homogeneous,16,fixed,1.0,0,534,-9.0232,4.9925,-1.8151
rl_homogeneous,16,fixed,1.0,0,535,-2.7445,0.4119,-2.5343
rl_homogeneous,16,fixed,1.0,0,536,-6.1694,25.8504,-0.8220
rl_homogeneous,16,fixed,1.0,0,537,-5.5738,0.4449,-2.1887
rl_homogeneous,16,fixed,1.0,0,538,1.1227,14.3694,1.3411
rl_homogeneous,16,fixed,1.0,0,539,-2.8729,5.0732,-1.4322
rl_homogeneous,16,fixed,1.0,0,540,1.6154,0.0000,0.4126
rl_homogeneous,16,fixed,1.0,0,541,-7.3452,-8.0649,-3.1919
rl_homogeneous,16,fixed,1.0,0,542,1.6199,12.9106,1.7335
rl_homogeneous,16,fixed,1.0,0,543,-4.1383,3.8645,-0.8389
rl_homogeneous,16,fixed,1.0,0,544,-5.7626,7.7261,-2.6152
rl_homogeneous,16,fixed,1.0,0,545,-2.4235,0.0000,-1.4862
rl_homogeneous,16,fixed,1.0,0,546,-2.4395,6.6344,-0.0744
rl_homogeneous,16,fixed,1.0,0,547,3.2357,0.0000,3.8201
rl_homogeneous,16,fixed,1.0,0,548,0.3564,15.1368,-1.8206
rl_homogeneous,16,fixed,1.0,0,549,4.0909,0.1688,1.0389
rl_homogeneous,16,fixed,1.0,0,550,2.5568,13.4978,0.8554
rl_homogeneous,16,fixed,1.0,0,551,0.2019,21.5506,-1.5764
rl_homogeneous,16,fixed,1.0,0,552,6.4714,6.1749,3.7503
rl_homogeneous,16,fixed,1.0,0,553,4.8966,18.7574,0.0410
rl_homogeneous,16,fixed,1.0,0,554,0.8897,4.3012,-0.5031
rl_homogeneous,16,fixed,1.0,0,555,-2.5967,4.9158,-1.3211
rl_homogeneous,16,fixed,1.0,0,556,-1.5816,11.0234,1.3287
rl_homogeneous,16,fixed,1.0,0,557,-0.1392,8.4666,-0.8755
rl_homogeneous,16,fixed,1.0,0,558,-4.2137,9.1399,1.1980
rl_homogeneous,16,fixed,1.0,0,559,2.6118,10.0529,1.3969
rl_homogeneous,16,fixed,1.0,0,560,-14.2519,-12.3039,-4.5262
rl_homogeneous,16,fixed,1.0,0,561,-4.5555,15.9861,-0.7744
rl_homogeneous,16,fixed,1.0,0,562,7.6199,16.5917,3.7461
rl_homogeneous,16,fixed,1.0,0,563,-2.2288,13.4403,-0.8775
rl_homogeneous,16,fixed,1.0,0,564,0.0051,0.0000,1.3555
rl_homogeneous,16,fixed,1.0,0,565,-10.6204,7.4484,-2.8055
rl_homogeneous,16,fixed,1.0,0,566,-4.4553,-2.4677,-2.7546
rl_homogeneous,16,fixed,1.0,0,567,-0.0631,0.0000,0.7046
rl_homogeneous,16,fixed,1.0,0,568,0.8613,24.7916,2.2674
rl_homogeneous,16,fixed,1.0,0,569,0.7006,11.9657,-0.7732
rl_homogeneous,16,fixed,1.0,0,570,-7.2618,19.8023,-2.4670
rl_homogeneous,16,fixed,1.0,0,571,0.4597,18.6001,-0.3112
rl_homogeneous,16,fixed,1.0,0,572,-0.7994,20.2171,-0.5282
rl_homogeneous,16,fixed,1.0,0,573,2.5028,11.6709,-0.0175
rl_homogeneous,16,fixed,1.0,0,574,-7.3384,5.5622,-2.5384
rl_homogeneous,16,fixed,1.0,0,575,-2.4290,-0.0361,-1.6342
rl_homogeneous,16,fixed,1.0,0,576,2.6168,12.7901,-1.3134
rl_homogeneous,16,fixed,1.0,0,577,-1.1076,19.1891,-1.2521
rl_homogeneous,16,fixed,1.0,0,578,1.2698,18.6627,0.5489
rl_homogeneous,16,fixed,1.0,0,579,-5.0618,10.1485,1.2338
rl_homogeneous,16,fixed,1.0,0,580,-2.9459,13.6453,-1.5534
rl_homogeneous,16,fixed,1.0,0,581,-21.3181,-13.2154,-7.1071
rl_homogeneous,16,fixed,1.0,0,582,-1.1754,11.2623,0.3508
rl_homogeneous,16,fixed,1.0,0,583,-12.1742,-2.6372,-4.2352
rl_homogeneous,16,fixed,1.0,0,584,2.4268,12.8192,0.9215
rl_homogeneous,16,fixed,1.0,0,585,2.8082,14.2190,0.3933
rl_homogeneous,16,fixed,1.0,0,586,-3.8931,24.2003,0.8110
rl_homogeneous,16,fixed,1.0,0,587,2.1824,9.0181,0.4234
rl_homogeneous,16,fixed,1.0,0,588,-10.0515,2.0860,-1.7679
rl_homogeneous,16,fixed,1.0,0,589,-1.3702,9.5336,-2.2952
rl_homogeneous,16,fixed,1.0,0,590,-8.6437,5.7821,-3.0193
rl_homogeneous,16,fixed,1.0,0,591,-6.9399,7.0407,-1.5082
rl_homogeneous,16,fixed,1.0,0,592,-0.3778,8.2662,0.1193
rl_homogeneous,16,fixed,1.0,0,593,8.9396,16.0166,6.9285
rl_homogeneous,16,fixed,1.0,0,594,-1.7046,7.6542,-0.7661
rl_homogeneous,16,fixed,1.0,0,595,-9.4712,-8.0859,-3.0410
rl_homogeneous,16,fixed,1.0,0,596,-3.7782,27.6892,1.0889
rl_homogeneous,16,fixed,1.0,0,597,-6.8893,-14.5918,-4.6921
rl_homogeneous,16,fixed,1.0,0,598,-6.5001,2.1098,-1.3871
rl_homogeneous,16,fixed,1.0,0,599,-5.6411,-3.1136,-2.6157
rl_homogeneous,16,fixed,1.0,0,600,-1.1549,0.0259,-1.8350
rl_homogeneous,16,fixed,1.0,0,601,-6.1427,15.1170,-3.3817
rl_homogeneous,16,fixed,1.0,0,602,-3.7877,22.8229,3.3819
rl_homogeneous,16,fixed,1.0,0,603,-3.4579,3.0085,-1.5835
rl_homogeneous,16,fixed,1.0,0,604,-9.0836,-2.3394,-3.1627
rl_homogeneous,16,fixed,1.0,0,605,-2.0858,31.1773,-1.8504
rl_homogeneous,16,fixed,1.0,0,606,-4.3797,-6.7131,-2.9354
rl_homogeneous,16,fixed,1.0,0,607,3.2093,15.5825,3.1122
rl_homogeneous,16,fixed,1.0,0,608,6.8051,12.7414,2.0925
rl_homogeneous,16,fixed,1.0,0,609,4.8669,8.0056,1.7269
rl_homogeneous,16,fixed,1.0,0,610,3.1681,20.5606,2.8768
rl_homogeneous,16,fixed,1.0,0,611,-10.7373,8.6025,-0.0479
rl_homogeneous,16,fixed,1.0,0,612,-7.5177,-3.5200,-1.2264
rl_homogeneous,16,fixed,1.0,0,613,-7.0936,8.4000,-3.6352
rl_homogeneous,16,fixed,1.0,0,614,-7.6507,11.4445,-2.0594
rl_homogeneous,16,fixed,1.0,0,615,-2.6344,20.0699,-0.1183
rl_homogeneous,16,fixed,1.0,0,616,0.1131,-0.0080,2.0646
rl_homogeneous,16,fixed,1.0,0,617,-4.0128,0.4715,-0.6668
rl_homogeneous,16,fixed,1.0,0,618,6.1326,0.0000,4.0373
rl_homogeneous,16,fixed,1.0,0,619,-6.9016,-10.0491,-3.1955
rl_homogeneous,16,fixed,1.0,0,620,-16.4723,-12.3918,-4.4334
rl_homogeneous,16,fixed,1.0,0,621,-8.3078,-9.0087,-2.8534
rl_homogeneous,16,fixed,1.0,0,622,2.8393,8.8106,-0.0486
rl_homogeneous,16,fixed,1.0,0,623,-5.2757,12.2206,-0.2187
rl_homogeneous,16,fixed,1.0,0,624,-6.7968,23.9078,0.6006
rl_homogeneous,16,fixed,1.0,0,625,-6.3063,6.7736,-1.0864
rl_homogeneous,16,fixed,1.0,0,626,3.9706,23.8593,2.1187
rl_homogeneous,16,fixed,1.0,0,627,-5.0652,5.0701,-1.9263
rl_homogeneous,16,fixed,1.0,0,628,-6.1209,11.1079,-3.2781
rl_homogeneous,16,fixed,1.0,0,629,-8.9519,-12.4167,-5.1069
rl_homogeneous,16,fixed,1.0,0,630,-7.0685,5.8468,-1.9312
rl_homogeneous,16,fixed,1.0,0,631,2.2892,10.7251,0.0660
rl_homogeneous,16,fixed,1.0,0,632,-0.1631,16.0991,2.4750
rl_homogeneous,16,fixed,1.0,0,633,-9.6047,-7.5888,-3.6443
rl_homogeneous,16,fixed,1.0,0,634,3.0728,12.2744,2.8398
rl_homogeneous,16,fixed,1.0,0,635,5.8760,9.4212,1.6937
rl_homogeneous,16,fixed,1.0,0,636,3.0160,0.1638,1.7001
rl_homogeneous,16,fixed,1.0,0,637,-5.9003,4.3611,-1.2732
rl_homogeneous,16,fixed,1.0,0,638,-6.7781,0.7859,-2.1305
rl_homogeneous,16,fixed,1.0,0,639,-1.2619,1.0287,-2.1202
rl_homogeneous,16,fixed,1.0,0,640,1.2062,9.5018,0.4774
rl_homogeneous,16,fixed,1.0,0,641,-1.3229,10.6035,0.0470
rl_homogeneous,16,fixed,1.0,0,642,7.9556,13.7847,4.6511
rl_homogeneous,16,fixed,1.0,0,643,1.9243,34.6281,1.2136
rl_homogeneous,16,fixed,1.0,0,644,-2.5999,14.1170,0.0255
rl_homogeneous,16,fixed,1.0,0,645,0.6784,14.6222,0.7705
rl_homogeneous,16,fixed,1.0,0,646,3.1778,1.4221,2.6683
rl_homogeneous,16,fixed,1.0,0,647,-6.3405,-2.6656,-1.9682
rl_homogeneous,16,fixed,1.0,0,648,7.4681,18.0868,1.0648
rl_homogeneous,16,fixed,1.0,0,649,-4.6703,-0.9966,-1.9395
rl_homogeneous,16,fixed,1.0,0,650,4.7387,20.8070,2.2336
rl_homogeneous,16,fixed,1.0,0,651,3.0867,26.8147,2.0944
rl_homogeneous,16,fixed,1.0,0,652,-2.3985,0.5046,-1.0004
rl_homogeneous,16,fixed,1.0,0,653,-0.6016,19.6082,-0.5473
rl_homogeneous,16,fixed,1.0,0,654,2.0228,1.8155,-1.0843
rl_homogeneous,16,fixed,1.0,0,655,-1.0848,8.9460,0.7817
rl_homogeneous,16,fixed,1.0,0,656,-7.1468,-3.0806,-2.3330
rl_homogeneous,16,fixed,1.0,0,657,1.1062,2.6706,-0.8428
rl_homogeneous,16,fixed,1.0,0,658,0.2885,0.3254,0.3923
rl_homogeneous,16,fixed,1.0,0,659,2.3469,15.4745,2.2940
rl_homogeneous,16,fixed,1.0,0,660,-7.9033,7.3031,-1.3062
rl_homogeneous,16,fixed,1.0,0,661,2.4176,14.9405,-0.7111
rl_homogeneous,16,fixed,1.0,0,662,-0.8868,0.0000,0.0544
rl_homogeneous,16,fixed,1.0,0,663,2.0684,18.6862,0.4110
rl_homogeneous,16,fixed,1.0,0,664,-5.2728,-6.6689,-2.4441
rl_homogeneous,16,fixed,1.0,0,665,-2.1065,4.9061,-0.2814
rl_homogeneous,16,fixed,1.0,0,666,-2.0658,3.5612,-1.3112
rl_homogeneous,16,fixed,1.0,0,667,-6.5523,-3.2077,-2.8575
rl_homogeneous,16,fixed,1.0,0,668,0.2425,0.1472,0.2477
rl_homogeneous,16,fixed,1.0,0,669,1.6918,6.4862,-0.2712
rl_homogeneous,16,fixed,1.0,0,670,8.6542,1.5675,5.8799
rl_homogeneous,16,fixed,1.0,0,671,2.8117,27.6145,4.7449
rl_homogeneous,16,fixed,1.0,0,672,0.8656,15.8293,0.4692
rl_homogeneous,16,fixed,1.0,0,673,0.6960,16.2669,-0.0159
rl_homogeneous,16,fixed,1.0,0,674,-1.9603,4.8015,-0.2541
rl_homogeneous,16,fixed,1.0,0,675,-3.9547,7.9513,-1.0002
rl_homogeneous,16,fixed,1.0,0,676,0.0890,3.1929,-1.2990
rl_homogeneous,16,fixed,1.0,0,677,-11.0365,1.7274,-1.3751
rl_homogeneous,16,fixed,1.0,0,678,6.5112,11.9914,-0.0996
rl_homogeneous,16,fixed,1.0,0,679,-1.8691,0.0000,-1.0068
rl_homogeneous,16,fixed,1.0,0,680,-4.2680,0.1359,-0.5911
rl_homogeneous,16,fixed,1.0,0,681,2.6319,22.3020,0.1583
rl_homogeneous,16,fixed,1.0,0,682,5.7110,0.0000,2.8425
rl_homogeneous,16,fixed,1.0,0,683,-5.2145,-3.2978,-2.2371
rl_homogeneous,16,fixed,1.0,0,684,3.5976,13.8415,2.1018
rl_homogeneous,16,fixed,1.0,0,685,-1.8916,6.0418,-0.2525
rl_homogeneous,16,fixed,1.0,0,686,-1.6674,8.5772,0.8040
rl_homogeneous,16,fixed,1.0,0,687,-8.5819,1.0539,-1.2706
rl_homogeneous,16,fixed,1.0,0,688,-1.9925,0.0719,-1.0527
rl_homogeneous,16,fixed,1.0,0,689,-3.8032,21.0534,-0.9026
rl_homogeneous,16,fixed,1.0,0,690,-4.5540,17.8673,-0.0326
rl_homogeneous,16,fixed,1.0,0,691,-3.9540,23.5977,-1.0976
rl_homogeneous,16,fixed,1.0,0,692,-2.7013,-0.6937,-2.4098
rl_homogeneous,16,fixed,1.0,0,693,1.7766,23.5316,-0.5593
rl_homogeneous,16,fixed,1.0,0,694,-2.1103,8.9044,-1.2213
rl_homogeneous,16,fixed,1.0,0,695,7.1512,26.5937,0.7685
rl_homogeneous,16,fixed,1.0,0,696,3.2609,16.1089,1.1226
rl_homogeneous,16,fixed,1.0,0,697,-1.2306,14.2281,-1.5373
rl_homogeneous,16,fixed,1.0,0,698,2.0652,13.5003,1.8686
rl_homogeneous,16,fixed,1.0,0,699,-2.7031,19.1678,1.2321
rl_homogeneous,16,fixed,1.0,0,700,-4.0547,1.7273,-1.8395
rl_homogeneous,16,fixed,1.0,0,701,5.7738,13.8761,1.7103
rl_homogeneous,16,fixed,1.0,0,702,-10.6131,-13.1282,-4.0979
rl_homogeneous,16,fixed,1.0,0,703,-2.0873,2.8078,-0.2102
rl_homogeneous,16,fixed,1.0,0,704,-2.4430,29.3177,-0.6666
rl_homogeneous,16,fixed,1.0,0,705,-8.4125,-0.4205,-2.7523
rl_homogeneous,16,fixed,1.0,0,706,-10.9134,-0.0360,-2.9017
rl_homogeneous,16,fixed,1.0,0,707,-3.9424,10.7079,-0.3441
rl_homogeneous,16,fixed,1.0,0,708,8.0412,11.9909,4.8058
rl_homogeneous,16,fixed,1.0,0,709,-8.7151,-0.9319,-1.7974
rl_homogeneous,16,fixed,1.0,0,710,1.2633,4.0170,-0.3387
rl_homogeneous,16,fixed,1.0,0,711,13.0649,4.7208,6.1371
rl_homogeneous,16,fixed,1.0,0,712,6.5370,0.2597,4.4447
rl_homogeneous,16,fixed,1.0,0,713,-2.3982,6.7004,-1.3401
rl_homogeneous,16,fixed,1.0,0,714,-14.7132,-3.7076,-3.3684
rl_homogeneous,16,fixed,1.0,0,715,0.2304,8.9626,-0.4612
rl_homogeneous,16,fixed,1.0,0,716,1.3971,24.8323,2.3389
rl_homogeneous,16,fixed,1.0,0,717,4.6129,9.4634,0.8356
rl_homogeneous,16,fixed,1.0,0,718,-0.0046,-0.4226,-1.8415
rl_homogeneous,16,fixed,1.0,0,719,-4.2012,21.4355,-1.8429
rl_homogeneous,16,fixed,1.0,0,720,-4.1128,4.5540,-0.8334
rl_homogeneous,16,fixed,1.0,0,721,2.8522,0.0000,1.9004
rl_homogeneous,16,fixed,1.0,0,722,4.9878,11.5913,3.0002
rl_homogeneous,16,fixed,1.0,0,723,-0.9825,7.9337,-1.0346
rl_homogeneous,16,fixed,1.0,0,724,-3.2408,3.6851,-0.6139
rl_homogeneous,16,fixed,1.0,0,725,-4.8417,-2.8751,-2.5341
rl_homogeneous,16,fixed,1.0,0,726,-7.2207,-4.2604,-3.7012
rl_homogeneous,16,fixed,1.0,0,727,0.1962,0.0000,0.4519
rl_homogeneous,16,fixed,1.0,0,728,-1.8114,11.0770,-1.6254
rl_homogeneous,16,fixed,1.0,0,729,6.9291,24.5548,0.7781
rl_homogeneous,16,fixed,1.0,0,730,-4.8576,9.8541,-0.8975
rl_homogeneous,16,fixed,1.0,0,731,-0.2860,10.7393,-0.9089
rl_homogeneous,16,fixed,1.0,0,732,0.8626,11.1483,1.2518
rl_homogeneous,16,fixed,1.0,0,733,1.0489,10.7991,0.9469
rl_homogeneous,16,fixed,1.0,0,734,-6.1837,-2.4415,-1.4030
rl_homogeneous,16,fixed,1.0,0,735,-10.2461,9.7280,-0.1111
rl_homogeneous,16,fixed,1.0,0,736,4.9993,25.2911,0.4551
rl_homogeneous,16,fixed,1.0,0,737,2.9551,17.9677,-0.2379
rl_homogeneous,16,fixed,1.0,0,738,-5.1024,1.8837,-2.8929
rl_homogeneous,16,fixed,1.0,0,739,0.0373,10.5389,0.3079
rl_homogeneous,16,fixed,1.0,0,740,-5.3681,7.9141,0.1154
rl_homogeneous,16,fixed,1.0,0,741,-0.0081,23.9841,-1.1364
rl_homogeneous,16,fixed,1.0,0,742,-0.4903,10.4366,-0.1629
rl_homogeneous,16,fixed,1.0,0,743,-3.2438,0.0000,1.4411
rl_homogeneous,16,fixed,1.0,0,744,-15.1996,-2.8784,-4.7014
rl_homogeneous,16,fixed,1.0,0,745,-1.6230,10.0119,-0.5516
rl_homogeneous,16,fixed,1.0,0,746,-10.3213,-8.8689,-4.0248
rl_homogeneous,16,fixed,1.0,0,747,-0.3605,0.0000,0.3925
rl_homogeneous,16,fixed,1.0,0,748,3.1211,0.2739,0.5977
rl_homogeneous,16,fixed,1.0,0,749,0.4299,24.6415,1.3693
rl_homogeneous,16,fixed,1.0,0,750,-3.3893,9.4945,-2.5975
rl_homogeneous,16,fixed,1.0,0,751,-3.4434,18.7608,-1.0832
rl_homogeneous,16,fixed,1.0,0,752,-5.4095,1.2399,-1.8027
rl_homogeneous,16,fixed,1.0,0,753,-1.3144,15.5012,-0.5744
rl_homogeneous,16,fixed,1.0,0,754,-1.0563,17.9257,1.5591
rl_homogeneous,16,fixed,1.0,0,755,-9.5331,-3.9282,-3.3448
rl_homogeneous,16,fixed,1.0,0,756,6.3613,28.8591,3.4540
rl_homogeneous,16,fixed,1.0,0,757,-2.6833,4.1034,-0.7471
rl_homogeneous,16,fixed,1.0,0,758,3.0095,16.1280,1.9897
rl_homogeneous,16,fixed,1.0,0,759,1.0379,5.6342,-1.8551
rl_homogeneous,16,fixed,1.0,0,760,-0.2065,0.0000,0.5350
rl_homogeneous,16,fixed,1.0,0,761,-1.3754,8.8514,-0.0768
rl_homogeneous,16,fixed,1.0,0,762,-3.2196,1.5157,-1.6571
rl_homogeneous,16,fixed,1.0,0,763,-1.6935,4.2068,-2.1886
rl_homogeneous,16,fixed,1.0,0,764,4.0156,21.2474,0.5892
rl_homogeneous,16,fixed,1.0,0,765,-1.4137,8.6118,-0.5198
rl_homogeneous,16,fixed,1.0,0,766,0.1264,18.3346,0.2963
rl_homogeneous,16,fixed,1.0,0,767,-13.7696,-16.0806,-5.4396
rl_homogeneous,16,fixed,1.0,0,768,6.1929,14.7109,3.1044
rl_homogeneous,16,fixed,1.0,0,769,-10.0068,3.4082,-1.8327
rl_homogeneous,16,fixed,1.0,0,770,-6.2330,6.5883,-2.7657
rl_homogeneous,16,fixed,1.0,0,771,-6.8305,4.4377,-0.6865
rl_homogeneous,16,fixed,1.0,0,772,-6.9423,0.1448,-1.9349
rl_homogeneous,16,fixed,1.0,0,773,-3.3301,10.2907,-1.3666
rl_homogeneous,16,fixed,1.0,0,774,6.3462,20.4593,2.8566
rl_homogeneous,16,fixed,1.0,0,775,-5.2618,6.8750,-2.2558
rl_homogeneous,16,fixed,1.0,0,776,-3.0271,0.0000,0.5259
rl_homogeneous,16,fixed,1.0,0,777,8.5023,0.0000,7.3950
rl_homogeneous,16,fixed,1.0,0,778,-0.9627,13.4368,-0.3620
rl_homogeneous,16,fixed,1.0,0,779,-4.0596,-0.8160,-1.5955
rl_homogeneous,16,fixed,1.0,0,780,-1.8823,15.6298,-0.4223
rl_homogeneous,16,fixed,1.0,0,781,-2.7315,4.7342,-0.5713
rl_homogeneous,16,fixed,1.0,0,782,-1.2228,16.9420,0.3755
rl_homogeneous,16,fixed,1.0,0,783,2.5688,13.8983,0.0524
rl_homogeneous,16,fixed,1.0,0,784,4.4631,10.9237,1.8510
rl_homogeneous,16,fixed,1.0,0,785,-0.1246,21.0540,-0.3575
rl_homogeneous,16,fixed,1.0,0,786,5.4989,17.8696,3.4206
rl_homogeneous,16,fixed,1.0,0,787,2.5839,21.6512,-1.1366
rl_homogeneous,16,fixed,1.0,0,788,1.8174,1.9665,-1.7135
rl_homogeneous,16,fixed,1.0,0,789,-3.2361,10.4491,-0.8667
rl_homogeneous,16,fixed,1.0,0,790,3.3867,26.7289,0.4965
rl_homogeneous,16,fixed,1.0,0,791,-1.1239,6.7010,0.0067
rl_homogeneous,16,fixed,1.0,0,792,-5.4430,0.0000,-2.1303
rl_homogeneous,16,fixed,1.0,0,793,6.5729,20.2035,3.7888
rl_homogeneous,16,fixed,1.0,0,794,10.7232,0.0000,5.7040
rl_homogeneous,16,fixed,1.0,0,795,-2.0081,15.2985,0.8118
rl_homogeneous,16,fixed,1.0,0,796,1.8902,18.4312,1.0523
rl_homogeneous,16,fixed,1.0,0,797,-1.4000,2.0770,-1.1986
rl_homogeneous,16,fixed,1.0,0,798,-0.4747,0.0000,2.4950
rl_homogeneous,16,fixed,1.0,0,799,0.8839,9.8286,-1.4141
rl_homogeneous,16,fixed,1.0,0,800,-1.1278,24.4258,-0.4582
rl_homogeneous,16,fixed,1.0,0,801,4.6315,25.9565,0.6022
rl_homogeneous,16,fixed,1.0,0,802,2.9273,16.2069,0.0896
rl_homogeneous,16,fixed,1.0,0,803,-3.4583,-2.0843,-2.5521
rl_homogeneous,16,fixed,1.0,0,804,4.4580,0.0000,1.8350
rl_homogeneous,16,fixed,1.0,0,805,7.6286,15.8247,3.6082
rl_homogeneous,16,fixed,1.0,0,806,-2.3196,3.0761,-2.2250
rl_homogeneous,16,fixed,1.0,0,807,3.6259,10.0896,-0.3513
rl_homogeneous,16,fixed,1.0,0,808,-7.0470,-6.7301,-2.9807
rl_homogeneous,16,fixed,1.0,0,809,-5.3397,30.9816,-0.2292
rl_homogeneous,16,fixed,1.0,0,810,-7.4514,6.7902,-0.4384
rl_homogeneous,16,fixed,1.0,0,811,-0.4915,25.4033,2.0013
rl_homogeneous,16,fixed,1.0,0,812,-1.3694,6.3948,-0.3789
rl_homogeneous,16,fixed,1.0,0,813,2.4453,23.1251,-0.3872
rl_homogeneous,16,fixed,1.0,0,814,-0.7516,7.5426,-0.5536
rl_homogeneous,16,fixed,1.0,0,815,0.5000,9.8903,-0.2638
rl_homogeneous,16,fixed,1.0,0,816,2.9944,5.6758,-0.5378
rl_homogeneous,16,fixed,1.0,0,817,-2.7622,18.1210,4.5782
rl_homogeneous,16,fixed,1.0,0,818,-2.2622,0.9514,-0.8633
rl_homogeneous,16,fixed,1.0,0,819,-2.4443,6.5868,-2.1265
rl_homogeneous,16,fixed,1.0,0,820,2.9420,11.9632,2.3783
rl_homogeneous,16,fixed,1.0,0,821,-5.8855,2.3191,-2.3705
rl_homogeneous,16,fixed,1.0,0,822,1.4934,12.0115,0.8158
rl_homogeneous,16,fixed,1.0,0,823,-1.0525,5.6781,-1.7818
rl_homogeneous,16,fixed,1.0,0,824,2.6046,13.9070,1.2815
rl_homogeneous,16,fixed,1.0,0,825,6.7050,0.0000,2.2705
rl_homogeneous,16,fixed,1.0,0,826,7.6389,7.6328,4.4118
rl_homogeneous,16,fixed,1.0,0,827,-8.1819,-7.8628,-3.6476
rl_homogeneous,16,fixed,1.0,0,828,-7.2047,-5.7554,-2.9860
rl_homogeneous,16,fixed,1.0,0,829,3.5269,7.4822,-0.2818
rl_homogeneous,16,fixed,1.0,0,830,-1.1250,17.4196,-0.7314
rl_homogeneous,16,fixed,1.0,0,831,-8.2148,20.2898,-2.7773
rl_homogeneous,16,fixed,1.0,0,832,-1.5675,7.8233,-0.6421
rl_homogeneous,16,fixed,1.0,0,833,-10.9663,9.0549,-3.4473
rl_homogeneous,16,fixed,1.0,0,834,2.3161,0.0000,0.7874
rl_homogeneous,16,fixed,1.0,0,835,-7.4301,-3.3341,-2.4115
rl_homogeneous,16,fixed,1.0,0,836,-4.7566,0.0000,-0.1526
rl_homogeneous,16,fixed,1.0,0,837,-2.3685,13.3385,0.8644
rl_homogeneous,16,fixed,1.0,0,838,0.8073,18.2731,-0.7688
rl_homogeneous,16,fixed,1.0,0,839,1.2770,2.1582,-1.4548
rl_homogeneous,16,fixed,1.0,0,840,-1.1528,16.3558,-1.1218
rl_homogeneous,16,fixed,1.0,0,841,1.2354,15.8301,1.2708
rl_homogeneous,16,fixed,1.0,0,842,-1.8399,6.9932,-0.4838
rl_homogeneous,16,fixed,1.0,0,843,-6.8539,12.8789,1.5005
rl_homogeneous,16,fixed,1.0,0,844,5.0976,0.0000,1.4904
rl_homogeneous,16,fixed,1.0,0,845,-4.6217,14.4119,-1.3999
rl_homogeneous,16,fixed,1.0,0,846,-7.5142,13.0072,-1.9827
rl_homogeneous,16,fixed,1.0,0,847,-13.3796,-16.9211,-4.9187
rl_homogeneous,16,fixed,1.0,0,848,5.8009,0.0000,4.0123
rl_homogeneous,16,fixed,1.0,0,849,-5.0528,10.4496,-1.0890
rl_homogeneous,16,fixed,1.0,0,850,5.7296,17.2277,1.0947
rl_homogeneous,16,fixed,1.0,0,851,7.3660,12.1052,2.2300
rl_homogeneous,16,fixed,1.0,0,852,-2.8963,8.1749,-1.9643
rl_homogeneous,16,fixed,1.0,0,853,-2.6106,6.3368,0.2950
rl_homogeneous,16,fixed,1.0,0,854,-2.8544,6.7559,-0.1180
rl_homogeneous,16,fixed,1.0,0,855,-7.2261,2.8620,-2.1298
rl_homogeneous,16,fixed,1.0,0,856,7.9523,14.9644,5.5529
rl_homogeneous,16,fixed,1.0,0,857,1.0053,24.4110,0.2033
rl_homogeneous,16,fixed,1.0,0,858,-4.4362,0.2830,-2.2547
rl_homogeneous,16,fixed,1.0,0,859,-2.5239,0.0000,-0.4313
rl_homogeneous,16,fixed,1.0,0,860,1.2136,11.8743,-0.4836
rl_homogeneous,16,fixed,1.0,0,861,-9.4015,-4.6204,-2.3474
rl_homogeneous,16,fixed,1.0,0,862,-5.1731,-0.9587,-1.4831
rl_homogeneous,16,fixed,1.0,0,863,-4.8489,18.1095,-2.1010
rl_homogeneous,16,fixed,1.0,0,864,-1.3703,9.3640,-1.4529
rl_homogeneous,16,fixed,1.0,0,865,-8.0498,-8.4659,-3.8667
rl_homogeneous,16,fixed,1.0,0,866,-7.0170,2.3212,-1.3593
rl_homogeneous,16,fixed,1.0,0,867,-0.8688,0.7120,-1.2339
rl_homogeneous,16,fixed,1.0,0,868,-7.0434,2.2226,-2.7725
rl_homogeneous,16,fixed,1.0,0,869,-2.8707,25.6198,0.6694
rl_homogeneous,16,fixed,1.0,0,870,0.3061,6.0858,-0.6069
rl_homogeneous,16,fixed,1.0,0,871,0.8185,8.1310,-0.1045
rl_homogeneous,16,fixed,1.0,0,872,-1.8718,18.9910,-1.2644
rl_homogeneous,16,fixed,1.0,0,873,3.2545,7.0581,0.0819
rl_homogeneous,16,fixed,1.0,0,874,-3.0325,16.3117,1.1092
rl_homogeneous,16,fixed,1.0,0,875,-3.6499,-2.6618,-3.0231
rl_homogeneous,16,fixed,1.0,0,876,6.8760,16.8755,0.7415
rl_homogeneous,16,fixed,1.0,0,877,-13.6914,-13.6687,-4.4842
rl_homogeneous,16,fixed,1.0,0,878,-0.3314,6.3389,-0.2232
rl_homogeneous,16,fixed,1.0,0,879,3.6414,26.6880,1.3783
rl_homogeneous,16,fixed,1.0,0,880,-2.6064,0.0000,-0.0894
rl_homogeneous,16,fixed,1.0,0,881,-7.1637,-5.9402,-3.7669
rl_homogeneous,16,fixed,1.0,0,882,-1.5660,13.4888,-1.4454
rl_homogeneous,16,fixed,1.0,0,883,-2.0811,-0.3617,-1.9409
rl_homogeneous,16,fixed,1.0,0,884,2.4998,26.2406,0.2600
rl_homogeneous,16,fixed,1.0,0,885,-3.6152,10.5293,-0.6630
rl_homogeneous,16,fixed,1.0,0,886,3.7682,12.5825,0.7203
rl_homogeneous,16,fixed,1.0,0,887,3.0020,18.5003,-0.7155
rl_homogeneous,16,fixed,1.0,0,888,-4.8362,9.4163,-1.0416
rl_homogeneous,16,fixed,1.0,0,889,-9.4441,17.1305,-2.9856
rl_homogeneous,16,fixed,1.0,0,890,0.1821,26.4676,0.7994
rl_homogeneous,16,fixed,1.0,0,891,-2.2965,8.7988,-0.0656
rl_homogeneous,16,fixed,1.0,0,892,-0.2449,7.6981,0.3058
rl_homogeneous,16,fixed,1.0,0,893,5.9465,13.4955,0.5348
rl_homogeneous,16,fixed,1.0,0,894,2.2842,15.7238,0.3929
rl_homogeneous,16,fixed,1.0,0,895,-3.2910,4.3431,-1.3428
rl_homogeneous,16,fixed,1.0,0,896,-2.9401,0.1162,-0.1052
rl_homogeneous,16,fixed,1.0,0,897,-7.2618,2.4767,-1.3924
rl_homogeneous,16,fixed,1.0,0,898,-4.0463,9.5064,0.1916
rl_homogeneous,16,fixed,1.0,0,899,-6.0994,0.8677,-2.5320
rl_homogeneous,16,fixed,1.0,0,900,7.2701,0.0000,4.3710
rl_homogeneous,16,fixed,1.0,0,901,-7.3416,5.4761,-2.8567
rl_homogeneous,16,fixed,1.0,0,902,1.9415,1.3785,0.0750
rl_homogeneous,16,fixed,1.0,0,903,-4.6214,1.6626,-0.9477
rl_homogeneous,16,fixed,1.0,0,904,1.7730,20.5645,4.8197
rl_homogeneous,16,fixed,1.0,0,905,1.4835,16.7633,-0.1229
rl_homogeneous,16,fixed,1.0,0,906,2.9404,19.9107,0.3633
rl_homogeneous,16,fixed,1.0,0,907,-9.5579,-10.3092,-3.2420
rl_homogeneous,16,fixed,1.0,0,908,-11.2877,1.6354,-2.7982
rl_homogeneous,16,fixed,1.0,0,909,6.1660,0.0000,2.4966
rl_homogeneous,16,fixed,1.0,0,910,-3.8786,15.2218,-1.9740
rl_homogeneous,16,fixed,1.0,0,911,-2.0904,2.3730,-0.6820
rl_homogeneous,16,fixed,1.0,0,912,-5.1731,0.1765,-1.5735
rl_homogeneous,16,fixed,1.0,0,913,4.6908,19.5202,0.0066
rl_homogeneous,16,fixed,1.0,0,914,5.5033,13.2999,2.9870
rl_homogeneous,16,fixed,1.0,0,915,-5.3427,10.8816,-1.6578
rl_homogeneous,16,fixed,1.0,0,916,2.1906,14.5208,1.3971
rl_homogeneous,16,fixed,1.0,0,917,1.5434,8.8468,0.4557
rl_homogeneous,16,fixed,1.0,0,918,-5.4685,-2.0656,-2.0622
rl_homogeneous,16,fixed,1.0,0,919,-2.8033,0.0000,1.1702
rl_homogeneous,16,fixed,1.0,0,920,-7.2519,9.1675,-1.4707
rl_homogeneous,16,fixed,1.0,0,921,2.7764,23.4486,1.0249
rl_homogeneous,16,fixed,1.0,0,922,-1.6981,18.5938,-0.3455
rl_homogeneous,16,fixed,1.0,0,923,-0.0266,0.7897,0.1353
rl_homogeneous,16,fixed,1.0,0,924,-2.1361,1.6979,-1.2105
rl_homogeneous,16,fixed,1.0,0,925,-8.6905,3.2960,-1.9387
rl_homogeneous,16,fixed,1.0,0,926,-4.9016,9.6990,-2.1657
rl_homogeneous,16,fixed,1.0,0,927,-0.6689,10.1964,0.9386
rl_homogeneous,16,fixed,1.0,0,928,-3.7429,5.5606,-2.0056
rl_homogeneous,16,fixed,1.0,0,929,-10.6067,-0.5594,-4.1905
rl_homogeneous,16,fixed,1.0,0,930,5.5759,17.6167,0.2714
rl_homogeneous,16,fixed,1.0,0,931,2.7419,12.0921,0.8020
rl_homogeneous,16,fixed,1.0,0,932,-0.9124,0.0000,0.4185
rl_homogeneous,16,fixed,1.0,0,933,0.2841,10.7675,-0.1680
rl_homogeneous,16,fixed,1.0,0,934,1.4723,16.5603,-0.1468
rl_homogeneous,16,fixed,1.0,0,935,-6.1494,-2.8568,-2.7698
rl_homogeneous,16,fixed,1.0,0,936,0.5081,2.4188,-1.2544
rl_homogeneous,16,fixed,1.0,0,937,-8.8833,24.7232,-3.0186
rl_homogeneous,16,fixed,1.0,0,938,-9.8581,0.0000,-1.0922
rl_homogeneous,16,fixed,1.0,0,939,-1.0792,11.9298,0.3378
rl_homogeneous,16,fixed,1.0,0,940,4.3489,0.5535,3.2769
rl_homogeneous,16,fixed,1.0,0,941,-6.1795,11.8862,-3.0348
rl_homogeneous,16,fixed,1.0,0,942,-2.4625,21.8060,2.7343
rl_homogeneous,16,fixed,1.0,0,943,-3.2568,11.8925,0.4647
rl_homogeneous,16,fixed,1.0,0,944,8.6711,19.7797,0.4700
rl_homogeneous,16,fixed,1.0,0,945,0.4367,8.8235,-0.2810
rl_homogeneous,16,fixed,1.0,0,946,3.4058,10.2681,0.4328
rl_homogeneous,16,fixed,1.0,0,947,-1.8296,10.8225,-0.9774
rl_homogeneous,16,fixed,1.0,0,948,3.0713,3.9330,-0.5134
rl_homogeneous,16,fixed,1.0,0,949,0.9063,13.6773,1.0227
rl_homogeneous,16,fixed,1.0,0,950,-3.9729,-1.5052,-2.3238
rl_homogeneous,16,fixed,1.0,0,951,-6.9711,-0.2003,-0.7659
rl_homogeneous,16,fixed,1.0,0,952,-7.4080,18.4172,-2.5145
rl_homogeneous,16,fixed,1.0,0,953,3.7511,0.0000,2.7749
rl_homogeneous,16,fixed,1.0,0,954,-3.4363,14.1386,-1.3632
rl_homogeneous,16,fixed,1.0,0,955,-1.9764,0.0000,0.9821
rl_homogeneous,16,fixed,1.0,0,956,-1.7332,7.2298,-1.0577
rl_homogeneous,16,fixed,1.0,0,957,-0.5021,2.8475,-0.4347
rl_homogeneous,16,fixed,1.0,0,958,6.7627,9.1317,3.1397
rl_homogeneous,16,fixed,1.0,0,959,-5.7322,-7.6773,-3.2579
rl_homogeneous,16,fixed,1.0,0,960,-4.3166,20.5701,1.6194
rl_homogeneous,16,fixed,1.0,0,961,-1.4065,1.7689,-1.7808
rl_homogeneous,16,fixed,1.0,0,962,3.1803,30.2093,0.2951
rl_homogeneous,16,fixed,1.0,0,963,4.7650,24.4073,1.4603
rl_homogeneous,16,fixed,1.0,0,964,-0.9807,6.0039,-0.5400
rl_homogeneous,16,fixed,1.0,0,965,5.8444,0.0000,2.5487
rl_homogeneous,16,fixed,1.0,0,966,6.3833,9.9894,1.3979
rl_homogeneous,16,fixed,1.0,0,967,0.0798,9.8915,0.6383
rl_homogeneous,16,fixed,1.0,0,968,0.0270,2.8989,-1.1672
rl_homogeneous,16,fixed,1.0,0,969,1.7162,19.7621,-0.0570
rl_homogeneous,16,fixed,1.0,0,970,-7.7913,0.5412,-2.5914
rl_homogeneous,16,fixed,1.0,0,971,-2.2195,52.3206,-1.5601
rl_homogeneous,16,fixed,1.0,0,972,-2.6294,8.8775,-0.0850
rl_homogeneous,16,fixed,1.0,0,973,-1.2685,15.5050,0.1471
rl_homogeneous,16,fixed,1.0,0,974,1.9495,5.9068,0.2079
rl_homogeneous,16,fixed,1.0,0,975,-4.2617,6.6474,-2.0978
rl_homogeneous,16,fixed,1.0,0,976,8.3618,8.6511,3.4604
rl_homogeneous,16,fixed,1.0,0,977,-6.3318,3.2145,-2.2353
rl_homogeneous,16,fixed,1.0,0,978,3.6520,8.5521,-0.8492
rl_homogeneous,16,fixed,1.0,0,979,-2.3825,14.8717,0.9526
rl_homogeneous,16,fixed,1.0,0,980,-3.2498,15.1983,-1.2255
rl_homogeneous,16,fixed,1.0,0,981,0.3065,2.2094,-1.0565
rl_homogeneous,16,fixed,1.0,0,982,0.0240,9.9164,-0.0993
rl_homogeneous,16,fixed,1.0,0,983,-4.3041,9.0505,-1.0274
rl_homogeneous,16,fixed,1.0,0,984,-2.9804,20.6124,0.1186
rl_homogeneous,16,fixed,1.0,0,985,-7.1460,5.3584,-3.5114
rl_homogeneous,16,fixed,1.0,0,986,9.2507,1.8849,4.1787
rl_homogeneous,16,fixed,1.0,0,987,-7.7712,3.7516,-1.9152
rl_homogeneous,16,fixed,1.0,0,988,-1.2864,12.3671,-0.4651
rl_homogeneous,16,fixed,1.0,0,989,-2.6829,10.0188,0.6443
rl_homogeneous,16,fixed,1.0,0,990,-1.2197,1.3969,2.7332
rl_homogeneous,16,fixed,1.0,0,991,-5.5790,11.3065,-1.9914
rl_homogeneous,16,fixed,1.0,0,992,-0.5519,0.0000,0.8898
rl_homogeneous,16,fixed,1.0,0,993,-6.8865,-3.5317,-2.3513
rl_homogeneous,16,fixed,1.0,0,994,-3.6554,3.6264,-1.1565
rl_homogeneous,16,fixed,1.0,0,995,-0.1905,0.2282,0.5556
rl_homogeneous,16,fixed,1.0,0,996,1.6705,21.4981,-2.7912
rl_homogeneous,16,fixed,1.0,0,997,3.7305,9.6590,1.0181
rl_homogeneous,16,fixed,1.0,0,998,1.0105,-1.4163,-2.3753
rl_homogeneous,16,fixed,1.0,0,999,-3.6390,4.2802,-1.5353
rl_homogeneous,16,fixed,1.0,0,1000,-0.5494,7.5517,-0.2659
rl_heterogeneous,16,fixed,1.0,0,1,-3.7290,16.1228,-1.5668
rl_heterogeneous,16,fixed,1.0,0,2,7.3618,4.6928,4.5922
rl_heterogeneous,16,fixed,1.0,0,3,-9.7219,6.9924,-2.3366
rl_heterogeneous,16,fixed,1.0,0,4,-2.7849,15.0126,0.1318
rl_heterogeneous,16,fixed,1.0,0,5,-7.1098,-2.7504,-2.5783
rl_heterogeneous,16,fixed,1.0,0,6,0.2696,17.1751,-0.5693
rl_heterogeneous,16,fixed,1.0,0,7,6.7476,18.0447,2.5772
rl_heterogeneous,16,fixed,1.0,0,8,-5.9734,1.6914,-1.2782
rl_heterogeneous,16,fixed,1.0,0,9,-2.3836,6.9331,-0.1406
rl_heterogeneous,16,fixed,1.0,0,10,1.1299,5.9862,0.0755
rl_heterogeneous,16,fixed,1.0,0,11,-1.4816,-1.1662,-1.1797
rl_heterogeneous,16,fixed,1.0,0,12,7.5198,1.2664,3.7179
rl_heterogeneous,16,fixed,1.0,0,13,0.7007,16.7850,2.6865
rl_heterogeneous,16,fixed,1.0,0,14,-11.0893,2.2329,-2.8289
rl_heterogeneous,16,fixed,1.0,0,15,-1.3672,1.5760,-1.4592
rl_heterogeneous,16,fixed,1.0,0,16,2.9229,31.5702,0.9390
rl_heterogeneous,16,fixed,1.0,0,17,-3.5565,-0.2897,-3.0066
rl_heterogeneous,16,fixed,1.0,0,18,-0.1007,14.1542,-2.3899
rl_heterogeneous,16,fixed,1.0,0,19,-3.8900,2.1124,-1.4442
rl_heterogeneous,16,fixed,1.0,0,20,-6.6454,2.7943,-0.7260
rl_heterogeneous,16,fixed,1.0,0,21,0.4537,1.2302,-0.3307
rl_heterogeneous,16,fixed,1.0,0,22,-7.0772,-4.2132,-3.3818
rl_heterogeneous,16,fixed,1.0,0,23,-7.5347,15.6423,-0.6319
rl_heterogeneous,16,fixed,1.0,0,24,-4.8729,0.5712,-0.4119
rl_heterogeneous,16,fixed,1.0,0,25,-1.4177,6.4032,-0.5653
rl_heterogeneous,16,fixed,1.0,0,26,4.9285,4.7885,0.2136
rl_heterogeneous,16,fixed,1.0,0,27,-1.4080,11.1993,-0.8834
rl_heterogeneous,16,fixed,1.0,0,28,4.5087,11.8913,3.1226
rl_heterogeneous,16,fixed,1.0,0,29,-0.2467,2.7894,-1.9715
rl_heterogeneous,16,fixed,1.0,0,30,1.1476,11.8302,2.2824
rl_heterogeneous,16,fixed,1.0,0,31,-6.3996,18.8255,-1.7989
rl_heterogeneous,16,fixed,1.0,0,32,-10.5645,-0.3444,-3.1299
rl_heterogeneous,16,fixed,1.0,0,33,5.6788,35.2673,4.0326
rl_heterogeneous,16,fixed,1.0,0,34,-1.7639,1.2602,-1.7973
rl_heterogeneous,16,fixed,1.0,0,35,2.3886,-1.5356,-0.9709
rl_heterogeneous,16,fixed,1.0,0,36,-3.0872,-1.6048,-1.4779
rl_heterogeneous,16,fixed,1.0,0,37,0.4473,9.0224,2.4973
rl_heterogeneous,16,fixed,1.0,0,38,5.5728,9.3116,2.5132
rl_heterogeneous,16,fixed,1.0,0,39,5.3376,24.0136,2.2516
rl_heterogeneous,16,fixed,1.0,0,40,-8.6526,13.4102,-2.5692
rl_heterogeneous,16,fixed,1.0,0,41,1.9418,16.4887,0.6264
rl_heterogeneous,16,fixed,1.0,0,42,-10.4904,6.4313,-0.4597
rl_heterogeneous,16,fixed,1.0,0,43,2.0385,20.6861,2.0261
rl_heterogeneous,16,fixed,1.0,0,44,4.2710,12.0909,0.8146
rl_heterogeneous,16,fixed,1.0,0,45,-0.9541,14.4769,-2.0890
rl_heterogeneous,16,fixed,1.0,0,46,-2.7951,6.3139,-2.7974
rl_heterogeneous,16,fixed,1.0,0,47,-2.5788,9.8081,-2.1216
rl_heterogeneous,16,fixed,1.0,0,48,2.8492,7.8591,0.8600
rl_heterogeneous,16,fixed,1.0,0,49,4.0476,10.6207,1.4430
rl_heterogeneous,16,fixed,1.0,0,50,-3.2084,24.1400,-1.9435
rl_heterogeneous,16,fixed,1.0,0,51,2.2465,10.7331,-0.0393
rl_heterogeneous,16,fixed,1.0,0,52,3.0728,15.1680,2.2098
rl_heterogeneous,16,fixed,1.0,0,53,-0.1164,1.7231,-0.4894
rl_heterogeneous,16,fixed,1.0,0,54,-2.0516,5.4764,-1.9464
rl_heterogeneous,16,fixed,1.0,0,55,1.4242,6.1530,0.6230
rl_heterogeneous,16,fixed,1.0,0,56,2.4869,25.1820,1.6856
rl_heterogeneous,16,fixed,1.0,0,57,5.9913,17.8078,1.5328
rl_heterogeneous,16,fixed,1.0,0,58,-3.9328,5.0542,-0.3268
rl_heterogeneous,16,fixed,1.0,0,59,4.6249,1.3423,-0.5156
rl_heterogeneous,16,fixed,1.0,0,60,-1.7507,9.7649,1.2659
rl_heterogeneous,16,fixed,1.0,0,61,3.6837,6.5120,2.1979
rl_heterogeneous,16,fixed,1.0,0,62,-2.0813,5.9061,-0.5382
rl_heterogeneous,16,fixed,1.0,0,63,2.2270,9.7804,-0.3023
rl_heterogeneous,16,fixed,1.0,0,64,-5.2484,8.3561,-1.6045
rl_heterogeneous,16,fixed,1.0,0,65,1.3071,7.8455,2.4844
rl_heterogeneous,16,fixed,1.0,0,66,0.3749,-2.5786,-1.8626
rl_heterogeneous,16,fixed,1.0,0,67,-9.0218,3.4265,-2.6941
rl_heterogeneous,16,fixed,1.0,0,68,-5.4222,-0.4900,-2.3210
rl_heterogeneous,16,fixed,1.0,0,69,-0.1327,16.8178,1.3963
rl_heterogeneous,16,fixed,1.0,0,70,7.4748,16.4850,2.2883
rl_heterogeneous,16,fixed,1.0,0,71,3.3338,2.0754,3.6263
rl_heterogeneous,16,fixed,1.0,0,72,-5.1400,24.0426,0.1389
rl_heterogeneous,16,fixed,1.0,0,73,-7.5703,19.6444,-2.0872
rl_heterogeneous,16,fixed,1.0,0,74,-9.2366,-0.4873,-2.5779
rl_heterogeneous,16,fixed,1.0,0,75,3.4528,11.4270,-0.1363
rl_heterogeneous,16,fixed,1.0,0,76,-4.5444,-2.1144,-1.5605
rl_heterogeneous,16,fixed,1.0,0,77,0.5623,27.8462,1.7512
rl_heterogeneous,16,fixed,1.0,0,78,0.9816,8.0915,0.8715
rl_heterogeneous,16,fixed,1.0,0,79,-10.1716,4.5509,-2.7143
rl_heterogeneous,16,fixed,1.0,0,80,-2.8258,6.6622,-2.3725
rl_heterogeneous,16,fixed,1.0,0,81,-3.1313,7.0347,-1.0253
rl_heterogeneous,16,fixed,1.0,0,82,1.3316,21.9972,2.9863
rl_heterogeneous,16,fixed,1.0,0,83,0.1798,15.5393,0.8221
rl_heterogeneous,16,fixed,1.0,0,84,4.7932,12.3170,1.0939
rl_heterogeneous,16,fixed,1.0,0,85,3.9747,2.0129,0.7033
rl_heterogeneous,16,fixed,1.0,0,86,-1.1918,4.9664,1.4157
rl_heterogeneous,16,fixed,1.0,0,87,-7.7003,-1.3535,-2.6598
rl_heterogeneous,16,fixed,1.0,0,88,-5.4466,-1.3692,-0.8504
rl_heterogeneous,16,fixed,1.0,0,89,4.3617,15.7087,1.3473
rl_heterogeneous,16,fixed,1.0,0,90,0.4204,5.9556,0.1853
rl_heterogeneous,16,fixed,1.0,0,91,2.1809,20.1023,0.7086
rl_heterogeneous,16,fixed,1.0,0,92,-4.4905,5.4812,-1.9424
rl_heterogeneous,16,fixed,1.0,0,93,-0.2241,9.8074,1.7083
rl_heterogeneous,16,fixed,1.0,0,94,-6.4876,9.0901,-2.1523
rl_heterogeneous,16,fixed,1.0,0,95,1.8633,11.3011,-1.1569
rl_heterogeneous,16,fixed,1.0,0,96,-1.0364,-1.7606,-2.0420
rl_heterogeneous,16,fixed,1.0,0,97,-12.4810,-6.6609,-3.8186
rl_heterogeneous,16,fixed,1.0,0,98,-10.4299,4.6246,-3.3173
rl_heterogeneous,16,fixed,1.0,0,99,3.6325,4.5638,3.4842
rl_heterogeneous,16,fixed,1.0,0,100,4.7766,9.5477,0.5563
rl_heterogeneous,16,fixed,1.0,0,101,-0.7777,11.3434,0.7932
rl_heterogeneous,16,fixed,1.0,0,102,-0.4245,21.6485,-0.1276
rl_heterogeneous,16,fixed,1.0,0,103,-7.7204,14.6925,-0.7800
rl_heterogeneous,16,fixed,1.0,0,104,-3.1548,2.7545,-1.0540
rl_heterogeneous,16,fixed,1.0,0,105,4.5777,8.1826,1.1192
rl_heterogeneous,16,fixed,1.0,0,106,-5.5390,11.4311,-0.0232
rl_heterogeneous,16,fixed,1.0,0,107,-2.9656,-4.5082,-1.8265
rl_heterogeneous,16,fixed,1.0,0,108,-0.6485,12.1329,1.5007
rl_heterogeneous,16,fixed,1.0,0,109,-0.1681,9.2883,-1.5755
rl_heterogeneous,16,fixed,1.0,0,110,2.9697,30.6755,1.6184
rl_heterogeneous,16,fixed,1.0,0,111,-3.6608,18.0883,-0.4238
rl_heterogeneous,16,fixed,1.0,0,112,-2.3790,7.1252,-1.2745
rl_heterogeneous,16,fixed,1.0,0,113,-5.6988,-9.5365,-3.1653
rl_heterogeneous,16,fixed,1.0,0,114,-6.1977,13.1956,-0.2621
rl_heterogeneous,16,fixed,1.0,0,115,-3.5603,29.7574,0.3166
rl_heterogeneous,16,fixed,1.0,0,116,-0.8513,13.6366,-2.5778
rl_heterogeneous,16,fixed,1.0,0,117,0.5131,6.4464,-0.3376
rl_heterogeneous,16,fixed,1.0,0,118,3.1422,17.3514,-0.5488
rl_heterogeneous,16,fixed,1.0,0,119,-2.3551,12.8643,-0.4176
rl_heterogeneous,16,fixed,1.0,0,120,-2.4609,3.5013,-1.2910
rl_heterogeneous,16,fixed,1.0,0,121,5.3000,8.0379,1.5067
rl_heterogeneous,16,fixed,1.0,0,122,-4.4560,20.4374,-0.9520
rl_heterogeneous,16,fixed,1.0,0,123,3.1881,32.0318,1.9369
rl_heterogeneous,16,fixed,1.0,0,124,0.7431,11.0462,1.3109
rl_heterogeneous,16,fixed,1.0,0,125,-0.4559,6.4976,-0.2189
rl_heterogeneous,16,fixed,1.0,0,126,7.1758,5.9762,1.7133
rl_heterogeneous,16,fixed,1.0,0,127,7.3851,4.7482,1.7591
rl_heterogeneous,16,fixed,1.0,0,128,-2.9211,4.3167,-0.2920
rl_heterogeneous,16,fixed,1.0,0,129,0.7130,12.0914,1.8065
rl_heterogeneous,16,fixed,1.0,0,130,5.7764,13.2878,1.6674
rl_heterogeneous,16,fixed,1.0,0,131,-0.8752,10.9708,0.9318
rl_heterogeneous,16,fixed,1.0,0,132,1.6580,36.7081,-0.2368
rl_heterogeneous,16,fixed,1.0,0,133,2.1594,22.5229,1.1776
rl_heterogeneous,16,fixed,1.0,0,134,8.6942,9.1681,4.7995
rl_heterogeneous,16,fixed,1.0,0,135,2.4631,19.6477,0.5760
rl_heterogeneous,16,fixed,1.0,0,136,3.0149,6.0493,2.4770
rl_heterogeneous,16,fixed,1.0,0,137,-1.0068,13.3233,-1.5430
rl_heterogeneous,16,fixed,1.0,0,138,1.4747,13.6091,0.6644
rl_heterogeneous,16,fixed,1.0,0,139,4.4641,18.2119,0.3156
rl_heterogeneous,16,fixed,1.0,0,140,-5.2100,4.9738,-2.8752
rl_heterogeneous,16,fixed,1.0,0,141,3.4291,28.3326,0.5521
rl_heterogeneous,16,fixed,1.0,0,142,-6.5033,-1.3230,-2.4825
rl_heterogeneous,16,fixed,1.0,0,143,-2.1885,16.4801,-1.7186
rl_heterogeneous,16,fixed,1.0,0,144,-1.6518,4.3706,-2.1231
rl_heterogeneous,16,fixed,1.0,0,145,-5.4150,9.0995,-2.4085
rl_heterogeneous,16,fixed,1.0,0,146,6.0086,25.2394,0.7725
rl_heterogeneous,16,fixed,1.0,0,147,1.3222,3.1947,1.3987
rl_heterogeneous,16,fixed,1.0,0,148,-3.9513,7.9902,-1.2943
rl_heterogeneous,16,fixed,1.0,0,149,-0.4674,18.8517,0.8998
rl_heterogeneous,16,fixed,1.0,0,150,-4.5626,9.9830,-2.8744
rl_heterogeneous,16,fixed,1.0,0,151,-5.1937,1.5835,-1.0002
rl_heterogeneous,16,fixed,1.0,0,152,-5.3478,4.0631,-1.2010
rl_heterogeneous,16,fixed,1.0,0,153,3.7318,5.0940,-0.2818
rl_heterogeneous,16,fixed,1.0,0,154,-9.2852,22.1624,-0.9572
rl_heterogeneous,16,fixed,1.0,0,155,1.5224,15.2940,-0.3863
rl_heterogeneous,16,fixed,1.0,0,156,-4.6003,-1.1123,-2.9990
rl_heterogeneous,16,fixed,1.0,0,157,0.1412,-0.3244,-1.3193
rl_heterogeneous,16,fixed,1.0,0,158,0.2791,-2.4971,-0.5113
rl_heterogeneous,16,fixed,1.0,0,159,-17.7773,-12.9761,-4.9418
rl_heterogeneous,16,fixed,1.0,0,160,-7.8750,-0.6853,-1.3128
rl_heterogeneous,16,fixed,1.0,0,161,-0.2483,34.7839,1.2702
rl_heterogeneous,16,fixed,1.0,0,162,5.3939,30.5272,0.1193
rl_heterogeneous,16,fixed,1.0,0,163,-4.2538,15.1562,-2.0313
rl_heterogeneous,16,fixed,1.0,0,164,-2.7628,10.5150,1.6383
rl_heterogeneous,16,fixed,1.0,0,165,-4.1133,-1.2138,-2.8573
rl_heterogeneous,16,fixed,1.0,0,166,4.9869,17.5132,1.6216
rl_heterogeneous,16,fixed,1.0,0,167,1.6762,12.0126,-0.4174
rl_heterogeneous,16,fixed,1.0,0,168,4.3158,18.7680,0.3272
rl_heterogeneous,16,fixed,1.0,0,169,2.3048,15.3574,-0.1091
rl_heterogeneous,16,fixed,1.0,0,170,1.9431,0.4081,0.6740
rl_heterogeneous,16,fixed,1.0,0,171,-1.6645,-3.1980,-2.0670
rl_heterogeneous,16,fixed,1.0,0,172,2.1119,14.5253,2.4790
rl_heterogeneous,16,fixed,1.0,0,173,4.4952,29.5359,-0.1130
rl_heterogeneous,16,fixed,1.0,0,174,-3.1585,2.8457,-1.1831
rl_heterogeneous,16,fixed,1.0,0,175,-1.4728,29.7233,-0.3931
rl_heterogeneous,16,fixed,1.0,0,176,-0.3217,4.5569,-2.4343
rl_heterogeneous,16,fixed,1.0,0,177,-0.2778,15.9769,-1.1390
rl_heterogeneous,16,fixed,1.0,0,178,-1.0396,3.0803,0.0866
rl_heterogeneous,16,fixed,1.0,0,179,-0.1355,0.4541,-0.0218
rl_heterogeneous,16,fixed,1.0,0,180,0.0920,14.6753,0.2649
rl_heterogeneous,16,fixed,1.0,0,181,-2.2538,13.1128,0.9262
rl_heterogeneous,16,fixed,1.0,0,182,1.7324,7.5972,2.2825
rl_heterogeneous,16,fixed,1.0,0,183,7.2327,1.8940,4.4069
rl_heterogeneous,16,fixed,1.0,0,184,3.8944,13.7070,0.1523
rl_heterogeneous,16,fixed,1.0,0,185,-1.4564,14.2665,-0.4091
rl_heterogeneous,16,fixed,1.0,0,186,-3.7406,2.1586,-1.3633
rl_heterogeneous,16,fixed,1.0,0,187,-0.4513,8.4331,-0.9657
rl_heterogeneous,16,fixed,1.0,0,188,-0.7281,15.9565,-1.3000
rl_heterogeneous,16,fixed,1.0,0,189,-1.1734,32.4126,0.6327
rl_heterogeneous,16,fixed,1.0,0,190,1.0835,5.7446,0.9382
rl_heterogeneous,16,fixed,1.0,0,191,4.1650,19.2921,1.3517
rl_heterogeneous,16,fixed,1.0,0,192,-0.0566,-1.0386,-1.2953
rl_heterogeneous,16,fixed,1.0,0,193,0.3539,21.6873,-0.0588
rl_heterogeneous,16,fixed,1.0,0,194,-5.6890,8.5249,-1.0927
rl_heterogeneous,16,fixed,1.0,0,195,5.2897,5.0872,2.4455
rl_heterogeneous,16,fixed,1.0,0,196,9.9031,28.1871,4.3399
rl_heterogeneous,16,fixed,1.0,0,197,-2.8611,2.6172,-2.3231
rl_heterogeneous,16,fixed,1.0,0,198,4.7607,2.6782,1.8746
rl_heterogeneous,16,fixed,1.0,0,199,-5.3381,3.3660,-1.9641
rl_heterogeneous,16,fixed,1.0,0,200,-1.9998,4.0666,-0.8225
rl_heterogeneous,16,fixed,1.0,0,201,-0.8559,13.2785,-0.2907
rl_heterogeneous,16,fixed,1.0,0,202,4.2830,21.8160,0.9224
rl_heterogeneous,16,fixed,1.0,0,203,4.3859,9.8726,0.4630
rl_heterogeneous,16,fixed,1.0,0,204,-1.8080,-2.2683,-1.1252
rl_heterogeneous,16,fixed,1.0,0,205,-8.8749,-3.5384,-1.3870
rl_heterogeneous,16,fixed,1.0,0,206,-2.0558,4.0273,-0.7526
rl_heterogeneous,16,fixed,1.0,0,207,10.2413,11.2770,4.0354
rl_heterogeneous,16,fixed,1.0,0,208,-5.8425,-2.9877,-2.5138
rl_heterogeneous,16,fixed,1.0,0,209,-18.5823,-5.4089,-5.4097
rl_heterogeneous,16,fixed,1.0,0,210,-15.1532,-16.7468,-3.9323
rl_heterogeneous,16,fixed,1.0,0,211,6.6271,11.9057,-0.1136
rl_heterogeneous,16,fixed,1.0,0,212,5.8187,17.6764,1.4929
rl_heterogeneous,16,fixed,1.0,0,213,-0.5855,13.6821,-1.1038
rl_heterogeneous,16,fixed,1.0,0,214,-3.9991,13.5696,-0.0492
rl_heterogeneous,16,fixed,1.0,0,215,-1.9214,12.1436,-0.3323
rl_heterogeneous,16,fixed,1.0,0,216,-1.9110,22.8556,-0.0090
rl_heterogeneous,16,fixed,1.0,0,217,2.3200,15.3271,0.0533
rl_heterogeneous,16,fixed,1.0,0,218,-2.3735,1.0748,-0.6820
rl_heterogeneous,16,fixed,1.0,0,219,1.5276,6.7171,-0.1457
rl_heterogeneous,16,fixed,1.0,0,220,-4.5473,0.8085,-1.8938
rl_heterogeneous,16,fixed,1.0,0,221,-4.8048,17.1021,0.0661
rl_heterogeneous,16,fixed,1.0,0,222,4.3657,3.1812,1.2093
rl_heterogeneous,16,fixed,1.0,0,223,-4.8272,-4.6746,-1.8011
rl_heterogeneous,16,fixed,1.0,0,224,4.6984,4.6550,2.7569
rl_heterogeneous,16,fixed,1.0,0,225,3.1172,6.3313,0.7472
rl_heterogeneous,16,fixed,1.0,0,226,-4.1331,-1.3784,-0.9882
rl_heterogeneous,16,fixed,1.0,0,227,3.7489,6.3687,-0.1144
rl_heterogeneous,16,fixed,1.0,0,228,2.4257,25.5378,2.3894
rl_heterogeneous,16,fixed,1.0,0,229,-1.1068,15.9959,-0.1742
rl_heterogeneous,16,fixed,1.0,0,230,-1.7727,16.3915,-1.0814
rl_heterogeneous,16,fixed,1.0,0,231,3.6960,11.8742,0.7210
rl_heterogeneous,16,fixed,1.0,0,232,-2.7896,0.3218,-2.7370
rl_heterogeneous,16,fixed,1.0,0,233,2.5753,4.6232,-0.8899
rl_heterogeneous,16,fixed,1.0,0,234,-7.1162,-8.4969,-2.4827
rl_heterogeneous,16,fixed,1.0,0,235,-2.4550,8.9680,1.1703
rl_heterogeneous,16,fixed,1.0,0,236,-9.7767,-1.7339,-2.9120
rl_heterogeneous,16,fixed,1.0,0,237,4.8265,18.1891,1.1263
rl_heterogeneous,16,fixed,1.0,0,238,4.0228,15.3104,0.2013
rl_heterogeneous,16,fixed,1.0,0,239,-3.5283,7.9390,0.2545
rl_heterogeneous,16,fixed,1.0,0,240,0.2896,8.2099,-0.9980
rl_heterogeneous,16,fixed,1.0,0,241,-1.3178,4.4850,-2.3498
rl_heterogeneous,16,fixed,1.0,0,242,5.9639,9.3126,0.1698
rl_heterogeneous,16,fixed,1.0,0,243,3.0840,15.9064,1.0885
rl_heterogeneous,16,fixed,1.0,0,244,2.1576,19.2781,2.0867
rl_heterogeneous,16,fixed,1.0,0,245,-2.3171,5.9860,-1.5854
rl_heterogeneous,16,fixed,1.0,0,246,5.1979,4.9246,2.6669
rl_heterogeneous,16,fixed,1.0,0,247,-1.8887,6.0595,0.9250
rl_heterogeneous,16,fixed,1.0,0,248,-8.5616,-10.0095,-2.6216
rl_heterogeneous,16,fixed,1.0,0,249,3.7580,16.2666,-0.2910
rl_heterogeneous,16,fixed,1.0,0,250,6.5489,21.1879,1.5298
rl_heterogeneous,16,fixed,1.0,0,251,2.4571,22.3336,1.3346
rl_heterogeneous,16,fixed,1.0,0,252,-7.6179,1.3411,-1.3925
rl_heterogeneous,16,fixed,1.0,0,253,-0.4051,7.1711,-0.4801
rl_heterogeneous,16,fixed,1.0,0,254,-8.2602,-4.2437,-2.4181
rl_heterogeneous,16,fixed,1.0,0,255,2.5934,6.1531,-0.8560
rl_heterogeneous,16,fixed,1.0,0,256,4.3921,14.9088,2.1067
rl_heterogeneous,16,fixed,1.0,0,257,-4.6172,5.4419,-2.0029
rl_heterogeneous,16,fixed,1.0,0,258,-2.7678,6.6648,0.1140
rl_heterogeneous,16,fixed,1.0,0,259,-9.8638,7.3719,-3.0495
rl_heterogeneous,16,fixed,1.0,0,260,0.8021,12.7049,0.8599
rl_heterogeneous,16,fixed,1.0,0,261,2.0479,7.2089,-0.3383
rl_heterogeneous,16,fixed,1.0,0,262,-4.9575,2.9649,-2.1830
rl_heterogeneous,16,fixed,1.0,0,263,-7.0206,3.3002,-3.5307
rl_heterogeneous,16,fixed,1.0,0,264,2.8957,8.0506,-0.5316
rl_heterogeneous,16,fixed,1.0,0,265,-11.5638,-7.8396,-4.2727
rl_heterogeneous,16,fixed,1.0,0,266,-6.6142,1.3727,-2.0539
rl_heterogeneous,16,fixed,1.0,0,267,0.4625,28.6030,0.1265
rl_heterogeneous,16,fixed,1.0,0,268,-5.9390,-3.8895,-2.9563
rl_heterogeneous,16,fixed,1.0,0,269,-2.2634,-0.2561,-1.8334
rl_heterogeneous,16,fixed,1.0,0,270,-0.0251,8.9945,-0.6274
rl_heterogeneous,16,fixed,1.0,0,271,-5.6674,16.1560,-2.1515
rl_heterogeneous,16,fixed,1.0,0,272,5.4785,2.8057,2.9949
rl_heterogeneous,16,fixed,1.0,0,273,3.6395,33.6859,2.3368
rl_heterogeneous,16,fixed,1.0,0,274,-6.2689,-5.2096,-1.2433
rl_heterogeneous,16,fixed,1.0,0,275,-1.1808,3.5958,-0.7303
rl_heterogeneous,16,fixed,1.0,0,276,-1.6633,18.4169,2.7093
rl_heterogeneous,16,fixed,1.0,0,277,5.3171,15.1603,2.4088
rl_heterogeneous,16,fixed,1.0,0,278,-2.3300,15.1824,0.0126
rl_heterogeneous,16,fixed,1.0,0,279,-0.9277,6.3078,-1.6153
rl_heterogeneous,16,fixed,1.0,0,280,-4.3037,10.3300,-1.0771
rl_heterogeneous,16,fixed,1.0,0,281,3.5299,6.2999,0.8512
rl_heterogeneous,16,fixed,1.0,0,282,-3.8222,-2.1220,-2.2675
rl_heterogeneous,16,fixed,1.0,0,283,-0.8746,2.6629,-2.2761
rl_heterogeneous,16,fixed,1.0,0,284,-15.1432,1.5640,-1.4821
rl_heterogeneous,16,fixed,1.0,0,285,-3.0632,-3.1693,-1.7519
rl_heterogeneous,16,fixed,1.0,0,286,-4.5341,17.4672,-2.1676
rl_heterogeneous,16,fixed,1.0,0,287,1.6667,11.7566,-1.2528
rl_heterogeneous,16,fixed,1.0,0,288,1.5311,9.8567,0.8597
rl_heterogeneous,16,fixed,1.0,0,289,-1.1183,12.6821,0.8516
rl_heterogeneous,16,fixed,1.0,0,290,-1.1045,17.6798,-0.6917
rl_heterogeneous,16,fixed,1.0,0,291,-5.2933,1.4216,-3.4147
rl_heterogeneous,16,fixed,1.0,0,292,-8.7958,0.1500,-3.4997
rl_heterogeneous,16,fixed,1.0,0,293,-13.2123,-9.9601,-3.7611
rl_heterogeneous,16,fixed,1.0,0,294,4.3322,14.7138,-0.4327
rl_heterogeneous,16,fixed,1.0,0,295,-0.6731,10.9352,-1.2985
rl_heterogeneous,16,fixed,1.0,0,296,2.6106,24.6214,0.3750
rl_heterogeneous,16,fixed,1.0,0,297,5.1448,12.8907,2.9504
rl_heterogeneous,16,fixed,1.0,0,298,2.5996,27.8997,1.7577
rl_heterogeneous,16,fixed,1.0,0,299,0.2981,9.8176,-0.2992
rl_heterogeneous,16,fixed,1.0,0,300,-4.4012,2.6026,-0.7609
rl_heterogeneous,16,fixed,1.0,0,301,-3.9177,0.4771,-1.2017
rl_heterogeneous,16,fixed,1.0,0,302,-3.7871,18.3586,1.0849
rl_heterogeneous,16,fixed,1.0,0,303,4.0729,26.5832,0.6012
rl_heterogeneous,16,fixed,1.0,0,304,8.5985,10.4163,3.4875
rl_heterogeneous,16,fixed,1.0,0,305,1.9315,3.6041,-0.7003
rl_heterogeneous,16,fixed,1.0,0,306,-6.1462,5.5139,-4.2278
rl_heterogeneous,16,fixed,1.0,0,307,-0.8430,-3.3750,-2.0739
rl_heterogeneous,16,fixed,1.0,0,308,5.7025,6.0357,0.5718
rl_heterogeneous,16,fixed,1.0,0,309,-3.1205,7.9868,0.9517
rl_heterogeneous,16,fixed,1.0,0,310,1.5850,7.7911,0.4619
rl_heterogeneous,16,fixed,1.0,0,311,-5.2647,4.1364,-1.5692
rl_heterogeneous,16,fixed,1.0,0,312,-5.3339,18.4176,-0.1012
rl_heterogeneous,16,fixed,1.0,0,313,-2.5683,5.7399,-1.1706
rl_heterogeneous,16,fixed,1.0,0,314,-6.1856,38.0298,-0.9455
rl_heterogeneous,16,fixed,1.0,0,315,3.7410,-0.0551,1.2034
rl_heterogeneous,16,fixed,1.0,0,316,-1.7566,21.2060,-1.8166
rl_heterogeneous,16,fixed,1.0,0,317,-4.3141,-0.4038,-2.9769
rl_heterogeneous,16,fixed,1.0,0,318,4.7390,14.8454,5.8827
rl_heterogeneous,16,fixed,1.0,0,319,-10.6369,2.7060,-1.2806
rl_heterogeneous,16,fixed,1.0,0,320,5.7122,6.9708,-0.0458
rl_heterogeneous,16,fixed,1.0,0,321,1.9537,22.6802,0.7917
rl_heterogeneous,16,fixed,1.0,0,322,6.1329,12.9994,0.9314
rl_heterogeneous,16,fixed,1.0,0,323,2.9520,17.1524,-0.6601
rl_heterogeneous,16,fixed,1.0,0,324,5.6748,7.4771,1.1145
rl_heterogeneous,16,fixed,1.0,0,325,-1.2699,7.8534,-1.0177
rl_heterogeneous,16,fixed,1.0,0,326,-4.4552,16.7987,-0.1311
rl_heterogeneous,16,fixed,1.0,0,327,4.6571,2.1707,2.1831
rl_heterogeneous,16,fixed,1.0,0,328,4.1561,6.1051,-0.1697
rl_heterogeneous,16,fixed,1.0,0,329,-1.2157,4.6702,-0.4319
rl_heterogeneous,16,fixed,1.0,0,330,-7.0363,-0.1483,-2.5901
rl_heterogeneous,16,fixed,1.0,0,331,5.2813,28.8265,3.8231
rl_heterogeneous,16,fixed,1.0,0,332,0.2410,20.4466,0.0760
rl_heterogeneous,16,fixed,1.0,0,333,-9.5826,-6.9243,-2.4412
rl_heterogeneous,16,fixed,1.0,0,334,-0.2451,6.4359,1.8705
rl_heterogeneous,16,fixed,1.0,0,335,3.4397,16.9933,3.1816
rl_heterogeneous,16,fixed,1.0,0,336,-3.3877,6.0495,-0.5801
rl_heterogeneous,16,fixed,1.0,0,337,-3.2274,-5.3885,-3.3203
rl_heterogeneous,16,fixed,1.0,0,338,-6.1368,3.1443,-3.1416
rl_heterogeneous,16,fixed,1.0,0,339,4.9774,13.6441,2.3042
rl_heterogeneous,16,fixed,1.0,0,340,-0.9640,4.2339,0.4975
rl_heterogeneous,16,fixed,1.0,0,341,7.1272,11.6842,0.7304
rl_heterogeneous,16,fixed,1.0,0,342,-0.7176,-0.1587,-0.8993
rl_heterogeneous,16,fixed,1.0,0,343,-3.8607,17.6451,-1.6815
rl_heterogeneous,16,fixed,1.0,0,344,0.3036,10.8819,0.5761
rl_heterogeneous,16,fixed,1.0,0,345,2.9838,8.4255,0.8720
rl_heterogeneous,16,fixed,1.0,0,346,4.8461,18.0823,2.7105
rl_heterogeneous,16,fixed,1.0,0,347,-12.9725,-14.0399,-4.7582
rl_heterogeneous,16,fixed,1.0,0,348,-9.4709,10.5861,-3.6711
rl_heterogeneous,16,fixed,1.0,0,349,0.4311,12.1508,0.3869
rl_heterogeneous,16,fixed,1.0,0,350,6.8176,10.5249,2.2484
rl_heterogeneous,16,fixed,1.0,0,351,-5.4544,0.3732,-1.5731
rl_heterogeneous,16,fixed,1.0,0,352,-1.2159,-1.5453,-1.4271
rl_heterogeneous,16,fixed,1.0,0,353,-0.1499,12.6829,-0.5525
rl_heterogeneous,16,fixed,1.0,0,354,-4.1663,12.8787,0.4269
rl_heterogeneous,16,fixed,1.0,0,355,2.2991,15.9141,2.3568
rl_heterogeneous,16,fixed,1.0,0,356,7.0031,8.0477,2.1587
rl_heterogeneous,16,fixed,1.0,0,357,-3.0344,27.4079,-1.5624
rl_heterogeneous,16,fixed,1.0,0,358,1.0563,12.5644,-0.3566
rl_heterogeneous,16,fixed,1.0,0,359,-4.7631,4.6695,-0.8132
rl_heterogeneous,16,fixed,1.0,0,360,-4.5057,11.0509,1.0683
rl_heterogeneous,16,fixed,1.0,0,361,1.6386,5.7594,0.3724
rl_heterogeneous,16,fixed,1.0,0,362,-7.9358,-8.6636,-4.0735
rl_heterogeneous,16,fixed,1.0,0,363,0.3784,9.4068,1.1125
rl_heterogeneous,16,fixed,1.0,0,364,4.3500,-1.4312,4.2103
rl_heterogeneous,16,fixed,1.0,0,365,-4.4129,2.4077,-2.4461
rl_heterogeneous,16,fixed,1.0,0,366,-2.0550,5.9098,-0.1221
rl_heterogeneous,16,fixed,1.0,0,367,8.4077,21.6543,4.9916
rl_heterogeneous,16,fixed,1.0,0,368,-0.4568,13.5458,-0.6063
rl_heterogeneous,16,fixed,1.0,0,369,-1.7204,0.8599,-0.2646
rl_heterogeneous,16,fixed,1.0,0,370,-2.4565,11.8127,-2.1543
rl_heterogeneous,16,fixed,1.0,0,371,2.3932,5.4324,0.7648
rl_heterogeneous,16,fixed,1.0,0,372,-2.3426,6.3564,-0.8632
rl_heterogeneous,16,fixed,1.0,0,373,-9.7218,-9.2131,-3.5814
rl_heterogeneous,16,fixed,1.0,0,374,3.8286,3.1276,0.8071
rl_heterogeneous,16,fixed,1.0,0,375,-8.0233,-1.7398,-1.6151
rl_heterogeneous,16,fixed,1.0,0,376,-10.8314,0.6392,-5.2972
rl_heterogeneous,16,fixed,1.0,0,377,-4.0171,0.5235,-0.4892
rl_heterogeneous,16,fixed,1.0,0,378,0.1780,37.4377,-0.0091
rl_heterogeneous,16,fixed,1.0,0,379,-2.0058,27.1337,1.2535
rl_heterogeneous,16,fixed,1.0,0,380,3.2257,16.7486,-1.2481
rl_heterogeneous,16,fixed,1.0,0,381,-3.1625,15.8387,-0.3736
rl_heterogeneous,16,fixed,1.0,0,382,-5.3503,14.7867,-1.0322
rl_heterogeneous,16,fixed,1.0,0,383,3.1646,14.0380,-0.9738
rl_heterogeneous,16,fixed,1.0,0,384,5.2852,10.7893,1.8138
rl_heterogeneous,16,fixed,1.0,0,385,2.7274,9.6551,0.0931
rl_heterogeneous,16,fixed,1.0,0,386,-9.2994,-4.3977,-2.7819
rl_heterogeneous,16,fixed,1.0,0,387,-8.0092,-1.1327,-1.3950
rl_heterogeneous,16,fixed,1.0,0,388,-12.8787,-1.0069,-4.0837
rl_heterogeneous,16,fixed,1.0,0,389,-10.0031,-2.8928,-1.7730
rl_heterogeneous,16,fixed,1.0,0,390,-7.2075,18.0736,-2.3267
rl_heterogeneous,16,fixed,1.0,0,391,3.4006,14.3590,2.3845
rl_heterogeneous,16,fixed,1.0,0,392,-5.2200,5.5936,-0.2936
rl_heterogeneous,16,fixed,1.0,0,393,-1.9300,2.7262,0.8084
rl_heterogeneous,16,fixed,1.0,0,394,-7.6456,8.6831,-2.0656
rl_heterogeneous,16,fixed,1.0,0,395,-7.7139,-1.6503,-3.1147
rl_heterogeneous,16,fixed,1.0,0,396,-13.0808,-10.5516,-3.9401
rl_heterogeneous,16,fixed,1.0,0,397,3.6712,3.1716,2.1608
rl_heterogeneous,16,fixed,1.0,0,398,-0.9880,3.6270,0.2702
rl_heterogeneous,16,fixed,1.0,0,399,0.8317,7.1678,0.2219
rl_heterogeneous,16,fixed,1.0,0,400,-4.2117,-3.4095,-3.0119
rl_heterogeneous,16,fixed,1.0,0,401,-5.7993,-6.6594,-2.5452
rl_heterogeneous,16,fixed,1.0,0,402,-2.0667,-1.0421,-2.5609
rl_heterogeneous,16,fixed,1.0,0,403,-2.0582,10.5159,-2.0181
rl_heterogeneous,16,fixed,1.0,0,404,-8.7027,28.1994,-1.0438
rl_heterogeneous,16,fixed,1.0,0,405,-3.1410,7.1018,-2.3374
rl_heterogeneous,16,fixed,1.0,0,406,1.0831,16.6388,0.0614
rl_heterogeneous,16,fixed,1.0,0,407,1.1806,4.9486,0.0837
rl_heterogeneous,16,fixed,1.0,0,408,-4.9381,12.4454,-1.2938
rl_heterogeneous,16,fixed,1.0,0,409,1.9164,13.5475,0.4390
rl_heterogeneous,16,fixed,1.0,0,410,-7.3222,1.3550,-2.0299
rl_heterogeneous,16,fixed,1.0,0,411,4.4041,12.3053,0.9782
rl_heterogeneous,16,fixed,1.0,0,412,0.8040,15.8027,-0.7229
rl_heterogeneous,16,fixed,1.0,0,413,-5.3780,6.6213,-0.1787
rl_heterogeneous,16,fixed,1.0,0,414,-6.2526,10.3792,-1.6273
rl_heterogeneous,16,fixed,1.0,0,415,4.0208,15.9348,0.6320
rl_heterogeneous,16,fixed,1.0,0,416,-1.2872,27.0879,-1.0325
rl_heterogeneous,16,fixed,1.0,0,417,1.5785,21.3741,-0.8996
rl_heterogeneous,16,fixed,1.0,0,418,-1.6408,2.0786,-1.5467
rl_heterogeneous,16,fixed,1.0,0,419,5.4992,18.6037,2.3002
rl_heterogeneous,16,fixed,1.0,0,420,-3.9806,18.8145,-0.7746
rl_heterogeneous,16,fixed,1.0,0,421,0.7329,0.3997,-1.5773
rl_heterogeneous,16,fixed,1.0,0,422,-1.2893,14.4556,-0.4457
rl_heterogeneous,16,fixed,1.0,0,423,-0.8705,9.3544,1.3910
rl_heterogeneous,16,fixed,1.0,0,424,-0.4309,0.7111,-0.9056
rl_heterogeneous,16,fixed,1.0,0,425,-6.0619,-8.4988,-1.7328
rl_heterogeneous,16,fixed,1.0,0,426,-1.0594,8.2714,-0.7297
rl_heterogeneous,16,fixed,1.0,0,427,5.3749,16.1730,2.1199
rl_heterogeneous,16,fixed,1.0,0,428,-14.6206,-14.9545,-4.3587
rl_heterogeneous,16,fixed,1.0,0,429,-8.5592,11.2420,-1.2440
rl_heterogeneous,16,fixed,1.0,0,430,4.1572,7.5239,1.2298
rl_heterogeneous,16,fixed,1.0,0,431,-6.4002,9.5242,-2.4593
rl_heterogeneous,16,fixed,1.0,0,432,-3.0855,10.5614,-2.4891
rl_heterogeneous,16,fixed,1.0,0,433,-2.3322,4.8690,-0.9214
rl_heterogeneous,16,fixed,1.0,0,434,0.0639,9.9734,1.0620
rl_heterogeneous,16,fixed,1.0,0,435,2.6478,20.0667,0.7755
rl_heterogeneous,16,fixed,1.0,0,436,-1.8776,3.4154,-1.5443
rl_heterogeneous,16,fixed,1.0,0,437,-3.2197,11.5979,0.3812
rl_heterogeneous,16,fixed,1.0,0,438,1.7038,21.5941,1.3282
rl_heterogeneous,16,fixed,1.0,0,439,-13.7960,28.6279,-2.6327
rl_heterogeneous,16,fixed,1.0,0,440,-6.2533,-8.2658,-2.2994
rl_heterogeneous,16,fixed,1.0,0,441,-2.5136,21.1852,-1.4684
rl_heterogeneous,16,fixed,1.0,0,442,-11.0377,-6.2467,-4.3195
rl_heterogeneous,16,fixed,1.0,0,443,-3.9838,4.7392,-1.1956
rl_heterogeneous,16,fixed,1.0,0,444,-1.5690,2.3556,0.3264
rl_heterogeneous,16,fixed,1.0,0,445,2.0091,5.4197,-0.3203
rl_heterogeneous,16,fixed,1.0,0,446,-2.7840,-1.8276,-1.8074
rl_heterogeneous,16,fixed,1.0,0,447,5.3367,9.3521,0.8331
rl_heterogeneous,16,fixed,1.0,0,448,-10.4363,5.9514,-3.4726
rl_heterogeneous,16,fixed,1.0,0,449,-5.6086,11.7604,-1.5465
rl_heterogeneous,16,fixed,1.0,0,450,-5.9520,3.9684,-1.7545
rl_heterogeneous,16,fixed,1.0,0,451,-1.6548,15.7853,0.5817
rl_heterogeneous,16,fixed,1.0,0,452,-4.1737,-4.1116,-2.0309
rl_heterogeneous,16,fixed,1.0,0,453,-6.5447,0.0579,-0.4169
rl_heterogeneous,16,fixed,1.0,0,454,3.5681,10.9296,3.1317
rl_heterogeneous,16,fixed,1.0,0,455,-7.5484,-4.4244,-3.2748
rl_heterogeneous,16,fixed,1.0,0,456,-11.7072,-10.0690,-3.1019
rl_heterogeneous,16,fixed,1.0,0,457,-2.2394,23.4543,-1.8665
rl_heterogeneous,16,fixed,1.0,0,458,-1.9486,7.1993,-0.3335
rl_heterogeneous,16,fixed,1.0,0,459,-7.6122,12.2441,-0.5344
rl_heterogeneous,16,fixed,1.0,0,460,-0.7403,3.3207,-2.0732
rl_heterogeneous,16,fixed,1.0,0,461,2.5820,0.6335,1.6775
rl_heterogeneous,16,fixed,1.0,0,462,-2.2464,11.2539,0.1281
rl_heterogeneous,16,fixed,1.0,0,463,6.9898,11.5012,2.1845
rl_heterogeneous,16,fixed,1.0,0,464,-0.7360,3.2826,-2.9833
rl_heterogeneous,16,fixed,1.0,0,465,-5.5572,8.7410,0.3266
rl_heterogeneous,16,fixed,1.0,0,466,-1.2764,29.2600,0.0675
rl_heterogeneous,16,fixed,1.0,0,467,-2.1069,6.7711,-2.3249
rl_heterogeneous,16,fixed,1.0,0,468,-1.4446,14.2720,-0.0444
rl_heterogeneous,16,fixed,1.0,0,469,-1.6015,3.0903,-0.0436
rl_heterogeneous,16,fixed,1.0,0,470,-5.9205,3.9565,-1.6938
rl_heterogeneous,16,fixed,1.0,0,471,-9.2373,-12.4620,-3.3936
rl_heterogeneous,16,fixed,1.0,0,472,-0.1942,5.9711,0.5089
rl_heterogeneous,16,fixed,1.0,0,473,0.9105,2.4518,-0.6732
rl_heterogeneous,16,fixed,1.0,0,474,-6.9196,1.8479,-4.2820
rl_heterogeneous,16,fixed,1.0,0,475,-7.8956,-5.9450,-1.7408
rl_heterogeneous,16,fixed,1.0,0,476,-9.1059,2.4281,-3.6141
rl_heterogeneous,16,fixed,1.0,0,477,1.3443,12.4368,0.4109
rl_heterogeneous,16,fixed,1.0,0,478,2.7799,7.9083,0.1454
rl_heterogeneous,16,fixed,1.0,0,479,3.6011,2.2033,0.0829
rl_heterogeneous,16,fixed,1.0,0,480,-6.1748,3.8001,-2.1821
rl_heterogeneous,16,fixed,1.0,0,481,-3.3815,1.0767,-0.8886
rl_heterogeneous,16,fixed,1.0,0,482,-5.7375,3.6804,-3.8043
rl_heterogeneous,16,fixed,1.0,0,483,7.7635,17.7042,2.1760
rl_heterogeneous,16,fixed,1.0,0,484,-4.7804,6.8788,-3.6507
rl_heterogeneous,16,fixed,1.0,0,485,-1.1290,9.0916,-0.6599
rl_heterogeneous,16,fixed,1.0,0,486,-8.4041,-1.0391,-2.6067
rl_heterogeneous,16,fixed,1.0,0,487,1.7611,3.6386,-1.1788
rl_heterogeneous,16,fixed,1.0,0,488,2.8584,20.8507,0.1647
rl_heterogeneous,16,fixed,1.0,0,489,4.7947,0.1425,3.8174
rl_heterogeneous,16,fixed,1.0,0,490,-9.9506,19.3367,-3.4933
rl_heterogeneous,16,fixed,1.0,0,491,-1.8553,-4.8136,-2.1435
rl_heterogeneous,16,fixed,1.0,0,492,-8.5684,9.2535,-3.1450
rl_heterogeneous,16,fixed,1.0,0,493,7.0072,15.0080,0.7191
rl_heterogeneous,16,fixed,1.0,0,494,0.4468,5.5607,-2.3443
rl_heterogeneous,16,fixed,1.0,0,495,-8.5500,5.3094,-2.8374
rl_heterogeneous,16,fixed,1.0,0,496,2.3950,3.5652,1.0122
rl_heterogeneous,16,fixed,1.0,0,497,-5.0662,1.5621,0.2928
rl_heterogeneous,16,fixed,1.0,0,498,6.2053,8.1838,1.1817
rl_heterogeneous,16,fixed,1.0,0,499,-4.4983,10.6806,-1.7607
rl_heterogeneous,16,fixed,1.0,0,500,0.4205,7.7045,0.3268
rl_heterogeneous,16,fixed,1.0,0,501,-5.0342,-2.6651,-1.3829
rl_heterogeneous,16,fixed,1.0,0,502,5.2665,8.6857,1.8228
rl_heterogeneous,16,fixed,1.0,0,503,1.1930,-0.3049,-1.3225
rl_heterogeneous,16,fixed,1.0,0,504,-2.0794,1.2312,-1.7431
rl_heterogeneous,16,fixed,1.0,0,505,0.9182,18.3169,2.8526
rl_heterogeneous,16,fixed,1.0,0,506,1.0771,12.2694,-0.7897
rl_heterogeneous,16,fixed,1.0,0,507,-3.7352,6.4317,-1.3343
rl_heterogeneous,16,fixed,1.0,0,508,-19.8273,-1.4948,-6.3020
rl_heterogeneous,16,fixed,1.0,0,509,2.0442,3.3629,-0.2468
rl_heterogeneous,16,fixed,1.0,0,510,-0.4369,14.2205,0.0437
rl_heterogeneous,16,fixed,1.0,0,511,-7.7757,3.3816,-2.3045
rl_heterogeneous,16,fixed,1.0,0,512,4.0039,5.8334,2.4139
rl_heterogeneous,16,fixed,1.0,0,513,5.0640,5.1218,1.2640
rl_heterogeneous,16,fixed,1.0,0,514,3.3744,2.1115,-0.3885
rl_heterogeneous,16,fixed,1.0,0,515,5.1791,5.6250,2.0908
rl_heterogeneous,16,fixed,1.0,0,516,-4.2015,24.7682,-2.4681
rl_heterogeneous,16,fixed,1.0,0,517,-2.1499,17.9271,-1.7927
rl_heterogeneous,16,fixed,1.0,0,518,-0.8062,17.4652,0.3139
rl_heterogeneous,16,fixed,1.0,0,519,-7.3745,-7.4253,-2.0050
rl_heterogeneous,16,fixed,1.0,0,520,-7.2312,-1.7385,-2.9630
rl_heterogeneous,16,fixed,1.0,0,521,-7.1571,7.2723,-3.2288
rl_heterogeneous,16,fixed,1.0,0,522,5.2988,5.7545,2.5608
rl_heterogeneous,16,fixed,1.0,0,523,-6.8485,4.2910,-1.8919
rl_heterogeneous,16,fixed,1.0,0,524,-1.8504,-0.7069,-1.4583
rl_heterogeneous,16,fixed,1.0,0,525,-3.3292,10.1441,0.3486
rl_heterogeneous,16,fixed,1.0,0,526,-4.6789,-4.1982,-1.1758
rl_heterogeneous,16,fixed,1.0,0,527,-2.3774,1.2679,-2.2382
rl_heterogeneous,16,fixed,1.0,0,528,4.6078,14.0353,0.9500
rl_heterogeneous,16,fixed,1.0,0,529,0.0294,27.5442,0.2497
rl_heterogeneous,16,fixed,1.0,0,530,-4.1210,32.2560,0.7186
rl_heterogeneous,16,fixed,1.0,0,531,0.3842,-0.4707,0.6875
rl_heterogeneous,16,fixed,1.0,0,532,0.4649,7.4115,-0.8579
rl_heterogeneous,16,fixed,1.0,0,533,1.4238,7.4054,-0.9056
rl_heterogeneous,16,fixed,1.0,0,534,-9.2902,8.4118,-1.9921
rl_heterogeneous,16,fixed,1.0,0,535,-2.8422,-2.4795,-2.3514
rl_heterogeneous,16,fixed,1.0,0,536,-6.3798,26.7432,-0.8465
rl_heterogeneous,16,fixed,1.0,0,537,-6.6163,-1.0736,-2.1563
rl_heterogeneous,16,fixed,1.0,0,538,0.7897,9.8571,1.6327
rl_heterogeneous,16,fixed,1.0,0,539,-2.4966,3.0759,-1.3735
rl_heterogeneous,16,fixed,1.0,0,540,2.0616,4.1184,0.1878
rl_heterogeneous,16,fixed,1.0,0,541,-7.3424,-7.7207,-3.1938
rl_heterogeneous,16,fixed,1.0,0,542,1.4802,8.2142,2.0369
rl_heterogeneous,16,fixed,1.0,0,543,-4.0816,6.9403,-0.9803
rl_heterogeneous,16,fixed,1.0,0,544,-5.5142,3.4273,-2.4522
rl_heterogeneous,16,fixed,1.0,0,545,-2.7143,-0.7388,-1.4925
rl_heterogeneous,16,fixed,1.0,0,546,-1.9972,11.5122,-0.3248
rl_heterogeneous,16,fixed,1.0,0,547,3.0978,3.7588,3.6449
rl_heterogeneous,16,fixed,1.0,0,548,0.3207,11.1804,-1.6629
rl_heterogeneous,16,fixed,1.0,0,549,4.3241,3.7060,0.8244
rl_heterogeneous,16,fixed,1.0,0,550,2.7747,10.8878,1.0037
rl_heterogeneous,16,fixed,1.0,0,551,-0.2351,12.7877,-1.1006
rl_heterogeneous,16,fixed,1.0,0,552,6.1096,5.8710,3.7962
rl_heterogeneous,16,fixed,1.0,0,553,4.8977,11.0724,0.3991
rl_heterogeneous,16,fixed,1.0,0,554,1.2382,5.6632,-0.5173
rl_heterogeneous,16,fixed,1.0,0,555,-2.0983,15.4424,-1.7877
rl_heterogeneous,16,fixed,1.0,0,556,-1.3401,12.8112,1.2375
rl_heterogeneous,16,fixed,1.0,0,557,-0.5666,11.4192,-1.0666
rl_heterogeneous,16,fixed,1.0,0,558,-4.3031,14.5601,0.8643
rl_heterogeneous,16,fixed,1.0,0,559,2.9024,8.7856,1.4872
rl_heterogeneous,16,fixed,1.0,0,560,-15.1112,-18.0898,-4.2332
rl_heterogeneous,16,fixed,1.0,0,561,-4.9877,15.0008,-0.7318
rl_heterogeneous,16,fixed,1.0,0,562,7.5084,12.7334,3.9498
rl_heterogeneous,16,fixed,1.0,0,563,-2.0205,10.1652,-0.7427
rl_heterogeneous,16,fixed,1.0,0,564,1.2303,4.9681,1.0854
rl_heterogeneous,16,fixed,1.0,0,565,-11.1592,5.6671,-2.7129
rl_heterogeneous,16,fixed,1.0,0,566,-4.8283,-0.8076,-2.8188
rl_heterogeneous,16,fixed,1.0,0,567,0.0903,3.8456,0.4912
rl_heterogeneous,16,fixed,1.0,0,568,0.9597,18.7922,2.5286
rl_heterogeneous,16,fixed,1.0,0,569,1.5876,11.5148,-0.9060
rl_heterogeneous,16,fixed,1.0,0,570,-7.9604,15.0380,-2.2000
rl_heterogeneous,16,fixed,1.0,0,571,0.1594,21.6322,-0.4466
rl_heterogeneous,16,fixed,1.0,0,572,-0.9725,16.1710,-0.3799
rl_heterogeneous,16,fixed,1.0,0,573,2.1420,5.4385,0.3192
rl_heterogeneous,16,fixed,1.0,0,574,-7.5644,0.3202,-2.2766
rl_heterogeneous,16,fixed,1.0,0,575,-2.6551,0.3225,-1.6135
rl_heterogeneous,16,fixed,1.0,0,576,2.6252,11.1333,-1.1936
rl_heterogeneous,16,fixed,1.0,0,577,-1.3703,18.8830,-1.2071
rl_heterogeneous,16,fixed,1.0,0,578,1.1160,18.6518,0.5493
rl_heterogeneous,16,fixed,1.0,0,579,-4.9033,11.0136,1.2118
rl_heterogeneous,16,fixed,1.0,0,580,-3.2435,7.0925,-1.2146
rl_heterogeneous,16,fixed,1.0,0,581,-21.1683,-12.1494,-7.1783
rl_heterogeneous,16,fixed,1.0,0,582,-1.6185,6.8991,0.5712
rl_heterogeneous,16,fixed,1.0,0,583,-12.3404,-2.8937,-4.2444
rl_heterogeneous,16,fixed,1.0,0,584,2.1965,7.1283,1.1961
rl_heterogeneous,16,fixed,1.0,0,585,3.1783,13.3760,0.3966
rl_heterogeneous,16,fixed,1.0,0,586,-2.6317,18.0678,1.0615
rl_heterogeneous,16,fixed,1.0,0,587,1.9897,7.4801,0.5585
rl_heterogeneous,16,fixed,1.0,0,588,-10.5076,5.3887,-1.8009
rl_heterogeneous,16,fixed,1.0,0,589,-1.2617,4.6769,-2.1199
rl_heterogeneous,16,fixed,1.0,0,590,-8.3283,4.2639,-2.9640
rl_heterogeneous,16,fixed,1.0,0,591,-5.9340,8.4016,-1.6169
rl_heterogeneous,16,fixed,1.0,0,592,0.2255,3.1415,0.3005
rl_heterogeneous,16,fixed,1.0,0,593,8.6853,13.8054,7.0418
rl_heterogeneous,16,fixed,1.0,0,594,-1.9148,8.2236,-0.7885
rl_heterogeneous,16,fixed,1.0,0,595,-9.2105,-9.3414,-2.9929
rl_heterogeneous,16,fixed,1.0,0,596,-3.9680,16.3188,1.4839
rl_heterogeneous,16,fixed,1.0,0,597,-6.0051,-16.1463,-4.6811
rl_heterogeneous,16,fixed,1.0,0,598,-6.4331,4.4221,-1.4925
rl_heterogeneous,16,fixed,1.0,0,599,-5.3174,-4.3126,-2.5748
rl_heterogeneous,16,fixed,1.0,0,600,-1.2564,-4.0584,-1.6403
rl_heterogeneous,16,fixed,1.0,0,601,-6.6270,9.3445,-3.0933
rl_heterogeneous,16,fixed,1.0,0,602,-3.6802,21.1204,3.4648
rl_heterogeneous,16,fixed,1.0,0,603,-3.1791,-2.0637,-1.3754
rl_heterogeneous,16,fixed,1.0,0,604,-8.9966,-5.4821,-3.0262
rl_heterogeneous,16,fixed,1.0,0,605,-2.0811,33.6122,-1.9956
rl_heterogeneous,16,fixed,1.0,0,606,-3.9636,-8.7118,-2.8728
rl_heterogeneous,16,fixed,1.0,0,607,3.5762,13.5196,3.2045
rl_heterogeneous,16,fixed,1.0,0,608,6.4230,8.4501,2.2897
rl_heterogeneous,16,fixed,1.0,0,609,4.5321,4.8691,2.0213
rl_heterogeneous,16,fixed,1.0,0,610,3.5887,19.7374,2.8467
rl_heterogeneous,16,fixed,1.0,0,611,-11.1416,7.6600,0.0226
rl_heterogeneous,16,fixed,1.0,0,612,-6.9749,4.7323,-1.5749
rl_heterogeneous,16,fixed,1.0,0,613,-6.8283,7.4027,-3.5342
rl_heterogeneous,16,fixed,1.0,0,614,-6.9071,12.2637,-2.2413
rl_heterogeneous,16,fixed,1.0,0,615,-1.7528,16.3969,-0.0522
rl_heterogeneous,16,fixed,1.0,0,616,0.4027,8.8589,1.7073
rl_heterogeneous,16,fixed,1.0,0,617,-3.6923,2.4426,-0.6565
rl_heterogeneous,16,fixed,1.0,0,618,6.1612,7.6852,3.7236
rl_heterogeneous,16,fixed,1.0,0,619,-8.1767,-11.1064,-3.0562
rl_heterogeneous,16,fixed,1.0,0,620,-15.9219,-11.3356,-4.5145
rl_heterogeneous,16,fixed,1.0,0,621,-8.4029,-6.5451,-2.9442
rl_heterogeneous,16,fixed,1.0,0,622,2.0812,2.4579,0.1884
rl_heterogeneous,16,fixed,1.0,0,623,-4.9331,22.4556,-0.6686
rl_heterogeneous,16,fixed,1.0,0,624,-6.7921,30.6077,0.2507
rl_heterogeneous,16,fixed,1.0,0,625,-6.7034,4.4864,-0.9645
rl_heterogeneous,16,fixed,1.0,0,626,4.3952,20.6188,2.2455
rl_heterogeneous,16,fixed,1.0,0,627,-5.2956,5.7709,-1.9444
rl_heterogeneous,16,fixed,1.0,0,628,-6.5589,11.3798,-3.3234
rl_heterogeneous,16,fixed,1.0,0,629,-8.7250,-11.2235,-5.1641
rl_heterogeneous,16,fixed,1.0,0,630,-6.5025,1.7393,-1.7663
rl_heterogeneous,16,fixed,1.0,0,631,1.0596,7.5872,0.2865
rl_heterogeneous,16,fixed,1.0,0,632,-0.3479,16.8884,2.4497
rl_heterogeneous,16,fixed,1.0,0,633,-9.6844,-13.3834,-3.3745
rl_heterogeneous,16,fixed,1.0,0,634,2.6982,6.7365,3.1184
rl_heterogeneous,16,fixed,1.0,0,635,5.2352,9.8348,1.7136
rl_heterogeneous,16,fixed,1.0,0,636,3.2673,5.4498,1.5152
rl_heterogeneous,16,fixed,1.0,0,637,-6.3989,2.0607,-1.2077
rl_heterogeneous,16,fixed,1.0,0,638,-6.5550,-1.5539,-2.0296
rl_heterogeneous,16,fixed,1.0,0,639,-1.2763,6.5190,-2.3681
rl_heterogeneous,16,fixed,1.0,0,640,0.7150,2.9074,0.8390
rl_heterogeneous,16,fixed,1.0,0,641,-1.4598,10.1473,0.0354
rl_heterogeneous,16,fixed,1.0,0,642,8.2568,9.5532,4.8109
rl_heterogeneous,16,fixed,1.0,0,643,1.8988,33.0527,1.3079
rl_heterogeneous,16,fixed,1.0,0,644,-1.9390,18.2434,-0.2791
rl_heterogeneous,16,fixed,1.0,0,645,0.6405,11.6979,1.0073
rl_heterogeneous,16,fixed,1.0,0,646,2.8562,2.8341,2.6231
rl_heterogeneous,16,fixed,1.0,0,647,-7.1796,-6.1684,-1.7844
rl_heterogeneous,16,fixed,1.0,0,648,8.6699,14.2566,1.2250
rl_heterogeneous,16,fixed,1.0,0,649,-3.2710,-0.9175,-2.0371
rl_heterogeneous,16,fixed,1.0,0,650,5.5259,24.4023,1.9686
rl_heterogeneous,16,fixed,1.0,0,651,3.5952,20.3129,2.4738
rl_heterogeneous,16,fixed,1.0,0,652,-2.1812,1.6386,-1.0676
rl_heterogeneous,16,fixed,1.0,0,653,-0.1761,17.2089,-0.5693
rl_heterogeneous,16,fixed,1.0,0,654,1.5246,1.1031,-1.0342
rl_heterogeneous,16,fixed,1.0,0,655,-1.3922,7.6567,0.8012
rl_heterogeneous,16,fixed,1.0,0,656,-7.3476,-7.1098,-2.1305
rl_heterogeneous,16,fixed,1.0,0,657,0.2053,-2.2185,-0.5712
rl_heterogeneous,16,fixed,1.0,0,658,0.3091,0.2219,0.4173
rl_heterogeneous,16,fixed,1.0,0,659,2.5537,17.9368,2.2609
rl_heterogeneous,16,fixed,1.0,0,660,-7.3884,5.9359,-1.2724
rl_heterogeneous,16,fixed,1.0,0,661,2.2011,8.9095,-0.3673
rl_heterogeneous,16,fixed,1.0,0,662,-0.0224,8.9120,-0.4321
rl_heterogeneous,16,fixed,1.0,0,663,1.4377,11.7920,0.6613
rl_heterogeneous,16,fixed,1.0,0,664,-5.9380,-8.5917,-2.3007
rl_heterogeneous,16,fixed,1.0,0,665,-2.3488,1.4395,-0.0833
rl_heterogeneous,16,fixed,1.0,0,666,-1.7058,3.5529,-1.4102
rl_heterogeneous,16,fixed,1.0,0,667,-6.8243,-1.5350,-2.8666
rl_heterogeneous,16,fixed,1.0,0,668,0.4093,3.2539,0.0784
rl_heterogeneous,16,fixed,1.0,0,669,2.8489,20.1751,-0.9151
rl_heterogeneous,16,fixed,1.0,0,670,9.1911,2.6661,5.7979
rl_heterogeneous,16,fixed,1.0,0,671,3.0703,35.9750,4.3211
rl_heterogeneous,16,fixed,1.0,0,672,0.9735,12.4266,0.6277
rl_heterogeneous,16,fixed,1.0,0,673,0.6956,11.6809,0.1870
rl_heterogeneous,16,fixed,1.0,0,674,-1.7122,11.2144,-0.5788
rl_heterogeneous,16,fixed,1.0,0,675,-3.8934,0.5687,-0.6957
rl_heterogeneous,16,fixed,1.0,0,676,0.1759,1.2250,-1.1954
rl_heterogeneous,16,fixed,1.0,0,677,-10.3474,5.0264,-1.4946
rl_heterogeneous,16,fixed,1.0,0,678,6.0087,12.1360,0.0249
rl_heterogeneous,16,fixed,1.0,0,679,-1.7045,5.5156,-1.2895
rl_heterogeneous,16,fixed,1.0,0,680,-3.8398,-0.4483,-0.4273
rl_heterogeneous,16,fixed,1.0,0,681,3.0969,19.2865,0.2863
rl_heterogeneous,16,fixed,1.0,0,682,5.0921,1.1895,2.7699
rl_heterogeneous,16,fixed,1.0,0,683,-4.8370,-5.3104,-2.1791
rl_heterogeneous,16,fixed,1.0,0,684,3.3104,12.7547,2.1652
rl_heterogeneous,16,fixed,1.0,0,685,-2.3575,6.3425,-0.3439
rl_heterogeneous,16,fixed,1.0,0,686,-1.6697,9.3608,0.7054
rl_heterogeneous,16,fixed,1.0,0,687,-7.8572,12.1687,-1.7770
rl_heterogeneous,16,fixed,1.0,0,688,-1.8047,-1.1639,-0.9781
rl_heterogeneous,16,fixed,1.0,0,689,-2.9775,14.1114,-0.7758
rl_heterogeneous,16,fixed,1.0,0,690,-4.1375,15.7527,0.0263
rl_heterogeneous,16,fixed,1.0,0,691,-3.6191,20.1104,-0.9308
rl_heterogeneous,16,fixed,1.0,0,692,-2.7878,-6.3386,-2.0998
rl_heterogeneous,16,fixed,1.0,0,693,1.3285,19.7456,-0.3567
rl_heterogeneous,16,fixed,1.0,0,694,-1.7310,2.7824,-0.9740
rl_heterogeneous,16,fixed,1.0,0,695,7.5605,21.9776,0.9796
rl_heterogeneous,16,fixed,1.0,0,696,3.7838,11.3147,1.3138
rl_heterogeneous,16,fixed,1.0,0,697,-1.4589,6.1970,-1.2343
rl_heterogeneous,16,fixed,1.0,0,698,0.9456,17.5163,1.8528
rl_heterogeneous,16,fixed,1.0,0,699,-2.9044,22.4054,1.1240
rl_heterogeneous,16,fixed,1.0,0,700,-2.9309,1.6670,-1.8945
rl_heterogeneous,16,fixed,1.0,0,701,6.4399,18.9869,1.4676
rl_heterogeneous,16,fixed,1.0,0,702,-10.5329,-15.2355,-4.0075
rl_heterogeneous,16,fixed,1.0,0,703,-1.4733,9.1769,-0.6105
rl_heterogeneous,16,fixed,1.0,0,704,-2.7350,27.7970,-0.5051
rl_heterogeneous,16,fixed,1.0,0,705,-8.2486,-3.0174,-2.6402
rl_heterogeneous,16,fixed,1.0,0,706,-11.2693,3.7407,-3.0196
rl_heterogeneous,16,fixed,1.0,0,707,-3.2296,11.0632,-0.4169
rl_heterogeneous,16,fixed,1.0,0,708,7.8863,8.0546,4.9907
rl_heterogeneous,16,fixed,1.0,0,709,-9.9382,-1.7345,-1.7458
rl_heterogeneous,16,fixed,1.0,0,710,1.0182,0.4511,-0.2077
rl_heterogeneous,16,fixed,1.0,0,711,13.3782,13.6265,5.6897
rl_heterogeneous,16,fixed,1.0,0,712,6.7191,6.4719,4.1489
rl_heterogeneous,16,fixed,1.0,0,713,-0.7762,7.6768,-1.4572
rl_heterogeneous,16,fixed,1.0,0,714,-14.9128,-8.0048,-3.2048
rl_heterogeneous,16,fixed,1.0,0,715,0.8934,10.6947,-0.6630
rl_heterogeneous,16,fixed,1.0,0,716,1.8907,18.7411,2.5912
rl_heterogeneous,16,fixed,1.0,0,717,4.5930,10.8977,0.7299
rl_heterogeneous,16,fixed,1.0,0,718,0.4659,0.3326,-1.9300
rl_heterogeneous,16,fixed,1.0,0,719,-4.7892,21.4549,-1.9197
rl_heterogeneous,16,fixed,1.0,0,720,-3.0827,11.7376,-1.2311
rl_heterogeneous,16,fixed,1.0,0,721,3.0800,4.7744,1.8381
rl_heterogeneous,16,fixed,1.0,0,722,4.5960,11.1440,3.0415
rl_heterogeneous,16,fixed,1.0,0,723,-0.9727,6.0056,-1.0502
rl_heterogeneous,16,fixed,1.0,0,724,-3.3853,3.0690,-0.5571
rl_heterogeneous,16,fixed,1.0,0,725,-4.8400,-2.6355,-2.5013
rl_heterogeneous,16,fixed,1.0,0,726,-6.6502,-2.9454,-3.7660
rl_heterogeneous,16,fixed,1.0,0,727,0.0846,3.4108,0.3665
rl_heterogeneous,16,fixed,1.0,0,728,-2.6088,9.3049,-1.5248
rl_heterogeneous,16,fixed,1.0,0,729,6.4360,21.7230,0.9394
rl_heterogeneous,16,fixed,1.0,0,730,-3.8786,15.9422,-1.3324
rl_heterogeneous,16,fixed,1.0,0,731,-1.0098,8.8202,-0.8654
rl_heterogeneous,16,fixed,1.0,0,732,0.8417,13.2690,1.1806
rl_heterogeneous,16,fixed,1.0,0,733,0.3828,13.6522,0.8385
rl_heterogeneous,16,fixed,1.0,0,734,-5.7404,-0.1637,-1.5383
rl_heterogeneous,16,fixed,1.0,0,735,-10.7490,4.8905,0.0775
rl_heterogeneous,16,fixed,1.0,0,736,4.1733,20.5173,0.6595
rl_heterogeneous,16,fixed,1.0,0,737,3.1643,19.4336,-0.2674
rl_heterogeneous,16,fixed,1.0,0,738,-5.4967,3.2206,-3.0606
rl_heterogeneous,16,fixed,1.0,0,739,0.2173,8.9940,0.3695
rl_heterogeneous,16,fixed,1.0,0,740,-5.9588,7.1212,0.1427
rl_heterogeneous,16,fixed,1.0,0,741,-0.2713,19.8189,-0.9091
rl_heterogeneous,16,fixed,1.0,0,742,-0.0417,8.4369,-0.1550
rl_heterogeneous,16,fixed,1.0,0,743,-3.7390,3.0385,1.3402
rl_heterogeneous,16,fixed,1.0,0,744,-14.3479,3.7543,-4.9647
rl_heterogeneous,16,fixed,1.0,0,745,-2.5176,6.8499,-0.3340
rl_heterogeneous,16,fixed,1.0,0,746,-10.4470,-8.1861,-4.0322
rl_heterogeneous,16,fixed,1.0,0,747,-0.0189,1.0932,0.3022
rl_heterogeneous,16,fixed,1.0,0,748,3.2790,3.1311,0.4159
rl_heterogeneous,16,fixed,1.0,0,749,0.3912,18.9098,1.6126
rl_heterogeneous,16,fixed,1.0,0,750,-4.3082,-2.5171,-1.9785
rl_heterogeneous,16,fixed,1.0,0,751,-2.3001,21.9624,-1.3688
rl_heterogeneous,16,fixed,1.0,0,752,-5.4132,-0.1141,-1.7702
rl_heterogeneous,16,fixed,1.0,0,753,-1.6631,9.1827,-0.1245
rl_heterogeneous,16,fixed,1.0,0,754,-1.9072,8.9477,1.9342
rl_heterogeneous,16,fixed,1.0,0,755,-10.0674,-4.0873,-3.2856
rl_heterogeneous,16,fixed,1.0,0,756,6.8556,24.6029,3.6161
rl_heterogeneous,16,fixed,1.0,0,757,-2.6812,1.1316,-0.6005
rl_heterogeneous,16,fixed,1.0,0,758,3.4907,20.8486,1.7179
rl_heterogeneous,16,fixed,1.0,0,759,1.2219,10.2336,-2.1603
rl_heterogeneous,16,fixed,1.0,0,760,0.0971,2.3841,0.4794
rl_heterogeneous,16,fixed,1.0,0,761,-1.7972,9.8102,-0.0756
rl_heterogeneous,16,fixed,1.0,0,762,-3.5178,-1.1943,-1.5185
rl_heterogeneous,16,fixed,1.0,0,763,-2.3881,1.1425,-2.0313
rl_heterogeneous,16,fixed,1.0,0,764,4.3414,18.3425,0.5717
rl_heterogeneous,16,fixed,1.0,0,765,-1.7000,8.0946,-0.4720
rl_heterogeneous,16,fixed,1.0,0,766,0.8072,14.1255,0.4883
rl_heterogeneous,16,fixed,1.0,0,767,-14.3089,-12.9169,-5.5393
rl_heterogeneous,16,fixed,1.0,0,768,6.0511,7.5591,3.4359
rl_heterogeneous,16,fixed,1.0,0,769,-10.9301,-0.8723,-1.6106
rl_heterogeneous,16,fixed,1.0,0,770,-7.2372,2.0410,-2.4947
rl_heterogeneous,16,fixed,1.0,0,771,-7.8065,5.5381,-0.6693
rl_heterogeneous,16,fixed,1.0,0,772,-6.6579,4.7453,-2.1720
rl_heterogeneous,16,fixed,1.0,0,773,-3.0636,6.8296,-1.1813
rl_heterogeneous,16,fixed,1.0,0,774,7.8082,27.5259,2.5204
rl_heterogeneous,16,fixed,1.0,0,775,-4.9088,9.6653,-2.4255
rl_heterogeneous,16,fixed,1.0,0,776,-3.8190,-0.3642,0.6260
rl_heterogeneous,16,fixed,1.0,0,777,8.4480,4.4813,7.1920
rl_heterogeneous,16,fixed,1.0,0,778,-0.3001,14.4853,-0.5049
rl_heterogeneous,16,fixed,1.0,0,779,-4.1715,1.0485,-1.6406
rl_heterogeneous,16,fixed,1.0,0,780,-1.4534,17.1893,-0.5265
rl_heterogeneous,16,fixed,1.0,0,781,-2.9966,2.0353,-0.4189
rl_heterogeneous,16,fixed,1.0,0,782,-1.4483,10.4725,0.7109
rl_heterogeneous,16,fixed,1.0,0,783,2.8601,12.4268,0.1638
rl_heterogeneous,16,fixed,1.0,0,784,4.1896,12.4217,1.8214
rl_heterogeneous,16,fixed,1.0,0,785,-0.0390,15.3145,-0.1182
rl_heterogeneous,16,fixed,1.0,0,786,5.6485,15.7758,3.4610
rl_heterogeneous,16,fixed,1.0,0,787,2.3322,15.3643,-0.8496
rl_heterogeneous,16,fixed,1.0,0,788,2.4981,-1.7219,-1.5274
rl_heterogeneous,16,fixed,1.0,0,789,-3.0894,10.5581,-0.8699
rl_heterogeneous,16,fixed,1.0,0,790,2.4437,16.1515,1.0069
rl_heterogeneous,16,fixed,1.0,0,791,-1.9399,1.5892,0.3176
rl_heterogeneous,16,fixed,1.0,0,792,-5.6174,-2.0202,-2.0562
rl_heterogeneous,16,fixed,1.0,0,793,7.1904,14.6975,3.9876
rl_heterogeneous,16,fixed,1.0,0,794,10.1461,8.2269,5.3481
rl_heterogeneous,16,fixed,1.0,0,795,-2.3892,13.4707,0.9838
rl_heterogeneous,16,fixed,1.0,0,796,1.7956,16.6606,1.1137
rl_heterogeneous,16,fixed,1.0,0,797,-1.4270,2.1391,-1.1583
rl_heterogeneous,16,fixed,1.0,0,798,-0.3339,3.2613,2.3103
rl_heterogeneous,16,fixed,1.0,0,799,0.7492,13.4836,-1.6171
rl_heterogeneous,16,fixed,1.0,0,800,-1.0722,22.5593,-0.3397
rl_heterogeneous,16,fixed,1.0,0,801,4.3713,18.9866,0.9820
rl_heterogeneous,16,fixed,1.0,0,802,1.8788,9.8171,0.3470
rl_heterogeneous,16,fixed,1.0,0,803,-3.0138,-1.1827,-2.5905
rl_heterogeneous,16,fixed,1.0,0,804,5.2302,9.6768,1.3244
rl_heterogeneous,16,fixed,1.0,0,805,7.7858,12.3426,3.7434
rl_heterogeneous,16,fixed,1.0,0,806,-2.7851,-6.5329,-1.7813
rl_heterogeneous,16,fixed,1.0,0,807,4.0525,11.2994,-0.5127
rl_heterogeneous,16,fixed,1.0,0,808,-7.6861,-3.9509,-3.0946
rl_heterogeneous,16,fixed,1.0,0,809,-4.8151,24.6202,0.0166
rl_heterogeneous,16,fixed,1.0,0,810,-7.8631,1.6132,-0.2611
rl_heterogeneous,16,fixed,1.0,0,811,0.0443,22.8122,2.1142
rl_heterogeneous,16,fixed,1.0,0,812,-1.1248,8.8389,-0.4987
rl_heterogeneous,16,fixed,1.0,0,813,2.0248,17.7168,-0.0997
rl_heterogeneous,16,fixed,1.0,0,814,-0.4613,6.1924,-0.5261
rl_heterogeneous,16,fixed,1.0,0,815,0.3991,9.9788,-0.2695
rl_heterogeneous,16,fixed,1.0,0,816,2.8326,3.5545,-0.4340
rl_heterogeneous,16,fixed,1.0,0,817,-1.3942,25.1152,4.1346
rl_heterogeneous,16,fixed,1.0,0,818,-2.9120,-0.1784,-0.8322
rl_heterogeneous,16,fixed,1.0,0,819,-2.6363,-0.8595,-1.7833
rl_heterogeneous,16,fixed,1.0,0,820,1.4660,10.9105,2.5288
rl_heterogeneous,16,fixed,1.0,0,821,-6.6500,0.9112,-2.2546
rl_heterogeneous,16,fixed,1.0,0,822,0.4184,7.8356,1.1173
rl_heterogeneous,16,fixed,1.0,0,823,-1.8312,8.8810,-1.9005
rl_heterogeneous,16,fixed,1.0,0,824,2.3929,6.3389,1.6406
rl_heterogeneous,16,fixed,1.0,0,825,6.7035,2.8117,2.1065
rl_heterogeneous,16,fixed,1.0,0,826,7.2970,4.7516,4.5793
rl_heterogeneous,16,fixed,1.0,0,827,-8.0404,-7.6962,-3.6821
rl_heterogeneous,16,fixed,1.0,0,828,-7.5269,-5.9759,-2.9709
rl_heterogeneous,16,fixed,1.0,0,829,3.1133,11.5849,-0.4696
rl_heterogeneous,16,fixed,1.0,0,830,-1.4470,11.7899,-0.4732
rl_heterogeneous,16,fixed,1.0,0,831,-7.8753,14.3908,-2.5433
rl_heterogeneous,16,fixed,1.0,0,832,-1.7804,4.8984,-0.4838
rl_heterogeneous,16,fixed,1.0,0,833,-9.8782,6.8403,-3.4379
rl_heterogeneous,16,fixed,1.0,0,834,3.3795,2.1791,0.6026
rl_heterogeneous,16,fixed,1.0,0,835,-7.3780,-1.0283,-2.6361
rl_heterogeneous,16,fixed,1.0,0,836,-3.8912,11.1518,-0.7240
rl_heterogeneous,16,fixed,1.0,0,837,-2.5059,11.9637,0.8838
rl_heterogeneous,16,fixed,1.0,0,838,2.0328,13.2984,-0.5775
rl_heterogeneous,16,fixed,1.0,0,839,1.5487,3.0245,-1.4768
rl_heterogeneous,16,fixed,1.0,0,840,-1.4224,15.2190,-0.9543
rl_heterogeneous,16,fixed,1.0,0,841,1.6370,15.2013,1.2903
rl_heterogeneous,16,fixed,1.0,0,842,-1.8288,5.0479,-0.3680
rl_heterogeneous,16,fixed,1.0,0,843,-6.4402,10.1418,1.6271
rl_heterogeneous,16,fixed,1.0,0,844,3.8604,-0.0584,1.5321
rl_heterogeneous,16,fixed,1.0,0,845,-4.0150,7.8825,-1.1630
rl_heterogeneous,16,fixed,1.0,0,846,-7.5750,7.3745,-1.7250
rl_heterogeneous,16,fixed,1.0,0,847,-13.5198,-18.7808,-4.8255
rl_heterogeneous,16,fixed,1.0,0,848,5.5422,6.5926,3.6894
rl_heterogeneous,16,fixed,1.0,0,849,-5.3591,10.8352,-1.1347
rl_heterogeneous,16,fixed,1.0,0,850,5.0222,12.0529,1.3656
rl_heterogeneous,16,fixed,1.0,0,851,7.5480,11.0273,2.2529
rl_heterogeneous,16,fixed,1.0,0,852,-3.1944,7.2868,-1.9593
rl_heterogeneous,16,fixed,1.0,0,853,-2.7643,10.1854,0.1746
rl_heterogeneous,16,fixed,1.0,0,854,-3.1072,4.0297,0.0039
rl_heterogeneous,16,fixed,1.0,0,855,-7.7921,3.5224,-2.2373
rl_heterogeneous,16,fixed,1.0,0,856,9.0746,18.4013,5.3028
rl_heterogeneous,16,fixed,1.0,0,857,0.9491,19.6909,0.3449
rl_heterogeneous,16,fixed,1.0,0,858,-3.7355,5.7041,-2.5683
rl_heterogeneous,16,fixed,1.0,0,859,-1.9936,3.9624,-0.5873
rl_heterogeneous,16,fixed,1.0,0,860,1.7372,9.9908,-0.4279
rl_heterogeneous,16,fixed,1.0,0,861,-9.8802,-2.9852,-2.3798
rl_heterogeneous,16,fixed,1.0,0,862,-4.3711,-1.8839,-1.5059
rl_heterogeneous,16,fixed,1.0,0,863,-5.3204,17.7723,-2.0408
rl_heterogeneous,16,fixed,1.0,0,864,-0.6803,8.5013,-1.4065
rl_heterogeneous,16,fixed,1.0,0,865,-8.1483,-8.0821,-3.8769
rl_heterogeneous,16,fixed,1.0,0,866,-6.8850,6.1233,-1.6931
rl_heterogeneous,16,fixed,1.0,0,867,-1.3458,-3.0437,-1.0545
rl_heterogeneous,16,fixed,1.0,0,868,-6.1935,2.3400,-2.8147
rl_heterogeneous,16,fixed,1.0,0,869,-2.5320,28.8066,0.5339
rl_heterogeneous,16,fixed,1.0,0,870,-0.1842,0.9155,-0.3379
rl_heterogeneous,16,fixed,1.0,0,871,-0.1128,5.9860,-0.0340
rl_heterogeneous,16,fixed,1.0,0,872,-2.0497,10.9806,-0.8832
rl_heterogeneous,16,fixed,1.0,0,873,2.5086,7.0794,0.0518
rl_heterogeneous,16,fixed,1.0,0,874,-2.4541,14.1072,1.1897
rl_heterogeneous,16,fixed,1.0,0,875,-3.2721,-5.0508,-2.9218
rl_heterogeneous,16,fixed,1.0,0,876,5.3498,9.3280,1.1548
rl_heterogeneous,16,fixed,1.0,0,877,-13.1706,-16.9122,-4.3500
rl_heterogeneous,16,fixed,1.0,0,878,-0.5936,2.7615,-0.1362
rl_heterogeneous,16,fixed,1.0,0,879,4.1210,16.7815,1.8420
rl_heterogeneous,16,fixed,1.0,0,880,-2.3740,2.2471,-0.1060
rl_heterogeneous,16,fixed,1.0,0,881,-6.9198,-8.8653,-3.6324
rl_heterogeneous,16,fixed,1.0,0,882,-1.7723,9.3971,-1.1970
rl_heterogeneous,16,fixed,1.0,0,883,-1.8186,1.5056,-1.9980
rl_heterogeneous,16,fixed,1.0,0,884,2.7179,18.0124,0.6552
rl_heterogeneous,16,fixed,1.0,0,885,-3.9795,15.2790,-0.8664
rl_heterogeneous,16,fixed,1.0,0,886,3.6831,7.1132,0.8618
rl_heterogeneous,16,fixed,1.0,0,887,3.2297,14.6704,-0.5432
rl_heterogeneous,16,fixed,1.0,0,888,-5.0691,5.6715,-0.8490
rl_heterogeneous,16,fixed,1.0,0,889,-9.2147,19.2496,-3.2191
rl_heterogeneous,16,fixed,1.0,0,890,0.6571,18.2608,1.1601
rl_heterogeneous,16,fixed,1.0,0,891,-1.9435,11.9794,-0.2484
rl_heterogeneous,16,fixed,1.0,0,892,-0.0523,8.6236,0.2476
rl_heterogeneous,16,fixed,1.0,0,893,5.1662,6.8926,0.9102
rl_heterogeneous,16,fixed,1.0,0,894,2.9307,18.8811,0.2186
rl_heterogeneous,16,fixed,1.0,0,895,-3.1993,2.9077,-1.2870
rl_heterogeneous,16,fixed,1.0,0,896,-3.1402,6.9691,-0.4244
rl_heterogeneous,16,fixed,1.0,0,897,-6.7637,4.6244,-1.5415
rl_heterogeneous,16,fixed,1.0,0,898,-4.5606,8.3924,0.2269
rl_heterogeneous,16,fixed,1.0,0,899,-6.9170,-8.6203,-2.0726
rl_heterogeneous,16,fixed,1.0,0,900,7.4172,5.8701,4.1024
rl_heterogeneous,16,fixed,1.0,0,901,-6.5203,4.4954,-2.8738
rl_heterogeneous,16,fixed,1.0,0,902,2.3156,9.2771,-0.3230
rl_heterogeneous,16,fixed,1.0,0,903,-5.4518,-1.8364,-0.8024
rl_heterogeneous,16,fixed,1.0,0,904,1.9144,15.3844,5.0794
rl_heterogeneous,16,fixed,1.0,0,905,1.1032,13.5431,0.1072
rl_heterogeneous,16,fixed,1.0,0,906,3.9477,13.3415,0.5531
rl_heterogeneous,16,fixed,1.0,0,907,-10.5455,-10.3045,-3.1959
rl_heterogeneous,16,fixed,1.0,0,908,-11.1263,-1.7579,-2.6518
rl_heterogeneous,16,fixed,1.0,0,909,5.9230,-1.9885,2.5927
rl_heterogeneous,16,fixed,1.0,0,910,-3.4585,16.7919,-2.0481
rl_heterogeneous,16,fixed,1.0,0,911,-2.4303,-2.0222,-0.4700
rl_heterogeneous,16,fixed,1.0,0,912,-4.9807,0.3958,-1.5408
rl_heterogeneous,16,fixed,1.0,0,913,4.4156,17.2691,0.1712
rl_heterogeneous,16,fixed,1.0,0,914,5.8903,7.5853,3.2214
rl_heterogeneous,16,fixed,1.0,0,915,-4.3125,15.2726,-1.9569
rl_heterogeneous,16,fixed,1.0,0,916,2.6165,9.9453,1.6291
rl_heterogeneous,16,fixed,1.0,0,917,0.8287,5.5909,0.6671
rl_heterogeneous,16,fixed,1.0,0,918,-5.7265,-0.2737,-2.2930
rl_heterogeneous,16,fixed,1.0,0,919,-3.6263,1.8970,1.1078
rl_heterogeneous,16,fixed,1.0,0,920,-7.2449,3.5748,-1.2222
rl_heterogeneous,16,fixed,1.0,0,921,2.5809,14.8454,1.5131
rl_heterogeneous,16,fixed,1.0,0,922,-2.0114,11.5446,-0.0226
rl_heterogeneous,16,fixed,1.0,0,923,-0.3181,6.7921,-0.0182
rl_heterogeneous,16,fixed,1.0,0,924,-3.0504,0.1781,-1.0552
rl_heterogeneous,16,fixed,1.0,0,925,-8.6706,3.8211,-1.9581
rl_heterogeneous,16,fixed,1.0,0,926,-5.0543,6.6586,-2.0165
rl_heterogeneous,16,fixed,1.0,0,927,-0.9078,8.1701,0.9883
rl_heterogeneous,16,fixed,1.0,0,928,-3.5554,8.7492,-2.1650
rl_heterogeneous,16,fixed,1.0,0,929,-10.1310,-2.3883,-4.0966
rl_heterogeneous,16,fixed,1.0,0,930,5.3153,14.1937,0.4740
rl_heterogeneous,16,fixed,1.0,0,931,2.8479,8.5453,0.8857
rl_heterogeneous,16,fixed,1.0,0,932,-0.7315,0.8027,0.4100
rl_heterogeneous,16,fixed,1.0,0,933,0.1965,10.3279,-0.1667
rl_heterogeneous,16,fixed,1.0,0,934,1.1001,10.0618,0.1540
rl_heterogeneous,16,fixed,1.0,0,935,-7.0288,-4.8047,-2.6046
rl_heterogeneous,16,fixed,1.0,0,936,0.1980,1.2107,-1.2719
rl_heterogeneous,16,fixed,1.0,0,937,-8.6675,19.0075,-2.7643
rl_heterogeneous,16,fixed,1.0,0,938,-10.0080,0.6646,-1.1567
rl_heterogeneous,16,fixed,1.0,0,939,-1.0821,11.1452,0.3180
rl_heterogeneous,16,fixed,1.0,0,940,4.1634,3.6930,3.1259
rl_heterogeneous,16,fixed,1.0,0,941,-5.8113,10.4978,-2.9876
rl_heterogeneous,16,fixed,1.0,0,942,-1.9026,20.8946,2.7351
rl_heterogeneous,16,fixed,1.0,0,943,-3.8090,10.9277,0.5448
rl_heterogeneous,16,fixed,1.0,0,944,8.7556,11.9106,0.8363
rl_heterogeneous,16,fixed,1.0,0,945,0.3291,8.4201,-0.2209
rl_heterogeneous,16,fixed,1.0,0,946,3.7801,11.9531,0.3188
rl_heterogeneous,16,fixed,1.0,0,947,-1.8489,8.9168,-0.8937
rl_heterogeneous,16,fixed,1.0,0,948,2.5562,1.3221,-0.3725
rl_heterogeneous,16,fixed,1.0,0,949,1.6986,11.1959,1.0758
rl_heterogeneous,16,fixed,1.0,0,950,-4.1134,-2.1297,-2.3341
rl_heterogeneous,16,fixed,1.0,0,951,-8.3326,4.5870,-0.9535
rl_heterogeneous,16,fixed,1.0,0,952,-7.3550,13.8635,-2.3260
rl_heterogeneous,16,fixed,1.0,0,953,3.2598,2.0119,2.6786
rl_heterogeneous,16,fixed,1.0,0,954,-3.6626,12.7768,-1.2272
rl_heterogeneous,16,fixed,1.0,0,955,-2.3846,5.9663,0.7310
rl_heterogeneous,16,fixed,1.0,0,956,-1.0542,6.3221,-1.0139
rl_heterogeneous,16,fixed,1.0,0,957,-0.2719,5.5414,-0.5603
rl_heterogeneous,16,fixed,1.0,0,958,7.4877,4.2288,3.3067
rl_heterogeneous,16,fixed,1.0,0,959,-5.8394,-8.1754,-3.1960
rl_heterogeneous,16,fixed,1.0,0,960,-5.2441,14.0392,1.8687
rl_heterogeneous,16,fixed,1.0,0,961,-0.7949,3.5313,-1.9278
rl_heterogeneous,16,fixed,1.0,0,962,2.7835,25.0463,0.4620
rl_heterogeneous,16,fixed,1.0,0,963,5.1317,21.6704,1.6268
rl_heterogeneous,16,fixed,1.0,0,964,-0.8089,4.3320,-0.4164
rl_heterogeneous,16,fixed,1.0,0,965,6.6510,2.7429,2.3617
rl_heterogeneous,16,fixed,1.0,0,966,6.5390,10.5231,1.3659
rl_heterogeneous,16,fixed,1.0,0,967,0.9976,10.2161,0.5499
rl_heterogeneous,16,fixed,1.0,0,968,0.0813,0.0634,-1.0362
rl_heterogeneous,16,fixed,1.0,0,969,1.4182,15.6883,0.1355
rl_heterogeneous,16,fixed,1.0,0,970,-6.2660,5.1310,-2.8670
rl_heterogeneous,16,fixed,1.0,0,971,-2.2141,51.2743,-1.5631
rl_heterogeneous,16,fixed,1.0,0,972,-1.2531,11.5405,-0.2930
rl_heterogeneous,16,fixed,1.0,0,973,-1.1596,17.6873,0.0691
rl_heterogeneous,16,fixed,1.0,0,974,1.5368,5.1019,0.2899
rl_heterogeneous,16,fixed,1.0,0,975,-2.9350,12.1125,-2.4013
rl_heterogeneous,16,fixed,1.0,0,976,9.6173,10.4847,3.2671
rl_heterogeneous,16,fixed,1.0,0,977,-5.9744,-0.6355,-2.0834
rl_heterogeneous,16,fixed,1.0,0,978,4.2756,9.0109,-0.9274
rl_heterogeneous,16,fixed,1.0,0,979,-2.4598,16.8259,0.8993
rl_heterogeneous,16,fixed,1.0,0,980,-4.3356,6.1614,-0.7254
rl_heterogeneous,16,fixed,1.0,0,981,-0.3101,-2.5278,-0.8605
rl_heterogeneous,16,fixed,1.0,0,982,0.2630,4.5234,0.1186
rl_heterogeneous,16,fixed,1.0,0,983,-3.1383,10.4311,-1.2347
rl_heterogeneous,16,fixed,1.0,0,984,-3.4312,14.1926,0.4611
rl_heterogeneous,16,fixed,1.0,0,985,-7.2998,5.8408,-3.5420
rl_heterogeneous,16,fixed,1.0,0,986,9.8869,6.4708,3.9034
rl_heterogeneous,16,fixed,1.0,0,987,-8.0806,4.0416,-1.8169
rl_heterogeneous,16,fixed,1.0,0,988,-0.8658,10.4950,-0.3932
rl_heterogeneous,16,fixed,1.0,0,989,-2.9280,7.5574,0.7627
rl_heterogeneous,16,fixed,1.0,0,990,-1.7955,11.6988,2.2256
rl_heterogeneous,16,fixed,1.0,0,991,-5.7974,7.1640,-1.8228
rl_heterogeneous,16,fixed,1.0,0,992,-0.4755,-2.7333,0.9719
rl_heterogeneous,16,fixed,1.0,0,993,-5.9673,1.3639,-2.6112
rl_heterogeneous,16,fixed,1.0,0,994,-4.0146,10.9816,-1.5096
rl_heterogeneous,16,fixed,1.0,0,995,0.1930,3.2686,0.4755
rl_heterogeneous,16,fixed,1.0,0,996,2.1594,19.4824,-2.7738
rl_heterogeneous,16,fixed,1.0,0,997,4.4083,5.8137,1.3274
rl_heterogeneous,16,fixed,1.0,0,998,1.5277,-2.3752,-2.3671
rl_heterogeneous,16,fixed,1.0,0,999,-3.5226,1.9573,-1.4227
rl_heterogeneous,16,fixed,1.0,0,1000,-0.3286,4.0307,-0.0975
