cell,seed,excess_kurtosis,min_inventory,emptied,bloc_bought,bloc_sold,bloc_runs,bloc_mean_run,bloc_biggest_run
no bloc,1,1.387741,883,0,0,0,0,0.0,0
no bloc,2,0.593349,1108,0,0,0,0,0.0,0
no bloc,3,1.341851,850,0,0,0,0,0.0,0
no bloc,4,0.937685,846,0,0,0,0,0.0,0
no bloc,5,0.581671,824,0,0,0,0,0.0,0
no bloc,6,1.318587,930,0,0,0,0,0.0,0
no bloc,7,1.860660,1026,0,0,0,0,0.0,0
no bloc,8,0.826172,944,0,0,0,0,0.0,0
no bloc,9,1.639312,917,0,0,0,0,0.0,0
no bloc,10,2.415758,927,0,0,0,0,0.0,0
no bloc,11,1.370300,743,0,0,0,0,0.0,0
no bloc,12,0.927660,1091,0,0,0,0,0.0,0
no bloc,13,0.815190,856,0,0,0,0,0.0,0
no bloc,14,0.564138,956,0,0,0,0,0.0,0
no bloc,15,2.097105,889,0,0,0,0,0.0,0
no bloc,16,1.096016,855,0,0,0,0,0.0,0
no bloc,17,1.253291,920,0,0,0,0,0.0,0
no bloc,18,1.251391,942,0,0,0,0,0.0,0
no bloc,19,1.612039,909,0,0,0,0,0.0,0
no bloc,20,1.978730,963,0,0,0,0,0.0,0
no bloc,21,1.188236,1022,0,0,0,0,0.0,0
no bloc,22,1.480296,837,0,0,0,0,0.0,0
no bloc,23,1.482458,897,0,0,0,0,0.0,0
no bloc,24,0.820940,960,0,0,0,0,0.0,0
no bloc,25,1.746785,904,0,0,0,0,0.0,0
no bloc,26,1.001326,1084,0,0,0,0,0.0,0
no bloc,27,1.328878,1003,0,0,0,0,0.0,0
no bloc,28,1.000702,761,0,0,0,0,0.0,0
no bloc,29,2.388529,804,0,0,0,0,0.0,0
no bloc,30,1.278537,992,0,0,0,0,0.0,0
no bloc,31,1.115700,856,0,0,0,0,0.0,0
no bloc,32,0.953648,942,0,0,0,0,0.0,0
no bloc,33,1.124970,944,0,0,0,0,0.0,0
no bloc,34,0.335420,855,0,0,0,0,0.0,0
no bloc,35,2.356218,827,0,0,0,0,0.0,0
no bloc,36,2.094952,814,0,0,0,0,0.0,0
no bloc,37,1.069495,993,0,0,0,0,0.0,0
no bloc,38,0.643663,893,0,0,0,0,0.0,0
no bloc,39,1.162905,924,0,0,0,0,0.0,0
no bloc,40,1.533369,894,0,0,0,0,0.0,0
no bloc,41,1.715652,860,0,0,0,0,0.0,0
no bloc,42,0.362706,887,0,0,0,0,0.0,0
no bloc,43,0.885894,902,0,0,0,0,0.0,0
no bloc,44,0.495737,959,0,0,0,0,0.0,0
no bloc,45,2.026465,919,0,0,0,0,0.0,0
no bloc,46,1.434853,860,0,0,0,0,0.0,0
no bloc,47,0.738318,862,0,0,0,0,0.0,0
no bloc,48,1.601958,947,0,0,0,0,0.0,0
no bloc,49,0.939126,925,0,0,0,0,0.0,0
no bloc,50,1.439159,844,0,0,0,0,0.0,0
no bloc,51,0.625877,829,0,0,0,0,0.0,0
no bloc,52,1.164465,934,0,0,0,0,0.0,0
no bloc,53,0.894193,899,0,0,0,0,0.0,0
no bloc,54,1.057238,881,0,0,0,0,0.0,0
no bloc,55,3.595402,915,0,0,0,0,0.0,0
no bloc,56,2.035560,960,0,0,0,0,0.0,0
no bloc,57,0.645768,727,0,0,0,0,0.0,0
no bloc,58,0.638642,928,0,0,0,0,0.0,0
no bloc,59,1.445258,846,0,0,0,0,0.0,0
no bloc,60,0.494536,777,0,0,0,0,0.0,0
no bloc,61,1.368275,944,0,0,0,0,0.0,0
no bloc,62,1.976293,962,0,0,0,0,0.0,0
no bloc,63,1.367449,901,0,0,0,0,0.0,0
no bloc,64,2.246841,986,0,0,0,0,0.0,0
no bloc,65,2.477820,988,0,0,0,0,0.0,0
no bloc,66,0.549634,875,0,0,0,0,0.0,0
no bloc,67,0.578650,820,0,0,0,0,0.0,0
no bloc,68,1.567123,842,0,0,0,0,0.0,0
no bloc,69,0.670524,814,0,0,0,0,0.0,0
no bloc,70,0.802321,830,0,0,0,0,0.0,0
no bloc,71,0.676565,906,0,0,0,0,0.0,0
no bloc,72,0.926555,937,0,0,0,0,0.0,0
no bloc,73,1.463434,951,0,0,0,0,0.0,0
no bloc,74,0.320315,1059,0,0,0,0,0.0,0
no bloc,75,2.200247,952,0,0,0,0,0.0,0
no bloc,76,5.450650,951,0,0,0,0,0.0,0
no bloc,77,1.578179,840,0,0,0,0,0.0,0
no bloc,78,2.089541,877,0,0,0,0,0.0,0
no bloc,79,1.012440,1010,0,0,0,0,0.0,0
no bloc,80,1.226838,884,0,0,0,0,0.0,0
no bloc,81,1.169693,967,0,0,0,0,0.0,0
no bloc,82,1.299767,762,0,0,0,0,0.0,0
no bloc,83,0.616486,872,0,0,0,0,0.0,0
no bloc,84,1.195374,879,0,0,0,0,0.0,0
no bloc,85,1.540634,993,0,0,0,0,0.0,0
no bloc,86,1.946689,943,0,0,0,0,0.0,0
no bloc,87,0.547703,855,0,0,0,0,0.0,0
no bloc,88,1.934123,809,0,0,0,0,0.0,0
no bloc,89,1.872333,949,0,0,0,0,0.0,0
no bloc,90,1.139860,884,0,0,0,0,0.0,0
no bloc,91,2.306365,837,0,0,0,0,0.0,0
no bloc,92,1.964177,896,0,0,0,0,0.0,0
no bloc,93,1.548230,864,0,0,0,0,0.0,0
no bloc,94,0.664573,839,0,0,0,0,0.0,0
no bloc,95,0.280798,852,0,0,0,0,0.0,0
no bloc,96,2.344814,819,0,0,0,0,0.0,0
no bloc,97,0.528068,860,0,0,0,0,0.0,0
no bloc,98,1.391868,874,0,0,0,0,0.0,0
no bloc,99,0.644400,1063,0,0,0,0,0.0,0
no bloc,100,2.135717,921,0,0,0,0,0.0,0
no bloc,101,2.531069,765,0,0,0,0,0.0,0
no bloc,102,1.235834,793,0,0,0,0,0.0,0
no bloc,103,1.110941,897,0,0,0,0,0.0,0
no bloc,104,1.042462,890,0,0,0,0,0.0,0
no bloc,105,2.456088,951,0,0,0,0,0.0,0
no bloc,106,1.196817,936,0,0,0,0,0.0,0
no bloc,107,0.649175,928,0,0,0,0,0.0,0
no bloc,108,1.892777,810,0,0,0,0,0.0,0
no bloc,109,1.128179,741,0,0,0,0,0.0,0
no bloc,110,1.110717,941,0,0,0,0,0.0,0
no bloc,111,1.251041,863,0,0,0,0,0.0,0
no bloc,112,0.375303,1006,0,0,0,0,0.0,0
no bloc,113,0.895720,822,0,0,0,0,0.0,0
no bloc,114,1.262738,929,0,0,0,0,0.0,0
no bloc,115,0.904316,1027,0,0,0,0,0.0,0
no bloc,116,0.664829,897,0,0,0,0,0.0,0
no bloc,117,1.157015,934,0,0,0,0,0.0,0
no bloc,118,0.693067,928,0,0,0,0,0.0,0
no bloc,119,0.772879,952,0,0,0,0,0.0,0
no bloc,120,1.031460,859,0,0,0,0,0.0,0
no bloc,121,1.709865,925,0,0,0,0,0.0,0
no bloc,122,-0.180351,853,0,0,0,0,0.0,0
no bloc,123,1.205340,722,0,0,0,0,0.0,0
no bloc,124,3.537021,698,0,0,0,0,0.0,0
no bloc,125,1.702069,1051,0,0,0,0,0.0,0
no bloc,126,0.743316,964,0,0,0,0,0.0,0
no bloc,127,1.842265,1113,0,0,0,0,0.0,0
no bloc,128,0.514804,980,0,0,0,0,0.0,0
no bloc,129,1.363572,761,0,0,0,0,0.0,0
no bloc,130,0.934582,1070,0,0,0,0,0.0,0
no bloc,131,1.151405,916,0,0,0,0,0.0,0
no bloc,132,0.653935,783,0,0,0,0,0.0,0
no bloc,133,1.282744,907,0,0,0,0,0.0,0
no bloc,134,0.530854,1045,0,0,0,0,0.0,0
no bloc,135,1.640007,850,0,0,0,0,0.0,0
no bloc,136,1.030345,915,0,0,0,0,0.0,0
no bloc,137,0.749192,970,0,0,0,0,0.0,0
no bloc,138,0.581791,994,0,0,0,0,0.0,0
no bloc,139,0.680501,819,0,0,0,0,0.0,0
no bloc,140,1.234360,859,0,0,0,0,0.0,0
no bloc,141,0.203785,813,0,0,0,0,0.0,0
no bloc,142,1.235834,866,0,0,0,0,0.0,0
no bloc,143,0.973937,808,0,0,0,0,0.0,0
no bloc,144,1.845743,948,0,0,0,0,0.0,0
no bloc,145,1.961288,798,0,0,0,0,0.0,0
no bloc,146,1.468587,931,0,0,0,0,0.0,0
no bloc,147,-0.244394,1244,0,0,0,0,0.0,0
no bloc,148,0.838698,775,0,0,0,0,0.0,0
no bloc,149,1.713042,950,0,0,0,0,0.0,0
no bloc,150,3.285214,901,0,0,0,0,0.0,0
no bloc,151,2.199124,988,0,0,0,0,0.0,0
no bloc,152,0.553648,990,0,0,0,0,0.0,0
no bloc,153,1.033461,782,0,0,0,0,0.0,0
no bloc,154,4.218575,910,0,0,0,0,0.0,0
no bloc,155,0.932659,841,0,0,0,0,0.0,0
no bloc,156,0.399366,786,0,0,0,0,0.0,0
no bloc,157,1.279548,818,0,0,0,0,0.0,0
no bloc,158,0.866468,1028,0,0,0,0,0.0,0
no bloc,159,0.216320,884,0,0,0,0,0.0,0
no bloc,160,1.596804,960,0,0,0,0,0.0,0
no bloc,161,0.748333,902,0,0,0,0,0.0,0
no bloc,162,1.047368,910,0,0,0,0,0.0,0
no bloc,163,1.198368,873,0,0,0,0,0.0,0
no bloc,164,1.106904,1040,0,0,0,0,0.0,0
no bloc,165,1.071927,894,0,0,0,0,0.0,0
no bloc,166,0.716867,795,0,0,0,0,0.0,0
no bloc,167,0.736961,829,0,0,0,0,0.0,0
no bloc,168,0.707563,805,0,0,0,0,0.0,0
no bloc,169,2.253192,863,0,0,0,0,0.0,0
no bloc,170,1.598688,1050,0,0,0,0,0.0,0
no bloc,171,1.850087,942,0,0,0,0,0.0,0
no bloc,172,0.631799,872,0,0,0,0,0.0,0
no bloc,173,1.859303,1000,0,0,0,0,0.0,0
no bloc,174,0.725841,759,0,0,0,0,0.0,0
no bloc,175,2.951590,970,0,0,0,0,0.0,0
no bloc,176,1.035079,822,0,0,0,0,0.0,0
no bloc,177,0.742740,673,0,0,0,0,0.0,0
no bloc,178,0.510274,869,0,0,0,0,0.0,0
no bloc,179,1.093787,988,0,0,0,0,0.0,0
no bloc,180,2.233088,1043,0,0,0,0,0.0,0
no bloc,181,3.494281,1020,0,0,0,0,0.0,0
no bloc,182,1.579791,989,0,0,0,0,0.0,0
no bloc,183,0.739756,1104,0,0,0,0,0.0,0
no bloc,184,1.086825,860,0,0,0,0,0.0,0
no bloc,185,1.554549,883,0,0,0,0,0.0,0
no bloc,186,2.508216,891,0,0,0,0,0.0,0
no bloc,187,0.310220,948,0,0,0,0,0.0,0
no bloc,188,0.207679,830,0,0,0,0,0.0,0
no bloc,189,1.418994,857,0,0,0,0,0.0,0
no bloc,190,0.153973,822,0,0,0,0,0.0,0
no bloc,191,0.852624,836,0,0,0,0,0.0,0
no bloc,192,0.775516,744,0,0,0,0,0.0,0
no bloc,193,1.079805,991,0,0,0,0,0.0,0
no bloc,194,1.337256,1055,0,0,0,0,0.0,0
no bloc,195,1.486569,1138,0,0,0,0,0.0,0
no bloc,196,2.506357,963,0,0,0,0,0.0,0
no bloc,197,1.238261,857,0,0,0,0,0.0,0
no bloc,198,1.615716,1057,0,0,0,0,0.0,0
no bloc,199,0.379428,920,0,0,0,0,0.0,0
no bloc,200,1.800309,952,0,0,0,0,0.0,0
no bloc,201,1.604952,821,0,0,0,0,0.0,0
no bloc,202,1.188240,984,0,0,0,0,0.0,0
no bloc,203,1.884502,1024,0,0,0,0,0.0,0
no bloc,204,0.640763,922,0,0,0,0,0.0,0
no bloc,205,2.694892,965,0,0,0,0,0.0,0
no bloc,206,1.725420,825,0,0,0,0,0.0,0
no bloc,207,1.104560,891,0,0,0,0,0.0,0
no bloc,208,0.587184,952,0,0,0,0,0.0,0
no bloc,209,1.409790,953,0,0,0,0,0.0,0
no bloc,210,0.769772,838,0,0,0,0,0.0,0
no bloc,211,0.622386,927,0,0,0,0,0.0,0
no bloc,212,1.159409,931,0,0,0,0,0.0,0
no bloc,213,1.846743,934,0,0,0,0,0.0,0
no bloc,214,1.791218,928,0,0,0,0,0.0,0
no bloc,215,3.288920,954,0,0,0,0,0.0,0
no bloc,216,2.086516,928,0,0,0,0,0.0,0
no bloc,217,1.524848,885,0,0,0,0,0.0,0
no bloc,218,1.380644,818,0,0,0,0,0.0,0
no bloc,219,0.822047,981,0,0,0,0,0.0,0
no bloc,220,1.505927,911,0,0,0,0,0.0,0
no bloc,221,0.707843,847,0,0,0,0,0.0,0
no bloc,222,1.339564,974,0,0,0,0,0.0,0
no bloc,223,2.638781,818,0,0,0,0,0.0,0
no bloc,224,0.985879,937,0,0,0,0,0.0,0
no bloc,225,1.479650,896,0,0,0,0,0.0,0
no bloc,226,0.856557,978,0,0,0,0,0.0,0
no bloc,227,0.023531,900,0,0,0,0,0.0,0
no bloc,228,0.810610,753,0,0,0,0,0.0,0
no bloc,229,0.743705,938,0,0,0,0,0.0,0
no bloc,230,0.292972,904,0,0,0,0,0.0,0
no bloc,231,1.576376,894,0,0,0,0,0.0,0
no bloc,232,0.957179,983,0,0,0,0,0.0,0
no bloc,233,0.554687,956,0,0,0,0,0.0,0
no bloc,234,0.569251,804,0,0,0,0,0.0,0
no bloc,235,0.541496,836,0,0,0,0,0.0,0
no bloc,236,0.501117,972,0,0,0,0,0.0,0
no bloc,237,1.130420,800,0,0,0,0,0.0,0
no bloc,238,1.642288,995,0,0,0,0,0.0,0
no bloc,239,-0.179103,1089,0,0,0,0,0.0,0
no bloc,240,0.828824,880,0,0,0,0,0.0,0
no bloc,241,2.068093,886,0,0,0,0,0.0,0
no bloc,242,0.529254,879,0,0,0,0,0.0,0
no bloc,243,1.381770,913,0,0,0,0,0.0,0
no bloc,244,0.870703,853,0,0,0,0,0.0,0
no bloc,245,1.532311,817,0,0,0,0,0.0,0
no bloc,246,0.629453,990,0,0,0,0,0.0,0
no bloc,247,0.470535,883,0,0,0,0,0.0,0
no bloc,248,1.359424,891,0,0,0,0,0.0,0
no bloc,249,1.528265,911,0,0,0,0,0.0,0
no bloc,250,1.712877,919,0,0,0,0,0.0,0
no bloc,251,1.224607,808,0,0,0,0,0.0,0
no bloc,252,2.654783,971,0,0,0,0,0.0,0
no bloc,253,0.129124,831,0,0,0,0,0.0,0
no bloc,254,0.925342,938,0,0,0,0,0.0,0
no bloc,255,2.261942,890,0,0,0,0,0.0,0
no bloc,256,1.777066,784,0,0,0,0,0.0,0
no bloc,257,0.629798,856,0,0,0,0,0.0,0
no bloc,258,1.769172,935,0,0,0,0,0.0,0
no bloc,259,0.997414,968,0,0,0,0,0.0,0
no bloc,260,0.866360,782,0,0,0,0,0.0,0
no bloc,261,1.434828,900,0,0,0,0,0.0,0
no bloc,262,2.023149,902,0,0,0,0,0.0,0
no bloc,263,0.919398,920,0,0,0,0,0.0,0
no bloc,264,1.761308,922,0,0,0,0,0.0,0
no bloc,265,0.487913,916,0,0,0,0,0.0,0
no bloc,266,0.934998,949,0,0,0,0,0.0,0
no bloc,267,0.899455,842,0,0,0,0,0.0,0
no bloc,268,1.859015,903,0,0,0,0,0.0,0
no bloc,269,2.285444,886,0,0,0,0,0.0,0
no bloc,270,1.211311,834,0,0,0,0,0.0,0
no bloc,271,0.533227,806,0,0,0,0,0.0,0
no bloc,272,0.023682,1169,0,0,0,0,0.0,0
no bloc,273,0.630153,898,0,0,0,0,0.0,0
no bloc,274,1.505885,981,0,0,0,0,0.0,0
no bloc,275,0.868925,930,0,0,0,0,0.0,0
no bloc,276,0.972806,969,0,0,0,0,0.0,0
no bloc,277,0.512082,904,0,0,0,0,0.0,0
no bloc,278,2.610803,979,0,0,0,0,0.0,0
no bloc,279,1.095834,879,0,0,0,0,0.0,0
no bloc,280,0.706342,915,0,0,0,0,0.0,0
no bloc,281,1.117403,869,0,0,0,0,0.0,0
no bloc,282,5.340418,770,0,0,0,0,0.0,0
no bloc,283,1.570331,846,0,0,0,0,0.0,0
no bloc,284,1.139841,875,0,0,0,0,0.0,0
no bloc,285,0.404359,842,0,0,0,0,0.0,0
no bloc,286,2.228904,827,0,0,0,0,0.0,0
no bloc,287,1.525283,951,0,0,0,0,0.0,0
no bloc,288,1.428102,914,0,0,0,0,0.0,0
no bloc,289,1.228799,896,0,0,0,0,0.0,0
no bloc,290,0.759425,865,0,0,0,0,0.0,0
no bloc,291,1.871643,833,0,0,0,0,0.0,0
no bloc,292,1.692340,867,0,0,0,0,0.0,0
no bloc,293,2.778755,964,0,0,0,0,0.0,0
no bloc,294,2.309162,902,0,0,0,0,0.0,0
no bloc,295,1.758268,919,0,0,0,0,0.0,0
no bloc,296,1.586424,922,0,0,0,0,0.0,0
no bloc,297,4.616186,1047,0,0,0,0,0.0,0
no bloc,298,1.244723,962,0,0,0,0,0.0,0
no bloc,299,0.808596,891,0,0,0,0,0.0,0
no bloc,300,1.165037,887,0,0,0,0,0.0,0
momentum replayed,1,1.794459,53,0,14640,14640,28,1045.7,1520
momentum replayed,2,0.890974,216,0,12880,11616,25,979.8,1504
momentum replayed,3,263.836652,0,1,13296,13216,18,1472.9,1840
momentum replayed,4,3.331327,57,0,12704,11616,22,1105.5,1488
momentum replayed,5,2.115640,120,0,14352,14352,30,956.8,1520
momentum replayed,6,1.757205,42,0,12880,12592,24,1061.3,1600
momentum replayed,7,1.061018,54,0,14544,13312,29,960.6,1600
momentum replayed,8,0.748351,105,0,14592,14016,29,986.5,1424
momentum replayed,9,1.080162,136,0,13248,12560,25,1032.3,1488
momentum replayed,10,1.482158,176,0,16096,15008,31,1003.4,1488
momentum replayed,11,1.861594,56,0,16096,15712,30,1060.3,1520
momentum replayed,12,0.745862,150,0,15232,14768,36,833.3,1440
momentum replayed,13,107.769970,0,1,13488,12784,23,1142.3,1744
momentum replayed,14,1.994547,45,0,15216,14496,30,990.4,1360
momentum replayed,15,0.001840,136,0,15632,15520,36,865.3,1584
momentum replayed,16,125.529367,0,1,13680,12560,18,1457.8,1680
momentum replayed,17,21.260575,14,0,14720,14288,24,1208.7,1536
momentum replayed,18,84.600349,9,0,13392,13104,20,1324.8,1616
momentum replayed,19,0.878912,44,0,15008,14752,28,1062.9,1552
momentum replayed,20,2.642482,187,0,11472,11408,22,1040.0,1424
momentum replayed,21,1.224472,183,0,15984,15248,39,800.8,1472
momentum replayed,22,1.302372,73,0,15184,14992,28,1077.7,1472
momentum replayed,23,16.235230,31,0,13808,12448,25,1050.2,1536
momentum replayed,24,1.865623,110,0,13776,13632,30,913.6,1552
momentum replayed,25,2.577223,30,0,16272,15760,33,970.7,1536
momentum replayed,26,1.305735,132,0,15104,13952,25,1162.2,1504
momentum replayed,27,0.712337,172,0,15488,14560,25,1201.9,1552
momentum replayed,28,201.352794,0,1,14016,13744,24,1156.7,1664
momentum replayed,29,124.183187,7,0,14096,13824,24,1163.3,1504
momentum replayed,30,0.275746,121,0,15184,13888,29,1002.5,1520
momentum replayed,31,8.946756,13,0,14768,14512,30,976.0,1584
momentum replayed,32,1.359182,51,0,13728,13584,26,1050.5,1552
momentum replayed,33,222.813507,0,1,11552,9888,13,1649.2,1936
momentum replayed,34,2.032189,69,0,15632,14672,27,1122.4,1488
momentum replayed,35,1.298820,127,0,16752,15648,39,830.8,1440
momentum replayed,36,1.652248,26,0,15680,14960,28,1094.3,1504
momentum replayed,37,1.136868,63,0,14528,14112,28,1022.9,1568
momentum replayed,38,3.730657,51,0,15456,15408,30,1028.8,1472
momentum replayed,39,135.808232,4,0,14112,13904,30,933.9,1616
momentum replayed,40,1.393862,76,0,15424,14096,31,952.3,1488
momentum replayed,41,2.483872,60,0,15120,13920,27,1075.6,1520
momentum replayed,42,112.625154,0,1,13856,13472,22,1242.2,1664
momentum replayed,43,4.219536,93,0,14592,14016,28,1021.7,1584
momentum replayed,44,9.223913,3,0,14592,14288,26,1110.8,1488
momentum replayed,45,5.116000,32,0,14096,13840,24,1164.0,1520
momentum replayed,46,282.414654,0,1,15360,15248,30,1020.3,1504
momentum replayed,47,0.472952,110,0,14880,14880,28,1062.9,1472
momentum replayed,48,1.015025,179,0,15488,14416,27,1107.6,1472
momentum replayed,49,0.497771,126,0,15168,14256,28,1050.9,1488
momentum replayed,50,57.579088,10,0,14928,13472,29,979.3,1568
momentum replayed,51,82.082040,7,0,14656,14032,27,1062.5,1584
momentum replayed,52,0.827710,96,0,14144,14000,26,1082.5,1504
momentum replayed,53,1.073068,102,0,14368,14000,23,1233.4,1520
momentum replayed,54,2.008252,75,0,15760,14432,33,914.9,1536
momentum replayed,55,5.575521,79,0,15664,15280,29,1067.0,1536
momentum replayed,56,1.592986,124,0,14352,13104,27,1016.9,1488
momentum replayed,57,273.634044,0,1,15744,14592,27,1123.6,1712
momentum replayed,58,256.670278,0,1,14992,13936,31,933.2,1504
momentum replayed,59,0.936970,91,0,14880,14464,29,1011.9,1424
momentum replayed,60,2.207619,40,0,14896,14128,36,806.2,1488
momentum replayed,61,6.933662,84,0,15440,15024,26,1171.7,1552
momentum replayed,62,0.936486,146,0,15456,14096,33,895.5,1504
momentum replayed,63,0.960574,162,0,15696,14912,27,1133.6,1504
momentum replayed,64,85.525127,16,0,13456,12592,24,1085.3,1552
momentum replayed,65,1.737478,92,0,13296,11936,21,1201.5,1552
momentum replayed,66,3.143040,65,0,15888,14816,23,1335.0,1504
momentum replayed,67,65.570289,9,0,14768,13232,27,1037.0,1600
momentum replayed,68,2.679786,87,0,17344,16384,43,784.4,1440
momentum replayed,69,3.736773,60,0,13840,13488,25,1093.1,1552
momentum replayed,70,66.374004,7,0,14576,14224,24,1200.0,1552
momentum replayed,71,0.525920,139,0,15263,14399,31,956.8,1504
momentum replayed,72,0.981106,62,0,14592,13168,25,1110.4,1568
momentum replayed,73,188.060021,0,1,13520,11968,27,944.0,1616
momentum replayed,74,0.229325,77,0,14224,14224,38,748.6,1584
momentum replayed,75,2.008736,116,0,15232,13984,31,942.5,1392
momentum replayed,76,1.452111,66,0,16224,14976,35,891.4,1456
momentum replayed,77,58.550384,16,0,15264,14320,27,1095.7,1440
momentum replayed,78,3.367299,90,0,13936,13936,34,819.8,1520
momentum replayed,79,2.544302,153,0,12032,12032,26,925.5,1504
momentum replayed,80,3.115430,39,0,14928,14896,24,1242.7,1440
momentum replayed,81,1.515443,108,0,13488,13248,22,1215.3,1504
momentum replayed,82,127.202009,0,1,14496,13184,27,1025.2,1632
momentum replayed,83,49.551645,5,0,14272,12912,29,937.4,1520
momentum replayed,84,1.596853,141,0,15936,15328,33,947.4,1472
momentum replayed,85,0.864169,176,0,15504,14336,31,962.6,1456
momentum replayed,86,2.023342,107,0,14368,13936,26,1088.6,1376
momentum replayed,87,1.579991,128,0,15904,15136,33,940.6,1440
momentum replayed,88,27.451054,0,1,15105,14321,25,1177.0,1600
momentum replayed,89,34.397479,17,0,15344,14512,31,963.1,1472
momentum replayed,90,0.990043,171,0,14416,14416,28,1029.7,1424
momentum replayed,91,1.539820,97,0,14148,13956,26,1080.9,1472
momentum replayed,92,42.895759,10,0,14560,14496,28,1037.7,1456
momentum replayed,93,227.463064,0,1,15520,14288,25,1192.3,1520
momentum replayed,94,194.479964,0,1,13216,13168,24,1099.3,1648
momentum replayed,95,5.063931,24,0,14400,14032,26,1093.5,1536
momentum replayed,96,21.189027,9,0,16048,15808,38,838.3,1616
momentum replayed,97,237.679898,0,1,16208,15488,26,1219.1,1808
momentum replayed,98,4.289837,43,0,14848,14448,25,1171.8,1504
momentum replayed,99,1.052799,41,0,13184,12640,22,1173.8,1520
momentum replayed,100,3.085731,148,0,14608,13504,27,1041.2,1472
momentum replayed,101,16.195964,9,0,14192,13536,27,1027.0,1472
momentum replayed,102,3.254533,38,0,16096,15488,30,1052.8,1552
momentum replayed,103,51.527209,6,0,14048,12464,21,1262.5,1616
momentum replayed,104,1.804100,73,0,15104,14192,29,1010.2,1520
momentum replayed,105,1.309360,104,0,14320,14272,28,1021.1,1536
momentum replayed,106,122.148726,0,1,13472,12032,25,1020.2,1648
momentum replayed,107,0.590334,108,0,17296,16448,41,823.0,1472
momentum replayed,108,10.182533,44,0,14816,14272,28,1038.9,1408
momentum replayed,109,4.401053,55,0,12704,12704,24,1058.7,1408
momentum replayed,110,148.566001,0,1,13360,12912,25,1050.9,1568
momentum replayed,111,3.199741,91,0,12576,11248,21,1134.5,1392
momentum replayed,112,1.617194,52,0,14320,14208,28,1018.9,1456
momentum replayed,113,1.472245,107,0,15264,15152,30,1013.9,1520
momentum replayed,114,15.707417,34,0,15856,14800,27,1135.4,1504
momentum replayed,115,17.656483,9,0,12848,11856,21,1176.4,1744
momentum replayed,116,74.789457,4,0,12256,12160,22,1109.8,1632
momentum replayed,117,1.952322,17,0,16016,15200,33,945.9,1552
momentum replayed,118,1.451181,49,0,14368,14080,28,1016.0,1488
momentum replayed,119,4.065597,36,0,13632,12464,21,1242.7,1632
momentum replayed,120,2.171937,73,0,15856,14912,35,879.1,1472
momentum replayed,121,30.115902,15,0,15696,14480,27,1117.6,1456
momentum replayed,122,164.437723,0,1,14576,14192,20,1438.4,1680
momentum replayed,123,217.482385,0,1,14400,13072,21,1308.2,1792
momentum replayed,124,3.935473,52,0,15248,14480,25,1189.1,1504
momentum replayed,125,0.769698,189,0,15264,14224,25,1179.5,1440
momentum replayed,126,1.402662,90,0,13760,13328,24,1128.7,1504
momentum replayed,127,0.494849,151,0,16688,15824,47,691.7,1488
momentum replayed,128,0.452831,116,0,14688,14640,30,977.6,1456
momentum replayed,129,245.324823,5,0,15248,14672,27,1108.1,1456
momentum replayed,130,0.846019,98,0,14704,13600,27,1048.3,1488
momentum replayed,131,286.668177,1,0,14768,14400,26,1121.8,1600
momentum replayed,132,289.447968,0,1,13648,12976,22,1210.2,1728
momentum replayed,133,1.716217,72,0,14912,13792,23,1248.0,1456
momentum replayed,134,2.264391,84,0,14960,14592,23,1284.9,1472
momentum replayed,135,262.449919,1,0,15008,13600,29,986.5,1536
momentum replayed,136,0.768027,105,0,14304,12928,27,1008.6,1504
momentum replayed,137,76.104168,2,0,14032,13072,23,1178.4,1584
momentum replayed,138,4.819604,84,0,15168,14048,27,1082.1,1536
momentum replayed,139,293.114178,0,1,13456,13456,26,1035.1,1648
momentum replayed,140,2.772723,91,0,14368,13040,23,1191.7,1552
momentum replayed,141,79.306210,0,1,14464,14288,22,1306.9,1632
momentum replayed,142,1.137756,106,0,14608,13232,23,1210.4,1536
momentum replayed,143,46.234604,12,0,13952,12960,28,961.1,1616
momentum replayed,144,2.695197,29,0,14496,14160,22,1302.5,1600
momentum replayed,145,8.377945,13,0,14336,14224,28,1020.0,1616
momentum replayed,146,2.715491,95,0,15056,13808,31,931.1,1568
momentum replayed,147,1.116053,195,0,13792,13552,30,911.5,1488
momentum replayed,148,292.117811,0,1,13920,13904,28,993.7,1648
momentum replayed,149,58.381063,0,1,13840,13504,24,1139.3,1648
momentum replayed,150,3.181316,58,0,14016,13872,26,1072.6,1456
momentum replayed,151,1.005561,103,0,14480,14416,26,1111.4,1488
momentum replayed,152,0.680025,102,0,15360,14544,26,1150.2,1520
momentum replayed,153,230.311417,0,1,14848,14416,24,1219.3,1568
momentum replayed,154,293.117609,0,1,14384,14240,26,1100.9,1648
momentum replayed,155,91.252934,0,1,16272,15216,31,1015.7,1648
momentum replayed,156,2.727384,52,0,14352,13632,32,874.5,1504
momentum replayed,157,291.748796,0,1,14640,13168,23,1209.0,1568
momentum replayed,158,1.410828,127,0,14144,12928,29,933.5,1488
momentum replayed,159,291.969334,0,1,13584,13584,24,1132.0,1520
momentum replayed,160,0.812041,162,0,14720,14304,26,1116.3,1456
momentum replayed,161,165.117782,0,1,12480,12464,20,1247.2,1744
momentum replayed,162,152.240320,0,1,13984,12880,19,1413.9,1728
momentum replayed,163,10.505924,5,0,13920,13120,24,1126.7,1616
momentum replayed,164,1.459566,48,0,14352,12896,23,1184.7,1456
momentum replayed,165,260.526112,0,1,14160,13152,28,975.4,1488
momentum replayed,166,2.927097,70,0,15616,14960,32,955.5,1584
momentum replayed,167,238.729351,0,1,13648,13360,22,1227.6,1664
momentum replayed,168,278.721094,0,1,13840,13664,22,1250.2,1600
momentum replayed,169,290.014434,0,1,13904,12560,25,1058.6,1680
momentum replayed,170,1.127765,169,0,14576,14048,29,987.0,1440
momentum replayed,171,66.394544,12,0,14496,14096,21,1361.5,1600
momentum replayed,172,1.517591,120,0,13552,13216,28,956.0,1440
momentum replayed,173,20.067691,9,0,13696,13696,24,1141.3,1600
momentum replayed,174,88.904341,0,1,14592,13392,23,1216.7,1504
momentum replayed,175,287.077635,0,1,12896,11248,19,1270.7,1648
momentum replayed,176,2.011668,30,0,15776,15664,32,982.5,1536
momentum replayed,177,138.337194,0,1,15296,15072,32,949.0,1616
momentum replayed,178,0.549330,101,0,14384,13248,27,1023.4,1472
momentum replayed,179,0.176554,192,0,14736,13872,33,866.9,1504
momentum replayed,180,3.020374,72,0,13184,13184,28,941.7,1376
momentum replayed,181,1.688355,105,0,13248,12912,26,1006.2,1392
momentum replayed,182,2.227802,74,0,12924,11548,21,1165.3,1552
momentum replayed,183,0.557870,171,0,13952,12832,25,1071.4,1520
momentum replayed,184,0.685963,106,0,15536,14128,27,1098.7,1600
momentum replayed,185,137.359732,0,1,15904,15680,30,1052.8,1600
momentum replayed,186,2.915905,101,0,14848,14656,30,983.5,1504
momentum replayed,187,6.590758,40,0,15952,15920,38,838.7,1344
momentum replayed,188,1.081933,68,0,16272,15600,31,1028.1,1456
momentum replayed,189,170.392247,0,1,14704,14608,22,1332.4,1600
momentum replayed,190,213.884170,0,1,16304,16016,30,1077.3,1568
momentum replayed,191,2.756440,30,0,14816,13456,25,1130.9,1488
momentum replayed,192,3.140028,156,0,15296,14128,33,891.6,1440
momentum replayed,193,0.866033,66,0,15040,14464,24,1229.3,1584
momentum replayed,194,0.773781,74,0,16528,15376,37,862.3,1584
momentum replayed,195,1.506380,138,0,13232,13088,24,1096.7,1520
momentum replayed,196,3.988784,15,0,14032,13344,25,1095.0,1568
momentum replayed,197,1.281531,62,0,14864,13584,35,812.8,1568
momentum replayed,198,1.264684,198,0,13824,13760,28,985.1,1504
momentum replayed,199,1.150232,104,0,14544,13760,26,1088.6,1488
momentum replayed,200,3.695316,107,0,13712,12896,35,760.2,1440
momentum replayed,201,122.299397,0,1,15232,14048,25,1171.2,1760
momentum replayed,202,275.371668,0,1,13552,13488,20,1352.0,1664
momentum replayed,203,1.998853,212,0,16496,15328,33,964.4,1344
momentum replayed,204,0.907631,158,0,16256,16112,32,1011.5,1392
momentum replayed,205,7.284290,33,0,14992,14240,28,1044.0,1504
momentum replayed,206,292.563197,1,0,16752,16512,36,924.0,1504
momentum replayed,207,0.747665,131,0,15600,15264,30,1028.8,1472
momentum replayed,208,1.671242,118,0,13696,13632,24,1138.7,1504
momentum replayed,209,0.528320,149,0,14144,14144,34,832.0,1392
momentum replayed,210,123.822852,0,1,16096,16096,32,1006.0,1584
momentum replayed,211,229.886020,0,1,15296,14560,31,963.1,1568
momentum replayed,212,3.612925,22,0,13472,12416,24,1078.7,1552
momentum replayed,213,1.226237,88,0,12976,12784,22,1170.9,1616
momentum replayed,214,7.007821,10,0,12544,11152,21,1128.4,1552
momentum replayed,215,11.510458,10,0,13104,13008,20,1305.6,1600
momentum replayed,216,145.007840,0,1,13744,12336,19,1372.6,1680
momentum replayed,217,66.324631,0,1,14288,13680,24,1165.3,1488
momentum replayed,218,276.179681,0,1,14928,13520,27,1053.6,1504
momentum replayed,219,1.488141,103,0,15568,15200,30,1025.6,1456
momentum replayed,220,1.002487,89,0,16800,15904,37,883.9,1520
momentum replayed,221,292.772077,0,1,14608,13376,21,1332.6,1568
momentum replayed,222,1.130630,195,0,15648,14752,33,921.2,1328
momentum replayed,223,113.644085,0,1,15024,13872,25,1155.8,1552
momentum replayed,224,1.293532,86,0,13984,13984,28,998.9,1584
momentum replayed,225,1.184688,61,0,15520,14720,35,864.0,1424
momentum replayed,226,0.126721,109,0,15808,14672,31,983.2,1408
momentum replayed,227,1.849301,82,0,14944,13600,23,1241.0,1552
momentum replayed,228,41.978455,3,0,15968,14784,27,1139.0,1584
momentum replayed,229,1.110942,41,0,15056,14144,30,973.3,1584
momentum replayed,230,208.588397,2,0,14768,13680,26,1094.2,1552
momentum replayed,231,0.557008,172,0,14688,13408,25,1123.8,1456
momentum replayed,232,4.050512,49,0,15040,14848,28,1067.4,1600
momentum replayed,233,1.957516,141,0,14752,14528,28,1045.7,1408
momentum replayed,234,207.417041,0,1,16208,15952,36,893.3,1504
momentum replayed,235,4.208372,27,0,15424,14640,33,911.0,1328
momentum replayed,236,4.722330,15,0,13616,13440,28,966.3,1472
momentum replayed,237,10.022105,24,0,13936,12832,22,1216.7,1472
momentum replayed,238,1.696435,128,0,15792,14576,29,1047.2,1520
momentum replayed,239,1.377410,48,0,14352,12912,23,1185.4,1456
momentum replayed,240,182.850835,6,0,15744,14464,31,974.5,1552
momentum replayed,241,2.643317,176,0,14256,14256,30,950.4,1440
momentum replayed,242,1.027846,75,0,16320,15088,31,1013.2,1520
momentum replayed,243,3.548366,52,0,14912,13440,25,1134.1,1584
momentum replayed,244,3.018461,103,0,12896,12688,26,984.0,1456
momentum replayed,245,267.167989,0,1,15120,13984,20,1455.2,1872
momentum replayed,246,0.270576,245,0,15392,14176,31,953.8,1456
momentum replayed,247,0.797757,162,0,14288,12928,23,1183.3,1344
momentum replayed,248,9.063587,70,0,16256,15056,31,1010.1,1552
momentum replayed,249,1.015144,74,0,14176,13376,31,888.8,1568
momentum replayed,250,50.658009,3,0,13376,13360,24,1114.0,1616
momentum replayed,251,206.498274,0,1,12800,12064,17,1462.6,1600
momentum replayed,252,1.013804,139,0,15072,14496,31,953.8,1456
momentum replayed,253,1.056667,125,0,14448,13440,25,1115.5,1472
momentum replayed,254,1.087057,105,0,14176,13456,28,986.9,1488
momentum replayed,255,2.193778,122,0,14912,14112,25,1161.0,1456
momentum replayed,256,257.580905,0,1,14384,14176,20,1428.0,1680
momentum replayed,257,117.819198,0,1,13368,12872,21,1249.5,1648
momentum replayed,258,1.944064,141,0,15568,15008,33,926.5,1472
momentum replayed,259,293.474214,0,1,12176,11312,24,978.7,1584
momentum replayed,260,46.514581,9,0,15024,13696,27,1063.7,1536
momentum replayed,261,0.434412,107,0,15664,14992,36,851.6,1456
momentum replayed,262,2.052350,100,0,13376,13072,22,1202.2,1536
momentum replayed,263,0.135171,155,0,13728,13728,24,1144.0,1520
momentum replayed,264,1.391872,90,0,15072,14272,24,1222.7,1504
momentum replayed,265,16.381206,16,0,15760,15696,34,925.2,1424
momentum replayed,266,2.490957,51,0,13872,13760,36,767.6,1440
momentum replayed,267,46.438766,6,0,12416,12384,22,1127.3,1600
momentum replayed,268,3.557615,126,0,14192,14160,28,1012.6,1472
momentum replayed,269,2.983725,90,0,15136,14608,26,1144.0,1504
momentum replayed,270,199.444410,0,1,15248,14288,28,1054.9,1680
momentum replayed,271,282.654670,5,0,13056,11456,19,1290.1,1600
momentum replayed,272,0.845620,159,0,16048,14912,29,1067.6,1408
momentum replayed,273,93.098006,15,0,14512,14304,30,960.5,1504
momentum replayed,274,259.219515,0,1,14672,13536,25,1128.3,1584
momentum replayed,275,1.316641,56,0,13744,13408,24,1131.3,1440
momentum replayed,276,80.621010,23,0,12736,12256,26,961.2,1472
momentum replayed,277,95.040319,0,1,14144,14080,26,1085.5,1632
momentum replayed,278,212.426796,0,1,14464,13840,24,1179.3,1568
momentum replayed,279,0.950336,98,0,13280,13056,26,1012.9,1472
momentum replayed,280,1.041211,68,0,14128,13216,25,1093.8,1552
momentum replayed,281,1.972308,102,0,14800,13456,21,1345.5,1536
momentum replayed,282,0.767367,112,0,15280,15280,32,955.0,1408
momentum replayed,283,171.984059,0,1,14544,13344,23,1212.5,1472
momentum replayed,284,140.338288,0,1,14608,13888,25,1139.8,1648
momentum replayed,285,2.104788,101,0,15968,15264,32,976.0,1504
momentum replayed,286,68.321379,4,0,14512,13824,23,1232.0,1664
momentum replayed,287,1.010426,104,0,14240,14144,40,709.6,1536
momentum replayed,288,0.864587,132,0,14064,12880,29,929.1,1440
momentum replayed,289,209.632869,4,0,15952,14912,29,1064.3,1472
momentum replayed,290,1.359115,57,0,16160,15584,38,835.4,1440
momentum replayed,291,94.284561,0,1,14000,13888,24,1162.0,1664
momentum replayed,292,5.330281,36,0,15040,13728,29,992.0,1440
momentum replayed,293,0.653706,160,0,13888,13888,30,925.9,1520
momentum replayed,294,218.580745,0,1,15264,14704,22,1362.2,1696
momentum replayed,295,0.670726,157,0,14000,13584,28,985.1,1488
momentum replayed,296,209.725827,0,1,14160,13952,22,1277.8,1568
momentum replayed,297,94.651309,0,1,14272,13760,27,1038.2,1616
momentum replayed,298,2.856617,24,0,12692,12692,28,906.6,1552
momentum replayed,299,44.616881,14,0,14384,13808,26,1084.3,1504
momentum replayed,300,11.512068,5,0,15808,14752,29,1053.8,1536
RL replayed,1,113.279487,0,1,1904,1808,5,742.4,1632
RL replayed,2,0.561657,1074,0,0,0,0,0.0,0
RL replayed,3,163.006052,0,1,1632,0,1,1632.0,1632
RL replayed,4,92.474381,0,1,1696,0,1,1696.0,1696
RL replayed,5,293.772192,0,1,1680,0,1,1680.0,1680
RL replayed,6,278.428041,2,0,1632,1632,2,1632.0,1632
RL replayed,7,130.909738,5,0,2224,2224,8,556.0,1664
RL replayed,8,293.595992,0,1,1632,0,1,1632.0,1632
RL replayed,9,120.609624,0,1,1744,96,3,613.3,1648
RL replayed,10,7.685036,263,0,1680,1456,10,313.6,1296
RL replayed,11,64.170697,0,1,2800,1168,5,793.6,1344
RL replayed,12,0.963566,1140,0,0,0,0,0.0,0
RL replayed,13,68.050519,0,1,3232,3232,10,646.4,1584
RL replayed,14,0.445457,749,0,288,48,3,112.0,192
RL replayed,15,2.836355,188,0,1328,1328,8,332.0,1088
RL replayed,16,289.816846,0,1,3744,1936,6,946.7,1920
RL replayed,17,274.136527,0,1,2320,688,7,429.7,1216
RL replayed,18,287.209142,4,0,3520,1728,5,1049.6,1792
RL replayed,19,36.368223,59,0,2144,528,5,534.4,1152
RL replayed,20,2.083286,1002,0,192,96,3,96.0,96
RL replayed,21,2.505248,73,0,2960,1424,13,337.2,1184
RL replayed,22,259.110081,1,0,3232,1520,9,528.0,1488
RL replayed,23,63.079473,43,0,1952,1792,9,416.0,1568
RL replayed,24,1.006698,360,0,1376,784,5,432.0,640
RL replayed,25,292.873241,0,1,1632,0,1,1632.0,1632
RL replayed,26,12.685364,9,0,2624,2624,14,374.9,1184
RL replayed,27,292.332334,0,1,1584,0,1,1584.0,1584
RL replayed,28,182.103609,0,1,1936,1744,6,613.3,1648
RL replayed,29,83.620917,0,1,2224,592,7,402.3,1280
RL replayed,30,1.344276,813,0,304,304,2,304.0,304
RL replayed,31,62.665556,0,1,2096,1776,5,774.4,1696
RL replayed,32,41.349836,23,0,1482,0,1,1482.0,1482
RL replayed,33,293.805307,0,1,3248,3248,10,649.6,1792
RL replayed,34,268.169368,1,0,2848,1200,9,449.8,1632
RL replayed,35,53.821961,0,1,2192,560,7,393.1,1632
RL replayed,36,68.110239,0,1,1696,0,1,1696.0,1696
RL replayed,37,293.311399,0,1,2160,2160,8,540.0,1648
RL replayed,38,293.334986,0,1,2560,2560,10,512.0,1408
RL replayed,39,293.504020,0,1,3792,3792,14,541.7,1664
RL replayed,40,190.699002,0,1,3568,1776,9,593.8,1792
RL replayed,41,157.216473,0,1,3488,1712,5,1040.0,1776
RL replayed,42,175.196819,0,1,1872,416,9,254.2,1248
RL replayed,43,291.346042,0,1,3680,3088,10,676.8,1728
RL replayed,44,162.304605,0,1,1824,1824,6,608.0,1632
RL replayed,45,277.030974,0,1,3488,1744,7,747.4,1744
RL replayed,46,292.713137,0,1,1760,0,1,1760.0,1760
RL replayed,47,168.831320,0,1,3445,1675,9,568.9,1728
RL replayed,48,19.355639,192,0,1347,1347,6,449.0,995
RL replayed,49,2.684156,84,0,1712,1712,6,570.7,1504
RL replayed,50,106.155650,0,1,2480,672,7,450.3,1776
RL replayed,51,61.299773,0,1,3360,2368,9,636.4,1664
RL replayed,52,284.966958,0,1,1760,1520,4,820.0,1696
RL replayed,53,223.631402,0,1,2784,1136,11,356.4,1616
RL replayed,54,136.136116,7,0,1664,0,1,1664.0,1664
RL replayed,55,130.448667,0,1,1728,1728,6,576.0,1616
RL replayed,56,289.446975,0,1,3632,3216,10,684.8,1712
RL replayed,57,90.606931,0,1,2528,1760,10,428.8,1696
RL replayed,58,76.582402,0,1,1856,192,5,409.6,1664
RL replayed,59,293.390219,0,1,1968,304,3,757.3,1664
RL replayed,60,291.414952,0,1,1728,864,4,648.0,1696
RL replayed,61,2.040044,909,0,496,496,6,165.3,304
RL replayed,62,272.388736,0,1,1728,96,3,608.0,1568
RL replayed,63,45.723029,4,0,3792,2144,13,456.6,1632
RL replayed,64,79.802256,2,0,3408,1744,7,736.0,1664
RL replayed,65,2.329080,821,0,304,304,2,304.0,304
RL replayed,66,78.302974,0,1,1696,0,1,1696.0,1696
RL replayed,67,172.652304,0,1,2000,304,3,768.0,1696
RL replayed,68,293.716692,0,1,1696,0,1,1696.0,1696
RL replayed,69,293.306926,0,1,1680,1328,2,1504.0,1680
RL replayed,70,291.734588,0,1,3248,3216,10,646.4,1648
RL replayed,71,0.603291,932,0,0,0,0,0.0,0
RL replayed,72,184.150681,0,1,2288,560,5,569.6,1648
RL replayed,73,246.865097,0,1,3776,1936,7,816.0,1840
RL replayed,74,235.014825,2,0,2160,1968,9,458.7,1616
RL replayed,75,60.444365,0,1,3120,1440,5,912.0,1632
RL replayed,76,293.121677,0,1,2160,496,3,885.3,1424
RL replayed,77,78.566353,0,1,3456,2416,6,978.7,1760
RL replayed,78,189.538218,13,0,1616,1616,2,1616.0,1616
RL replayed,79,237.872159,43,0,928,0,1,928.0,928
RL replayed,80,179.630380,0,1,2816,2256,9,563.6,1664
RL replayed,81,1.173554,962,0,0,0,0,0.0,0
RL replayed,82,62.660747,0,1,1792,1792,4,896.0,1696
RL replayed,83,291.867864,0,1,1632,1632,2,1632.0,1632
RL replayed,84,1.182837,887,0,192,192,4,96.0,96
RL replayed,85,1.527614,1042,0,0,0,0,0.0,0
RL replayed,86,293.457265,0,1,1952,832,4,696.0,1648
RL replayed,87,243.960556,0,1,3312,1616,7,704.0,1632
RL replayed,88,70.891676,0,1,1840,192,3,677.3,1632
RL replayed,89,291.523047,0,1,2736,2528,10,526.4,1632
RL replayed,90,41.726898,10,0,1712,1712,10,342.4,1616
RL replayed,91,45.174470,7,0,3392,3104,12,541.3,1616
RL replayed,92,262.554552,0,1,1760,0,1,1760.0,1760
RL replayed,93,154.312789,0,1,1632,1040,2,1336.0,1632
RL replayed,94,291.826489,0,1,3120,1424,7,649.1,1648
RL replayed,95,190.621006,0,1,3712,1968,7,811.4,1600
RL replayed,96,236.756579,0,1,1744,96,3,613.3,1648
RL replayed,97,56.432020,0,1,1728,0,1,1728.0,1728
RL replayed,98,206.815143,0,1,3360,1552,3,1637.3,1696
RL replayed,99,0.708012,881,0,0,0,0,0.0,0
RL replayed,100,261.003667,0,1,2400,2400,14,342.9,1504
RL replayed,101,290.329827,0,1,2624,1184,10,380.8,1664
RL replayed,102,60.648716,0,1,3456,1664,3,1706.7,1792
RL replayed,103,293.737867,0,1,1760,0,1,1760.0,1760
RL replayed,104,289.861169,0,1,2432,816,7,464.0,1312
RL replayed,105,2.369610,842,0,192,192,4,96.0,144
RL replayed,106,293.733379,0,1,1696,0,1,1696.0,1696
RL replayed,107,292.754428,0,1,3200,1504,5,940.8,1696
RL replayed,108,80.245980,0,1,1744,1568,4,828.0,1648
RL replayed,109,109.182624,0,1,3152,2448,11,509.1,1584
RL replayed,110,107.334598,0,1,1744,1376,2,1560.0,1744
RL replayed,111,178.541078,0,1,3552,1776,5,1065.6,1776
RL replayed,112,6.848761,95,0,1552,1552,6,517.3,1376
RL replayed,113,65.085077,0,1,1808,192,3,666.7,1616
RL replayed,114,47.773258,0,1,1776,16,3,597.3,1680
RL replayed,115,129.827034,0,1,3664,1840,7,786.3,1824
RL replayed,116,287.977549,0,1,3888,2080,7,852.6,1808
RL replayed,117,293.834695,0,1,1648,0,1,1648.0,1648
RL replayed,118,0.775787,628,0,832,832,4,416.0,448
RL replayed,119,284.045873,0,1,2288,1216,6,584.0,1648
RL replayed,120,254.670315,0,1,4640,2944,13,583.4,1696
RL replayed,121,167.698493,0,1,1744,1568,6,552.0,1536
RL replayed,122,190.006110,0,1,3040,1296,5,867.2,1696
RL replayed,123,141.080683,0,1,2576,1328,6,650.7,1712
RL replayed,124,229.373388,0,1,1920,1440,6,560.0,1632
RL replayed,125,1.729224,979,0,0,0,0,0.0,0
RL replayed,126,0.790094,969,0,0,0,0,0.0,0
RL replayed,127,100.503650,0,1,2992,2992,24,249.3,1472
RL replayed,128,0.461809,679,0,272,272,2,272.0,272
RL replayed,129,76.195438,0,1,1696,1696,4,848.0,1664
RL replayed,130,264.281021,0,1,3104,3104,14,443.4,1600
RL replayed,131,111.427101,0,1,3152,2464,16,351.0,1296
RL replayed,132,285.359419,0,1,3216,1488,9,522.7,1824
RL replayed,133,293.840903,0,1,2864,2864,8,716.0,1728
RL replayed,134,0.455468,1076,0,0,0,0,0.0,0
RL replayed,135,201.301637,0,1,2528,2064,8,574.0,1648
RL replayed,136,1.144964,910,0,0,0,0,0.0,0
RL replayed,137,57.925412,5,0,2160,736,3,965.3,1424
RL replayed,138,0.597581,815,0,192,192,2,192.0,192
RL replayed,139,96.364806,0,1,1680,1680,2,1680.0,1680
RL replayed,140,249.102635,0,1,3600,1824,7,774.9,1776
RL replayed,141,80.275364,0,1,3456,2144,7,800.0,1632
RL replayed,142,293.892249,0,1,1696,0,1,1696.0,1696
RL replayed,143,91.664827,0,1,3536,1728,5,1052.8,1808
RL replayed,144,256.992329,0,1,1744,96,3,613.3,1648
RL replayed,145,293.707730,0,1,2560,832,11,308.4,1696
RL replayed,146,193.899931,0,1,4928,3280,16,513.0,1744
RL replayed,147,-0.143205,1224,0,0,0,0,0.0,0
RL replayed,148,61.573366,0,1,1680,1680,4,840.0,1648
RL replayed,149,15.330001,283,0,832,832,2,832.0,832
RL replayed,150,270.602437,0,1,3536,1824,9,595.6,1712
RL replayed,151,293.409000,0,1,3056,1376,7,633.1,1440
RL replayed,152,0.414322,605,0,976,704,4,420.0,592
RL replayed,153,63.317982,0,1,1840,192,5,406.4,1664
RL replayed,154,293.747199,0,1,2320,704,5,604.8,1792
RL replayed,155,52.300882,0,1,1824,0,1,1824.0,1824
RL replayed,156,122.984414,0,1,2512,848,11,305.5,1664
RL replayed,157,91.248878,0,1,1840,192,5,406.4,1648
RL replayed,158,54.110314,88,0,2240,2240,6,746.7,1168
RL replayed,159,280.057750,0,1,3184,1424,9,512.0,1632
RL replayed,160,1.600267,620,0,528,48,3,192.0,432
RL replayed,161,77.079479,0,1,1792,736,2,1264.0,1792
RL replayed,162,151.382401,0,1,3472,3472,8,868.0,1728
RL replayed,163,275.299475,0,1,3552,1744,5,1059.2,1808
RL replayed,164,116.977346,29,0,1968,336,5,460.8,1504
RL replayed,165,89.762317,0,1,4224,2544,19,356.2,1184
RL replayed,166,93.754707,0,1,2176,2176,10,435.2,1664
RL replayed,167,89.385576,0,1,2384,736,9,346.7,1504
RL replayed,168,67.867747,0,1,2960,2960,10,592.0,1552
RL replayed,169,149.919971,2,0,1968,1968,6,656.0,1664
RL replayed,170,1.469555,1058,0,0,0,0,0.0,0
RL replayed,171,135.672953,25,0,1760,528,11,208.0,1200
RL replayed,172,28.048180,137,0,1552,1552,6,517.3,1168
RL replayed,173,124.695869,0,1,4144,4144,10,828.8,1728
RL replayed,174,292.450623,0,1,2752,1088,5,768.0,1568
RL replayed,175,291.407633,0,1,1808,0,1,1808.0,1808
RL replayed,176,293.822975,0,1,2096,384,7,354.3,1712
RL replayed,177,292.510406,0,1,3504,1696,9,577.8,1808
RL replayed,178,4.534582,486,0,624,624,2,624.0,624
RL replayed,179,1.144851,938,0,96,96,2,96.0,96
RL replayed,180,73.774295,0,1,1680,1680,2,1680.0,1680
RL replayed,181,293.409544,0,1,1680,560,3,746.7,1648
RL replayed,182,1.639106,892,0,0,0,0,0.0,0
RL replayed,183,0.665437,1034,0,0,0,0,0.0,0
RL replayed,184,293.801371,0,1,3312,1648,11,450.9,1456
RL replayed,185,260.187689,0,1,3728,2240,17,351.1,1648
RL replayed,186,5.322571,454,0,768,768,6,256.0,656
RL replayed,187,284.836133,1,0,2752,2656,15,360.5,1344
RL replayed,188,56.214499,0,1,4144,2352,11,590.5,1792
RL replayed,189,234.702328,0,1,3616,3296,12,576.0,1728
RL replayed,190,292.720684,0,1,1872,1872,8,468.0,1536
RL replayed,191,293.188672,0,1,1712,96,2,904.0,1712
RL replayed,192,127.782012,0,1,1680,48,3,576.0,944
RL replayed,193,68.673215,0,1,3568,1728,5,1059.2,1808
RL replayed,194,106.618118,0,1,3568,1792,9,595.6,1696
RL replayed,195,14.630465,14,0,1920,1920,10,384.0,1488
RL replayed,196,292.571907,0,1,3360,3248,10,660.8,1696
RL replayed,197,293.509975,0,1,1648,0,1,1648.0,1648
RL replayed,198,1.672660,1038,0,0,0,0,0.0,0
RL replayed,199,148.856409,0,1,1744,96,3,613.3,1648
RL replayed,200,25.322538,9,0,1664,48,3,570.7,1008
RL replayed,201,60.069015,0,1,1952,272,5,444.8,1680
RL replayed,202,142.819352,0,1,3776,3776,14,539.4,1680
RL replayed,203,1.832178,851,0,384,384,6,128.0,192
RL replayed,204,174.544349,0,1,1792,176,5,393.6,1392
RL replayed,205,175.919913,0,1,1712,0,1,1712.0,1712
RL replayed,206,42.237244,0,1,1680,0,1,1680.0,1680
RL replayed,207,0.905811,945,0,96,96,2,96.0,96
RL replayed,208,16.620527,154,0,1456,320,3,592.0,880
RL replayed,209,29.371224,19,0,1152,0,1,1152.0,1152
RL replayed,210,89.215047,0,1,1856,176,3,677.3,1664
RL replayed,211,292.681001,0,1,3248,3248,12,541.3,1568
RL replayed,212,293.814503,0,1,1792,1792,8,448.0,1664
RL replayed,213,74.069891,0,1,3552,1776,5,1065.6,1776
RL replayed,214,253.620561,0,1,3440,1680,7,731.4,1760
RL replayed,215,198.783252,8,0,1840,1840,12,306.7,1344
RL replayed,216,275.938484,0,1,3536,1680,3,1738.7,1856
RL replayed,217,72.188348,0,1,2704,976,5,736.0,1680
RL replayed,218,55.103972,0,1,1648,0,1,1648.0,1648
RL replayed,219,0.866984,608,0,432,432,4,216.0,400
RL replayed,220,293.655299,0,1,3024,1344,11,397.1,1648
RL replayed,221,43.370161,0,1,2048,208,5,451.2,1824
RL replayed,222,1.505816,993,0,0,0,0,0.0,0
RL replayed,223,56.821775,0,1,2320,688,9,334.2,1088
RL replayed,224,1.224422,912,0,663,663,4,331.5,608
RL replayed,225,55.822015,0,1,2000,400,11,218.2,1376
RL replayed,226,0.658016,290,0,1040,240,5,256.0,544
RL replayed,227,0.104150,867,0,96,96,2,96.0,96
RL replayed,228,239.709822,0,1,2784,1568,8,544.0,1696
RL replayed,229,80.289729,0,1,3472,1696,5,1033.6,1776
RL replayed,230,268.899987,0,1,3360,1616,3,1658.7,1744
RL replayed,231,293.161979,0,1,1616,1616,4,808.0,1568
RL replayed,232,279.812238,0,1,3888,2224,13,470.2,1632
RL replayed,233,0.566754,949,0,0,0,0,0.0,0
RL replayed,234,36.806011,0,1,1632,0,1,1632.0,1632
RL replayed,235,293.866824,0,1,1872,288,5,432.0,1648
RL replayed,236,1.028654,291,0,848,48,3,298.7,464
RL replayed,237,153.735863,0,1,1648,832,2,1240.0,1648
RL replayed,238,7.886117,169,0,3952,3904,18,436.4,1344
RL replayed,239,-0.280775,1008,0,0,0,0,0.0,0
RL replayed,240,65.398993,0,1,1952,384,9,259.6,1632
RL replayed,241,6.293007,397,0,1280,1184,7,352.0,768
RL replayed,242,89.556835,0,1,4600,4408,26,346.5,1552
RL replayed,243,130.498347,0,1,1696,1696,2,1696.0,1696
RL replayed,244,50.591317,0,1,1744,1392,4,784.0,1648
RL replayed,245,293.188265,0,1,1856,0,1,1856.0,1856
RL replayed,246,0.510060,989,0,0,0,0,0.0,0
RL replayed,247,214.948515,0,1,1632,0,1,1632.0,1632
RL replayed,248,293.102946,0,1,1616,0,1,1616.0,1616
RL replayed,249,237.646076,0,1,1632,1632,2,1632.0,1632
RL replayed,250,292.953271,0,1,2352,2352,16,294.0,1712
RL replayed,251,234.559584,8,0,1872,1872,10,374.4,1408
RL replayed,252,293.474972,0,1,1680,0,1,1680.0,1680
RL replayed,253,287.351845,0,1,2400,2384,12,398.7,1536
RL replayed,254,284.515759,0,1,1920,288,7,315.4,1216
RL replayed,255,78.549855,0,1,3664,1968,13,433.2,1632
RL replayed,256,250.061418,0,1,1744,1744,4,872.0,1648
RL replayed,257,131.330514,0,1,2816,1024,7,548.6,1728
RL replayed,258,31.345185,11,0,1744,1296,4,760.0,1360
RL replayed,259,292.341917,0,1,3584,1744,7,761.1,1840
RL replayed,260,106.676105,0,1,1744,96,3,613.3,1648
RL replayed,261,94.784854,0,1,1984,1984,8,496.0,1552
RL replayed,262,1.991311,519,0,480,0,1,480.0,480
RL replayed,263,80.471339,0,1,4432,2736,11,651.6,1696
RL replayed,264,7.120950,209,0,1872,1872,12,312.0,1344
RL replayed,265,293.550123,0,1,1696,0,1,1696.0,1696
RL replayed,266,64.232193,0,1,2096,448,5,508.8,1168
RL replayed,267,130.038651,0,1,3104,2944,4,1512.0,1616
RL replayed,268,292.457338,0,1,2496,864,5,672.0,1648
RL replayed,269,282.367582,0,1,2992,1344,7,619.4,1504
RL replayed,270,257.877090,0,1,1728,0,1,1728.0,1728
RL replayed,271,290.824358,0,1,3632,1792,9,602.7,1840
RL replayed,272,-0.050542,1187,0,384,384,4,192.0,368
RL replayed,273,98.062398,0,1,1712,1712,2,1712.0,1712
RL replayed,274,285.129857,0,1,2080,432,5,502.4,1632
RL replayed,275,4.721515,500,0,608,608,2,608.0,608
RL replayed,276,291.482074,0,1,1744,1744,6,581.3,1616
RL replayed,277,54.598828,0,1,1744,1744,4,872.0,1728
RL replayed,278,91.341113,0,1,1632,0,1,1632.0,1632
RL replayed,279,59.602553,0,1,1856,192,5,409.6,1664
RL replayed,280,293.666003,0,1,2640,1008,7,521.1,1632
RL replayed,281,1.139910,839,0,192,192,2,192.0,192
RL replayed,282,124.638349,0,1,3552,1888,13,418.5,1648
RL replayed,283,292.360020,0,1,1616,0,1,1616.0,1616
RL replayed,284,127.278597,0,1,2112,288,3,800.0,1808
RL replayed,285,139.334413,0,1,1648,0,1,1648.0,1648
RL replayed,286,51.385327,0,1,3488,1664,5,1030.4,1824
RL replayed,287,105.562234,0,1,4640,3232,17,463.1,1712
RL replayed,288,1.378114,947,0,304,304,2,304.0,304
RL replayed,289,126.959924,0,1,1840,480,6,386.7,1360
RL replayed,290,293.850945,0,1,3136,1936,13,390.2,1712
RL replayed,291,69.447436,0,1,1728,0,1,1728.0,1728
RL replayed,292,292.101407,0,1,2064,384,5,489.6,1680
RL replayed,293,33.808161,21,0,1312,0,1,1312.0,1312
RL replayed,294,70.398432,0,1,2087,290,7,339.6,1797
RL replayed,295,279.906076,0,1,1712,1712,4,856.0,1552
RL replayed,296,164.889070,0,1,3376,2384,6,960.0,1680
RL replayed,297,106.877394,0,1,1728,1680,8,426.0,1600
RL replayed,298,236.162658,0,1,1936,1936,6,645.3,1632
RL replayed,299,109.811709,0,1,3312,1824,8,642.0,1664
RL replayed,300,64.236311,0,1,1664,0,1,1664.0,1664
"one run, sold back after 30 steps",1,9.056873,195,0,1408,1408,2,1408.0,1408
"one run, sold back after 30 steps",2,0.616424,392,0,1408,1408,2,1408.0,1408
"one run, sold back after 30 steps",3,290.822762,0,1,1408,1408,2,1408.0,1408
"one run, sold back after 30 steps",4,1.635792,241,0,1408,1408,2,1408.0,1408
"one run, sold back after 30 steps",5,268.375333,7,0,1408,1408,2,1408.0,1408
"one run, sold back after 30 steps",6,3.454079,206,0,1408,1408,2,1408.0,1408
"one run, sold back after 30 steps",7,3.048988,332,0,1408,1408,2,1408.0,1408
"one run, sold back after 30 steps",8,274.932893,12,0,1408,1408,2,1408.0,1408
"one run, sold back after 30 steps",9,1.819419,244,0,1408,1408,2,1408.0,1408
"one run, sold back after 30 steps",10,292.918736,0,1,1408,1408,2,1408.0,1408
"one run, sold back after 30 steps",11,292.902907,0,1,1408,1408,2,1408.0,1408
"one run, sold back after 30 steps",12,13.223820,247,0,1408,1408,2,1408.0,1408
"one run, sold back after 30 steps",13,154.188492,0,1,1408,1408,2,1408.0,1408
"one run, sold back after 30 steps",14,2.065879,219,0,1408,1408,2,1408.0,1408
"one run, sold back after 30 steps",15,18.600084,169,0,1408,1408,2,1408.0,1408
"one run, sold back after 30 steps",16,1.509359,183,0,1408,1408,2,1408.0,1408
"one run, sold back after 30 steps",17,45.489566,130,0,1408,1408,2,1408.0,1408
"one run, sold back after 30 steps",18,61.099634,74,0,1408,1408,2,1408.0,1408
"one run, sold back after 30 steps",19,4.350103,180,0,1408,1408,2,1408.0,1408
"one run, sold back after 30 steps",20,2.842791,356,0,1408,1408,2,1408.0,1408
"one run, sold back after 30 steps",21,4.311432,178,0,1408,1408,2,1408.0,1408
"one run, sold back after 30 steps",22,80.450550,62,0,1408,1408,2,1408.0,1408
"one run, sold back after 30 steps",23,254.928877,18,0,1408,1408,2,1408.0,1408
"one run, sold back after 30 steps",24,1.400582,400,0,1408,1408,2,1408.0,1408
"one run, sold back after 30 steps",25,280.784318,0,1,1408,1408,2,1408.0,1408
"one run, sold back after 30 steps",26,8.712538,245,0,1408,1408,2,1408.0,1408
"one run, sold back after 30 steps",27,7.457840,187,0,1408,1408,2,1408.0,1408
"one run, sold back after 30 steps",28,17.060913,158,0,1408,1408,2,1408.0,1408
"one run, sold back after 30 steps",29,120.959957,26,0,1408,1408,2,1408.0,1408
"one run, sold back after 30 steps",30,1.474498,321,0,1408,1408,2,1408.0,1408
"one run, sold back after 30 steps",31,1.820781,70,0,1408,1408,2,1408.0,1408
"one run, sold back after 30 steps",32,3.154164,129,0,1408,1408,2,1408.0,1408
"one run, sold back after 30 steps",33,293.849622,0,1,1408,1408,2,1408.0,1408
"one run, sold back after 30 steps",34,283.258337,0,1,1408,1408,2,1408.0,1408
"one run, sold back after 30 steps",35,285.687069,2,0,1408,1408,2,1408.0,1408
"one run, sold back after 30 steps",36,3.504571,104,0,1408,1408,2,1408.0,1408
"one run, sold back after 30 steps",37,288.338114,5,0,1408,1408,2,1408.0,1408
"one run, sold back after 30 steps",38,90.778607,12,0,1408,1408,2,1408.0,1408
"one run, sold back after 30 steps",39,1.290105,343,0,1408,1408,2,1408.0,1408
"one run, sold back after 30 steps",40,1.514791,362,0,1408,1408,2,1408.0,1408
"one run, sold back after 30 steps",41,1.611368,416,0,1408,1408,2,1408.0,1408
"one run, sold back after 30 steps",42,288.206460,3,0,1408,1408,2,1408.0,1408
"one run, sold back after 30 steps",43,13.149879,187,0,1408,1408,2,1408.0,1408
"one run, sold back after 30 steps",44,291.705759,0,1,1408,1408,2,1408.0,1408
"one run, sold back after 30 steps",45,286.917171,6,0,1408,1408,2,1408.0,1408
"one run, sold back after 30 steps",46,293.601562,0,1,1408,1408,2,1408.0,1408
"one run, sold back after 30 steps",47,40.349428,92,0,1408,1408,2,1408.0,1408
"one run, sold back after 30 steps",48,15.795946,171,0,1408,1408,2,1408.0,1408
"one run, sold back after 30 steps",49,59.112732,18,0,1408,1408,2,1408.0,1408
"one run, sold back after 30 steps",50,56.753889,75,0,1408,1408,2,1408.0,1408
"one run, sold back after 30 steps",51,65.786325,35,0,1408,1408,2,1408.0,1408
"one run, sold back after 30 steps",52,292.990486,0,1,1408,1408,2,1408.0,1408
"one run, sold back after 30 steps",53,10.541025,61,0,1408,1408,2,1408.0,1408
"one run, sold back after 30 steps",54,277.518179,9,0,1408,1408,2,1408.0,1408
"one run, sold back after 30 steps",55,222.985103,19,0,1408,1408,2,1408.0,1408
"one run, sold back after 30 steps",56,1.614562,374,0,1408,1408,2,1408.0,1408
"one run, sold back after 30 steps",57,256.970572,10,0,1408,1408,2,1408.0,1408
"one run, sold back after 30 steps",58,293.761415,0,1,1408,1408,2,1408.0,1408
"one run, sold back after 30 steps",59,249.962361,16,0,1408,1408,2,1408.0,1408
"one run, sold back after 30 steps",60,7.638506,233,0,1408,1408,2,1408.0,1408
"one run, sold back after 30 steps",61,3.885101,251,0,1408,1408,2,1408.0,1408
"one run, sold back after 30 steps",62,293.770191,0,1,1408,1408,2,1408.0,1408
"one run, sold back after 30 steps",63,69.883801,81,0,1408,1408,2,1408.0,1408
"one run, sold back after 30 steps",64,2.598661,323,0,1408,1408,2,1408.0,1408
"one run, sold back after 30 steps",65,4.655910,276,0,1408,1408,2,1408.0,1408
"one run, sold back after 30 steps",66,2.226946,313,0,1408,1408,2,1408.0,1408
"one run, sold back after 30 steps",67,1.183703,248,0,1408,1408,2,1408.0,1408
"one run, sold back after 30 steps",68,2.915685,347,0,1408,1408,2,1408.0,1408
"one run, sold back after 30 steps",69,4.073966,232,0,1408,1408,2,1408.0,1408
"one run, sold back after 30 steps",70,1.884881,159,0,1408,1408,2,1408.0,1408
"one run, sold back after 30 steps",71,24.293141,59,0,1408,1408,2,1408.0,1408
"one run, sold back after 30 steps",72,0.826655,157,0,1408,1408,2,1408.0,1408
"one run, sold back after 30 steps",73,293.499821,0,1,1408,1408,2,1408.0,1408
"one run, sold back after 30 steps",74,249.431208,6,0,1408,1408,2,1408.0,1408
"one run, sold back after 30 steps",75,5.608467,82,0,1408,1408,2,1408.0,1408
"one run, sold back after 30 steps",76,14.570135,127,0,1408,1408,2,1408.0,1408
"one run, sold back after 30 steps",77,1.671289,199,0,1408,1408,2,1408.0,1408
"one run, sold back after 30 steps",78,126.109688,50,0,1408,1408,2,1408.0,1408
"one run, sold back after 30 steps",79,2.659270,174,0,1408,1408,2,1408.0,1408
"one run, sold back after 30 steps",80,5.410610,210,0,1408,1408,2,1408.0,1408
"one run, sold back after 30 steps",81,3.609683,171,0,1408,1408,2,1408.0,1408
"one run, sold back after 30 steps",82,91.135346,6,0,1408,1408,2,1408.0,1408
"one run, sold back after 30 steps",83,93.152706,19,0,1408,1408,2,1408.0,1408
"one run, sold back after 30 steps",84,4.659857,100,0,1408,1408,2,1408.0,1408
"one run, sold back after 30 steps",85,45.818794,113,0,1408,1408,2,1408.0,1408
"one run, sold back after 30 steps",86,293.438166,0,1,1408,1408,2,1408.0,1408
"one run, sold back after 30 steps",87,257.468972,12,0,1408,1408,2,1408.0,1408
"one run, sold back after 30 steps",88,247.716536,0,1,1408,1408,2,1408.0,1408
"one run, sold back after 30 steps",89,4.372607,87,0,1408,1408,2,1408.0,1408
"one run, sold back after 30 steps",90,252.361264,23,0,1408,1408,2,1408.0,1408
"one run, sold back after 30 steps",91,70.968884,18,0,1408,1408,2,1408.0,1408
"one run, sold back after 30 steps",92,24.128480,188,0,1408,1408,2,1408.0,1408
"one run, sold back after 30 steps",93,293.596642,0,1,1408,1408,2,1408.0,1408
"one run, sold back after 30 steps",94,169.757232,3,0,1408,1408,2,1408.0,1408
"one run, sold back after 30 steps",95,44.852565,126,0,1408,1408,2,1408.0,1408
"one run, sold back after 30 steps",96,4.348812,102,0,1408,1408,2,1408.0,1408
"one run, sold back after 30 steps",97,210.744879,0,1,1408,1408,2,1408.0,1408
"one run, sold back after 30 steps",98,170.368205,0,1,1408,1408,2,1408.0,1408
"one run, sold back after 30 steps",99,0.667873,263,0,1408,1408,2,1408.0,1408
"one run, sold back after 30 steps",100,37.214778,110,0,1408,1408,2,1408.0,1408
"one run, sold back after 30 steps",101,291.295556,0,1,1408,1408,2,1408.0,1408
"one run, sold back after 30 steps",102,1.705938,105,0,1408,1408,2,1408.0,1408
"one run, sold back after 30 steps",103,292.976731,0,1,1408,1408,2,1408.0,1408
"one run, sold back after 30 steps",104,2.433448,148,0,1408,1408,2,1408.0,1408
"one run, sold back after 30 steps",105,4.146427,199,0,1408,1408,2,1408.0,1408
"one run, sold back after 30 steps",106,1.981756,169,0,1408,1408,2,1408.0,1408
"one run, sold back after 30 steps",107,107.237130,16,0,1408,1408,2,1408.0,1408
"one run, sold back after 30 steps",108,176.659255,4,0,1408,1408,2,1408.0,1408
"one run, sold back after 30 steps",109,293.536933,0,1,1408,1408,2,1408.0,1408
"one run, sold back after 30 steps",110,14.901759,111,0,1408,1408,2,1408.0,1408
"one run, sold back after 30 steps",111,293.284255,0,1,1408,1408,2,1408.0,1408
"one run, sold back after 30 steps",112,0.687978,322,0,1408,1408,2,1408.0,1408
"one run, sold back after 30 steps",113,23.116092,151,0,1408,1408,2,1408.0,1408
"one run, sold back after 30 steps",114,292.879813,0,1,1408,1408,2,1408.0,1408
"one run, sold back after 30 steps",115,1.480705,298,0,1408,1408,2,1408.0,1408
"one run, sold back after 30 steps",116,3.336699,326,0,1408,1408,2,1408.0,1408
"one run, sold back after 30 steps",117,214.342997,13,0,1408,1408,2,1408.0,1408
"one run, sold back after 30 steps",118,15.638512,140,0,1408,1408,2,1408.0,1408
"one run, sold back after 30 steps",119,22.680780,16,0,1408,1408,2,1408.0,1408
"one run, sold back after 30 steps",120,256.664359,6,0,1408,1408,2,1408.0,1408
"one run, sold back after 30 steps",121,202.395108,23,0,1408,1408,2,1408.0,1408
"one run, sold back after 30 steps",122,293.811343,0,1,1408,1408,2,1408.0,1408
"one run, sold back after 30 steps",123,276.442453,0,1,1408,1408,2,1408.0,1408
"one run, sold back after 30 steps",124,94.651274,13,0,1408,1408,2,1408.0,1408
"one run, sold back after 30 steps",125,248.430128,20,0,1408,1408,2,1408.0,1408
"one run, sold back after 30 steps",126,2.253478,369,0,1408,1408,2,1408.0,1408
"one run, sold back after 30 steps",127,293.538251,0,1,1408,1408,2,1408.0,1408
"one run, sold back after 30 steps",128,231.667259,12,0,1408,1408,2,1408.0,1408
"one run, sold back after 30 steps",129,266.138513,3,0,1408,1408,2,1408.0,1408
"one run, sold back after 30 steps",130,3.343834,149,0,1408,1408,2,1408.0,1408
"one run, sold back after 30 steps",131,284.875177,0,1,1408,1408,2,1408.0,1408
"one run, sold back after 30 steps",132,293.774632,0,1,1408,1408,2,1408.0,1408
"one run, sold back after 30 steps",133,2.104757,121,0,1408,1408,2,1408.0,1408
"one run, sold back after 30 steps",134,1.515566,134,0,1408,1408,2,1408.0,1408
"one run, sold back after 30 steps",135,16.179573,216,0,1408,1408,2,1408.0,1408
"one run, sold back after 30 steps",136,6.025087,220,0,1408,1408,2,1408.0,1408
"one run, sold back after 30 steps",137,292.317106,0,1,1408,1408,2,1408.0,1408
"one run, sold back after 30 steps",138,292.898431,0,1,1408,1408,2,1408.0,1408
"one run, sold back after 30 steps",139,197.135639,25,0,1408,1408,2,1408.0,1408
"one run, sold back after 30 steps",140,243.033704,24,0,1408,1408,2,1408.0,1408
"one run, sold back after 30 steps",141,2.405022,273,0,1408,1408,2,1408.0,1408
"one run, sold back after 30 steps",142,293.690422,0,1,1408,1408,2,1408.0,1408
"one run, sold back after 30 steps",143,136.933669,12,0,1408,1408,2,1408.0,1408
"one run, sold back after 30 steps",144,288.119328,0,1,1408,1408,2,1408.0,1408
"one run, sold back after 30 steps",145,131.800538,0,1,1408,1408,2,1408.0,1408
"one run, sold back after 30 steps",146,4.777392,239,0,1408,1408,2,1408.0,1408
"one run, sold back after 30 steps",147,6.554277,312,0,1408,1408,2,1408.0,1408
"one run, sold back after 30 steps",148,293.139860,0,1,1408,1408,2,1408.0,1408
"one run, sold back after 30 steps",149,4.465930,340,0,1408,1408,2,1408.0,1408
"one run, sold back after 30 steps",150,19.238640,150,0,1408,1408,2,1408.0,1408
"one run, sold back after 30 steps",151,2.705241,101,0,1408,1408,2,1408.0,1408
"one run, sold back after 30 steps",152,1.096626,126,0,1408,1408,2,1408.0,1408
"one run, sold back after 30 steps",153,291.692630,3,0,1408,1408,2,1408.0,1408
"one run, sold back after 30 steps",154,291.910670,0,1,1408,1408,2,1408.0,1408
"one run, sold back after 30 steps",155,226.403580,8,0,1408,1408,2,1408.0,1408
"one run, sold back after 30 steps",156,4.011429,216,0,1408,1408,2,1408.0,1408
"one run, sold back after 30 steps",157,174.412154,47,0,1408,1408,2,1408.0,1408
"one run, sold back after 30 steps",158,192.681330,13,0,1408,1408,2,1408.0,1408
"one run, sold back after 30 steps",159,293.592287,0,1,1408,1408,2,1408.0,1408
"one run, sold back after 30 steps",160,2.690454,237,0,1408,1408,2,1408.0,1408
"one run, sold back after 30 steps",161,1.509920,72,0,1408,1408,2,1408.0,1408
"one run, sold back after 30 steps",162,1.145830,356,0,1408,1408,2,1408.0,1408
"one run, sold back after 30 steps",163,292.427541,0,1,1408,1408,2,1408.0,1408
"one run, sold back after 30 steps",164,1.519038,404,0,1408,1408,2,1408.0,1408
"one run, sold back after 30 steps",165,3.864691,226,0,1408,1408,2,1408.0,1408
"one run, sold back after 30 steps",166,187.418320,27,0,1408,1408,2,1408.0,1408
"one run, sold back after 30 steps",167,181.810799,7,0,1408,1408,2,1408.0,1408
"one run, sold back after 30 steps",168,286.679636,0,1,1408,1408,2,1408.0,1408
"one run, sold back after 30 steps",169,2.600595,127,0,1408,1408,2,1408.0,1408
"one run, sold back after 30 steps",170,293.666564,0,1,1408,1408,2,1408.0,1408
"one run, sold back after 30 steps",171,236.990557,29,0,1408,1408,2,1408.0,1408
"one run, sold back after 30 steps",172,1.338759,363,0,1408,1408,2,1408.0,1408
"one run, sold back after 30 steps",173,191.608051,35,0,1408,1408,2,1408.0,1408
"one run, sold back after 30 steps",174,156.883355,25,0,1408,1408,2,1408.0,1408
"one run, sold back after 30 steps",175,278.215968,9,0,1408,1408,2,1408.0,1408
"one run, sold back after 30 steps",176,293.708681,0,1,1408,1408,2,1408.0,1408
"one run, sold back after 30 steps",177,293.361563,0,1,1408,1408,2,1408.0,1408
"one run, sold back after 30 steps",178,191.787450,8,0,1408,1408,2,1408.0,1408
"one run, sold back after 30 steps",179,36.861490,102,0,1408,1408,2,1408.0,1408
"one run, sold back after 30 steps",180,76.722479,69,0,1408,1408,2,1408.0,1408
"one run, sold back after 30 steps",181,3.144356,296,0,1408,1408,2,1408.0,1408
"one run, sold back after 30 steps",182,293.508834,0,1,1408,1408,2,1408.0,1408
"one run, sold back after 30 steps",183,1.496918,187,0,1408,1408,2,1408.0,1408
"one run, sold back after 30 steps",184,0.865392,294,0,1408,1408,2,1408.0,1408
"one run, sold back after 30 steps",185,293.792175,0,1,1408,1408,2,1408.0,1408
"one run, sold back after 30 steps",186,2.281321,208,0,1408,1408,2,1408.0,1408
"one run, sold back after 30 steps",187,290.772083,0,1,1408,1408,2,1408.0,1408
"one run, sold back after 30 steps",188,293.402770,0,1,1408,1408,2,1408.0,1408
"one run, sold back after 30 steps",189,5.974643,207,0,1408,1408,2,1408.0,1408
"one run, sold back after 30 steps",190,211.372282,27,0,1408,1408,2,1408.0,1408
"one run, sold back after 30 steps",191,6.060869,211,0,1408,1408,2,1408.0,1408
"one run, sold back after 30 steps",192,293.758067,1,0,1408,1408,2,1408.0,1408
"one run, sold back after 30 steps",193,2.025534,265,0,1408,1408,2,1408.0,1408
"one run, sold back after 30 steps",194,2.973258,333,0,1408,1408,2,1408.0,1408
"one run, sold back after 30 steps",195,2.407834,283,0,1408,1408,2,1408.0,1408
"one run, sold back after 30 steps",196,72.631230,83,0,1408,1408,2,1408.0,1408
"one run, sold back after 30 steps",197,2.140795,229,0,1408,1408,2,1408.0,1408
"one run, sold back after 30 steps",198,2.449379,270,0,1408,1408,2,1408.0,1408
"one run, sold back after 30 steps",199,1.357532,141,0,1408,1408,2,1408.0,1408
"one run, sold back after 30 steps",200,242.303177,12,0,1408,1408,2,1408.0,1408
"one run, sold back after 30 steps",201,286.187594,0,1,1408,1408,2,1408.0,1408
"one run, sold back after 30 steps",202,249.010700,18,0,1408,1408,2,1408.0,1408
"one run, sold back after 30 steps",203,3.119134,204,0,1408,1408,2,1408.0,1408
"one run, sold back after 30 steps",204,221.694688,17,0,1408,1408,2,1408.0,1408
"one run, sold back after 30 steps",205,293.302592,0,1,1408,1408,2,1408.0,1408
"one run, sold back after 30 steps",206,293.737588,0,1,1408,1408,2,1408.0,1408
"one run, sold back after 30 steps",207,29.764580,21,0,1408,1408,2,1408.0,1408
"one run, sold back after 30 steps",208,0.644834,224,0,1408,1408,2,1408.0,1408
"one run, sold back after 30 steps",209,39.183977,86,0,1408,1408,2,1408.0,1408
"one run, sold back after 30 steps",210,213.489290,18,0,1408,1408,2,1408.0,1408
"one run, sold back after 30 steps",211,293.336089,0,1,1408,1408,2,1408.0,1408
"one run, sold back after 30 steps",212,191.469353,7,0,1408,1408,2,1408.0,1408
"one run, sold back after 30 steps",213,3.192921,350,0,1408,1408,2,1408.0,1408
"one run, sold back after 30 steps",214,5.120492,328,0,1408,1408,2,1408.0,1408
"one run, sold back after 30 steps",215,4.442207,107,0,1408,1408,2,1408.0,1408
"one run, sold back after 30 steps",216,290.012415,3,0,1408,1408,2,1408.0,1408
"one run, sold back after 30 steps",217,126.336464,0,1,1408,1408,2,1408.0,1408
"one run, sold back after 30 steps",218,25.643861,25,0,1408,1408,2,1408.0,1408
"one run, sold back after 30 steps",219,211.330962,6,0,1408,1408,2,1408.0,1408
"one run, sold back after 30 steps",220,293.664179,0,1,1408,1408,2,1408.0,1408
"one run, sold back after 30 steps",221,214.302875,15,0,1408,1408,2,1408.0,1408
"one run, sold back after 30 steps",222,115.303636,54,0,1408,1408,2,1408.0,1408
"one run, sold back after 30 steps",223,293.660780,0,1,1408,1408,2,1408.0,1408
"one run, sold back after 30 steps",224,4.320677,320,0,1408,1408,2,1408.0,1408
"one run, sold back after 30 steps",225,209.888360,26,0,1408,1408,2,1408.0,1408
"one run, sold back after 30 steps",226,293.696655,0,1,1408,1408,2,1408.0,1408
"one run, sold back after 30 steps",227,2.048356,359,0,1408,1408,2,1408.0,1408
"one run, sold back after 30 steps",228,160.555838,27,0,1408,1408,2,1408.0,1408
"one run, sold back after 30 steps",229,0.957689,122,0,1408,1408,2,1408.0,1408
"one run, sold back after 30 steps",230,293.761842,0,1,1408,1408,2,1408.0,1408
"one run, sold back after 30 steps",231,1.094990,339,0,1408,1408,2,1408.0,1408
"one run, sold back after 30 steps",232,2.041332,229,0,1408,1408,2,1408.0,1408
"one run, sold back after 30 steps",233,5.241833,247,0,1408,1408,2,1408.0,1408
"one run, sold back after 30 steps",234,260.687888,0,1,1408,1408,2,1408.0,1408
"one run, sold back after 30 steps",235,142.832553,0,1,1408,1408,2,1408.0,1408
"one run, sold back after 30 steps",236,293.491911,0,1,1408,1408,2,1408.0,1408
"one run, sold back after 30 steps",237,185.635426,37,0,1408,1408,2,1408.0,1408
"one run, sold back after 30 steps",238,293.090589,0,1,1408,1408,2,1408.0,1408
"one run, sold back after 30 steps",239,150.975881,57,0,1408,1408,2,1408.0,1408
"one run, sold back after 30 steps",240,4.644681,164,0,1408,1408,2,1408.0,1408
"one run, sold back after 30 steps",241,15.302845,123,0,1408,1408,2,1408.0,1408
"one run, sold back after 30 steps",242,6.004109,95,0,1408,1408,2,1408.0,1408
"one run, sold back after 30 steps",243,293.468687,0,1,1408,1408,2,1408.0,1408
"one run, sold back after 30 steps",244,256.585239,14,0,1408,1408,2,1408.0,1408
"one run, sold back after 30 steps",245,291.803661,4,0,1408,1408,2,1408.0,1408
"one run, sold back after 30 steps",246,22.777387,137,0,1408,1408,2,1408.0,1408
"one run, sold back after 30 steps",247,1.798041,316,0,1408,1408,2,1408.0,1408
"one run, sold back after 30 steps",248,2.376350,318,0,1408,1408,2,1408.0,1408
"one run, sold back after 30 steps",249,4.004306,116,0,1408,1408,2,1408.0,1408
"one run, sold back after 30 steps",250,1.530749,276,0,1408,1408,2,1408.0,1408
"one run, sold back after 30 steps",251,98.668830,25,0,1408,1408,2,1408.0,1408
"one run, sold back after 30 steps",252,2.921069,252,0,1408,1408,2,1408.0,1408
"one run, sold back after 30 steps",253,278.162870,2,0,1408,1408,2,1408.0,1408
"one run, sold back after 30 steps",254,72.867218,11,0,1408,1408,2,1408.0,1408
"one run, sold back after 30 steps",255,2.095653,106,0,1408,1408,2,1408.0,1408
"one run, sold back after 30 steps",256,288.524231,0,1,1408,1408,2,1408.0,1408
"one run, sold back after 30 steps",257,292.511369,0,1,1408,1408,2,1408.0,1408
"one run, sold back after 30 steps",258,205.222451,18,0,1408,1408,2,1408.0,1408
"one run, sold back after 30 steps",259,1.284377,226,0,1408,1408,2,1408.0,1408
"one run, sold back after 30 steps",260,2.147350,333,0,1408,1408,2,1408.0,1408
"one run, sold back after 30 steps",261,1.604524,291,0,1408,1408,2,1408.0,1408
"one run, sold back after 30 steps",262,270.490940,13,0,1408,1408,2,1408.0,1408
"one run, sold back after 30 steps",263,1.394615,223,0,1408,1408,2,1408.0,1408
"one run, sold back after 30 steps",264,2.616433,117,0,1408,1408,2,1408.0,1408
"one run, sold back after 30 steps",265,14.224380,48,0,1408,1408,2,1408.0,1408
"one run, sold back after 30 steps",266,1.568593,74,0,1408,1408,2,1408.0,1408
"one run, sold back after 30 steps",267,252.445936,3,0,1408,1408,2,1408.0,1408
"one run, sold back after 30 steps",268,239.422754,22,0,1408,1408,2,1408.0,1408
"one run, sold back after 30 steps",269,277.659586,10,0,1408,1408,2,1408.0,1408
"one run, sold back after 30 steps",270,1.766851,295,0,1408,1408,2,1408.0,1408
"one run, sold back after 30 steps",271,161.383867,0,1,1408,1408,2,1408.0,1408
"one run, sold back after 30 steps",272,3.751271,149,0,1408,1408,2,1408.0,1408
"one run, sold back after 30 steps",273,247.055178,0,1,1408,1408,2,1408.0,1408
"one run, sold back after 30 steps",274,1.773215,68,0,1408,1408,2,1408.0,1408
"one run, sold back after 30 steps",275,120.890804,58,0,1408,1408,2,1408.0,1408
"one run, sold back after 30 steps",276,2.217868,46,0,1408,1408,2,1408.0,1408
"one run, sold back after 30 steps",277,7.210088,127,0,1408,1408,2,1408.0,1408
"one run, sold back after 30 steps",278,254.428485,12,0,1408,1408,2,1408.0,1408
"one run, sold back after 30 steps",279,7.340903,45,0,1408,1408,2,1408.0,1408
"one run, sold back after 30 steps",280,3.130624,352,0,1408,1408,2,1408.0,1408
"one run, sold back after 30 steps",281,139.477130,18,0,1408,1408,2,1408.0,1408
"one run, sold back after 30 steps",282,66.080858,9,0,1408,1408,2,1408.0,1408
"one run, sold back after 30 steps",283,289.123115,5,0,1408,1408,2,1408.0,1408
"one run, sold back after 30 steps",284,1.245568,289,0,1408,1408,2,1408.0,1408
"one run, sold back after 30 steps",285,46.131373,116,0,1408,1408,2,1408.0,1408
"one run, sold back after 30 steps",286,46.513768,84,0,1408,1408,2,1408.0,1408
"one run, sold back after 30 steps",287,3.577702,310,0,1408,1408,2,1408.0,1408
"one run, sold back after 30 steps",288,3.250793,288,0,1408,1408,2,1408.0,1408
"one run, sold back after 30 steps",289,279.821930,0,1,1408,1408,2,1408.0,1408
"one run, sold back after 30 steps",290,284.844326,7,0,1408,1408,2,1408.0,1408
"one run, sold back after 30 steps",291,1.572399,290,0,1408,1408,2,1408.0,1408
"one run, sold back after 30 steps",292,10.702754,132,0,1408,1408,2,1408.0,1408
"one run, sold back after 30 steps",293,10.946042,163,0,1408,1408,2,1408.0,1408
"one run, sold back after 30 steps",294,4.071246,288,0,1408,1408,2,1408.0,1408
"one run, sold back after 30 steps",295,3.273103,310,0,1408,1408,2,1408.0,1408
"one run, sold back after 30 steps",296,11.857568,146,0,1408,1408,2,1408.0,1408
"one run, sold back after 30 steps",297,5.655288,231,0,1408,1408,2,1408.0,1408
"one run, sold back after 30 steps",298,2.264873,182,0,1408,1408,2,1408.0,1408
"one run, sold back after 30 steps",299,292.920574,0,1,1408,1408,2,1408.0,1408
"one run, sold back after 30 steps",300,100.775277,54,0,1408,1408,2,1408.0,1408
"one run, sold back after 100 steps",1,194.599763,0,1,1408,1408,2,1408.0,1408
"one run, sold back after 100 steps",2,0.761508,154,0,1408,1408,2,1408.0,1408
"one run, sold back after 100 steps",3,290.851996,0,1,1408,1408,2,1408.0,1408
"one run, sold back after 100 steps",4,275.219676,0,1,1408,1408,2,1408.0,1408
"one run, sold back after 100 steps",5,125.346756,2,0,1408,1408,2,1408.0,1408
"one run, sold back after 100 steps",6,3.376943,48,0,1408,1408,2,1408.0,1408
"one run, sold back after 100 steps",7,54.107325,21,0,1408,1408,2,1408.0,1408
"one run, sold back after 100 steps",8,134.647627,0,1,1408,1408,2,1408.0,1408
"one run, sold back after 100 steps",9,153.099009,0,1,1408,1408,2,1408.0,1408
"one run, sold back after 100 steps",10,292.939303,0,1,1408,1408,2,1408.0,1408
"one run, sold back after 100 steps",11,292.904180,0,1,1408,1408,2,1408.0,1408
"one run, sold back after 100 steps",12,22.031100,23,0,1408,1408,2,1408.0,1408
"one run, sold back after 100 steps",13,118.401004,0,1,1408,1408,2,1408.0,1408
"one run, sold back after 100 steps",14,245.279503,4,0,1408,1408,2,1408.0,1408
"one run, sold back after 100 steps",15,33.583949,12,0,1408,1408,2,1408.0,1408
"one run, sold back after 100 steps",16,284.404064,0,1,1408,1408,2,1408.0,1408
"one run, sold back after 100 steps",17,102.460992,12,0,1408,1408,2,1408.0,1408
"one run, sold back after 100 steps",18,123.990594,6,0,1408,1408,2,1408.0,1408
"one run, sold back after 100 steps",19,4.185729,180,0,1408,1408,2,1408.0,1408
"one run, sold back after 100 steps",20,2.635682,32,0,1408,1408,2,1408.0,1408
"one run, sold back after 100 steps",21,7.962676,40,0,1408,1408,2,1408.0,1408
"one run, sold back after 100 steps",22,131.292415,9,0,1408,1408,2,1408.0,1408
"one run, sold back after 100 steps",23,187.299230,4,0,1408,1408,2,1408.0,1408
"one run, sold back after 100 steps",24,1.989393,37,0,1408,1408,2,1408.0,1408
"one run, sold back after 100 steps",25,141.628102,0,1,1408,1408,2,1408.0,1408
"one run, sold back after 100 steps",26,5.644699,28,0,1408,1408,2,1408.0,1408
"one run, sold back after 100 steps",27,280.963052,3,0,1408,1408,2,1408.0,1408
"one run, sold back after 100 steps",28,10.711844,50,0,1408,1408,2,1408.0,1408
"one run, sold back after 100 steps",29,248.198050,2,0,1408,1408,2,1408.0,1408
"one run, sold back after 100 steps",30,3.928490,69,0,1408,1408,2,1408.0,1408
"one run, sold back after 100 steps",31,159.955789,4,0,1408,1408,2,1408.0,1408
"one run, sold back after 100 steps",32,5.384603,36,0,1408,1408,2,1408.0,1408
"one run, sold back after 100 steps",33,293.849670,0,1,1408,1408,2,1408.0,1408
"one run, sold back after 100 steps",34,259.674138,0,1,1408,1408,2,1408.0,1408
"one run, sold back after 100 steps",35,140.293250,0,1,1408,1408,2,1408.0,1408
"one run, sold back after 100 steps",36,95.744584,9,0,1408,1408,2,1408.0,1408
"one run, sold back after 100 steps",37,212.979293,0,1,1408,1408,2,1408.0,1408
"one run, sold back after 100 steps",38,50.481952,12,0,1408,1408,2,1408.0,1408
"one run, sold back after 100 steps",39,290.032321,0,1,1408,1408,2,1408.0,1408
"one run, sold back after 100 steps",40,2.366549,44,0,1408,1408,2,1408.0,1408
"one run, sold back after 100 steps",41,9.701631,43,0,1408,1408,2,1408.0,1408
"one run, sold back after 100 steps",42,190.280896,1,0,1408,1408,2,1408.0,1408
"one run, sold back after 100 steps",43,10.294565,31,0,1408,1408,2,1408.0,1408
"one run, sold back after 100 steps",44,291.688159,0,1,1408,1408,2,1408.0,1408
"one run, sold back after 100 steps",45,121.633855,0,1,1408,1408,2,1408.0,1408
"one run, sold back after 100 steps",46,293.603492,0,1,1408,1408,2,1408.0,1408
"one run, sold back after 100 steps",47,30.403778,28,0,1408,1408,2,1408.0,1408
"one run, sold back after 100 steps",48,288.877762,0,1,1408,1408,2,1408.0,1408
"one run, sold back after 100 steps",49,80.962863,7,0,1408,1408,2,1408.0,1408
"one run, sold back after 100 steps",50,33.317783,12,0,1408,1408,2,1408.0,1408
"one run, sold back after 100 steps",51,128.243195,6,0,1408,1408,2,1408.0,1408
"one run, sold back after 100 steps",52,292.987447,0,1,1408,1408,2,1408.0,1408
"one run, sold back after 100 steps",53,6.791897,25,0,1408,1408,2,1408.0,1408
"one run, sold back after 100 steps",54,123.636005,0,1,1408,1408,2,1408.0,1408
"one run, sold back after 100 steps",55,127.914841,0,1,1408,1408,2,1408.0,1408
"one run, sold back after 100 steps",56,26.622006,25,0,1408,1408,2,1408.0,1408
"one run, sold back after 100 steps",57,152.527701,0,1,1408,1408,2,1408.0,1408
"one run, sold back after 100 steps",58,293.761618,0,1,1408,1408,2,1408.0,1408
"one run, sold back after 100 steps",59,130.337650,0,1,1408,1408,2,1408.0,1408
"one run, sold back after 100 steps",60,65.613265,14,0,1408,1408,2,1408.0,1408
"one run, sold back after 100 steps",61,9.080296,29,0,1408,1408,2,1408.0,1408
"one run, sold back after 100 steps",62,293.776766,0,1,1408,1408,2,1408.0,1408
"one run, sold back after 100 steps",63,45.717033,27,0,1408,1408,2,1408.0,1408
"one run, sold back after 100 steps",64,2.938314,75,0,1408,1408,2,1408.0,1408
"one run, sold back after 100 steps",65,4.355303,44,0,1408,1408,2,1408.0,1408
"one run, sold back after 100 steps",66,290.860629,0,1,1408,1408,2,1408.0,1408
"one run, sold back after 100 steps",67,9.814073,18,0,1408,1408,2,1408.0,1408
"one run, sold back after 100 steps",68,7.346966,12,0,1408,1408,2,1408.0,1408
"one run, sold back after 100 steps",69,6.440711,25,0,1408,1408,2,1408.0,1408
"one run, sold back after 100 steps",70,6.045206,35,0,1408,1408,2,1408.0,1408
"one run, sold back after 100 steps",71,273.425616,0,1,1408,1408,2,1408.0,1408
"one run, sold back after 100 steps",72,39.902841,14,0,1408,1408,2,1408.0,1408
"one run, sold back after 100 steps",73,293.498361,0,1,1408,1408,2,1408.0,1408
"one run, sold back after 100 steps",74,202.815402,6,0,1408,1408,2,1408.0,1408
"one run, sold back after 100 steps",75,4.217552,25,0,1408,1408,2,1408.0,1408
"one run, sold back after 100 steps",76,288.013299,0,1,1408,1408,2,1408.0,1408
"one run, sold back after 100 steps",77,45.780953,12,0,1408,1408,2,1408.0,1408
"one run, sold back after 100 steps",78,90.033180,34,0,1408,1408,2,1408.0,1408
"one run, sold back after 100 steps",79,260.232858,6,0,1408,1408,2,1408.0,1408
"one run, sold back after 100 steps",80,4.603255,20,0,1408,1408,2,1408.0,1408
"one run, sold back after 100 steps",81,9.838490,20,0,1408,1408,2,1408.0,1408
"one run, sold back after 100 steps",82,267.651414,0,1,1408,1408,2,1408.0,1408
"one run, sold back after 100 steps",83,80.890837,19,0,1408,1408,2,1408.0,1408
"one run, sold back after 100 steps",84,12.754910,20,0,1408,1408,2,1408.0,1408
"one run, sold back after 100 steps",85,190.186606,0,1,1408,1408,2,1408.0,1408
"one run, sold back after 100 steps",86,293.445612,0,1,1408,1408,2,1408.0,1408
"one run, sold back after 100 steps",87,134.758610,2,0,1408,1408,2,1408.0,1408
"one run, sold back after 100 steps",88,129.012354,0,1,1408,1408,2,1408.0,1408
"one run, sold back after 100 steps",89,3.930034,87,0,1408,1408,2,1408.0,1408
"one run, sold back after 100 steps",90,203.861756,16,0,1408,1408,2,1408.0,1408
"one run, sold back after 100 steps",91,63.667469,18,0,1408,1408,2,1408.0,1408
"one run, sold back after 100 steps",92,22.332312,59,0,1408,1408,2,1408.0,1408
"one run, sold back after 100 steps",93,293.601064,0,1,1408,1408,2,1408.0,1408
"one run, sold back after 100 steps",94,119.848588,2,0,1408,1408,2,1408.0,1408
"one run, sold back after 100 steps",95,30.810200,38,0,1408,1408,2,1408.0,1408
"one run, sold back after 100 steps",96,3.509682,54,0,1408,1408,2,1408.0,1408
"one run, sold back after 100 steps",97,187.275439,0,1,1408,1408,2,1408.0,1408
"one run, sold back after 100 steps",98,103.548897,0,1,1408,1408,2,1408.0,1408
"one run, sold back after 100 steps",99,85.108372,9,0,1408,1408,2,1408.0,1408
"one run, sold back after 100 steps",100,290.323635,0,1,1408,1408,2,1408.0,1408
"one run, sold back after 100 steps",101,291.279435,0,1,1408,1408,2,1408.0,1408
"one run, sold back after 100 steps",102,22.623813,14,0,1408,1408,2,1408.0,1408
"one run, sold back after 100 steps",103,292.977706,0,1,1408,1408,2,1408.0,1408
"one run, sold back after 100 steps",104,8.436039,53,0,1408,1408,2,1408.0,1408
"one run, sold back after 100 steps",105,7.498539,32,0,1408,1408,2,1408.0,1408
"one run, sold back after 100 steps",106,134.970331,4,0,1408,1408,2,1408.0,1408
"one run, sold back after 100 steps",107,248.774749,0,1,1408,1408,2,1408.0,1408
"one run, sold back after 100 steps",108,94.591333,4,0,1408,1408,2,1408.0,1408
"one run, sold back after 100 steps",109,293.545126,0,1,1408,1408,2,1408.0,1408
"one run, sold back after 100 steps",110,94.568114,9,0,1408,1408,2,1408.0,1408
"one run, sold back after 100 steps",111,293.288853,0,1,1408,1408,2,1408.0,1408
"one run, sold back after 100 steps",112,0.640459,220,0,1408,1408,2,1408.0,1408
"one run, sold back after 100 steps",113,282.328645,1,0,1408,1408,2,1408.0,1408
"one run, sold back after 100 steps",114,292.889088,0,1,1408,1408,2,1408.0,1408
"one run, sold back after 100 steps",115,287.867892,0,1,1408,1408,2,1408.0,1408
"one run, sold back after 100 steps",116,6.176763,26,0,1408,1408,2,1408.0,1408
"one run, sold back after 100 steps",117,156.962477,13,0,1408,1408,2,1408.0,1408
"one run, sold back after 100 steps",118,75.721254,8,0,1408,1408,2,1408.0,1408
"one run, sold back after 100 steps",119,15.112245,12,0,1408,1408,2,1408.0,1408
"one run, sold back after 100 steps",120,188.534330,6,0,1408,1408,2,1408.0,1408
"one run, sold back after 100 steps",121,109.191927,7,0,1408,1408,2,1408.0,1408
"one run, sold back after 100 steps",122,293.815599,0,1,1408,1408,2,1408.0,1408
"one run, sold back after 100 steps",123,216.929171,0,1,1408,1408,2,1408.0,1408
"one run, sold back after 100 steps",124,138.362291,0,1,1408,1408,2,1408.0,1408
"one run, sold back after 100 steps",125,199.383654,12,0,1408,1408,2,1408.0,1408
"one run, sold back after 100 steps",126,11.882501,51,0,1408,1408,2,1408.0,1408
"one run, sold back after 100 steps",127,293.543075,0,1,1408,1408,2,1408.0,1408
"one run, sold back after 100 steps",128,183.670584,8,0,1408,1408,2,1408.0,1408
"one run, sold back after 100 steps",129,207.576616,3,0,1408,1408,2,1408.0,1408
"one run, sold back after 100 steps",130,3.013200,111,0,1408,1408,2,1408.0,1408
"one run, sold back after 100 steps",131,245.038384,0,1,1408,1408,2,1408.0,1408
"one run, sold back after 100 steps",132,293.779989,0,1,1408,1408,2,1408.0,1408
"one run, sold back after 100 steps",133,128.570870,0,1,1408,1408,2,1408.0,1408
"one run, sold back after 100 steps",134,5.538489,48,0,1408,1408,2,1408.0,1408
"one run, sold back after 100 steps",135,12.001393,39,0,1408,1408,2,1408.0,1408
"one run, sold back after 100 steps",136,34.071458,26,0,1408,1408,2,1408.0,1408
"one run, sold back after 100 steps",137,292.303547,0,1,1408,1408,2,1408.0,1408
"one run, sold back after 100 steps",138,292.902169,0,1,1408,1408,2,1408.0,1408
"one run, sold back after 100 steps",139,98.925811,16,0,1408,1408,2,1408.0,1408
"one run, sold back after 100 steps",140,180.061420,0,1,1408,1408,2,1408.0,1408
"one run, sold back after 100 steps",141,13.695660,11,0,1408,1408,2,1408.0,1408
"one run, sold back after 100 steps",142,293.695852,0,1,1408,1408,2,1408.0,1408
"one run, sold back after 100 steps",143,71.924013,6,0,1408,1408,2,1408.0,1408
"one run, sold back after 100 steps",144,257.697412,0,1,1408,1408,2,1408.0,1408
"one run, sold back after 100 steps",145,138.721043,0,1,1408,1408,2,1408.0,1408
"one run, sold back after 100 steps",146,3.217759,108,0,1408,1408,2,1408.0,1408
"one run, sold back after 100 steps",147,48.006044,25,0,1408,1408,2,1408.0,1408
"one run, sold back after 100 steps",148,293.152662,0,1,1408,1408,2,1408.0,1408
"one run, sold back after 100 steps",149,3.358429,111,0,1408,1408,2,1408.0,1408
"one run, sold back after 100 steps",150,14.052099,19,0,1408,1408,2,1408.0,1408
"one run, sold back after 100 steps",151,187.999794,0,1,1408,1408,2,1408.0,1408
"one run, sold back after 100 steps",152,241.867227,0,1,1408,1408,2,1408.0,1408
"one run, sold back after 100 steps",153,279.092092,2,0,1408,1408,2,1408.0,1408
"one run, sold back after 100 steps",154,291.898042,0,1,1408,1408,2,1408.0,1408
"one run, sold back after 100 steps",155,128.612019,0,1,1408,1408,2,1408.0,1408
"one run, sold back after 100 steps",156,4.256807,33,0,1408,1408,2,1408.0,1408
"one run, sold back after 100 steps",157,130.209306,4,0,1408,1408,2,1408.0,1408
"one run, sold back after 100 steps",158,183.595958,0,1,1408,1408,2,1408.0,1408
"one run, sold back after 100 steps",159,293.600683,0,1,1408,1408,2,1408.0,1408
"one run, sold back after 100 steps",160,41.267756,26,0,1408,1408,2,1408.0,1408
"one run, sold back after 100 steps",161,283.950181,0,1,1408,1408,2,1408.0,1408
"one run, sold back after 100 steps",162,1.068198,143,0,1408,1408,2,1408.0,1408
"one run, sold back after 100 steps",163,292.448254,0,1,1408,1408,2,1408.0,1408
"one run, sold back after 100 steps",164,248.107584,2,0,1408,1408,2,1408.0,1408
"one run, sold back after 100 steps",165,3.817840,172,0,1408,1408,2,1408.0,1408
"one run, sold back after 100 steps",166,181.189884,27,0,1408,1408,2,1408.0,1408
"one run, sold back after 100 steps",167,145.807717,7,0,1408,1408,2,1408.0,1408
"one run, sold back after 100 steps",168,169.689199,0,1,1408,1408,2,1408.0,1408
"one run, sold back after 100 steps",169,138.856664,0,1,1408,1408,2,1408.0,1408
"one run, sold back after 100 steps",170,293.664913,0,1,1408,1408,2,1408.0,1408
"one run, sold back after 100 steps",171,126.777703,9,0,1408,1408,2,1408.0,1408
"one run, sold back after 100 steps",172,7.268070,31,0,1408,1408,2,1408.0,1408
"one run, sold back after 100 steps",173,90.414796,7,0,1408,1408,2,1408.0,1408
"one run, sold back after 100 steps",174,113.039489,16,0,1408,1408,2,1408.0,1408
"one run, sold back after 100 steps",175,93.183082,0,1,1408,1408,2,1408.0,1408
"one run, sold back after 100 steps",176,293.708260,0,1,1408,1408,2,1408.0,1408
"one run, sold back after 100 steps",177,293.369834,0,1,1408,1408,2,1408.0,1408
"one run, sold back after 100 steps",178,106.523833,6,0,1408,1408,2,1408.0,1408
"one run, sold back after 100 steps",179,287.627190,1,0,1408,1408,2,1408.0,1408
"one run, sold back after 100 steps",180,38.337073,27,0,1408,1408,2,1408.0,1408
"one run, sold back after 100 steps",181,64.076864,8,0,1408,1408,2,1408.0,1408
"one run, sold back after 100 steps",182,293.503193,0,1,1408,1408,2,1408.0,1408
"one run, sold back after 100 steps",183,51.772876,24,0,1408,1408,2,1408.0,1408
"one run, sold back after 100 steps",184,3.744448,72,0,1408,1408,2,1408.0,1408
"one run, sold back after 100 steps",185,293.793822,0,1,1408,1408,2,1408.0,1408
"one run, sold back after 100 steps",186,176.649415,7,0,1408,1408,2,1408.0,1408
"one run, sold back after 100 steps",187,290.690870,0,1,1408,1408,2,1408.0,1408
"one run, sold back after 100 steps",188,293.407512,0,1,1408,1408,2,1408.0,1408
"one run, sold back after 100 steps",189,74.435484,7,0,1408,1408,2,1408.0,1408
"one run, sold back after 100 steps",190,200.124274,27,0,1408,1408,2,1408.0,1408
"one run, sold back after 100 steps",191,30.026496,16,0,1408,1408,2,1408.0,1408
"one run, sold back after 100 steps",192,293.752361,1,0,1408,1408,2,1408.0,1408
"one run, sold back after 100 steps",193,288.259196,0,1,1408,1408,2,1408.0,1408
"one run, sold back after 100 steps",194,2.182228,224,0,1408,1408,2,1408.0,1408
"one run, sold back after 100 steps",195,3.523976,34,0,1408,1408,2,1408.0,1408
"one run, sold back after 100 steps",196,61.591905,51,0,1408,1408,2,1408.0,1408
"one run, sold back after 100 steps",197,2.638721,62,0,1408,1408,2,1408.0,1408
"one run, sold back after 100 steps",198,1.538243,215,0,1408,1408,2,1408.0,1408
"one run, sold back after 100 steps",199,18.142857,16,0,1408,1408,2,1408.0,1408
"one run, sold back after 100 steps",200,184.464697,0,1,1408,1408,2,1408.0,1408
"one run, sold back after 100 steps",201,175.008968,0,1,1408,1408,2,1408.0,1408
"one run, sold back after 100 steps",202,107.165118,3,0,1408,1408,2,1408.0,1408
"one run, sold back after 100 steps",203,2.343212,59,0,1408,1408,2,1408.0,1408
"one run, sold back after 100 steps",204,121.150367,9,0,1408,1408,2,1408.0,1408
"one run, sold back after 100 steps",205,293.293239,0,1,1408,1408,2,1408.0,1408
"one run, sold back after 100 steps",206,293.737613,0,1,1408,1408,2,1408.0,1408
"one run, sold back after 100 steps",207,28.862455,21,0,1408,1408,2,1408.0,1408
"one run, sold back after 100 steps",208,14.814141,30,0,1408,1408,2,1408.0,1408
"one run, sold back after 100 steps",209,33.206206,57,0,1408,1408,2,1408.0,1408
"one run, sold back after 100 steps",210,165.845340,0,1,1408,1408,2,1408.0,1408
"one run, sold back after 100 steps",211,293.349381,0,1,1408,1408,2,1408.0,1408
"one run, sold back after 100 steps",212,114.886969,6,0,1408,1408,2,1408.0,1408
"one run, sold back after 100 steps",213,174.216737,6,0,1408,1408,2,1408.0,1408
"one run, sold back after 100 steps",214,5.289059,94,0,1408,1408,2,1408.0,1408
"one run, sold back after 100 steps",215,9.665827,30,0,1408,1408,2,1408.0,1408
"one run, sold back after 100 steps",216,262.528911,2,0,1408,1408,2,1408.0,1408
"one run, sold back after 100 steps",217,227.681072,0,1,1408,1408,2,1408.0,1408
"one run, sold back after 100 steps",218,230.215300,2,0,1408,1408,2,1408.0,1408
"one run, sold back after 100 steps",219,144.253842,6,0,1408,1408,2,1408.0,1408
"one run, sold back after 100 steps",220,293.666071,0,1,1408,1408,2,1408.0,1408
"one run, sold back after 100 steps",221,205.828983,15,0,1408,1408,2,1408.0,1408
"one run, sold back after 100 steps",222,84.540582,25,0,1408,1408,2,1408.0,1408
"one run, sold back after 100 steps",223,293.663841,0,1,1408,1408,2,1408.0,1408
"one run, sold back after 100 steps",224,8.021516,26,0,1408,1408,2,1408.0,1408
"one run, sold back after 100 steps",225,128.498829,10,0,1408,1408,2,1408.0,1408
"one run, sold back after 100 steps",226,293.694232,0,1,1408,1408,2,1408.0,1408
"one run, sold back after 100 steps",227,2.250830,84,0,1408,1408,2,1408.0,1408
"one run, sold back after 100 steps",228,153.215515,27,0,1408,1408,2,1408.0,1408
"one run, sold back after 100 steps",229,145.343500,10,0,1408,1408,2,1408.0,1408
"one run, sold back after 100 steps",230,293.761181,0,1,1408,1408,2,1408.0,1408
"one run, sold back after 100 steps",231,291.518527,0,1,1408,1408,2,1408.0,1408
"one run, sold back after 100 steps",232,57.346464,12,0,1408,1408,2,1408.0,1408
"one run, sold back after 100 steps",233,288.493715,0,1,1408,1408,2,1408.0,1408
"one run, sold back after 100 steps",234,113.653377,0,1,1408,1408,2,1408.0,1408
"one run, sold back after 100 steps",235,98.453223,0,1,1408,1408,2,1408.0,1408
"one run, sold back after 100 steps",236,293.500877,0,1,1408,1408,2,1408.0,1408
"one run, sold back after 100 steps",237,79.682855,10,0,1408,1408,2,1408.0,1408
"one run, sold back after 100 steps",238,293.100481,0,1,1408,1408,2,1408.0,1408
"one run, sold back after 100 steps",239,146.485386,57,0,1408,1408,2,1408.0,1408
"one run, sold back after 100 steps",240,277.631047,0,1,1408,1408,2,1408.0,1408
"one run, sold back after 100 steps",241,9.128807,29,0,1408,1408,2,1408.0,1408
"one run, sold back after 100 steps",242,4.100331,42,0,1408,1408,2,1408.0,1408
"one run, sold back after 100 steps",243,293.473334,0,1,1408,1408,2,1408.0,1408
"one run, sold back after 100 steps",244,189.060584,5,0,1408,1408,2,1408.0,1408
"one run, sold back after 100 steps",245,231.117136,0,1,1408,1408,2,1408.0,1408
"one run, sold back after 100 steps",246,15.855201,23,0,1408,1408,2,1408.0,1408
"one run, sold back after 100 steps",247,261.011004,3,0,1408,1408,2,1408.0,1408
"one run, sold back after 100 steps",248,2.469946,68,0,1408,1408,2,1408.0,1408
"one run, sold back after 100 steps",249,6.767218,17,0,1408,1408,2,1408.0,1408
"one run, sold back after 100 steps",250,1.547187,166,0,1408,1408,2,1408.0,1408
"one run, sold back after 100 steps",251,49.120201,14,0,1408,1408,2,1408.0,1408
"one run, sold back after 100 steps",252,185.997543,5,0,1408,1408,2,1408.0,1408
"one run, sold back after 100 steps",253,249.168622,2,0,1408,1408,2,1408.0,1408
"one run, sold back after 100 steps",254,44.557208,11,0,1408,1408,2,1408.0,1408
"one run, sold back after 100 steps",255,7.989658,37,0,1408,1408,2,1408.0,1408
"one run, sold back after 100 steps",256,283.520933,0,1,1408,1408,2,1408.0,1408
"one run, sold back after 100 steps",257,292.519376,0,1,1408,1408,2,1408.0,1408
"one run, sold back after 100 steps",258,256.089018,0,1,1408,1408,2,1408.0,1408
"one run, sold back after 100 steps",259,0.938168,76,0,1408,1408,2,1408.0,1408
"one run, sold back after 100 steps",260,4.898780,39,0,1408,1408,2,1408.0,1408
"one run, sold back after 100 steps",261,1.937174,44,0,1408,1408,2,1408.0,1408
"one run, sold back after 100 steps",262,83.060718,0,1,1408,1408,2,1408.0,1408
"one run, sold back after 100 steps",263,7.826980,34,0,1408,1408,2,1408.0,1408
"one run, sold back after 100 steps",264,10.891403,42,0,1408,1408,2,1408.0,1408
"one run, sold back after 100 steps",265,155.396502,0,1,1408,1408,2,1408.0,1408
"one run, sold back after 100 steps",266,270.350133,0,1,1408,1408,2,1408.0,1408
"one run, sold back after 100 steps",267,127.565837,0,1,1408,1408,2,1408.0,1408
"one run, sold back after 100 steps",268,157.193388,0,1,1408,1408,2,1408.0,1408
"one run, sold back after 100 steps",269,130.681574,0,1,1408,1408,2,1408.0,1408
"one run, sold back after 100 steps",270,9.705884,20,0,1408,1408,2,1408.0,1408
"one run, sold back after 100 steps",271,228.446533,0,1,1408,1408,2,1408.0,1408
"one run, sold back after 100 steps",272,3.821440,30,0,1408,1408,2,1408.0,1408
"one run, sold back after 100 steps",273,215.065901,0,1,1408,1408,2,1408.0,1408
"one run, sold back after 100 steps",274,130.100278,5,0,1408,1408,2,1408.0,1408
"one run, sold back after 100 steps",275,74.967167,16,0,1408,1408,2,1408.0,1408
"one run, sold back after 100 steps",276,44.757380,10,0,1408,1408,2,1408.0,1408
"one run, sold back after 100 steps",277,17.019209,74,0,1408,1408,2,1408.0,1408
"one run, sold back after 100 steps",278,241.654809,0,1,1408,1408,2,1408.0,1408
"one run, sold back after 100 steps",279,14.046024,23,0,1408,1408,2,1408.0,1408
"one run, sold back after 100 steps",280,2.792659,298,0,1408,1408,2,1408.0,1408
"one run, sold back after 100 steps",281,82.950271,10,0,1408,1408,2,1408.0,1408
"one run, sold back after 100 steps",282,50.893729,9,0,1408,1408,2,1408.0,1408
"one run, sold back after 100 steps",283,189.434708,0,1,1408,1408,2,1408.0,1408
"one run, sold back after 100 steps",284,276.226847,0,1,1408,1408,2,1408.0,1408
"one run, sold back after 100 steps",285,17.677610,17,0,1408,1408,2,1408.0,1408
"one run, sold back after 100 steps",286,37.990385,4,0,1408,1408,2,1408.0,1408
"one run, sold back after 100 steps",287,4.278410,66,0,1408,1408,2,1408.0,1408
"one run, sold back after 100 steps",288,72.248657,13,0,1408,1408,2,1408.0,1408
"one run, sold back after 100 steps",289,264.613907,0,1,1408,1408,2,1408.0,1408
"one run, sold back after 100 steps",290,270.977058,7,0,1408,1408,2,1408.0,1408
"one run, sold back after 100 steps",291,21.825833,15,0,1408,1408,2,1408.0,1408
"one run, sold back after 100 steps",292,7.397783,23,0,1408,1408,2,1408.0,1408
"one run, sold back after 100 steps",293,7.455060,32,0,1408,1408,2,1408.0,1408
"one run, sold back after 100 steps",294,3.206092,31,0,1408,1408,2,1408.0,1408
"one run, sold back after 100 steps",295,55.316580,16,0,1408,1408,2,1408.0,1408
"one run, sold back after 100 steps",296,117.683891,2,0,1408,1408,2,1408.0,1408
"one run, sold back after 100 steps",297,24.651870,19,0,1408,1408,2,1408.0,1408
"one run, sold back after 100 steps",298,3.730312,42,0,1408,1408,2,1408.0,1408
"one run, sold back after 100 steps",299,292.939967,0,1,1408,1408,2,1408.0,1408
"one run, sold back after 100 steps",300,31.268857,12,0,1408,1408,2,1408.0,1408
"one run, never sold back",1,131.776107,0,1,1408,0,1,1408.0,1408
"one run, never sold back",2,4.163623,27,0,1408,0,1,1408.0,1408
"one run, never sold back",3,290.676539,0,1,1408,0,1,1408.0,1408
"one run, never sold back",4,144.627458,0,1,1408,0,1,1408.0,1408
"one run, never sold back",5,71.083789,0,1,1408,0,1,1408.0,1408
"one run, never sold back",6,12.055334,21,0,1408,0,1,1408.0,1408
"one run, never sold back",7,25.675080,21,0,1408,0,1,1408.0,1408
"one run, never sold back",8,70.754181,0,1,1408,0,1,1408.0,1408
"one run, never sold back",9,118.778354,0,1,1408,0,1,1408.0,1408
"one run, never sold back",10,292.928260,0,1,1408,0,1,1408.0,1408
"one run, never sold back",11,292.913692,0,1,1408,0,1,1408.0,1408
"one run, never sold back",12,249.141439,3,0,1408,0,1,1408.0,1408
"one run, never sold back",13,71.835030,0,1,1408,0,1,1408.0,1408
"one run, never sold back",14,200.532182,0,1,1408,0,1,1408.0,1408
"one run, never sold back",15,51.458227,9,0,1408,0,1,1408.0,1408
"one run, never sold back",16,168.715802,0,1,1408,0,1,1408.0,1408
"one run, never sold back",17,120.401499,0,1,1408,0,1,1408.0,1408
"one run, never sold back",18,244.229158,0,1,1408,0,1,1408.0,1408
"one run, never sold back",19,78.931639,9,0,1408,0,1,1408.0,1408
"one run, never sold back",20,272.900448,2,0,1408,0,1,1408.0,1408
"one run, never sold back",21,159.224974,10,0,1408,0,1,1408.0,1408
"one run, never sold back",22,80.101152,4,0,1408,0,1,1408.0,1408
"one run, never sold back",23,161.424862,2,0,1408,0,1,1408.0,1408
"one run, never sold back",24,5.108623,7,0,1408,0,1,1408.0,1408
"one run, never sold back",25,83.909079,0,1,1408,0,1,1408.0,1408
"one run, never sold back",26,17.799823,17,0,1408,0,1,1408.0,1408
"one run, never sold back",27,105.097655,2,0,1408,0,1,1408.0,1408
"one run, never sold back",28,23.846597,8,0,1408,0,1,1408.0,1408
"one run, never sold back",29,142.990382,0,1,1408,0,1,1408.0,1408
"one run, never sold back",30,52.815278,18,0,1408,0,1,1408.0,1408
"one run, never sold back",31,77.626397,0,1,1408,0,1,1408.0,1408
"one run, never sold back",32,171.310921,0,1,1408,0,1,1408.0,1408
"one run, never sold back",33,293.851032,0,1,1408,0,1,1408.0,1408
"one run, never sold back",34,113.456905,0,1,1408,0,1,1408.0,1408
"one run, never sold back",35,65.581490,0,1,1408,0,1,1408.0,1408
"one run, never sold back",36,76.283591,9,0,1408,0,1,1408.0,1408
"one run, never sold back",37,146.992053,0,1,1408,0,1,1408.0,1408
"one run, never sold back",38,38.652883,12,0,1408,0,1,1408.0,1408
"one run, never sold back",39,135.558329,0,1,1408,0,1,1408.0,1408
"one run, never sold back",40,252.986768,0,1,1408,0,1,1408.0,1408
"one run, never sold back",41,5.906335,7,0,1408,0,1,1408.0,1408
"one run, never sold back",42,99.930023,0,1,1408,0,1,1408.0,1408
"one run, never sold back",43,292.401133,0,1,1408,0,1,1408.0,1408
"one run, never sold back",44,291.495449,0,1,1408,0,1,1408.0,1408
"one run, never sold back",45,63.376299,0,1,1408,0,1,1408.0,1408
"one run, never sold back",46,293.607552,0,1,1408,0,1,1408.0,1408
"one run, never sold back",47,14.053285,18,0,1408,0,1,1408.0,1408
"one run, never sold back",48,115.852833,0,1,1408,0,1,1408.0,1408
"one run, never sold back",49,196.025005,3,0,1408,0,1,1408.0,1408
"one run, never sold back",50,35.898930,12,0,1408,0,1,1408.0,1408
"one run, never sold back",51,100.430978,6,0,1408,0,1,1408.0,1408
"one run, never sold back",52,292.965966,0,1,1408,0,1,1408.0,1408
"one run, never sold back",53,11.233569,25,0,1408,0,1,1408.0,1408
"one run, never sold back",54,69.990466,0,1,1408,0,1,1408.0,1408
"one run, never sold back",55,105.602873,0,1,1408,0,1,1408.0,1408
"one run, never sold back",56,139.775655,0,1,1408,0,1,1408.0,1408
"one run, never sold back",57,126.321825,0,1,1408,0,1,1408.0,1408
"one run, never sold back",58,293.763615,0,1,1408,0,1,1408.0,1408
"one run, never sold back",59,63.668829,0,1,1408,0,1,1408.0,1408
"one run, never sold back",60,42.736927,14,0,1408,0,1,1408.0,1408
"one run, never sold back",61,258.003851,0,1,1408,0,1,1408.0,1408
"one run, never sold back",62,282.629471,0,1,1408,0,1,1408.0,1408
"one run, never sold back",63,46.861615,24,0,1408,0,1,1408.0,1408
"one run, never sold back",64,49.299781,8,0,1408,0,1,1408.0,1408
"one run, never sold back",65,90.920853,6,0,1408,0,1,1408.0,1408
"one run, never sold back",66,228.906399,0,1,1408,0,1,1408.0,1408
"one run, never sold back",67,119.774525,0,1,1408,0,1,1408.0,1408
"one run, never sold back",68,28.281549,12,0,1408,0,1,1408.0,1408
"one run, never sold back",69,5.060293,25,0,1408,0,1,1408.0,1408
"one run, never sold back",70,5.606564,35,0,1408,0,1,1408.0,1408
"one run, never sold back",71,91.846356,0,1,1408,0,1,1408.0,1408
"one run, never sold back",72,273.315018,1,0,1408,0,1,1408.0,1408
"one run, never sold back",73,293.508209,0,1,1408,0,1,1408.0,1408
"one run, never sold back",74,165.788583,6,0,1408,0,1,1408.0,1408
"one run, never sold back",75,12.520039,25,0,1408,0,1,1408.0,1408
"one run, never sold back",76,219.179751,0,1,1408,0,1,1408.0,1408
"one run, never sold back",77,285.074697,0,1,1408,0,1,1408.0,1408
"one run, never sold back",78,57.158871,22,0,1408,0,1,1408.0,1408
"one run, never sold back",79,217.361743,6,0,1408,0,1,1408.0,1408
"one run, never sold back",80,289.823240,0,1,1408,0,1,1408.0,1408
"one run, never sold back",81,3.632982,20,0,1408,0,1,1408.0,1408
"one run, never sold back",82,176.109706,0,1,1408,0,1,1408.0,1408
"one run, never sold back",83,65.702916,13,0,1408,0,1,1408.0,1408
"one run, never sold back",84,9.881300,18,0,1408,0,1,1408.0,1408
"one run, never sold back",85,121.757414,0,1,1408,0,1,1408.0,1408
"one run, never sold back",86,293.448083,0,1,1408,0,1,1408.0,1408
"one run, never sold back",87,125.226236,0,1,1408,0,1,1408.0,1408
"one run, never sold back",88,91.022851,0,1,1408,0,1,1408.0,1408
"one run, never sold back",89,86.822915,8,0,1408,0,1,1408.0,1408
"one run, never sold back",90,103.319711,7,0,1408,0,1,1408.0,1408
"one run, never sold back",91,48.569540,18,0,1408,0,1,1408.0,1408
"one run, never sold back",92,233.929119,0,1,1408,0,1,1408.0,1408
"one run, never sold back",93,293.602162,0,1,1408,0,1,1408.0,1408
"one run, never sold back",94,109.258796,0,1,1408,0,1,1408.0,1408
"one run, never sold back",95,34.039497,21,0,1408,0,1,1408.0,1408
"one run, never sold back",96,8.896951,23,0,1408,0,1,1408.0,1408
"one run, never sold back",97,100.771114,0,1,1408,0,1,1408.0,1408
"one run, never sold back",98,55.302975,0,1,1408,0,1,1408.0,1408
"one run, never sold back",99,71.745972,9,0,1408,0,1,1408.0,1408
"one run, never sold back",100,280.092818,0,1,1408,0,1,1408.0,1408
"one run, never sold back",101,291.284103,0,1,1408,0,1,1408.0,1408
"one run, never sold back",102,91.665431,5,0,1408,0,1,1408.0,1408
"one run, never sold back",103,292.993193,0,1,1408,0,1,1408.0,1408
"one run, never sold back",104,12.216647,9,0,1408,0,1,1408.0,1408
"one run, never sold back",105,5.359337,29,0,1408,0,1,1408.0,1408
"one run, never sold back",106,91.682954,3,0,1408,0,1,1408.0,1408
"one run, never sold back",107,144.542220,0,1,1408,0,1,1408.0,1408
"one run, never sold back",108,210.905763,1,0,1408,0,1,1408.0,1408
"one run, never sold back",109,293.523846,0,1,1408,0,1,1408.0,1408
"one run, never sold back",110,140.287960,0,1,1408,0,1,1408.0,1408
"one run, never sold back",111,293.290054,0,1,1408,0,1,1408.0,1408
"one run, never sold back",112,195.236071,4,0,1408,0,1,1408.0,1408
"one run, never sold back",113,123.045976,0,1,1408,0,1,1408.0,1408
"one run, never sold back",114,292.903860,0,1,1408,0,1,1408.0,1408
"one run, never sold back",115,208.235076,0,1,1408,0,1,1408.0,1408
"one run, never sold back",116,227.003655,0,1,1408,0,1,1408.0,1408
"one run, never sold back",117,200.449303,0,1,1408,0,1,1408.0,1408
"one run, never sold back",118,52.530569,8,0,1408,0,1,1408.0,1408
"one run, never sold back",119,103.096140,7,0,1408,0,1,1408.0,1408
"one run, never sold back",120,111.785550,2,0,1408,0,1,1408.0,1408
"one run, never sold back",121,123.536189,0,1,1408,0,1,1408.0,1408
"one run, never sold back",122,293.817631,0,1,1408,0,1,1408.0,1408
"one run, never sold back",123,125.520270,0,1,1408,0,1,1408.0,1408
"one run, never sold back",124,79.479661,0,1,1408,0,1,1408.0,1408
"one run, never sold back",125,122.485143,4,0,1408,0,1,1408.0,1408
"one run, never sold back",126,10.366137,27,0,1408,0,1,1408.0,1408
"one run, never sold back",127,293.546960,0,1,1408,0,1,1408.0,1408
"one run, never sold back",128,96.896561,6,0,1408,0,1,1408.0,1408
"one run, never sold back",129,111.458632,0,1,1408,0,1,1408.0,1408
"one run, never sold back",130,2.756181,111,0,1408,0,1,1408.0,1408
"one run, never sold back",131,110.076681,0,1,1408,0,1,1408.0,1408
"one run, never sold back",132,293.778381,0,1,1408,0,1,1408.0,1408
"one run, never sold back",133,107.133594,0,1,1408,0,1,1408.0,1408
"one run, never sold back",134,5.126348,48,0,1408,0,1,1408.0,1408
"one run, never sold back",135,27.971476,12,0,1408,0,1,1408.0,1408
"one run, never sold back",136,175.957217,5,0,1408,0,1,1408.0,1408
"one run, never sold back",137,292.185178,0,1,1408,0,1,1408.0,1408
"one run, never sold back",138,292.904977,0,1,1408,0,1,1408.0,1408
"one run, never sold back",139,91.127837,16,0,1408,0,1,1408.0,1408
"one run, never sold back",140,114.152652,0,1,1408,0,1,1408.0,1408
"one run, never sold back",141,124.335982,0,1,1408,0,1,1408.0,1408
"one run, never sold back",142,293.534822,0,1,1408,0,1,1408.0,1408
"one run, never sold back",143,263.537028,0,1,1408,0,1,1408.0,1408
"one run, never sold back",144,246.972500,0,1,1408,0,1,1408.0,1408
"one run, never sold back",145,79.918896,0,1,1408,0,1,1408.0,1408
"one run, never sold back",146,48.775284,27,0,1408,0,1,1408.0,1408
"one run, never sold back",147,45.263796,25,0,1408,0,1,1408.0,1408
"one run, never sold back",148,293.158230,0,1,1408,0,1,1408.0,1408
"one run, never sold back",149,17.384449,12,0,1408,0,1,1408.0,1408
"one run, never sold back",150,31.050085,8,0,1408,0,1,1408.0,1408
"one run, never sold back",151,144.594382,0,1,1408,0,1,1408.0,1408
"one run, never sold back",152,105.199274,0,1,1408,0,1,1408.0,1408
"one run, never sold back",153,155.456527,0,1,1408,0,1,1408.0,1408
"one run, never sold back",154,291.888809,0,1,1408,0,1,1408.0,1408
"one run, never sold back",155,77.611315,0,1,1408,0,1,1408.0,1408
"one run, never sold back",156,59.185846,4,0,1408,0,1,1408.0,1408
"one run, never sold back",157,139.213254,0,1,1408,0,1,1408.0,1408
"one run, never sold back",158,70.835548,0,1,1408,0,1,1408.0,1408
"one run, never sold back",159,293.603584,0,1,1408,0,1,1408.0,1408
"one run, never sold back",160,149.732063,9,0,1408,0,1,1408.0,1408
"one run, never sold back",161,263.082666,0,1,1408,0,1,1408.0,1408
"one run, never sold back",162,279.904239,0,1,1408,0,1,1408.0,1408
"one run, never sold back",163,291.946823,0,1,1408,0,1,1408.0,1408
"one run, never sold back",164,79.207799,0,1,1408,0,1,1408.0,1408
"one run, never sold back",165,27.077631,24,0,1408,0,1,1408.0,1408
"one run, never sold back",166,134.362704,13,0,1408,0,1,1408.0,1408
"one run, never sold back",167,195.923089,0,1,1408,0,1,1408.0,1408
"one run, never sold back",168,84.102263,0,1,1408,0,1,1408.0,1408
"one run, never sold back",169,79.461617,0,1,1408,0,1,1408.0,1408
"one run, never sold back",170,293.667817,0,1,1408,0,1,1408.0,1408
"one run, never sold back",171,108.544668,0,1,1408,0,1,1408.0,1408
"one run, never sold back",172,232.601972,3,0,1408,0,1,1408.0,1408
"one run, never sold back",173,277.218024,0,1,1408,0,1,1408.0,1408
"one run, never sold back",174,270.761217,0,1,1408,0,1,1408.0,1408
"one run, never sold back",175,88.950323,0,1,1408,0,1,1408.0,1408
"one run, never sold back",176,271.758109,0,1,1408,0,1,1408.0,1408
"one run, never sold back",177,293.371897,0,1,1408,0,1,1408.0,1408
"one run, never sold back",178,139.791576,0,1,1408,0,1,1408.0,1408
"one run, never sold back",179,192.999313,0,1,1408,0,1,1408.0,1408
"one run, never sold back",180,35.686003,27,0,1408,0,1,1408.0,1408
"one run, never sold back",181,176.466773,0,1,1408,0,1,1408.0,1408
"one run, never sold back",182,293.248529,0,1,1408,0,1,1408.0,1408
"one run, never sold back",183,37.346224,24,0,1408,0,1,1408.0,1408
"one run, never sold back",184,61.715830,16,0,1408,0,1,1408.0,1408
"one run, never sold back",185,293.795424,0,1,1408,0,1,1408.0,1408
"one run, never sold back",186,119.659922,0,1,1408,0,1,1408.0,1408
"one run, never sold back",187,287.886054,0,1,1408,0,1,1408.0,1408
"one run, never sold back",188,293.410404,0,1,1408,0,1,1408.0,1408
"one run, never sold back",189,62.589115,7,0,1408,0,1,1408.0,1408
"one run, never sold back",190,157.252694,19,0,1408,0,1,1408.0,1408
"one run, never sold back",191,19.851862,13,0,1408,0,1,1408.0,1408
"one run, never sold back",192,286.638745,1,0,1408,0,1,1408.0,1408
"one run, never sold back",193,172.813583,0,1,1408,0,1,1408.0,1408
"one run, never sold back",194,139.759261,0,1,1408,0,1,1408.0,1408
"one run, never sold back",195,3.363309,34,0,1408,0,1,1408.0,1408
"one run, never sold back",196,33.584156,21,0,1408,0,1,1408.0,1408
"one run, never sold back",197,101.721458,7,0,1408,0,1,1408.0,1408
"one run, never sold back",198,1.157457,81,0,1408,0,1,1408.0,1408
"one run, never sold back",199,283.518493,0,1,1408,0,1,1408.0,1408
"one run, never sold back",200,75.799514,0,1,1408,0,1,1408.0,1408
"one run, never sold back",201,74.744562,0,1,1408,0,1,1408.0,1408
"one run, never sold back",202,191.524529,0,1,1408,0,1,1408.0,1408
"one run, never sold back",203,8.298129,43,0,1408,0,1,1408.0,1408
"one run, never sold back",204,206.312041,0,1,1408,0,1,1408.0,1408
"one run, never sold back",205,293.292630,0,1,1408,0,1,1408.0,1408
"one run, never sold back",206,291.342642,0,1,1408,0,1,1408.0,1408
"one run, never sold back",207,27.922424,21,0,1408,0,1,1408.0,1408
"one run, never sold back",208,9.844374,16,0,1408,0,1,1408.0,1408
"one run, never sold back",209,282.831376,1,0,1408,0,1,1408.0,1408
"one run, never sold back",210,89.850991,0,1,1408,0,1,1408.0,1408
"one run, never sold back",211,236.308205,0,1,1408,0,1,1408.0,1408
"one run, never sold back",212,59.634520,2,0,1408,0,1,1408.0,1408
"one run, never sold back",213,195.305994,4,0,1408,0,1,1408.0,1408
"one run, never sold back",214,139.952889,0,1,1408,0,1,1408.0,1408
"one run, never sold back",215,7.963575,30,0,1408,0,1,1408.0,1408
"one run, never sold back",216,222.312670,0,1,1408,0,1,1408.0,1408
"one run, never sold back",217,165.785454,0,1,1408,0,1,1408.0,1408
"one run, never sold back",218,87.229249,0,1,1408,0,1,1408.0,1408
"one run, never sold back",219,106.007186,6,0,1408,0,1,1408.0,1408
"one run, never sold back",220,293.667071,0,1,1408,0,1,1408.0,1408
"one run, never sold back",221,193.867612,15,0,1408,0,1,1408.0,1408
"one run, never sold back",222,288.949191,0,1,1408,0,1,1408.0,1408
"one run, never sold back",223,293.669704,0,1,1408,0,1,1408.0,1408
"one run, never sold back",224,9.578768,24,0,1408,0,1,1408.0,1408
"one run, never sold back",225,73.846318,8,0,1408,0,1,1408.0,1408
"one run, never sold back",226,291.324109,0,1,1408,0,1,1408.0,1408
"one run, never sold back",227,5.386449,33,0,1408,0,1,1408.0,1408
"one run, never sold back",228,92.185832,11,0,1408,0,1,1408.0,1408
"one run, never sold back",229,78.989535,10,0,1408,0,1,1408.0,1408
"one run, never sold back",230,293.755321,0,1,1408,0,1,1408.0,1408
"one run, never sold back",231,291.467403,0,1,1408,0,1,1408.0,1408
"one run, never sold back",232,74.989840,10,0,1408,0,1,1408.0,1408
"one run, never sold back",233,281.292393,0,1,1408,0,1,1408.0,1408
"one run, never sold back",234,78.785705,0,1,1408,0,1,1408.0,1408
"one run, never sold back",235,80.684666,0,1,1408,0,1,1408.0,1408
"one run, never sold back",236,293.496888,0,1,1408,0,1,1408.0,1408
"one run, never sold back",237,59.275891,10,0,1408,0,1,1408.0,1408
"one run, never sold back",238,293.098130,0,1,1408,0,1,1408.0,1408
"one run, never sold back",239,279.445486,0,1,1408,0,1,1408.0,1408
"one run, never sold back",240,139.941564,0,1,1408,0,1,1408.0,1408
"one run, never sold back",241,16.392335,23,0,1408,0,1,1408.0,1408
"one run, never sold back",242,39.714733,18,0,1408,0,1,1408.0,1408
"one run, never sold back",243,293.472511,0,1,1408,0,1,1408.0,1408
"one run, never sold back",244,181.400039,5,0,1408,0,1,1408.0,1408
"one run, never sold back",245,169.208191,0,1,1408,0,1,1408.0,1408
"one run, never sold back",246,46.323900,5,0,1408,0,1,1408.0,1408
"one run, never sold back",247,129.924322,2,0,1408,0,1,1408.0,1408
"one run, never sold back",248,288.457807,0,1,1408,0,1,1408.0,1408
"one run, never sold back",249,4.390226,17,0,1408,0,1,1408.0,1408
"one run, never sold back",250,1.874599,77,0,1408,0,1,1408.0,1408
"one run, never sold back",251,40.752688,14,0,1408,0,1,1408.0,1408
"one run, never sold back",252,161.121031,0,1,1408,0,1,1408.0,1408
"one run, never sold back",253,102.328668,0,1,1408,0,1,1408.0,1408
"one run, never sold back",254,23.428698,10,0,1408,0,1,1408.0,1408
"one run, never sold back",255,8.028802,19,0,1408,0,1,1408.0,1408
"one run, never sold back",256,183.346811,0,1,1408,0,1,1408.0,1408
"one run, never sold back",257,291.784895,0,1,1408,0,1,1408.0,1408
"one run, never sold back",258,195.521697,0,1,1408,0,1,1408.0,1408
"one run, never sold back",259,282.472267,0,1,1408,0,1,1408.0,1408
"one run, never sold back",260,175.847574,0,1,1408,0,1,1408.0,1408
"one run, never sold back",261,1.734127,44,0,1408,0,1,1408.0,1408
"one run, never sold back",262,64.603624,0,1,1408,0,1,1408.0,1408
"one run, never sold back",263,156.796490,0,1,1408,0,1,1408.0,1408
"one run, never sold back",264,9.606203,27,0,1408,0,1,1408.0,1408
"one run, never sold back",265,97.891723,0,1,1408,0,1,1408.0,1408
"one run, never sold back",266,93.389270,0,1,1408,0,1,1408.0,1408
"one run, never sold back",267,101.612275,0,1,1408,0,1,1408.0,1408
"one run, never sold back",268,115.149270,0,1,1408,0,1,1408.0,1408
"one run, never sold back",269,67.843452,0,1,1408,0,1,1408.0,1408
"one run, never sold back",270,23.635293,16,0,1408,0,1,1408.0,1408
"one run, never sold back",271,137.327863,0,1,1408,0,1,1408.0,1408
"one run, never sold back",272,10.576602,30,0,1408,0,1,1408.0,1408
"one run, never sold back",273,177.630939,0,1,1408,0,1,1408.0,1408
"one run, never sold back",274,94.795627,5,0,1408,0,1,1408.0,1408
"one run, never sold back",275,76.083324,7,0,1408,0,1,1408.0,1408
"one run, never sold back",276,34.016458,10,0,1408,0,1,1408.0,1408
"one run, never sold back",277,17.648191,74,0,1408,0,1,1408.0,1408
"one run, never sold back",278,129.639540,0,1,1408,0,1,1408.0,1408
"one run, never sold back",279,197.181294,6,0,1408,0,1,1408.0,1408
"one run, never sold back",280,28.808568,14,0,1408,0,1,1408.0,1408
"one run, never sold back",281,278.587765,1,0,1408,0,1,1408.0,1408
"one run, never sold back",282,19.504543,9,0,1408,0,1,1408.0,1408
"one run, never sold back",283,109.810023,0,1,1408,0,1,1408.0,1408
"one run, never sold back",284,129.823020,0,1,1408,0,1,1408.0,1408
"one run, never sold back",285,31.872454,8,0,1408,0,1,1408.0,1408
"one run, never sold back",286,21.553134,4,0,1408,0,1,1408.0,1408
"one run, never sold back",287,291.944232,0,1,1408,0,1,1408.0,1408
"one run, never sold back",288,40.806444,13,0,1408,0,1,1408.0,1408
"one run, never sold back",289,171.155709,0,1,1408,0,1,1408.0,1408
"one run, never sold back",290,97.776847,0,1,1408,0,1,1408.0,1408
"one run, never sold back",291,223.469603,0,1,1408,0,1,1408.0,1408
"one run, never sold back",292,145.307054,0,1,1408,0,1,1408.0,1408
"one run, never sold back",293,164.101537,0,1,1408,0,1,1408.0,1408
"one run, never sold back",294,2.811732,31,0,1408,0,1,1408.0,1408
"one run, never sold back",295,291.857884,0,1,1408,0,1,1408.0,1408
"one run, never sold back",296,89.349154,0,1,1408,0,1,1408.0,1408
"one run, never sold back",297,18.958218,19,0,1408,0,1,1408.0,1408
"one run, never sold back",298,3.898275,30,0,1408,0,1,1408.0,1408
"one run, never sold back",299,292.945823,0,1,1408,0,1,1408.0,1408
"one run, never sold back",300,16.226536,11,0,1408,0,1,1408.0,1408
"sixteen-step runs on a clock, 768 shares",1,1.583802,312,0,6912,6912,18,768.0,768
"sixteen-step runs on a clock, 768 shares",2,0.547337,577,0,6912,6912,18,768.0,768
"sixteen-step runs on a clock, 768 shares",3,0.953894,229,0,6912,6912,18,768.0,768
"sixteen-step runs on a clock, 768 shares",4,1.062877,283,0,6912,6912,18,768.0,768
"sixteen-step runs on a clock, 768 shares",5,0.725857,343,0,6912,6912,18,768.0,768
"sixteen-step runs on a clock, 768 shares",6,0.864565,393,0,6912,6912,18,768.0,768
"sixteen-step runs on a clock, 768 shares",7,1.440686,419,0,6912,6912,18,768.0,768
"sixteen-step runs on a clock, 768 shares",8,0.689191,252,0,6912,6912,18,768.0,768
"sixteen-step runs on a clock, 768 shares",9,1.383329,257,0,6912,6912,18,768.0,768
"sixteen-step runs on a clock, 768 shares",10,1.828136,260,0,6912,6912,18,768.0,768
"sixteen-step runs on a clock, 768 shares",11,0.947133,151,0,6912,6912,18,768.0,768
"sixteen-step runs on a clock, 768 shares",12,0.865874,609,0,6912,6912,18,768.0,768
"sixteen-step runs on a clock, 768 shares",13,0.697293,181,0,6912,6912,18,768.0,768
"sixteen-step runs on a clock, 768 shares",14,0.416757,330,0,6912,6912,18,768.0,768
"sixteen-step runs on a clock, 768 shares",15,2.409179,229,0,6912,6912,18,768.0,768
"sixteen-step runs on a clock, 768 shares",16,1.035420,366,0,6912,6912,18,768.0,768
"sixteen-step runs on a clock, 768 shares",17,0.305557,160,0,6912,6912,18,768.0,768
"sixteen-step runs on a clock, 768 shares",18,0.755220,369,0,6912,6912,18,768.0,768
"sixteen-step runs on a clock, 768 shares",19,1.111798,223,0,6912,6912,18,768.0,768
"sixteen-step runs on a clock, 768 shares",20,1.031506,280,0,6912,6912,18,768.0,768
"sixteen-step runs on a clock, 768 shares",21,0.797736,402,0,6912,6912,18,768.0,768
"sixteen-step runs on a clock, 768 shares",22,1.300216,226,0,6912,6912,18,768.0,768
"sixteen-step runs on a clock, 768 shares",23,1.407937,218,0,6912,6912,18,768.0,768
"sixteen-step runs on a clock, 768 shares",24,1.095260,283,0,6912,6912,18,768.0,768
"sixteen-step runs on a clock, 768 shares",25,1.423792,292,0,6912,6912,18,768.0,768
"sixteen-step runs on a clock, 768 shares",26,0.706235,369,0,6912,6912,18,768.0,768
"sixteen-step runs on a clock, 768 shares",27,0.830301,375,0,6912,6912,18,768.0,768
"sixteen-step runs on a clock, 768 shares",28,0.845256,248,0,6912,6912,18,768.0,768
"sixteen-step runs on a clock, 768 shares",29,2.528318,208,0,6912,6912,18,768.0,768
"sixteen-step runs on a clock, 768 shares",30,1.369695,300,0,6912,6912,18,768.0,768
"sixteen-step runs on a clock, 768 shares",31,0.921289,154,0,6912,6912,18,768.0,768
"sixteen-step runs on a clock, 768 shares",32,0.630251,167,0,6912,6912,18,768.0,768
"sixteen-step runs on a clock, 768 shares",33,1.579835,109,0,6912,6912,18,768.0,768
"sixteen-step runs on a clock, 768 shares",34,1.124256,132,0,6912,6912,18,768.0,768
"sixteen-step runs on a clock, 768 shares",35,2.323728,352,0,6912,6912,18,768.0,768
"sixteen-step runs on a clock, 768 shares",36,1.191206,165,0,6912,6912,18,768.0,768
"sixteen-step runs on a clock, 768 shares",37,1.176545,343,0,6912,6912,18,768.0,768
"sixteen-step runs on a clock, 768 shares",38,1.135147,425,0,6912,6912,18,768.0,768
"sixteen-step runs on a clock, 768 shares",39,0.932039,297,0,6912,6912,18,768.0,768
"sixteen-step runs on a clock, 768 shares",40,1.288755,176,0,6912,6912,18,768.0,768
"sixteen-step runs on a clock, 768 shares",41,1.433378,209,0,6912,6912,18,768.0,768
"sixteen-step runs on a clock, 768 shares",42,0.507604,195,0,6912,6912,18,768.0,768
"sixteen-step runs on a clock, 768 shares",43,0.304019,252,0,6912,6912,18,768.0,768
"sixteen-step runs on a clock, 768 shares",44,0.378728,200,0,6912,6912,18,768.0,768
"sixteen-step runs on a clock, 768 shares",45,1.734888,381,0,6912,6912,18,768.0,768
"sixteen-step runs on a clock, 768 shares",46,1.541373,243,0,6912,6912,18,768.0,768
"sixteen-step runs on a clock, 768 shares",47,0.530420,255,0,6912,6912,18,768.0,768
"sixteen-step runs on a clock, 768 shares",48,1.923011,212,0,6912,6912,18,768.0,768
"sixteen-step runs on a clock, 768 shares",49,0.454593,334,0,6912,6912,18,768.0,768
"sixteen-step runs on a clock, 768 shares",50,1.086066,239,0,6912,6912,18,768.0,768
"sixteen-step runs on a clock, 768 shares",51,0.447210,342,0,6912,6912,18,768.0,768
"sixteen-step runs on a clock, 768 shares",52,1.245971,354,0,6912,6912,18,768.0,768
"sixteen-step runs on a clock, 768 shares",53,0.464413,373,0,6912,6912,18,768.0,768
"sixteen-step runs on a clock, 768 shares",54,1.166651,202,0,6912,6912,18,768.0,768
"sixteen-step runs on a clock, 768 shares",55,2.904540,255,0,6912,6912,18,768.0,768
"sixteen-step runs on a clock, 768 shares",56,1.721562,278,0,6912,6912,18,768.0,768
"sixteen-step runs on a clock, 768 shares",57,0.593002,279,0,6912,6912,18,768.0,768
"sixteen-step runs on a clock, 768 shares",58,0.742718,218,0,6912,6912,18,768.0,768
"sixteen-step runs on a clock, 768 shares",59,1.303945,318,0,6912,6912,18,768.0,768
"sixteen-step runs on a clock, 768 shares",60,0.249146,241,0,6912,6912,18,768.0,768
"sixteen-step runs on a clock, 768 shares",61,0.949633,320,0,6912,6912,18,768.0,768
"sixteen-step runs on a clock, 768 shares",62,1.873467,309,0,6912,6912,18,768.0,768
"sixteen-step runs on a clock, 768 shares",63,0.733865,280,0,6912,6912,18,768.0,768
"sixteen-step runs on a clock, 768 shares",64,2.140292,116,0,6912,6912,18,768.0,768
"sixteen-step runs on a clock, 768 shares",65,1.950042,282,0,6912,6912,18,768.0,768
"sixteen-step runs on a clock, 768 shares",66,1.001661,272,0,6912,6912,18,768.0,768
"sixteen-step runs on a clock, 768 shares",67,0.415796,232,0,6912,6912,18,768.0,768
"sixteen-step runs on a clock, 768 shares",68,1.607320,208,0,6912,6912,18,768.0,768
"sixteen-step runs on a clock, 768 shares",69,0.220115,225,0,6912,6912,18,768.0,768
"sixteen-step runs on a clock, 768 shares",70,0.935669,325,0,6912,6912,18,768.0,768
"sixteen-step runs on a clock, 768 shares",71,0.312566,386,0,6912,6912,18,768.0,768
"sixteen-step runs on a clock, 768 shares",72,0.607677,207,0,6912,6912,18,768.0,768
"sixteen-step runs on a clock, 768 shares",73,1.522325,195,0,6912,6912,18,768.0,768
"sixteen-step runs on a clock, 768 shares",74,0.515489,369,0,6912,6912,18,768.0,768
"sixteen-step runs on a clock, 768 shares",75,1.944015,309,0,6912,6912,18,768.0,768
"sixteen-step runs on a clock, 768 shares",76,4.434017,269,0,6912,6912,18,768.0,768
"sixteen-step runs on a clock, 768 shares",77,0.766738,158,0,6912,6912,18,768.0,768
"sixteen-step runs on a clock, 768 shares",78,1.994450,379,0,6912,6912,18,768.0,768
"sixteen-step runs on a clock, 768 shares",79,0.777901,265,0,6912,6912,18,768.0,768
"sixteen-step runs on a clock, 768 shares",80,0.844946,271,0,6912,6912,18,768.0,768
"sixteen-step runs on a clock, 768 shares",81,0.922859,273,0,6912,6912,18,768.0,768
"sixteen-step runs on a clock, 768 shares",82,0.989888,214,0,6912,6912,18,768.0,768
"sixteen-step runs on a clock, 768 shares",83,0.361501,244,0,6912,6912,18,768.0,768
"sixteen-step runs on a clock, 768 shares",84,0.858462,310,0,6912,6912,18,768.0,768
"sixteen-step runs on a clock, 768 shares",85,1.299303,509,0,6912,6912,18,768.0,768
"sixteen-step runs on a clock, 768 shares",86,1.540497,186,0,6912,6912,18,768.0,768
"sixteen-step runs on a clock, 768 shares",87,0.563168,260,0,6912,6912,18,768.0,768
"sixteen-step runs on a clock, 768 shares",88,1.569564,80,0,6912,6912,18,768.0,768
"sixteen-step runs on a clock, 768 shares",89,1.520464,145,0,6912,6912,18,768.0,768
"sixteen-step runs on a clock, 768 shares",90,0.603159,183,0,6912,6912,18,768.0,768
"sixteen-step runs on a clock, 768 shares",91,2.011842,211,0,6912,6912,18,768.0,768
"sixteen-step runs on a clock, 768 shares",92,1.741520,189,0,6912,6912,18,768.0,768
"sixteen-step runs on a clock, 768 shares",93,1.363473,118,0,6912,6912,18,768.0,768
"sixteen-step runs on a clock, 768 shares",94,0.291168,180,0,6912,6912,18,768.0,768
"sixteen-step runs on a clock, 768 shares",95,0.538416,405,0,6912,6912,18,768.0,768
"sixteen-step runs on a clock, 768 shares",96,1.827713,168,0,6912,6912,18,768.0,768
"sixteen-step runs on a clock, 768 shares",97,0.408254,127,0,6912,6912,18,768.0,768
"sixteen-step runs on a clock, 768 shares",98,1.158073,248,0,6912,6912,18,768.0,768
"sixteen-step runs on a clock, 768 shares",99,0.533955,454,0,6912,6912,18,768.0,768
"sixteen-step runs on a clock, 768 shares",100,2.239104,429,0,6912,6912,18,768.0,768
"sixteen-step runs on a clock, 768 shares",101,2.648460,247,0,6912,6912,18,768.0,768
"sixteen-step runs on a clock, 768 shares",102,0.982890,159,0,6912,6912,18,768.0,768
"sixteen-step runs on a clock, 768 shares",103,1.276493,260,0,6912,6912,18,768.0,768
"sixteen-step runs on a clock, 768 shares",104,0.896114,339,0,6912,6912,18,768.0,768
"sixteen-step runs on a clock, 768 shares",105,2.270912,279,0,6912,6912,18,768.0,768
"sixteen-step runs on a clock, 768 shares",106,1.113031,278,0,6912,6912,18,768.0,768
"sixteen-step runs on a clock, 768 shares",107,0.566285,227,0,6912,6912,18,768.0,768
"sixteen-step runs on a clock, 768 shares",108,1.391800,241,0,6912,6912,18,768.0,768
"sixteen-step runs on a clock, 768 shares",109,1.034349,326,0,6912,6912,18,768.0,768
"sixteen-step runs on a clock, 768 shares",110,1.020768,176,0,6912,6912,18,768.0,768
"sixteen-step runs on a clock, 768 shares",111,1.506021,249,0,6912,6912,18,768.0,768
"sixteen-step runs on a clock, 768 shares",112,0.200670,386,0,6912,6912,18,768.0,768
"sixteen-step runs on a clock, 768 shares",113,0.889467,242,0,6912,6912,18,768.0,768
"sixteen-step runs on a clock, 768 shares",114,1.273980,165,0,6912,6912,18,768.0,768
"sixteen-step runs on a clock, 768 shares",115,0.439485,247,0,6912,6912,18,768.0,768
"sixteen-step runs on a clock, 768 shares",116,0.561459,220,0,6912,6912,18,768.0,768
"sixteen-step runs on a clock, 768 shares",117,0.850439,242,0,6912,6912,18,768.0,768
"sixteen-step runs on a clock, 768 shares",118,0.215992,224,0,6912,6912,18,768.0,768
"sixteen-step runs on a clock, 768 shares",119,0.031059,306,0,6912,6912,18,768.0,768
"sixteen-step runs on a clock, 768 shares",120,0.856923,189,0,6912,6912,18,768.0,768
"sixteen-step runs on a clock, 768 shares",121,1.274102,295,0,6912,6912,18,768.0,768
"sixteen-step runs on a clock, 768 shares",122,-0.004438,175,0,6912,6912,18,768.0,768
"sixteen-step runs on a clock, 768 shares",123,0.593001,257,0,6912,6912,18,768.0,768
"sixteen-step runs on a clock, 768 shares",124,2.386269,195,0,6912,6912,18,768.0,768
"sixteen-step runs on a clock, 768 shares",125,0.725485,418,0,6912,6912,18,768.0,768
"sixteen-step runs on a clock, 768 shares",126,0.647554,487,0,6912,6912,18,768.0,768
"sixteen-step runs on a clock, 768 shares",127,2.439707,462,0,6912,6912,18,768.0,768
"sixteen-step runs on a clock, 768 shares",128,0.196440,279,0,6912,6912,18,768.0,768
"sixteen-step runs on a clock, 768 shares",129,1.468615,185,0,6912,6912,18,768.0,768
"sixteen-step runs on a clock, 768 shares",130,0.629447,404,0,6912,6912,18,768.0,768
"sixteen-step runs on a clock, 768 shares",131,1.266568,175,0,6912,6912,18,768.0,768
"sixteen-step runs on a clock, 768 shares",132,0.396851,106,0,6912,6912,18,768.0,768
"sixteen-step runs on a clock, 768 shares",133,0.990278,298,0,6912,6912,18,768.0,768
"sixteen-step runs on a clock, 768 shares",134,-0.111923,445,0,6912,6912,18,768.0,768
"sixteen-step runs on a clock, 768 shares",135,1.348209,288,0,6912,6912,18,768.0,768
"sixteen-step runs on a clock, 768 shares",136,0.695444,293,0,6912,6912,18,768.0,768
"sixteen-step runs on a clock, 768 shares",137,0.717025,272,0,6912,6912,18,768.0,768
"sixteen-step runs on a clock, 768 shares",138,0.436586,245,0,6912,6912,18,768.0,768
"sixteen-step runs on a clock, 768 shares",139,0.591130,131,0,6912,6912,18,768.0,768
"sixteen-step runs on a clock, 768 shares",140,1.037734,158,0,6912,6912,18,768.0,768
"sixteen-step runs on a clock, 768 shares",141,0.159810,228,0,6912,6912,18,768.0,768
"sixteen-step runs on a clock, 768 shares",142,1.985046,203,0,6912,6912,18,768.0,768
"sixteen-step runs on a clock, 768 shares",143,0.817602,177,0,6912,6912,18,768.0,768
"sixteen-step runs on a clock, 768 shares",144,1.664275,353,0,6912,6912,18,768.0,768
"sixteen-step runs on a clock, 768 shares",145,1.452270,144,0,6912,6912,18,768.0,768
"sixteen-step runs on a clock, 768 shares",146,0.895828,309,0,6912,6912,18,768.0,768
"sixteen-step runs on a clock, 768 shares",147,-0.145247,483,0,6912,6912,18,768.0,768
"sixteen-step runs on a clock, 768 shares",148,7.610926,35,0,6912,6912,18,768.0,768
"sixteen-step runs on a clock, 768 shares",149,0.653064,380,0,6912,6912,18,768.0,768
"sixteen-step runs on a clock, 768 shares",150,2.573397,279,0,6912,6912,18,768.0,768
"sixteen-step runs on a clock, 768 shares",151,2.097411,238,0,6912,6912,18,768.0,768
"sixteen-step runs on a clock, 768 shares",152,0.652150,291,0,6912,6912,18,768.0,768
"sixteen-step runs on a clock, 768 shares",153,0.594676,279,0,6912,6912,18,768.0,768
"sixteen-step runs on a clock, 768 shares",154,2.950352,268,0,6912,6912,18,768.0,768
"sixteen-step runs on a clock, 768 shares",155,0.806816,322,0,6912,6912,18,768.0,768
"sixteen-step runs on a clock, 768 shares",156,0.358245,203,0,6912,6912,18,768.0,768
"sixteen-step runs on a clock, 768 shares",157,1.147187,192,0,6912,6912,18,768.0,768
"sixteen-step runs on a clock, 768 shares",158,0.357882,287,0,6912,6912,18,768.0,768
"sixteen-step runs on a clock, 768 shares",159,0.289344,191,0,6912,6912,18,768.0,768
"sixteen-step runs on a clock, 768 shares",160,1.054440,347,0,6912,6912,18,768.0,768
"sixteen-step runs on a clock, 768 shares",161,0.489100,186,0,6912,6912,18,768.0,768
"sixteen-step runs on a clock, 768 shares",162,1.017698,254,0,6912,6912,18,768.0,768
"sixteen-step runs on a clock, 768 shares",163,0.962334,226,0,6912,6912,18,768.0,768
"sixteen-step runs on a clock, 768 shares",164,0.998621,318,0,6912,6912,18,768.0,768
"sixteen-step runs on a clock, 768 shares",165,2.726196,141,0,6912,6912,18,768.0,768
"sixteen-step runs on a clock, 768 shares",166,0.709540,257,0,6912,6912,18,768.0,768
"sixteen-step runs on a clock, 768 shares",167,0.596680,261,0,6912,6912,18,768.0,768
"sixteen-step runs on a clock, 768 shares",168,1.022867,355,0,6912,6912,18,768.0,768
"sixteen-step runs on a clock, 768 shares",169,2.756924,307,0,6912,6912,18,768.0,768
"sixteen-step runs on a clock, 768 shares",170,1.071114,458,0,6912,6912,18,768.0,768
"sixteen-step runs on a clock, 768 shares",171,1.147864,396,0,6912,6912,18,768.0,768
"sixteen-step runs on a clock, 768 shares",172,0.451278,361,0,6912,6912,18,768.0,768
"sixteen-step runs on a clock, 768 shares",173,1.096625,383,0,6912,6912,18,768.0,768
"sixteen-step runs on a clock, 768 shares",174,0.538449,181,0,6912,6912,18,768.0,768
"sixteen-step runs on a clock, 768 shares",175,1.470007,151,0,6912,6912,18,768.0,768
"sixteen-step runs on a clock, 768 shares",176,0.871197,260,0,6912,6912,18,768.0,768
"sixteen-step runs on a clock, 768 shares",177,0.698464,267,0,6912,6912,18,768.0,768
"sixteen-step runs on a clock, 768 shares",178,0.144305,308,0,6912,6912,18,768.0,768
"sixteen-step runs on a clock, 768 shares",179,0.808452,369,0,6912,6912,18,768.0,768
"sixteen-step runs on a clock, 768 shares",180,2.137022,344,0,6912,6912,18,768.0,768
"sixteen-step runs on a clock, 768 shares",181,3.235232,207,0,6912,6912,18,768.0,768
"sixteen-step runs on a clock, 768 shares",182,1.804243,436,0,6912,6912,18,768.0,768
"sixteen-step runs on a clock, 768 shares",183,0.638985,415,0,6912,6912,18,768.0,768
"sixteen-step runs on a clock, 768 shares",184,0.674096,265,0,6912,6912,18,768.0,768
"sixteen-step runs on a clock, 768 shares",185,0.805330,254,0,6912,6912,18,768.0,768
"sixteen-step runs on a clock, 768 shares",186,1.287835,336,0,6912,6912,18,768.0,768
"sixteen-step runs on a clock, 768 shares",187,0.513907,232,0,6912,6912,18,768.0,768
"sixteen-step runs on a clock, 768 shares",188,0.172806,199,0,6912,6912,18,768.0,768
"sixteen-step runs on a clock, 768 shares",189,1.394985,168,0,6912,6912,18,768.0,768
"sixteen-step runs on a clock, 768 shares",190,-0.029494,270,0,6912,6912,18,768.0,768
"sixteen-step runs on a clock, 768 shares",191,0.776823,160,0,6912,6912,18,768.0,768
"sixteen-step runs on a clock, 768 shares",192,0.578700,295,0,6912,6912,18,768.0,768
"sixteen-step runs on a clock, 768 shares",193,1.374276,252,0,6912,6912,18,768.0,768
"sixteen-step runs on a clock, 768 shares",194,1.323057,381,0,6912,6912,18,768.0,768
"sixteen-step runs on a clock, 768 shares",195,1.183906,495,0,6912,6912,18,768.0,768
"sixteen-step runs on a clock, 768 shares",196,2.029767,385,0,6912,6912,18,768.0,768
"sixteen-step runs on a clock, 768 shares",197,1.334162,198,0,6912,6912,18,768.0,768
"sixteen-step runs on a clock, 768 shares",198,1.425881,526,0,6912,6912,18,768.0,768
"sixteen-step runs on a clock, 768 shares",199,0.175504,199,0,6912,6912,18,768.0,768
"sixteen-step runs on a clock, 768 shares",200,1.633000,222,0,6912,6912,18,768.0,768
"sixteen-step runs on a clock, 768 shares",201,1.325841,267,0,6912,6912,18,768.0,768
"sixteen-step runs on a clock, 768 shares",202,0.886836,420,0,6912,6912,18,768.0,768
"sixteen-step runs on a clock, 768 shares",203,1.469236,359,0,6912,6912,18,768.0,768
"sixteen-step runs on a clock, 768 shares",204,0.540857,188,0,6912,6912,18,768.0,768
"sixteen-step runs on a clock, 768 shares",205,2.619615,171,0,6912,6912,18,768.0,768
"sixteen-step runs on a clock, 768 shares",206,1.094284,238,0,6912,6912,18,768.0,768
"sixteen-step runs on a clock, 768 shares",207,0.646105,357,0,6912,6912,18,768.0,768
"sixteen-step runs on a clock, 768 shares",208,0.432291,404,0,6912,6912,18,768.0,768
"sixteen-step runs on a clock, 768 shares",209,1.137533,466,0,6912,6912,18,768.0,768
"sixteen-step runs on a clock, 768 shares",210,0.723335,181,0,6912,6912,18,768.0,768
"sixteen-step runs on a clock, 768 shares",211,0.323596,369,0,6912,6912,18,768.0,768
"sixteen-step runs on a clock, 768 shares",212,1.289478,387,0,6912,6912,18,768.0,768
"sixteen-step runs on a clock, 768 shares",213,1.510939,335,0,6912,6912,18,768.0,768
"sixteen-step runs on a clock, 768 shares",214,1.341859,264,0,6912,6912,18,768.0,768
"sixteen-step runs on a clock, 768 shares",215,2.263287,252,0,6912,6912,18,768.0,768
"sixteen-step runs on a clock, 768 shares",216,2.548399,220,0,6912,6912,18,768.0,768
"sixteen-step runs on a clock, 768 shares",217,1.460958,192,0,6912,6912,18,768.0,768
"sixteen-step runs on a clock, 768 shares",218,1.028857,96,0,6912,6912,18,768.0,768
"sixteen-step runs on a clock, 768 shares",219,0.580484,236,0,6912,6912,18,768.0,768
"sixteen-step runs on a clock, 768 shares",220,1.485501,230,0,6912,6912,18,768.0,768
"sixteen-step runs on a clock, 768 shares",221,0.603215,185,0,6912,6912,18,768.0,768
"sixteen-step runs on a clock, 768 shares",222,1.267177,345,0,6912,6912,18,768.0,768
"sixteen-step runs on a clock, 768 shares",223,1.780041,233,0,6912,6912,18,768.0,768
"sixteen-step runs on a clock, 768 shares",224,0.704615,356,0,6912,6912,18,768.0,768
"sixteen-step runs on a clock, 768 shares",225,0.646358,367,0,6912,6912,18,768.0,768
"sixteen-step runs on a clock, 768 shares",226,0.467228,302,0,6912,6912,18,768.0,768
"sixteen-step runs on a clock, 768 shares",227,-0.037824,309,0,6912,6912,18,768.0,768
"sixteen-step runs on a clock, 768 shares",228,0.746693,278,0,6912,6912,18,768.0,768
"sixteen-step runs on a clock, 768 shares",229,0.219331,357,0,6912,6912,18,768.0,768
"sixteen-step runs on a clock, 768 shares",230,0.234559,153,0,6912,6912,18,768.0,768
"sixteen-step runs on a clock, 768 shares",231,1.046491,349,0,6912,6912,18,768.0,768
"sixteen-step runs on a clock, 768 shares",232,0.926509,403,0,6912,6912,18,768.0,768
"sixteen-step runs on a clock, 768 shares",233,0.612714,402,0,6912,6912,18,768.0,768
"sixteen-step runs on a clock, 768 shares",234,0.634976,200,0,6912,6912,18,768.0,768
"sixteen-step runs on a clock, 768 shares",235,1.801877,95,0,6912,6912,18,768.0,768
"sixteen-step runs on a clock, 768 shares",236,0.775157,183,0,6912,6912,18,768.0,768
"sixteen-step runs on a clock, 768 shares",237,0.602148,257,0,6912,6912,18,768.0,768
"sixteen-step runs on a clock, 768 shares",238,1.306249,357,0,6912,6912,18,768.0,768
"sixteen-step runs on a clock, 768 shares",239,-0.301082,276,0,6912,6912,18,768.0,768
"sixteen-step runs on a clock, 768 shares",240,1.102104,159,0,6912,6912,18,768.0,768
"sixteen-step runs on a clock, 768 shares",241,1.507876,428,0,6912,6912,18,768.0,768
"sixteen-step runs on a clock, 768 shares",242,0.269541,255,0,6912,6912,18,768.0,768
"sixteen-step runs on a clock, 768 shares",243,0.969452,322,0,6912,6912,18,768.0,768
"sixteen-step runs on a clock, 768 shares",244,1.733972,182,0,6912,6912,18,768.0,768
"sixteen-step runs on a clock, 768 shares",245,1.692275,141,0,6912,6912,18,768.0,768
"sixteen-step runs on a clock, 768 shares",246,0.300317,469,0,6912,6912,18,768.0,768
"sixteen-step runs on a clock, 768 shares",247,0.498580,335,0,6912,6912,18,768.0,768
"sixteen-step runs on a clock, 768 shares",248,0.662654,184,0,6912,6912,18,768.0,768
"sixteen-step runs on a clock, 768 shares",249,1.550220,283,0,6912,6912,18,768.0,768
"sixteen-step runs on a clock, 768 shares",250,1.578218,418,0,6912,6912,18,768.0,768
"sixteen-step runs on a clock, 768 shares",251,0.735343,238,0,6912,6912,18,768.0,768
"sixteen-step runs on a clock, 768 shares",252,1.773702,282,0,6912,6912,18,768.0,768
"sixteen-step runs on a clock, 768 shares",253,-0.110427,275,0,6912,6912,18,768.0,768
"sixteen-step runs on a clock, 768 shares",254,0.720234,228,0,6912,6912,18,768.0,768
"sixteen-step runs on a clock, 768 shares",255,2.336030,328,0,6912,6912,18,768.0,768
"sixteen-step runs on a clock, 768 shares",256,2.196164,183,0,6912,6912,18,768.0,768
"sixteen-step runs on a clock, 768 shares",257,0.462574,286,0,6912,6912,18,768.0,768
"sixteen-step runs on a clock, 768 shares",258,0.976239,317,0,6912,6912,18,768.0,768
"sixteen-step runs on a clock, 768 shares",259,0.861410,279,0,6912,6912,18,768.0,768
"sixteen-step runs on a clock, 768 shares",260,0.879328,239,0,6912,6912,18,768.0,768
"sixteen-step runs on a clock, 768 shares",261,1.041124,371,0,6912,6912,18,768.0,768
"sixteen-step runs on a clock, 768 shares",262,2.026580,343,0,6912,6912,18,768.0,768
"sixteen-step runs on a clock, 768 shares",263,0.627559,238,0,6912,6912,18,768.0,768
"sixteen-step runs on a clock, 768 shares",264,1.339740,349,0,6912,6912,18,768.0,768
"sixteen-step runs on a clock, 768 shares",265,0.380267,297,0,6912,6912,18,768.0,768
"sixteen-step runs on a clock, 768 shares",266,1.073972,140,0,6912,6912,18,768.0,768
"sixteen-step runs on a clock, 768 shares",267,0.423876,265,0,6912,6912,18,768.0,768
"sixteen-step runs on a clock, 768 shares",268,1.548069,438,0,6912,6912,18,768.0,768
"sixteen-step runs on a clock, 768 shares",269,1.245732,183,0,6912,6912,18,768.0,768
"sixteen-step runs on a clock, 768 shares",270,0.796438,230,0,6912,6912,18,768.0,768
"sixteen-step runs on a clock, 768 shares",271,0.790003,291,0,6912,6912,18,768.0,768
"sixteen-step runs on a clock, 768 shares",272,-0.250898,519,0,6912,6912,18,768.0,768
"sixteen-step runs on a clock, 768 shares",273,0.639893,314,0,6912,6912,18,768.0,768
"sixteen-step runs on a clock, 768 shares",274,1.291308,233,0,6912,6912,18,768.0,768
"sixteen-step runs on a clock, 768 shares",275,0.263289,256,0,6912,6912,18,768.0,768
"sixteen-step runs on a clock, 768 shares",276,1.543604,248,0,6912,6912,18,768.0,768
"sixteen-step runs on a clock, 768 shares",277,0.629405,308,0,6912,6912,18,768.0,768
"sixteen-step runs on a clock, 768 shares",278,1.873209,184,0,6912,6912,18,768.0,768
"sixteen-step runs on a clock, 768 shares",279,0.753712,161,0,6912,6912,18,768.0,768
"sixteen-step runs on a clock, 768 shares",280,0.602301,261,0,6912,6912,18,768.0,768
"sixteen-step runs on a clock, 768 shares",281,0.733397,417,0,6912,6912,18,768.0,768
"sixteen-step runs on a clock, 768 shares",282,4.673243,399,0,6912,6912,18,768.0,768
"sixteen-step runs on a clock, 768 shares",283,1.520993,355,0,6912,6912,18,768.0,768
"sixteen-step runs on a clock, 768 shares",284,1.526920,256,0,6912,6912,18,768.0,768
"sixteen-step runs on a clock, 768 shares",285,0.548461,254,0,6912,6912,18,768.0,768
"sixteen-step runs on a clock, 768 shares",286,1.801670,153,0,6912,6912,18,768.0,768
"sixteen-step runs on a clock, 768 shares",287,1.199314,227,0,6912,6912,18,768.0,768
"sixteen-step runs on a clock, 768 shares",288,1.251922,331,0,6912,6912,18,768.0,768
"sixteen-step runs on a clock, 768 shares",289,0.928870,171,0,6912,6912,18,768.0,768
"sixteen-step runs on a clock, 768 shares",290,0.342787,157,0,6912,6912,18,768.0,768
"sixteen-step runs on a clock, 768 shares",291,1.577518,290,0,6912,6912,18,768.0,768
"sixteen-step runs on a clock, 768 shares",292,1.361297,257,0,6912,6912,18,768.0,768
"sixteen-step runs on a clock, 768 shares",293,2.236373,284,0,6912,6912,18,768.0,768
"sixteen-step runs on a clock, 768 shares",294,2.343974,445,0,6912,6912,18,768.0,768
"sixteen-step runs on a clock, 768 shares",295,0.956451,342,0,6912,6912,18,768.0,768
"sixteen-step runs on a clock, 768 shares",296,1.779429,210,0,6912,6912,18,768.0,768
"sixteen-step runs on a clock, 768 shares",297,2.980320,319,0,6912,6912,18,768.0,768
"sixteen-step runs on a clock, 768 shares",298,1.069767,394,0,6912,6912,18,768.0,768
"sixteen-step runs on a clock, 768 shares",299,3.905882,86,0,6912,6912,18,768.0,768
"sixteen-step runs on a clock, 768 shares",300,1.610947,228,0,6912,6912,18,768.0,768
"sixteen-step runs on a clock, 1,024 shares",1,1.420617,116,0,9216,9216,18,1024.0,1024
"sixteen-step runs on a clock, 1,024 shares",2,0.504494,352,0,9216,9216,18,1024.0,1024
"sixteen-step runs on a clock, 1,024 shares",3,1.389451,78,0,9216,9216,18,1024.0,1024
"sixteen-step runs on a clock, 1,024 shares",4,1.561666,77,0,9216,9216,18,1024.0,1024
"sixteen-step runs on a clock, 1,024 shares",5,0.638904,201,0,9216,9216,18,1024.0,1024
"sixteen-step runs on a clock, 1,024 shares",6,0.415355,248,0,9216,9216,18,1024.0,1024
"sixteen-step runs on a clock, 1,024 shares",7,0.826377,156,0,9216,9216,18,1024.0,1024
"sixteen-step runs on a clock, 1,024 shares",8,0.808302,111,0,9216,9216,18,1024.0,1024
"sixteen-step runs on a clock, 1,024 shares",9,1.296545,116,0,9216,9216,18,1024.0,1024
"sixteen-step runs on a clock, 1,024 shares",10,1.214774,166,0,9216,9216,18,1024.0,1024
"sixteen-step runs on a clock, 1,024 shares",11,1.692681,83,0,9216,9216,18,1024.0,1024
"sixteen-step runs on a clock, 1,024 shares",12,1.203429,416,0,9216,9216,18,1024.0,1024
"sixteen-step runs on a clock, 1,024 shares",13,2.693705,34,0,9216,9216,18,1024.0,1024
"sixteen-step runs on a clock, 1,024 shares",14,0.228996,106,0,9216,9216,18,1024.0,1024
"sixteen-step runs on a clock, 1,024 shares",15,2.760342,116,0,9216,9216,18,1024.0,1024
"sixteen-step runs on a clock, 1,024 shares",16,1.340397,136,0,9216,9216,18,1024.0,1024
"sixteen-step runs on a clock, 1,024 shares",17,2.192977,69,0,9216,9216,18,1024.0,1024
"sixteen-step runs on a clock, 1,024 shares",18,0.544595,239,0,9216,9216,18,1024.0,1024
"sixteen-step runs on a clock, 1,024 shares",19,2.187386,38,0,9216,9216,18,1024.0,1024
"sixteen-step runs on a clock, 1,024 shares",20,0.593472,159,0,9216,9216,18,1024.0,1024
"sixteen-step runs on a clock, 1,024 shares",21,0.628747,255,0,9216,9216,18,1024.0,1024
"sixteen-step runs on a clock, 1,024 shares",22,2.134319,98,0,9216,9216,18,1024.0,1024
"sixteen-step runs on a clock, 1,024 shares",23,0.967753,108,0,9216,9216,18,1024.0,1024
"sixteen-step runs on a clock, 1,024 shares",24,1.115441,159,0,9216,9216,18,1024.0,1024
"sixteen-step runs on a clock, 1,024 shares",25,1.389775,136,0,9216,9216,18,1024.0,1024
"sixteen-step runs on a clock, 1,024 shares",26,0.577245,193,0,9216,9216,18,1024.0,1024
"sixteen-step runs on a clock, 1,024 shares",27,0.581215,117,0,9216,9216,18,1024.0,1024
"sixteen-step runs on a clock, 1,024 shares",28,3.671210,59,0,9216,9216,18,1024.0,1024
"sixteen-step runs on a clock, 1,024 shares",29,2.366965,64,0,9216,9216,18,1024.0,1024
"sixteen-step runs on a clock, 1,024 shares",30,1.324707,171,0,9216,9216,18,1024.0,1024
"sixteen-step runs on a clock, 1,024 shares",31,271.480825,2,0,9216,9216,18,1024.0,1024
"sixteen-step runs on a clock, 1,024 shares",32,13.582107,58,0,9216,9216,18,1024.0,1024
"sixteen-step runs on a clock, 1,024 shares",33,1.125444,64,0,9216,9216,18,1024.0,1024
"sixteen-step runs on a clock, 1,024 shares",34,0.475828,75,0,9216,9216,18,1024.0,1024
"sixteen-step runs on a clock, 1,024 shares",35,1.974815,166,0,9216,9216,18,1024.0,1024
"sixteen-step runs on a clock, 1,024 shares",36,0.780166,108,0,9216,9216,18,1024.0,1024
"sixteen-step runs on a clock, 1,024 shares",37,1.140007,208,0,9216,9216,18,1024.0,1024
"sixteen-step runs on a clock, 1,024 shares",38,1.032308,253,0,9216,9216,18,1024.0,1024
"sixteen-step runs on a clock, 1,024 shares",39,0.802754,181,0,9216,9216,18,1024.0,1024
"sixteen-step runs on a clock, 1,024 shares",40,1.299828,73,0,9216,9216,18,1024.0,1024
"sixteen-step runs on a clock, 1,024 shares",41,2.181161,53,0,9216,9216,18,1024.0,1024
"sixteen-step runs on a clock, 1,024 shares",42,194.149774,11,0,9216,9216,18,1024.0,1024
"sixteen-step runs on a clock, 1,024 shares",43,0.080567,131,0,9216,9216,18,1024.0,1024
"sixteen-step runs on a clock, 1,024 shares",44,0.324465,77,0,9216,9216,18,1024.0,1024
"sixteen-step runs on a clock, 1,024 shares",45,1.920280,135,0,9216,9216,18,1024.0,1024
"sixteen-step runs on a clock, 1,024 shares",46,290.257223,0,1,9216,9216,18,1024.0,1024
"sixteen-step runs on a clock, 1,024 shares",47,0.683229,125,0,9216,9216,18,1024.0,1024
"sixteen-step runs on a clock, 1,024 shares",48,3.028916,89,0,9216,9216,18,1024.0,1024
"sixteen-step runs on a clock, 1,024 shares",49,0.386867,179,0,9216,9216,18,1024.0,1024
"sixteen-step runs on a clock, 1,024 shares",50,0.873108,135,0,9216,9216,18,1024.0,1024
"sixteen-step runs on a clock, 1,024 shares",51,0.278015,209,0,9216,9216,18,1024.0,1024
"sixteen-step runs on a clock, 1,024 shares",52,1.184908,211,0,9216,9216,18,1024.0,1024
"sixteen-step runs on a clock, 1,024 shares",53,0.330680,239,0,9216,9216,18,1024.0,1024
"sixteen-step runs on a clock, 1,024 shares",54,0.993125,139,0,9216,9216,18,1024.0,1024
"sixteen-step runs on a clock, 1,024 shares",55,2.579709,171,0,9216,9216,18,1024.0,1024
"sixteen-step runs on a clock, 1,024 shares",56,1.316112,163,0,9216,9216,18,1024.0,1024
"sixteen-step runs on a clock, 1,024 shares",57,0.455523,135,0,9216,9216,18,1024.0,1024
"sixteen-step runs on a clock, 1,024 shares",58,2.050896,72,0,9216,9216,18,1024.0,1024
"sixteen-step runs on a clock, 1,024 shares",59,1.417060,204,0,9216,9216,18,1024.0,1024
"sixteen-step runs on a clock, 1,024 shares",60,0.077215,83,0,9216,9216,18,1024.0,1024
"sixteen-step runs on a clock, 1,024 shares",61,1.405694,172,0,9216,9216,18,1024.0,1024
"sixteen-step runs on a clock, 1,024 shares",62,1.420832,173,0,9216,9216,18,1024.0,1024
"sixteen-step runs on a clock, 1,024 shares",63,0.479818,191,0,9216,9216,18,1024.0,1024
"sixteen-step runs on a clock, 1,024 shares",64,1.972227,66,0,9216,9216,18,1024.0,1024
"sixteen-step runs on a clock, 1,024 shares",65,278.977511,4,0,9216,9216,18,1024.0,1024
"sixteen-step runs on a clock, 1,024 shares",66,0.570139,118,0,9216,9216,18,1024.0,1024
"sixteen-step runs on a clock, 1,024 shares",67,1.009400,49,0,9216,9216,18,1024.0,1024
"sixteen-step runs on a clock, 1,024 shares",68,2.185568,78,0,9216,9216,18,1024.0,1024
"sixteen-step runs on a clock, 1,024 shares",69,0.279495,118,0,9216,9216,18,1024.0,1024
"sixteen-step runs on a clock, 1,024 shares",70,0.701325,156,0,9216,9216,18,1024.0,1024
"sixteen-step runs on a clock, 1,024 shares",71,0.295987,229,0,9216,9216,18,1024.0,1024
"sixteen-step runs on a clock, 1,024 shares",72,0.524409,89,0,9216,9216,18,1024.0,1024
"sixteen-step runs on a clock, 1,024 shares",73,1.685450,53,0,9216,9216,18,1024.0,1024
"sixteen-step runs on a clock, 1,024 shares",74,0.988058,136,0,9216,9216,18,1024.0,1024
"sixteen-step runs on a clock, 1,024 shares",75,1.680226,182,0,9216,9216,18,1024.0,1024
"sixteen-step runs on a clock, 1,024 shares",76,3.651128,169,0,9216,9216,18,1024.0,1024
"sixteen-step runs on a clock, 1,024 shares",77,1.186450,46,0,9216,9216,18,1024.0,1024
"sixteen-step runs on a clock, 1,024 shares",78,1.800272,238,0,9216,9216,18,1024.0,1024
"sixteen-step runs on a clock, 1,024 shares",79,0.697336,153,0,9216,9216,18,1024.0,1024
"sixteen-step runs on a clock, 1,024 shares",80,0.815849,152,0,9216,9216,18,1024.0,1024
"sixteen-step runs on a clock, 1,024 shares",81,0.641709,154,0,9216,9216,18,1024.0,1024
"sixteen-step runs on a clock, 1,024 shares",82,0.972712,70,0,9216,9216,18,1024.0,1024
"sixteen-step runs on a clock, 1,024 shares",83,0.250881,138,0,9216,9216,18,1024.0,1024
"sixteen-step runs on a clock, 1,024 shares",84,0.580625,165,0,9216,9216,18,1024.0,1024
"sixteen-step runs on a clock, 1,024 shares",85,1.238691,301,0,9216,9216,18,1024.0,1024
"sixteen-step runs on a clock, 1,024 shares",86,1.340575,69,0,9216,9216,18,1024.0,1024
"sixteen-step runs on a clock, 1,024 shares",87,0.580162,160,0,9216,9216,18,1024.0,1024
"sixteen-step runs on a clock, 1,024 shares",88,6.172594,43,0,9216,9216,18,1024.0,1024
"sixteen-step runs on a clock, 1,024 shares",89,1.149356,80,0,9216,9216,18,1024.0,1024
"sixteen-step runs on a clock, 1,024 shares",90,0.150077,90,0,9216,9216,18,1024.0,1024
"sixteen-step runs on a clock, 1,024 shares",91,1.530715,111,0,9216,9216,18,1024.0,1024
"sixteen-step runs on a clock, 1,024 shares",92,1.534640,105,0,9216,9216,18,1024.0,1024
"sixteen-step runs on a clock, 1,024 shares",93,2.095326,54,0,9216,9216,18,1024.0,1024
"sixteen-step runs on a clock, 1,024 shares",94,3.562897,80,0,9216,9216,18,1024.0,1024
"sixteen-step runs on a clock, 1,024 shares",95,0.441244,227,0,9216,9216,18,1024.0,1024
"sixteen-step runs on a clock, 1,024 shares",96,1.692543,63,0,9216,9216,18,1024.0,1024
"sixteen-step runs on a clock, 1,024 shares",97,15.579482,35,0,9216,9216,18,1024.0,1024
"sixteen-step runs on a clock, 1,024 shares",98,5.194119,70,0,9216,9216,18,1024.0,1024
"sixteen-step runs on a clock, 1,024 shares",99,0.774570,175,0,9216,9216,18,1024.0,1024
"sixteen-step runs on a clock, 1,024 shares",100,2.261134,317,0,9216,9216,18,1024.0,1024
"sixteen-step runs on a clock, 1,024 shares",101,2.706072,116,0,9216,9216,18,1024.0,1024
"sixteen-step runs on a clock, 1,024 shares",102,0.822584,87,0,9216,9216,18,1024.0,1024
"sixteen-step runs on a clock, 1,024 shares",103,1.220593,58,0,9216,9216,18,1024.0,1024
"sixteen-step runs on a clock, 1,024 shares",104,0.879477,152,0,9216,9216,18,1024.0,1024
"sixteen-step runs on a clock, 1,024 shares",105,1.913728,117,0,9216,9216,18,1024.0,1024
"sixteen-step runs on a clock, 1,024 shares",106,0.887888,75,0,9216,9216,18,1024.0,1024
"sixteen-step runs on a clock, 1,024 shares",107,0.610406,149,0,9216,9216,18,1024.0,1024
"sixteen-step runs on a clock, 1,024 shares",108,0.996296,100,0,9216,9216,18,1024.0,1024
"sixteen-step runs on a clock, 1,024 shares",109,0.805712,191,0,9216,9216,18,1024.0,1024
"sixteen-step runs on a clock, 1,024 shares",110,3.184022,33,0,9216,9216,18,1024.0,1024
"sixteen-step runs on a clock, 1,024 shares",111,2.308558,143,0,9216,9216,18,1024.0,1024
"sixteen-step runs on a clock, 1,024 shares",112,0.295438,158,0,9216,9216,18,1024.0,1024
"sixteen-step runs on a clock, 1,024 shares",113,0.434935,130,0,9216,9216,18,1024.0,1024
"sixteen-step runs on a clock, 1,024 shares",114,1.355665,42,0,9216,9216,18,1024.0,1024
"sixteen-step runs on a clock, 1,024 shares",115,3.435961,36,0,9216,9216,18,1024.0,1024
"sixteen-step runs on a clock, 1,024 shares",116,0.858040,121,0,9216,9216,18,1024.0,1024
"sixteen-step runs on a clock, 1,024 shares",117,0.629187,147,0,9216,9216,18,1024.0,1024
"sixteen-step runs on a clock, 1,024 shares",118,-0.035866,125,0,9216,9216,18,1024.0,1024
"sixteen-step runs on a clock, 1,024 shares",119,0.217781,172,0,9216,9216,18,1024.0,1024
"sixteen-step runs on a clock, 1,024 shares",120,0.445312,107,0,9216,9216,18,1024.0,1024
"sixteen-step runs on a clock, 1,024 shares",121,0.871313,184,0,9216,9216,18,1024.0,1024
"sixteen-step runs on a clock, 1,024 shares",122,175.573653,7,0,9216,9216,18,1024.0,1024
"sixteen-step runs on a clock, 1,024 shares",123,0.835979,30,0,9216,9216,18,1024.0,1024
"sixteen-step runs on a clock, 1,024 shares",124,2.260407,70,0,9216,9216,18,1024.0,1024
"sixteen-step runs on a clock, 1,024 shares",125,0.417218,262,0,9216,9216,18,1024.0,1024
"sixteen-step runs on a clock, 1,024 shares",126,0.456646,278,0,9216,9216,18,1024.0,1024
"sixteen-step runs on a clock, 1,024 shares",127,2.317462,275,0,9216,9216,18,1024.0,1024
"sixteen-step runs on a clock, 1,024 shares",128,0.897681,87,0,9216,9216,18,1024.0,1024
"sixteen-step runs on a clock, 1,024 shares",129,1.545086,78,0,9216,9216,18,1024.0,1024
"sixteen-step runs on a clock, 1,024 shares",130,0.242733,189,0,9216,9216,18,1024.0,1024
"sixteen-step runs on a clock, 1,024 shares",131,1.928469,37,0,9216,9216,18,1024.0,1024
"sixteen-step runs on a clock, 1,024 shares",132,4.383414,14,0,9216,9216,18,1024.0,1024
"sixteen-step runs on a clock, 1,024 shares",133,0.997221,178,0,9216,9216,18,1024.0,1024
"sixteen-step runs on a clock, 1,024 shares",134,-0.196855,274,0,9216,9216,18,1024.0,1024
"sixteen-step runs on a clock, 1,024 shares",135,1.020621,131,0,9216,9216,18,1024.0,1024
"sixteen-step runs on a clock, 1,024 shares",136,1.802540,112,0,9216,9216,18,1024.0,1024
"sixteen-step runs on a clock, 1,024 shares",137,1.561109,42,0,9216,9216,18,1024.0,1024
"sixteen-step runs on a clock, 1,024 shares",138,0.440759,119,0,9216,9216,18,1024.0,1024
"sixteen-step runs on a clock, 1,024 shares",139,0.686821,75,0,9216,9216,18,1024.0,1024
"sixteen-step runs on a clock, 1,024 shares",140,13.054538,40,0,9216,9216,18,1024.0,1024
"sixteen-step runs on a clock, 1,024 shares",141,0.271510,76,0,9216,9216,18,1024.0,1024
"sixteen-step runs on a clock, 1,024 shares",142,1.818249,104,0,9216,9216,18,1024.0,1024
"sixteen-step runs on a clock, 1,024 shares",143,1.411235,79,0,9216,9216,18,1024.0,1024
"sixteen-step runs on a clock, 1,024 shares",144,1.408152,144,0,9216,9216,18,1024.0,1024
"sixteen-step runs on a clock, 1,024 shares",145,23.939394,20,0,9216,9216,18,1024.0,1024
"sixteen-step runs on a clock, 1,024 shares",146,0.596526,215,0,9216,9216,18,1024.0,1024
"sixteen-step runs on a clock, 1,024 shares",147,-0.237163,301,0,9216,9216,18,1024.0,1024
"sixteen-step runs on a clock, 1,024 shares",148,183.445405,8,0,9216,9216,18,1024.0,1024
"sixteen-step runs on a clock, 1,024 shares",149,0.469365,235,0,9216,9216,18,1024.0,1024
"sixteen-step runs on a clock, 1,024 shares",150,2.031122,132,0,9216,9216,18,1024.0,1024
"sixteen-step runs on a clock, 1,024 shares",151,2.259606,101,0,9216,9216,18,1024.0,1024
"sixteen-step runs on a clock, 1,024 shares",152,0.598489,152,0,9216,9216,18,1024.0,1024
"sixteen-step runs on a clock, 1,024 shares",153,1.538595,106,0,9216,9216,18,1024.0,1024
"sixteen-step runs on a clock, 1,024 shares",154,3.169480,83,0,9216,9216,18,1024.0,1024
"sixteen-step runs on a clock, 1,024 shares",155,5.304514,66,0,9216,9216,18,1024.0,1024
"sixteen-step runs on a clock, 1,024 shares",156,0.790374,127,0,9216,9216,18,1024.0,1024
"sixteen-step runs on a clock, 1,024 shares",157,1.090732,112,0,9216,9216,18,1024.0,1024
"sixteen-step runs on a clock, 1,024 shares",158,0.980633,145,0,9216,9216,18,1024.0,1024
"sixteen-step runs on a clock, 1,024 shares",159,0.574961,94,0,9216,9216,18,1024.0,1024
"sixteen-step runs on a clock, 1,024 shares",160,0.899997,159,0,9216,9216,18,1024.0,1024
"sixteen-step runs on a clock, 1,024 shares",161,0.795938,62,0,9216,9216,18,1024.0,1024
"sixteen-step runs on a clock, 1,024 shares",162,1.071810,75,0,9216,9216,18,1024.0,1024
"sixteen-step runs on a clock, 1,024 shares",163,0.990553,108,0,9216,9216,18,1024.0,1024
"sixteen-step runs on a clock, 1,024 shares",164,1.222688,142,0,9216,9216,18,1024.0,1024
"sixteen-step runs on a clock, 1,024 shares",165,1.933063,71,0,9216,9216,18,1024.0,1024
"sixteen-step runs on a clock, 1,024 shares",166,0.532394,158,0,9216,9216,18,1024.0,1024
"sixteen-step runs on a clock, 1,024 shares",167,0.461868,71,0,9216,9216,18,1024.0,1024
"sixteen-step runs on a clock, 1,024 shares",168,1.979351,182,0,9216,9216,18,1024.0,1024
"sixteen-step runs on a clock, 1,024 shares",169,2.926926,83,0,9216,9216,18,1024.0,1024
"sixteen-step runs on a clock, 1,024 shares",170,0.761863,280,0,9216,9216,18,1024.0,1024
"sixteen-step runs on a clock, 1,024 shares",171,1.104601,201,0,9216,9216,18,1024.0,1024
"sixteen-step runs on a clock, 1,024 shares",172,0.370211,175,0,9216,9216,18,1024.0,1024
"sixteen-step runs on a clock, 1,024 shares",173,0.918404,163,0,9216,9216,18,1024.0,1024
"sixteen-step runs on a clock, 1,024 shares",174,0.436166,101,0,9216,9216,18,1024.0,1024
"sixteen-step runs on a clock, 1,024 shares",175,40.984094,17,0,9216,9216,18,1024.0,1024
"sixteen-step runs on a clock, 1,024 shares",176,5.265661,56,0,9216,9216,18,1024.0,1024
"sixteen-step runs on a clock, 1,024 shares",177,0.847046,113,0,9216,9216,18,1024.0,1024
"sixteen-step runs on a clock, 1,024 shares",178,0.121725,167,0,9216,9216,18,1024.0,1024
"sixteen-step runs on a clock, 1,024 shares",179,0.620080,208,0,9216,9216,18,1024.0,1024
"sixteen-step runs on a clock, 1,024 shares",180,1.891662,141,0,9216,9216,18,1024.0,1024
"sixteen-step runs on a clock, 1,024 shares",181,2.762119,67,0,9216,9216,18,1024.0,1024
"sixteen-step runs on a clock, 1,024 shares",182,1.729249,212,0,9216,9216,18,1024.0,1024
"sixteen-step runs on a clock, 1,024 shares",183,0.447546,233,0,9216,9216,18,1024.0,1024
"sixteen-step runs on a clock, 1,024 shares",184,0.420338,129,0,9216,9216,18,1024.0,1024
"sixteen-step runs on a clock, 1,024 shares",185,0.558807,91,0,9216,9216,18,1024.0,1024
"sixteen-step runs on a clock, 1,024 shares",186,0.927506,179,0,9216,9216,18,1024.0,1024
"sixteen-step runs on a clock, 1,024 shares",187,0.512841,116,0,9216,9216,18,1024.0,1024
"sixteen-step runs on a clock, 1,024 shares",188,0.730203,110,0,9216,9216,18,1024.0,1024
"sixteen-step runs on a clock, 1,024 shares",189,59.770815,18,0,9216,9216,18,1024.0,1024
"sixteen-step runs on a clock, 1,024 shares",190,0.185776,108,0,9216,9216,18,1024.0,1024
"sixteen-step runs on a clock, 1,024 shares",191,146.760916,9,0,9216,9216,18,1024.0,1024
"sixteen-step runs on a clock, 1,024 shares",192,0.367978,171,0,9216,9216,18,1024.0,1024
"sixteen-step runs on a clock, 1,024 shares",193,2.044327,60,0,9216,9216,18,1024.0,1024
"sixteen-step runs on a clock, 1,024 shares",194,1.010805,159,0,9216,9216,18,1024.0,1024
"sixteen-step runs on a clock, 1,024 shares",195,0.874328,361,0,9216,9216,18,1024.0,1024
"sixteen-step runs on a clock, 1,024 shares",196,1.463529,191,0,9216,9216,18,1024.0,1024
"sixteen-step runs on a clock, 1,024 shares",197,1.197105,114,0,9216,9216,18,1024.0,1024
"sixteen-step runs on a clock, 1,024 shares",198,1.107740,369,0,9216,9216,18,1024.0,1024
"sixteen-step runs on a clock, 1,024 shares",199,-0.020412,146,0,9216,9216,18,1024.0,1024
"sixteen-step runs on a clock, 1,024 shares",200,1.760219,90,0,9216,9216,18,1024.0,1024
"sixteen-step runs on a clock, 1,024 shares",201,1.407624,96,0,9216,9216,18,1024.0,1024
"sixteen-step runs on a clock, 1,024 shares",202,0.674208,217,0,9216,9216,18,1024.0,1024
"sixteen-step runs on a clock, 1,024 shares",203,1.227984,128,0,9216,9216,18,1024.0,1024
"sixteen-step runs on a clock, 1,024 shares",204,0.884617,132,0,9216,9216,18,1024.0,1024
"sixteen-step runs on a clock, 1,024 shares",205,34.112424,23,0,9216,9216,18,1024.0,1024
"sixteen-step runs on a clock, 1,024 shares",206,0.725722,77,0,9216,9216,18,1024.0,1024
"sixteen-step runs on a clock, 1,024 shares",207,0.558823,237,0,9216,9216,18,1024.0,1024
"sixteen-step runs on a clock, 1,024 shares",208,0.256398,206,0,9216,9216,18,1024.0,1024
"sixteen-step runs on a clock, 1,024 shares",209,0.885207,165,0,9216,9216,18,1024.0,1024
"sixteen-step runs on a clock, 1,024 shares",210,291.883420,0,1,9216,9216,18,1024.0,1024
"sixteen-step runs on a clock, 1,024 shares",211,0.177108,223,0,9216,9216,18,1024.0,1024
"sixteen-step runs on a clock, 1,024 shares",212,1.366363,248,0,9216,9216,18,1024.0,1024
"sixteen-step runs on a clock, 1,024 shares",213,1.319223,170,0,9216,9216,18,1024.0,1024
"sixteen-step runs on a clock, 1,024 shares",214,1.363438,108,0,9216,9216,18,1024.0,1024
"sixteen-step runs on a clock, 1,024 shares",215,1.486014,129,0,9216,9216,18,1024.0,1024
"sixteen-step runs on a clock, 1,024 shares",216,9.662364,65,0,9216,9216,18,1024.0,1024
"sixteen-step runs on a clock, 1,024 shares",217,2.824462,77,0,9216,9216,18,1024.0,1024
"sixteen-step runs on a clock, 1,024 shares",218,0.685790,56,0,9216,9216,18,1024.0,1024
"sixteen-step runs on a clock, 1,024 shares",219,0.365945,146,0,9216,9216,18,1024.0,1024
"sixteen-step runs on a clock, 1,024 shares",220,1.460842,119,0,9216,9216,18,1024.0,1024
"sixteen-step runs on a clock, 1,024 shares",221,95.259216,19,0,9216,9216,18,1024.0,1024
"sixteen-step runs on a clock, 1,024 shares",222,1.008371,252,0,9216,9216,18,1024.0,1024
"sixteen-step runs on a clock, 1,024 shares",223,1.936439,78,0,9216,9216,18,1024.0,1024
"sixteen-step runs on a clock, 1,024 shares",224,0.603409,177,0,9216,9216,18,1024.0,1024
"sixteen-step runs on a clock, 1,024 shares",225,0.517289,166,0,9216,9216,18,1024.0,1024
"sixteen-step runs on a clock, 1,024 shares",226,0.242485,180,0,9216,9216,18,1024.0,1024
"sixteen-step runs on a clock, 1,024 shares",227,-0.183070,184,0,9216,9216,18,1024.0,1024
"sixteen-step runs on a clock, 1,024 shares",228,0.338410,137,0,9216,9216,18,1024.0,1024
"sixteen-step runs on a clock, 1,024 shares",229,0.046540,201,0,9216,9216,18,1024.0,1024
"sixteen-step runs on a clock, 1,024 shares",230,0.265860,85,0,9216,9216,18,1024.0,1024
"sixteen-step runs on a clock, 1,024 shares",231,0.820323,176,0,9216,9216,18,1024.0,1024
"sixteen-step runs on a clock, 1,024 shares",232,0.814169,205,0,9216,9216,18,1024.0,1024
"sixteen-step runs on a clock, 1,024 shares",233,0.448584,227,0,9216,9216,18,1024.0,1024
"sixteen-step runs on a clock, 1,024 shares",234,1.060008,119,0,9216,9216,18,1024.0,1024
"sixteen-step runs on a clock, 1,024 shares",235,154.698775,10,0,9216,9216,18,1024.0,1024
"sixteen-step runs on a clock, 1,024 shares",236,0.764789,72,0,9216,9216,18,1024.0,1024
"sixteen-step runs on a clock, 1,024 shares",237,0.349806,147,0,9216,9216,18,1024.0,1024
"sixteen-step runs on a clock, 1,024 shares",238,0.987347,267,0,9216,9216,18,1024.0,1024
"sixteen-step runs on a clock, 1,024 shares",239,0.847133,83,0,9216,9216,18,1024.0,1024
"sixteen-step runs on a clock, 1,024 shares",240,3.566879,64,0,9216,9216,18,1024.0,1024
"sixteen-step runs on a clock, 1,024 shares",241,1.019882,208,0,9216,9216,18,1024.0,1024
"sixteen-step runs on a clock, 1,024 shares",242,0.124034,133,0,9216,9216,18,1024.0,1024
"sixteen-step runs on a clock, 1,024 shares",243,0.598017,161,0,9216,9216,18,1024.0,1024
"sixteen-step runs on a clock, 1,024 shares",244,6.918782,104,0,9216,9216,18,1024.0,1024
"sixteen-step runs on a clock, 1,024 shares",245,2.652549,38,0,9216,9216,18,1024.0,1024
"sixteen-step runs on a clock, 1,024 shares",246,0.484580,241,0,9216,9216,18,1024.0,1024
"sixteen-step runs on a clock, 1,024 shares",247,0.704457,140,0,9216,9216,18,1024.0,1024
"sixteen-step runs on a clock, 1,024 shares",248,0.910298,123,0,9216,9216,18,1024.0,1024
"sixteen-step runs on a clock, 1,024 shares",249,1.338677,153,0,9216,9216,18,1024.0,1024
"sixteen-step runs on a clock, 1,024 shares",250,1.354776,244,0,9216,9216,18,1024.0,1024
"sixteen-step runs on a clock, 1,024 shares",251,1.270936,96,0,9216,9216,18,1024.0,1024
"sixteen-step runs on a clock, 1,024 shares",252,5.751741,34,0,9216,9216,18,1024.0,1024
"sixteen-step runs on a clock, 1,024 shares",253,-0.216594,181,0,9216,9216,18,1024.0,1024
"sixteen-step runs on a clock, 1,024 shares",254,9.142440,44,0,9216,9216,18,1024.0,1024
"sixteen-step runs on a clock, 1,024 shares",255,2.665958,181,0,9216,9216,18,1024.0,1024
"sixteen-step runs on a clock, 1,024 shares",256,2.168802,116,0,9216,9216,18,1024.0,1024
"sixteen-step runs on a clock, 1,024 shares",257,0.384571,182,0,9216,9216,18,1024.0,1024
"sixteen-step runs on a clock, 1,024 shares",258,1.258389,133,0,9216,9216,18,1024.0,1024
"sixteen-step runs on a clock, 1,024 shares",259,1.361586,70,0,9216,9216,18,1024.0,1024
"sixteen-step runs on a clock, 1,024 shares",260,0.576263,82,0,9216,9216,18,1024.0,1024
"sixteen-step runs on a clock, 1,024 shares",261,1.002970,217,0,9216,9216,18,1024.0,1024
"sixteen-step runs on a clock, 1,024 shares",262,1.925321,173,0,9216,9216,18,1024.0,1024
"sixteen-step runs on a clock, 1,024 shares",263,0.745456,100,0,9216,9216,18,1024.0,1024
"sixteen-step runs on a clock, 1,024 shares",264,1.015102,221,0,9216,9216,18,1024.0,1024
"sixteen-step runs on a clock, 1,024 shares",265,0.971113,68,0,9216,9216,18,1024.0,1024
"sixteen-step runs on a clock, 1,024 shares",266,1.664901,68,0,9216,9216,18,1024.0,1024
"sixteen-step runs on a clock, 1,024 shares",267,0.306612,141,0,9216,9216,18,1024.0,1024
"sixteen-step runs on a clock, 1,024 shares",268,1.205200,286,0,9216,9216,18,1024.0,1024
"sixteen-step runs on a clock, 1,024 shares",269,0.927178,102,0,9216,9216,18,1024.0,1024
"sixteen-step runs on a clock, 1,024 shares",270,0.937174,91,0,9216,9216,18,1024.0,1024
"sixteen-step runs on a clock, 1,024 shares",271,0.688574,186,0,9216,9216,18,1024.0,1024
"sixteen-step runs on a clock, 1,024 shares",272,-0.363393,380,0,9216,9216,18,1024.0,1024
"sixteen-step runs on a clock, 1,024 shares",273,0.621620,149,0,9216,9216,18,1024.0,1024
"sixteen-step runs on a clock, 1,024 shares",274,199.342419,9,0,9216,9216,18,1024.0,1024
"sixteen-step runs on a clock, 1,024 shares",275,0.006117,171,0,9216,9216,18,1024.0,1024
"sixteen-step runs on a clock, 1,024 shares",276,1.696864,135,0,9216,9216,18,1024.0,1024
"sixteen-step runs on a clock, 1,024 shares",277,0.599981,214,0,9216,9216,18,1024.0,1024
"sixteen-step runs on a clock, 1,024 shares",278,1.384919,110,0,9216,9216,18,1024.0,1024
"sixteen-step runs on a clock, 1,024 shares",279,1.358219,52,0,9216,9216,18,1024.0,1024
"sixteen-step runs on a clock, 1,024 shares",280,0.507697,94,0,9216,9216,18,1024.0,1024
"sixteen-step runs on a clock, 1,024 shares",281,0.538367,263,0,9216,9216,18,1024.0,1024
"sixteen-step runs on a clock, 1,024 shares",282,4.180990,254,0,9216,9216,18,1024.0,1024
"sixteen-step runs on a clock, 1,024 shares",283,1.644155,168,0,9216,9216,18,1024.0,1024
"sixteen-step runs on a clock, 1,024 shares",284,229.689443,5,0,9216,9216,18,1024.0,1024
"sixteen-step runs on a clock, 1,024 shares",285,0.742476,102,0,9216,9216,18,1024.0,1024
"sixteen-step runs on a clock, 1,024 shares",286,1.457148,57,0,9216,9216,18,1024.0,1024
"sixteen-step runs on a clock, 1,024 shares",287,0.870169,137,0,9216,9216,18,1024.0,1024
"sixteen-step runs on a clock, 1,024 shares",288,1.038385,162,0,9216,9216,18,1024.0,1024
"sixteen-step runs on a clock, 1,024 shares",289,0.934652,80,0,9216,9216,18,1024.0,1024
"sixteen-step runs on a clock, 1,024 shares",290,0.730777,38,0,9216,9216,18,1024.0,1024
"sixteen-step runs on a clock, 1,024 shares",291,1.465914,99,0,9216,9216,18,1024.0,1024
"sixteen-step runs on a clock, 1,024 shares",292,1.253276,81,0,9216,9216,18,1024.0,1024
"sixteen-step runs on a clock, 1,024 shares",293,31.912407,35,0,9216,9216,18,1024.0,1024
"sixteen-step runs on a clock, 1,024 shares",294,2.277656,313,0,9216,9216,18,1024.0,1024
"sixteen-step runs on a clock, 1,024 shares",295,0.630219,196,0,9216,9216,18,1024.0,1024
"sixteen-step runs on a clock, 1,024 shares",296,2.233457,74,0,9216,9216,18,1024.0,1024
"sixteen-step runs on a clock, 1,024 shares",297,1.923020,197,0,9216,9216,18,1024.0,1024
"sixteen-step runs on a clock, 1,024 shares",298,0.999337,235,0,9216,9216,18,1024.0,1024
"sixteen-step runs on a clock, 1,024 shares",299,2.571036,35,0,9216,9216,18,1024.0,1024
"sixteen-step runs on a clock, 1,024 shares",300,1.517199,62,0,9216,9216,18,1024.0,1024
"sixteen-step runs on a clock, 1,280 shares",1,0.911933,57,0,11520,11520,18,1280.0,1280
"sixteen-step runs on a clock, 1,280 shares",2,0.606125,128,0,11520,11520,18,1280.0,1280
"sixteen-step runs on a clock, 1,280 shares",3,49.410199,11,0,11520,11520,18,1280.0,1280
"sixteen-step runs on a clock, 1,280 shares",4,99.036322,5,0,11520,11520,18,1280.0,1280
"sixteen-step runs on a clock, 1,280 shares",5,0.605498,133,0,11520,11520,18,1280.0,1280
"sixteen-step runs on a clock, 1,280 shares",6,0.171946,106,0,11520,11520,18,1280.0,1280
"sixteen-step runs on a clock, 1,280 shares",7,3.173563,54,0,11520,11520,18,1280.0,1280
"sixteen-step runs on a clock, 1,280 shares",8,2.398080,46,0,11520,11520,18,1280.0,1280
"sixteen-step runs on a clock, 1,280 shares",9,1.519711,51,0,11520,11520,18,1280.0,1280
"sixteen-step runs on a clock, 1,280 shares",10,0.572965,92,0,11520,11520,18,1280.0,1280
"sixteen-step runs on a clock, 1,280 shares",11,234.426944,7,0,11520,11520,18,1280.0,1280
"sixteen-step runs on a clock, 1,280 shares",12,0.407351,238,0,11520,11520,18,1280.0,1280
"sixteen-step runs on a clock, 1,280 shares",13,289.354169,0,1,11520,11520,18,1280.0,1280
"sixteen-step runs on a clock, 1,280 shares",14,0.691060,63,0,11520,11520,18,1280.0,1280
"sixteen-step runs on a clock, 1,280 shares",15,219.121969,6,0,11520,11520,18,1280.0,1280
"sixteen-step runs on a clock, 1,280 shares",16,1.449401,70,0,11520,11520,18,1280.0,1280
"sixteen-step runs on a clock, 1,280 shares",17,226.373150,6,0,11520,11520,18,1280.0,1280
"sixteen-step runs on a clock, 1,280 shares",18,0.177900,112,0,11520,11520,18,1280.0,1280
"sixteen-step runs on a clock, 1,280 shares",19,38.902425,16,0,11520,11520,18,1280.0,1280
"sixteen-step runs on a clock, 1,280 shares",20,0.699005,72,0,11520,11520,18,1280.0,1280
"sixteen-step runs on a clock, 1,280 shares",21,0.601793,91,0,11520,11520,18,1280.0,1280
"sixteen-step runs on a clock, 1,280 shares",22,25.653221,27,0,11520,11520,18,1280.0,1280
"sixteen-step runs on a clock, 1,280 shares",23,6.642657,49,0,11520,11520,18,1280.0,1280
"sixteen-step runs on a clock, 1,280 shares",24,6.871259,36,0,11520,11520,18,1280.0,1280
"sixteen-step runs on a clock, 1,280 shares",25,3.169871,35,0,11520,11520,18,1280.0,1280
"sixteen-step runs on a clock, 1,280 shares",26,1.353860,60,0,11520,11520,18,1280.0,1280
"sixteen-step runs on a clock, 1,280 shares",27,2.506916,41,0,11520,11520,18,1280.0,1280
"sixteen-step runs on a clock, 1,280 shares",28,59.835260,0,1,11520,11520,18,1280.0,1280
"sixteen-step runs on a clock, 1,280 shares",29,291.419707,0,1,11520,11520,18,1280.0,1280
"sixteen-step runs on a clock, 1,280 shares",30,4.488770,55,0,11520,11520,18,1280.0,1280
"sixteen-step runs on a clock, 1,280 shares",31,153.844103,0,1,11520,11520,18,1280.0,1280
"sixteen-step runs on a clock, 1,280 shares",32,25.653336,15,0,11520,11520,18,1280.0,1280
"sixteen-step runs on a clock, 1,280 shares",33,1.171798,32,0,11520,11520,18,1280.0,1280
"sixteen-step runs on a clock, 1,280 shares",34,291.832141,1,0,11520,11520,18,1280.0,1280
"sixteen-step runs on a clock, 1,280 shares",35,1.475601,105,0,11520,11520,18,1280.0,1280
"sixteen-step runs on a clock, 1,280 shares",36,19.255299,18,0,11520,11520,18,1280.0,1280
"sixteen-step runs on a clock, 1,280 shares",37,1.042522,105,0,11520,11520,18,1280.0,1280
"sixteen-step runs on a clock, 1,280 shares",38,1.043096,82,0,11520,11520,18,1280.0,1280
"sixteen-step runs on a clock, 1,280 shares",39,1.763742,54,0,11520,11520,18,1280.0,1280
"sixteen-step runs on a clock, 1,280 shares",40,291.400983,0,1,11520,11520,18,1280.0,1280
"sixteen-step runs on a clock, 1,280 shares",41,2.497770,36,0,11520,11520,18,1280.0,1280
"sixteen-step runs on a clock, 1,280 shares",42,48.525747,11,0,11520,11520,18,1280.0,1280
"sixteen-step runs on a clock, 1,280 shares",43,0.374682,48,0,11520,11520,18,1280.0,1280
"sixteen-step runs on a clock, 1,280 shares",44,51.890585,19,0,11520,11520,18,1280.0,1280
"sixteen-step runs on a clock, 1,280 shares",45,1.849815,68,0,11520,11520,18,1280.0,1280
"sixteen-step runs on a clock, 1,280 shares",46,45.350583,14,0,11520,11520,18,1280.0,1280
"sixteen-step runs on a clock, 1,280 shares",47,11.851241,30,0,11520,11520,18,1280.0,1280
"sixteen-step runs on a clock, 1,280 shares",48,4.248513,62,0,11520,11520,18,1280.0,1280
"sixteen-step runs on a clock, 1,280 shares",49,0.585055,86,0,11520,11520,18,1280.0,1280
"sixteen-step runs on a clock, 1,280 shares",50,3.690745,18,0,11520,11520,18,1280.0,1280
"sixteen-step runs on a clock, 1,280 shares",51,0.389881,102,0,11520,11520,18,1280.0,1280
"sixteen-step runs on a clock, 1,280 shares",52,1.572206,78,0,11520,11520,18,1280.0,1280
"sixteen-step runs on a clock, 1,280 shares",53,0.607139,97,0,11520,11520,18,1280.0,1280
"sixteen-step runs on a clock, 1,280 shares",54,0.940188,64,0,11520,11520,18,1280.0,1280
"sixteen-step runs on a clock, 1,280 shares",55,6.157413,63,0,11520,11520,18,1280.0,1280
"sixteen-step runs on a clock, 1,280 shares",56,2.103279,41,0,11520,11520,18,1280.0,1280
"sixteen-step runs on a clock, 1,280 shares",57,1.625024,33,0,11520,11520,18,1280.0,1280
"sixteen-step runs on a clock, 1,280 shares",58,260.007038,0,1,11520,11520,18,1280.0,1280
"sixteen-step runs on a clock, 1,280 shares",59,1.197970,83,0,11520,11520,18,1280.0,1280
"sixteen-step runs on a clock, 1,280 shares",60,5.098372,42,0,11520,11520,18,1280.0,1280
"sixteen-step runs on a clock, 1,280 shares",61,4.278213,53,0,11520,11520,18,1280.0,1280
"sixteen-step runs on a clock, 1,280 shares",62,0.831139,76,0,11520,11520,18,1280.0,1280
"sixteen-step runs on a clock, 1,280 shares",63,0.501518,99,0,11520,11520,18,1280.0,1280
"sixteen-step runs on a clock, 1,280 shares",64,25.602911,22,0,11520,11520,18,1280.0,1280
"sixteen-step runs on a clock, 1,280 shares",65,135.370521,6,0,11520,11520,18,1280.0,1280
"sixteen-step runs on a clock, 1,280 shares",66,69.880969,14,0,11520,11520,18,1280.0,1280
"sixteen-step runs on a clock, 1,280 shares",67,45.923369,7,0,11520,11520,18,1280.0,1280
"sixteen-step runs on a clock, 1,280 shares",68,40.930264,18,0,11520,11520,18,1280.0,1280
"sixteen-step runs on a clock, 1,280 shares",69,4.081208,59,0,11520,11520,18,1280.0,1280
"sixteen-step runs on a clock, 1,280 shares",70,0.853513,78,0,11520,11520,18,1280.0,1280
"sixteen-step runs on a clock, 1,280 shares",71,4.051995,55,0,11520,11520,18,1280.0,1280
"sixteen-step runs on a clock, 1,280 shares",72,5.900708,16,0,11520,11520,18,1280.0,1280
"sixteen-step runs on a clock, 1,280 shares",73,239.543830,3,0,11520,11520,18,1280.0,1280
"sixteen-step runs on a clock, 1,280 shares",74,28.896338,38,0,11520,11520,18,1280.0,1280
"sixteen-step runs on a clock, 1,280 shares",75,1.556611,75,0,11520,11520,18,1280.0,1280
"sixteen-step runs on a clock, 1,280 shares",76,2.662749,61,0,11520,11520,18,1280.0,1280
"sixteen-step runs on a clock, 1,280 shares",77,79.158405,10,0,11520,11520,18,1280.0,1280
"sixteen-step runs on a clock, 1,280 shares",78,1.158424,135,0,11520,11520,18,1280.0,1280
"sixteen-step runs on a clock, 1,280 shares",79,0.590118,78,0,11520,11520,18,1280.0,1280
"sixteen-step runs on a clock, 1,280 shares",80,4.294893,76,0,11520,11520,18,1280.0,1280
"sixteen-step runs on a clock, 1,280 shares",81,293.025824,0,1,11520,11520,18,1280.0,1280
"sixteen-step runs on a clock, 1,280 shares",82,3.225815,38,0,11520,11520,18,1280.0,1280
"sixteen-step runs on a clock, 1,280 shares",83,0.696498,61,0,11520,11520,18,1280.0,1280
"sixteen-step runs on a clock, 1,280 shares",84,0.480859,84,0,11520,11520,18,1280.0,1280
"sixteen-step runs on a clock, 1,280 shares",85,2.247786,124,0,11520,11520,18,1280.0,1280
"sixteen-step runs on a clock, 1,280 shares",86,191.525175,0,1,11520,11520,18,1280.0,1280
"sixteen-step runs on a clock, 1,280 shares",87,57.589579,16,0,11520,11520,18,1280.0,1280
"sixteen-step runs on a clock, 1,280 shares",88,4.747254,29,0,11520,11520,18,1280.0,1280
"sixteen-step runs on a clock, 1,280 shares",89,124.683572,9,0,11520,11520,18,1280.0,1280
"sixteen-step runs on a clock, 1,280 shares",90,109.616874,15,0,11520,11520,18,1280.0,1280
"sixteen-step runs on a clock, 1,280 shares",91,2.948865,49,0,11520,11520,18,1280.0,1280
"sixteen-step runs on a clock, 1,280 shares",92,5.943298,43,0,11520,11520,18,1280.0,1280
"sixteen-step runs on a clock, 1,280 shares",93,36.133064,9,0,11520,11520,18,1280.0,1280
"sixteen-step runs on a clock, 1,280 shares",94,40.673992,18,0,11520,11520,18,1280.0,1280
"sixteen-step runs on a clock, 1,280 shares",95,0.379714,78,0,11520,11520,18,1280.0,1280
"sixteen-step runs on a clock, 1,280 shares",96,2.229292,26,0,11520,11520,18,1280.0,1280
"sixteen-step runs on a clock, 1,280 shares",97,54.361968,0,1,11520,11520,18,1280.0,1280
"sixteen-step runs on a clock, 1,280 shares",98,8.257570,24,0,11520,11520,18,1280.0,1280
"sixteen-step runs on a clock, 1,280 shares",99,11.674175,35,0,11520,11520,18,1280.0,1280
"sixteen-step runs on a clock, 1,280 shares",100,2.685367,149,0,11520,11520,18,1280.0,1280
"sixteen-step runs on a clock, 1,280 shares",101,29.250522,23,0,11520,11520,18,1280.0,1280
"sixteen-step runs on a clock, 1,280 shares",102,256.275652,2,0,11520,11520,18,1280.0,1280
"sixteen-step runs on a clock, 1,280 shares",103,270.574617,1,0,11520,11520,18,1280.0,1280
"sixteen-step runs on a clock, 1,280 shares",104,1.265277,53,0,11520,11520,18,1280.0,1280
"sixteen-step runs on a clock, 1,280 shares",105,1.768058,67,0,11520,11520,18,1280.0,1280
"sixteen-step runs on a clock, 1,280 shares",106,244.548422,2,0,11520,11520,18,1280.0,1280
"sixteen-step runs on a clock, 1,280 shares",107,0.577402,65,0,11520,11520,18,1280.0,1280
"sixteen-step runs on a clock, 1,280 shares",108,1.037794,27,0,11520,11520,18,1280.0,1280
"sixteen-step runs on a clock, 1,280 shares",109,0.671781,82,0,11520,11520,18,1280.0,1280
"sixteen-step runs on a clock, 1,280 shares",110,83.572790,8,0,11520,11520,18,1280.0,1280
"sixteen-step runs on a clock, 1,280 shares",111,4.365026,60,0,11520,11520,18,1280.0,1280
"sixteen-step runs on a clock, 1,280 shares",112,21.188267,25,0,11520,11520,18,1280.0,1280
"sixteen-step runs on a clock, 1,280 shares",113,0.543011,72,0,11520,11520,18,1280.0,1280
"sixteen-step runs on a clock, 1,280 shares",114,166.493040,0,1,11520,11520,18,1280.0,1280
"sixteen-step runs on a clock, 1,280 shares",115,286.928996,0,1,11520,11520,18,1280.0,1280
"sixteen-step runs on a clock, 1,280 shares",116,2.805756,43,0,11520,11520,18,1280.0,1280
"sixteen-step runs on a clock, 1,280 shares",117,1.031331,55,0,11520,11520,18,1280.0,1280
"sixteen-step runs on a clock, 1,280 shares",118,23.844937,29,0,11520,11520,18,1280.0,1280
"sixteen-step runs on a clock, 1,280 shares",119,14.239552,35,0,11520,11520,18,1280.0,1280
"sixteen-step runs on a clock, 1,280 shares",120,105.751204,7,0,11520,11520,18,1280.0,1280
"sixteen-step runs on a clock, 1,280 shares",121,0.581667,104,0,11520,11520,18,1280.0,1280
"sixteen-step runs on a clock, 1,280 shares",122,136.050219,0,1,11520,11520,18,1280.0,1280
"sixteen-step runs on a clock, 1,280 shares",123,99.736135,0,1,11520,11520,18,1280.0,1280
"sixteen-step runs on a clock, 1,280 shares",124,18.951767,33,0,11520,11520,18,1280.0,1280
"sixteen-step runs on a clock, 1,280 shares",125,-0.005496,165,0,11520,11520,18,1280.0,1280
"sixteen-step runs on a clock, 1,280 shares",126,0.299447,167,0,11520,11520,18,1280.0,1280
"sixteen-step runs on a clock, 1,280 shares",127,1.870329,137,0,11520,11520,18,1280.0,1280
"sixteen-step runs on a clock, 1,280 shares",128,290.472427,0,1,11520,11520,18,1280.0,1280
"sixteen-step runs on a clock, 1,280 shares",129,217.207740,3,0,11520,11520,18,1280.0,1280
"sixteen-step runs on a clock, 1,280 shares",130,0.073929,95,0,11520,11520,18,1280.0,1280
"sixteen-step runs on a clock, 1,280 shares",131,55.844190,9,0,11520,11520,18,1280.0,1280
"sixteen-step runs on a clock, 1,280 shares",132,45.816342,9,0,11520,11520,18,1280.0,1280
"sixteen-step runs on a clock, 1,280 shares",133,1.573566,75,0,11520,11520,18,1280.0,1280
"sixteen-step runs on a clock, 1,280 shares",134,-0.030143,144,0,11520,11520,18,1280.0,1280
"sixteen-step runs on a clock, 1,280 shares",135,3.148672,52,0,11520,11520,18,1280.0,1280
"sixteen-step runs on a clock, 1,280 shares",136,3.533235,62,0,11520,11520,18,1280.0,1280
"sixteen-step runs on a clock, 1,280 shares",137,283.721007,0,1,11520,11520,18,1280.0,1280
"sixteen-step runs on a clock, 1,280 shares",138,1.083349,59,0,11520,11520,18,1280.0,1280
"sixteen-step runs on a clock, 1,280 shares",139,291.677089,0,1,11520,11520,18,1280.0,1280
"sixteen-step runs on a clock, 1,280 shares",140,147.511011,0,1,11520,11520,18,1280.0,1280
"sixteen-step runs on a clock, 1,280 shares",141,9.063031,25,0,11520,11520,18,1280.0,1280
"sixteen-step runs on a clock, 1,280 shares",142,4.006968,59,0,11520,11520,18,1280.0,1280
"sixteen-step runs on a clock, 1,280 shares",143,143.339808,0,1,11520,11520,18,1280.0,1280
"sixteen-step runs on a clock, 1,280 shares",144,1.813820,53,0,11520,11520,18,1280.0,1280
"sixteen-step runs on a clock, 1,280 shares",145,233.954820,0,1,11520,11520,18,1280.0,1280
"sixteen-step runs on a clock, 1,280 shares",146,4.987403,50,0,11520,11520,18,1280.0,1280
"sixteen-step runs on a clock, 1,280 shares",147,-0.079276,165,0,11520,11520,18,1280.0,1280
"sixteen-step runs on a clock, 1,280 shares",148,149.390933,0,1,11520,11520,18,1280.0,1280
"sixteen-step runs on a clock, 1,280 shares",149,1.146907,77,0,11520,11520,18,1280.0,1280
"sixteen-step runs on a clock, 1,280 shares",150,12.384014,25,0,11520,11520,18,1280.0,1280
"sixteen-step runs on a clock, 1,280 shares",151,120.755061,0,1,11520,11520,18,1280.0,1280
"sixteen-step runs on a clock, 1,280 shares",152,0.730498,32,0,11520,11520,18,1280.0,1280
"sixteen-step runs on a clock, 1,280 shares",153,7.710482,35,0,11520,11520,18,1280.0,1280
"sixteen-step runs on a clock, 1,280 shares",154,45.610168,10,0,11520,11520,18,1280.0,1280
"sixteen-step runs on a clock, 1,280 shares",155,282.357386,0,1,11520,11520,18,1280.0,1280
"sixteen-step runs on a clock, 1,280 shares",156,4.585087,41,0,11520,11520,18,1280.0,1280
"sixteen-step runs on a clock, 1,280 shares",157,1.350530,56,0,11520,11520,18,1280.0,1280
"sixteen-step runs on a clock, 1,280 shares",158,1.620255,68,0,11520,11520,18,1280.0,1280
"sixteen-step runs on a clock, 1,280 shares",159,1.918657,25,0,11520,11520,18,1280.0,1280
"sixteen-step runs on a clock, 1,280 shares",160,0.571306,69,0,11520,11520,18,1280.0,1280
"sixteen-step runs on a clock, 1,280 shares",161,257.533213,0,1,11520,11520,18,1280.0,1280
"sixteen-step runs on a clock, 1,280 shares",162,10.905305,23,0,11520,11520,18,1280.0,1280
"sixteen-step runs on a clock, 1,280 shares",163,95.850925,12,0,11520,11520,18,1280.0,1280
"sixteen-step runs on a clock, 1,280 shares",164,2.132340,37,0,11520,11520,18,1280.0,1280
"sixteen-step runs on a clock, 1,280 shares",165,148.108277,0,1,11520,11520,18,1280.0,1280
"sixteen-step runs on a clock, 1,280 shares",166,0.816828,84,0,11520,11520,18,1280.0,1280
"sixteen-step runs on a clock, 1,280 shares",167,71.456614,7,0,11520,11520,18,1280.0,1280
"sixteen-step runs on a clock, 1,280 shares",168,4.863472,50,0,11520,11520,18,1280.0,1280
"sixteen-step runs on a clock, 1,280 shares",169,88.899168,3,0,11520,11520,18,1280.0,1280
"sixteen-step runs on a clock, 1,280 shares",170,0.308240,195,0,11520,11520,18,1280.0,1280
"sixteen-step runs on a clock, 1,280 shares",171,2.466061,95,0,11520,11520,18,1280.0,1280
"sixteen-step runs on a clock, 1,280 shares",172,0.270283,100,0,11520,11520,18,1280.0,1280
"sixteen-step runs on a clock, 1,280 shares",173,0.873618,82,0,11520,11520,18,1280.0,1280
"sixteen-step runs on a clock, 1,280 shares",174,171.590857,0,1,11520,11520,18,1280.0,1280
"sixteen-step runs on a clock, 1,280 shares",175,292.692083,0,1,11520,11520,18,1280.0,1280
"sixteen-step runs on a clock, 1,280 shares",176,151.022137,6,0,11520,11520,18,1280.0,1280
"sixteen-step runs on a clock, 1,280 shares",177,87.154020,3,0,11520,11520,18,1280.0,1280
"sixteen-step runs on a clock, 1,280 shares",178,0.454426,63,0,11520,11520,18,1280.0,1280
"sixteen-step runs on a clock, 1,280 shares",179,0.345696,93,0,11520,11520,18,1280.0,1280
"sixteen-step runs on a clock, 1,280 shares",180,2.249922,65,0,11520,11520,18,1280.0,1280
"sixteen-step runs on a clock, 1,280 shares",181,3.893617,33,0,11520,11520,18,1280.0,1280
"sixteen-step runs on a clock, 1,280 shares",182,1.719510,66,0,11520,11520,18,1280.0,1280
"sixteen-step runs on a clock, 1,280 shares",183,0.715431,144,0,11520,11520,18,1280.0,1280
"sixteen-step runs on a clock, 1,280 shares",184,1.197098,64,0,11520,11520,18,1280.0,1280
"sixteen-step runs on a clock, 1,280 shares",185,111.291853,0,1,11520,11520,18,1280.0,1280
"sixteen-step runs on a clock, 1,280 shares",186,5.873999,43,0,11520,11520,18,1280.0,1280
"sixteen-step runs on a clock, 1,280 shares",187,0.402068,37,0,11520,11520,18,1280.0,1280
"sixteen-step runs on a clock, 1,280 shares",188,7.345756,42,0,11520,11520,18,1280.0,1280
"sixteen-step runs on a clock, 1,280 shares",189,197.334720,0,1,11520,11520,18,1280.0,1280
"sixteen-step runs on a clock, 1,280 shares",190,-0.189864,79,0,11520,11520,18,1280.0,1280
"sixteen-step runs on a clock, 1,280 shares",191,259.061067,0,1,11520,11520,18,1280.0,1280
"sixteen-step runs on a clock, 1,280 shares",192,0.555387,116,0,11520,11520,18,1280.0,1280
"sixteen-step runs on a clock, 1,280 shares",193,260.622610,0,1,11520,11520,18,1280.0,1280
"sixteen-step runs on a clock, 1,280 shares",194,1.363625,54,0,11520,11520,18,1280.0,1280
"sixteen-step runs on a clock, 1,280 shares",195,0.552673,172,0,11520,11520,18,1280.0,1280
"sixteen-step runs on a clock, 1,280 shares",196,1.303721,78,0,11520,11520,18,1280.0,1280
"sixteen-step runs on a clock, 1,280 shares",197,120.296039,14,0,11520,11520,18,1280.0,1280
"sixteen-step runs on a clock, 1,280 shares",198,0.688429,192,0,11520,11520,18,1280.0,1280
"sixteen-step runs on a clock, 1,280 shares",199,7.791999,56,0,11520,11520,18,1280.0,1280
"sixteen-step runs on a clock, 1,280 shares",200,81.502262,17,0,11520,11520,18,1280.0,1280
"sixteen-step runs on a clock, 1,280 shares",201,151.968541,0,1,11520,11520,18,1280.0,1280
"sixteen-step runs on a clock, 1,280 shares",202,0.506945,113,0,11520,11520,18,1280.0,1280
"sixteen-step runs on a clock, 1,280 shares",203,43.030406,22,0,11520,11520,18,1280.0,1280
"sixteen-step runs on a clock, 1,280 shares",204,3.005814,41,0,11520,11520,18,1280.0,1280
"sixteen-step runs on a clock, 1,280 shares",205,276.621517,0,1,11520,11520,18,1280.0,1280
"sixteen-step runs on a clock, 1,280 shares",206,3.396975,21,0,11520,11520,18,1280.0,1280
"sixteen-step runs on a clock, 1,280 shares",207,0.268680,119,0,11520,11520,18,1280.0,1280
"sixteen-step runs on a clock, 1,280 shares",208,9.698444,45,0,11520,11520,18,1280.0,1280
"sixteen-step runs on a clock, 1,280 shares",209,0.682640,81,0,11520,11520,18,1280.0,1280
"sixteen-step runs on a clock, 1,280 shares",210,174.407216,7,0,11520,11520,18,1280.0,1280
"sixteen-step runs on a clock, 1,280 shares",211,-0.030288,141,0,11520,11520,18,1280.0,1280
"sixteen-step runs on a clock, 1,280 shares",212,1.324177,138,0,11520,11520,18,1280.0,1280
"sixteen-step runs on a clock, 1,280 shares",213,1.089378,79,0,11520,11520,18,1280.0,1280
"sixteen-step runs on a clock, 1,280 shares",214,117.666017,6,0,11520,11520,18,1280.0,1280
"sixteen-step runs on a clock, 1,280 shares",215,5.304402,39,0,11520,11520,18,1280.0,1280
"sixteen-step runs on a clock, 1,280 shares",216,23.248490,13,0,11520,11520,18,1280.0,1280
"sixteen-step runs on a clock, 1,280 shares",217,78.815905,8,0,11520,11520,18,1280.0,1280
"sixteen-step runs on a clock, 1,280 shares",218,39.632864,14,0,11520,11520,18,1280.0,1280
"sixteen-step runs on a clock, 1,280 shares",219,0.314741,70,0,11520,11520,18,1280.0,1280
"sixteen-step runs on a clock, 1,280 shares",220,54.496166,20,0,11520,11520,18,1280.0,1280
"sixteen-step runs on a clock, 1,280 shares",221,40.411273,9,0,11520,11520,18,1280.0,1280
"sixteen-step runs on a clock, 1,280 shares",222,0.779035,138,0,11520,11520,18,1280.0,1280
"sixteen-step runs on a clock, 1,280 shares",223,8.687505,18,0,11520,11520,18,1280.0,1280
"sixteen-step runs on a clock, 1,280 shares",224,1.010492,84,0,11520,11520,18,1280.0,1280
"sixteen-step runs on a clock, 1,280 shares",225,8.157539,40,0,11520,11520,18,1280.0,1280
"sixteen-step runs on a clock, 1,280 shares",226,4.467517,55,0,11520,11520,18,1280.0,1280
"sixteen-step runs on a clock, 1,280 shares",227,0.498155,62,0,11520,11520,18,1280.0,1280
"sixteen-step runs on a clock, 1,280 shares",228,9.600398,37,0,11520,11520,18,1280.0,1280
"sixteen-step runs on a clock, 1,280 shares",229,0.092672,78,0,11520,11520,18,1280.0,1280
"sixteen-step runs on a clock, 1,280 shares",230,1.265029,38,0,11520,11520,18,1280.0,1280
"sixteen-step runs on a clock, 1,280 shares",231,0.851032,75,0,11520,11520,18,1280.0,1280
"sixteen-step runs on a clock, 1,280 shares",232,1.095816,88,0,11520,11520,18,1280.0,1280
"sixteen-step runs on a clock, 1,280 shares",233,0.359798,127,0,11520,11520,18,1280.0,1280
"sixteen-step runs on a clock, 1,280 shares",234,213.486385,0,1,11520,11520,18,1280.0,1280
"sixteen-step runs on a clock, 1,280 shares",235,23.854092,18,0,11520,11520,18,1280.0,1280
"sixteen-step runs on a clock, 1,280 shares",236,171.241770,6,0,11520,11520,18,1280.0,1280
"sixteen-step runs on a clock, 1,280 shares",237,30.081870,33,0,11520,11520,18,1280.0,1280
"sixteen-step runs on a clock, 1,280 shares",238,0.816777,144,0,11520,11520,18,1280.0,1280
"sixteen-step runs on a clock, 1,280 shares",239,70.833440,18,0,11520,11520,18,1280.0,1280
"sixteen-step runs on a clock, 1,280 shares",240,12.898679,11,0,11520,11520,18,1280.0,1280
"sixteen-step runs on a clock, 1,280 shares",241,0.621069,80,0,11520,11520,18,1280.0,1280
"sixteen-step runs on a clock, 1,280 shares",242,6.721431,50,0,11520,11520,18,1280.0,1280
"sixteen-step runs on a clock, 1,280 shares",243,0.556053,45,0,11520,11520,18,1280.0,1280
"sixteen-step runs on a clock, 1,280 shares",244,186.599897,0,1,11520,11520,18,1280.0,1280
"sixteen-step runs on a clock, 1,280 shares",245,19.213248,12,0,11520,11520,18,1280.0,1280
"sixteen-step runs on a clock, 1,280 shares",246,0.078765,142,0,11520,11520,18,1280.0,1280
"sixteen-step runs on a clock, 1,280 shares",247,4.773551,50,0,11520,11520,18,1280.0,1280
"sixteen-step runs on a clock, 1,280 shares",248,4.254486,48,0,11520,11520,18,1280.0,1280
"sixteen-step runs on a clock, 1,280 shares",249,1.803179,59,0,11520,11520,18,1280.0,1280
"sixteen-step runs on a clock, 1,280 shares",250,1.318610,110,0,11520,11520,18,1280.0,1280
"sixteen-step runs on a clock, 1,280 shares",251,2.318376,33,0,11520,11520,18,1280.0,1280
"sixteen-step runs on a clock, 1,280 shares",252,284.324900,1,0,11520,11520,18,1280.0,1280
"sixteen-step runs on a clock, 1,280 shares",253,-0.091855,99,0,11520,11520,18,1280.0,1280
"sixteen-step runs on a clock, 1,280 shares",254,291.042527,0,1,11520,11520,18,1280.0,1280
"sixteen-step runs on a clock, 1,280 shares",255,8.021855,61,0,11520,11520,18,1280.0,1280
"sixteen-step runs on a clock, 1,280 shares",256,17.576105,26,0,11520,11520,18,1280.0,1280
"sixteen-step runs on a clock, 1,280 shares",257,19.764836,21,0,11520,11520,18,1280.0,1280
"sixteen-step runs on a clock, 1,280 shares",258,9.099549,39,0,11520,11520,18,1280.0,1280
"sixteen-step runs on a clock, 1,280 shares",259,5.726634,10,0,11520,11520,18,1280.0,1280
"sixteen-step runs on a clock, 1,280 shares",260,26.917914,14,0,11520,11520,18,1280.0,1280
"sixteen-step runs on a clock, 1,280 shares",261,0.959500,92,0,11520,11520,18,1280.0,1280
"sixteen-step runs on a clock, 1,280 shares",262,2.221174,90,0,11520,11520,18,1280.0,1280
"sixteen-step runs on a clock, 1,280 shares",263,1.003072,50,0,11520,11520,18,1280.0,1280
"sixteen-step runs on a clock, 1,280 shares",264,0.832962,110,0,11520,11520,18,1280.0,1280
"sixteen-step runs on a clock, 1,280 shares",265,75.928298,9,0,11520,11520,18,1280.0,1280
"sixteen-step runs on a clock, 1,280 shares",266,148.081801,0,1,11520,11520,18,1280.0,1280
"sixteen-step runs on a clock, 1,280 shares",267,10.795749,28,0,11520,11520,18,1280.0,1280
"sixteen-step runs on a clock, 1,280 shares",268,1.006905,126,0,11520,11520,18,1280.0,1280
"sixteen-step runs on a clock, 1,280 shares",269,0.305456,65,0,11520,11520,18,1280.0,1280
"sixteen-step runs on a clock, 1,280 shares",270,184.157730,4,0,11520,11520,18,1280.0,1280
"sixteen-step runs on a clock, 1,280 shares",271,0.890717,98,0,11520,11520,18,1280.0,1280
"sixteen-step runs on a clock, 1,280 shares",272,-0.415190,209,0,11520,11520,18,1280.0,1280
"sixteen-step runs on a clock, 1,280 shares",273,290.016549,0,1,11520,11520,18,1280.0,1280
"sixteen-step runs on a clock, 1,280 shares",274,116.828993,6,0,11520,11520,18,1280.0,1280
"sixteen-step runs on a clock, 1,280 shares",275,0.267882,51,0,11520,11520,18,1280.0,1280
"sixteen-step runs on a clock, 1,280 shares",276,3.100601,34,0,11520,11520,18,1280.0,1280
"sixteen-step runs on a clock, 1,280 shares",277,1.277689,102,0,11520,11520,18,1280.0,1280
"sixteen-step runs on a clock, 1,280 shares",278,155.290408,6,0,11520,11520,18,1280.0,1280
"sixteen-step runs on a clock, 1,280 shares",279,275.737316,0,1,11520,11520,18,1280.0,1280
"sixteen-step runs on a clock, 1,280 shares",280,8.564635,19,0,11520,11520,18,1280.0,1280
"sixteen-step runs on a clock, 1,280 shares",281,0.241751,154,0,11520,11520,18,1280.0,1280
"sixteen-step runs on a clock, 1,280 shares",282,2.991507,128,0,11520,11520,18,1280.0,1280
"sixteen-step runs on a clock, 1,280 shares",283,1.398520,61,0,11520,11520,18,1280.0,1280
"sixteen-step runs on a clock, 1,280 shares",284,197.834622,0,1,11520,11520,18,1280.0,1280
"sixteen-step runs on a clock, 1,280 shares",285,69.980733,18,0,11520,11520,18,1280.0,1280
"sixteen-step runs on a clock, 1,280 shares",286,160.980074,0,1,11520,11520,18,1280.0,1280
"sixteen-step runs on a clock, 1,280 shares",287,90.466049,13,0,11520,11520,18,1280.0,1280
"sixteen-step runs on a clock, 1,280 shares",288,0.629023,87,0,11520,11520,18,1280.0,1280
"sixteen-step runs on a clock, 1,280 shares",289,42.322437,18,0,11520,11520,18,1280.0,1280
"sixteen-step runs on a clock, 1,280 shares",290,260.288803,0,1,11520,11520,18,1280.0,1280
"sixteen-step runs on a clock, 1,280 shares",291,15.482936,13,0,11520,11520,18,1280.0,1280
"sixteen-step runs on a clock, 1,280 shares",292,18.193572,19,0,11520,11520,18,1280.0,1280
"sixteen-step runs on a clock, 1,280 shares",293,24.363010,22,0,11520,11520,18,1280.0,1280
"sixteen-step runs on a clock, 1,280 shares",294,1.658477,155,0,11520,11520,18,1280.0,1280
"sixteen-step runs on a clock, 1,280 shares",295,0.600033,71,0,11520,11520,18,1280.0,1280
"sixteen-step runs on a clock, 1,280 shares",296,5.923385,20,0,11520,11520,18,1280.0,1280
"sixteen-step runs on a clock, 1,280 shares",297,1.372935,86,0,11520,11520,18,1280.0,1280
"sixteen-step runs on a clock, 1,280 shares",298,1.550350,90,0,11520,11520,18,1280.0,1280
"sixteen-step runs on a clock, 1,280 shares",299,248.008764,0,1,11520,11520,18,1280.0,1280
"sixteen-step runs on a clock, 1,280 shares",300,108.821555,0,1,11520,11520,18,1280.0,1280
"sixteen-step runs on a clock, 1,536 shares",1,42.628213,0,1,13824,13824,18,1536.0,1536
"sixteen-step runs on a clock, 1,536 shares",2,43.684220,6,0,13824,13824,18,1536.0,1536
"sixteen-step runs on a clock, 1,536 shares",3,93.787957,0,1,13824,13824,18,1536.0,1536
"sixteen-step runs on a clock, 1,536 shares",4,125.722439,0,1,13824,13824,18,1536.0,1536
"sixteen-step runs on a clock, 1,536 shares",5,127.335081,0,1,13824,13824,18,1536.0,1536
"sixteen-step runs on a clock, 1,536 shares",6,144.905879,0,1,13824,13824,18,1536.0,1536
"sixteen-step runs on a clock, 1,536 shares",7,190.924458,0,1,13824,13824,18,1536.0,1536
"sixteen-step runs on a clock, 1,536 shares",8,200.196363,0,1,13824,13824,18,1536.0,1536
"sixteen-step runs on a clock, 1,536 shares",9,116.147945,0,1,13824,13824,18,1536.0,1536
"sixteen-step runs on a clock, 1,536 shares",10,135.453369,0,1,13824,13824,18,1536.0,1536
"sixteen-step runs on a clock, 1,536 shares",11,231.484663,0,1,13824,13824,18,1536.0,1536
"sixteen-step runs on a clock, 1,536 shares",12,25.044013,13,0,13824,13824,18,1536.0,1536
"sixteen-step runs on a clock, 1,536 shares",13,45.105110,0,1,13824,13824,18,1536.0,1536
"sixteen-step runs on a clock, 1,536 shares",14,224.174238,0,1,13824,13824,18,1536.0,1536
"sixteen-step runs on a clock, 1,536 shares",15,126.221105,0,1,13824,13824,18,1536.0,1536
"sixteen-step runs on a clock, 1,536 shares",16,115.673511,0,1,13824,13824,18,1536.0,1536
"sixteen-step runs on a clock, 1,536 shares",17,104.851238,0,1,13824,13824,18,1536.0,1536
"sixteen-step runs on a clock, 1,536 shares",18,77.634357,0,1,13824,13824,18,1536.0,1536
"sixteen-step runs on a clock, 1,536 shares",19,292.064468,0,1,13824,13824,18,1536.0,1536
"sixteen-step runs on a clock, 1,536 shares",20,140.346269,0,1,13824,13824,18,1536.0,1536
"sixteen-step runs on a clock, 1,536 shares",21,161.000592,0,1,13824,13824,18,1536.0,1536
"sixteen-step runs on a clock, 1,536 shares",22,96.270184,0,1,13824,13824,18,1536.0,1536
"sixteen-step runs on a clock, 1,536 shares",23,158.517114,0,1,13824,13824,18,1536.0,1536
"sixteen-step runs on a clock, 1,536 shares",24,265.253455,0,1,13824,13824,18,1536.0,1536
"sixteen-step runs on a clock, 1,536 shares",25,119.488946,0,1,13824,13824,18,1536.0,1536
"sixteen-step runs on a clock, 1,536 shares",26,109.002480,0,1,13824,13824,18,1536.0,1536
"sixteen-step runs on a clock, 1,536 shares",27,151.721591,0,1,13824,13824,18,1536.0,1536
"sixteen-step runs on a clock, 1,536 shares",28,88.755673,0,1,13824,13824,18,1536.0,1536
"sixteen-step runs on a clock, 1,536 shares",29,103.970019,0,1,13824,13824,18,1536.0,1536
"sixteen-step runs on a clock, 1,536 shares",30,25.360779,4,0,13824,13824,18,1536.0,1536
"sixteen-step runs on a clock, 1,536 shares",31,112.329181,0,1,13824,13824,18,1536.0,1536
"sixteen-step runs on a clock, 1,536 shares",32,140.850490,0,1,13824,13824,18,1536.0,1536
"sixteen-step runs on a clock, 1,536 shares",33,122.432588,0,1,13824,13824,18,1536.0,1536
"sixteen-step runs on a clock, 1,536 shares",34,69.750928,0,1,13824,13824,18,1536.0,1536
"sixteen-step runs on a clock, 1,536 shares",35,102.664820,0,1,13824,13824,18,1536.0,1536
"sixteen-step runs on a clock, 1,536 shares",36,78.427847,0,1,13824,13824,18,1536.0,1536
"sixteen-step runs on a clock, 1,536 shares",37,144.632831,0,1,13824,13824,18,1536.0,1536
"sixteen-step runs on a clock, 1,536 shares",38,121.071437,0,1,13824,13824,18,1536.0,1536
"sixteen-step runs on a clock, 1,536 shares",39,110.700772,0,1,13824,13824,18,1536.0,1536
"sixteen-step runs on a clock, 1,536 shares",40,92.478420,1,0,13824,13824,18,1536.0,1536
"sixteen-step runs on a clock, 1,536 shares",41,131.579943,0,1,13824,13824,18,1536.0,1536
"sixteen-step runs on a clock, 1,536 shares",42,138.154522,0,1,13824,13824,18,1536.0,1536
"sixteen-step runs on a clock, 1,536 shares",43,187.490269,0,1,13824,13824,18,1536.0,1536
"sixteen-step runs on a clock, 1,536 shares",44,242.973256,0,1,13824,13824,18,1536.0,1536
"sixteen-step runs on a clock, 1,536 shares",45,65.277583,0,1,13824,13824,18,1536.0,1536
"sixteen-step runs on a clock, 1,536 shares",46,144.357088,0,1,13824,13824,18,1536.0,1536
"sixteen-step runs on a clock, 1,536 shares",47,106.242836,0,1,13824,13824,18,1536.0,1536
"sixteen-step runs on a clock, 1,536 shares",48,128.341743,0,1,13824,13824,18,1536.0,1536
"sixteen-step runs on a clock, 1,536 shares",49,140.247678,0,1,13824,13824,18,1536.0,1536
"sixteen-step runs on a clock, 1,536 shares",50,94.245450,0,1,13824,13824,18,1536.0,1536
"sixteen-step runs on a clock, 1,536 shares",51,98.026228,0,1,13824,13824,18,1536.0,1536
"sixteen-step runs on a clock, 1,536 shares",52,69.542655,0,1,13824,13824,18,1536.0,1536
"sixteen-step runs on a clock, 1,536 shares",53,114.576658,0,1,13824,13824,18,1536.0,1536
"sixteen-step runs on a clock, 1,536 shares",54,192.545765,0,1,13824,13824,18,1536.0,1536
"sixteen-step runs on a clock, 1,536 shares",55,172.423076,0,1,13824,13824,18,1536.0,1536
"sixteen-step runs on a clock, 1,536 shares",56,247.233709,0,1,13824,13824,18,1536.0,1536
"sixteen-step runs on a clock, 1,536 shares",57,119.687627,0,1,13824,13824,18,1536.0,1536
"sixteen-step runs on a clock, 1,536 shares",58,85.727502,0,1,13824,13824,18,1536.0,1536
"sixteen-step runs on a clock, 1,536 shares",59,145.382438,0,1,13824,13824,18,1536.0,1536
"sixteen-step runs on a clock, 1,536 shares",60,80.214803,0,1,13824,13824,18,1536.0,1536
"sixteen-step runs on a clock, 1,536 shares",61,15.756606,7,0,13824,13824,18,1536.0,1536
"sixteen-step runs on a clock, 1,536 shares",62,254.414620,0,1,13824,13824,18,1536.0,1536
"sixteen-step runs on a clock, 1,536 shares",63,260.260310,0,1,13824,13824,18,1536.0,1536
"sixteen-step runs on a clock, 1,536 shares",64,194.122309,0,1,13824,13824,18,1536.0,1536
"sixteen-step runs on a clock, 1,536 shares",65,52.556442,7,0,13824,13824,18,1536.0,1536
"sixteen-step runs on a clock, 1,536 shares",66,167.740757,0,1,13824,13824,18,1536.0,1536
"sixteen-step runs on a clock, 1,536 shares",67,128.875702,0,1,13824,13824,18,1536.0,1536
"sixteen-step runs on a clock, 1,536 shares",68,121.612520,0,1,13824,13824,18,1536.0,1536
"sixteen-step runs on a clock, 1,536 shares",69,160.266021,0,1,13824,13824,18,1536.0,1536
"sixteen-step runs on a clock, 1,536 shares",70,86.184162,0,1,13824,13824,18,1536.0,1536
"sixteen-step runs on a clock, 1,536 shares",71,24.810016,5,0,13824,13824,18,1536.0,1536
"sixteen-step runs on a clock, 1,536 shares",72,99.412505,0,1,13824,13824,18,1536.0,1536
"sixteen-step runs on a clock, 1,536 shares",73,234.036063,0,1,13824,13824,18,1536.0,1536
"sixteen-step runs on a clock, 1,536 shares",74,121.818167,0,1,13824,13824,18,1536.0,1536
"sixteen-step runs on a clock, 1,536 shares",75,258.417819,0,1,13824,13824,18,1536.0,1536
"sixteen-step runs on a clock, 1,536 shares",76,61.968458,0,1,13824,13824,18,1536.0,1536
"sixteen-step runs on a clock, 1,536 shares",77,97.565048,0,1,13824,13824,18,1536.0,1536
"sixteen-step runs on a clock, 1,536 shares",78,146.907097,0,1,13824,13824,18,1536.0,1536
"sixteen-step runs on a clock, 1,536 shares",79,119.953177,0,1,13824,13824,18,1536.0,1536
"sixteen-step runs on a clock, 1,536 shares",80,56.328873,0,1,13824,13824,18,1536.0,1536
"sixteen-step runs on a clock, 1,536 shares",81,39.463723,7,0,13824,13824,18,1536.0,1536
"sixteen-step runs on a clock, 1,536 shares",82,170.862850,0,1,13824,13824,18,1536.0,1536
"sixteen-step runs on a clock, 1,536 shares",83,77.162659,0,1,13824,13824,18,1536.0,1536
"sixteen-step runs on a clock, 1,536 shares",84,115.446403,0,1,13824,13824,18,1536.0,1536
"sixteen-step runs on a clock, 1,536 shares",85,230.103651,0,1,13824,13824,18,1536.0,1536
"sixteen-step runs on a clock, 1,536 shares",86,66.320599,0,1,13824,13824,18,1536.0,1536
"sixteen-step runs on a clock, 1,536 shares",87,160.514304,0,1,13824,13824,18,1536.0,1536
"sixteen-step runs on a clock, 1,536 shares",88,122.635633,0,1,13824,13824,18,1536.0,1536
"sixteen-step runs on a clock, 1,536 shares",89,179.088921,0,1,13824,13824,18,1536.0,1536
"sixteen-step runs on a clock, 1,536 shares",90,254.136995,1,0,13824,13824,18,1536.0,1536
"sixteen-step runs on a clock, 1,536 shares",91,93.395594,0,1,13824,13824,18,1536.0,1536
"sixteen-step runs on a clock, 1,536 shares",92,207.802747,0,1,13824,13824,18,1536.0,1536
"sixteen-step runs on a clock, 1,536 shares",93,77.161887,0,1,13824,13824,18,1536.0,1536
"sixteen-step runs on a clock, 1,536 shares",94,93.272584,0,1,13824,13824,18,1536.0,1536
"sixteen-step runs on a clock, 1,536 shares",95,191.382958,0,1,13824,13824,18,1536.0,1536
"sixteen-step runs on a clock, 1,536 shares",96,238.733350,0,1,13824,13824,18,1536.0,1536
"sixteen-step runs on a clock, 1,536 shares",97,80.066067,0,1,13824,13824,18,1536.0,1536
"sixteen-step runs on a clock, 1,536 shares",98,150.092228,0,1,13824,13824,18,1536.0,1536
"sixteen-step runs on a clock, 1,536 shares",99,35.627062,0,1,13824,13824,18,1536.0,1536
"sixteen-step runs on a clock, 1,536 shares",100,24.194953,9,0,13824,13824,18,1536.0,1536
"sixteen-step runs on a clock, 1,536 shares",101,126.788996,0,1,13824,13824,18,1536.0,1536
"sixteen-step runs on a clock, 1,536 shares",102,134.187572,0,1,13824,13824,18,1536.0,1536
"sixteen-step runs on a clock, 1,536 shares",103,107.669803,0,1,13824,13824,18,1536.0,1536
"sixteen-step runs on a clock, 1,536 shares",104,166.774395,0,1,13824,13824,18,1536.0,1536
"sixteen-step runs on a clock, 1,536 shares",105,236.432674,0,1,13824,13824,18,1536.0,1536
"sixteen-step runs on a clock, 1,536 shares",106,128.240288,0,1,13824,13824,18,1536.0,1536
"sixteen-step runs on a clock, 1,536 shares",107,61.113076,0,1,13824,13824,18,1536.0,1536
"sixteen-step runs on a clock, 1,536 shares",108,108.939944,0,1,13824,13824,18,1536.0,1536
"sixteen-step runs on a clock, 1,536 shares",109,29.797846,4,0,13824,13824,18,1536.0,1536
"sixteen-step runs on a clock, 1,536 shares",110,196.387387,0,1,13824,13824,18,1536.0,1536
"sixteen-step runs on a clock, 1,536 shares",111,92.452706,0,1,13824,13824,18,1536.0,1536
"sixteen-step runs on a clock, 1,536 shares",112,69.535730,6,0,13824,13824,18,1536.0,1536
"sixteen-step runs on a clock, 1,536 shares",113,78.951583,0,1,13824,13824,18,1536.0,1536
"sixteen-step runs on a clock, 1,536 shares",114,232.302204,0,1,13824,13824,18,1536.0,1536
"sixteen-step runs on a clock, 1,536 shares",115,185.871550,0,1,13824,13824,18,1536.0,1536
"sixteen-step runs on a clock, 1,536 shares",116,144.911797,0,1,13824,13824,18,1536.0,1536
"sixteen-step runs on a clock, 1,536 shares",117,101.493480,0,1,13824,13824,18,1536.0,1536
"sixteen-step runs on a clock, 1,536 shares",118,10.374622,8,0,13824,13824,18,1536.0,1536
"sixteen-step runs on a clock, 1,536 shares",119,150.206266,1,0,13824,13824,18,1536.0,1536
"sixteen-step runs on a clock, 1,536 shares",120,88.476517,0,1,13824,13824,18,1536.0,1536
"sixteen-step runs on a clock, 1,536 shares",121,197.147968,0,1,13824,13824,18,1536.0,1536
"sixteen-step runs on a clock, 1,536 shares",122,68.253495,0,1,13824,13824,18,1536.0,1536
"sixteen-step runs on a clock, 1,536 shares",123,64.035354,0,1,13824,13824,18,1536.0,1536
"sixteen-step runs on a clock, 1,536 shares",124,93.679247,0,1,13824,13824,18,1536.0,1536
"sixteen-step runs on a clock, 1,536 shares",125,185.993784,0,1,13824,13824,18,1536.0,1536
"sixteen-step runs on a clock, 1,536 shares",126,3.943031,19,0,13824,13824,18,1536.0,1536
"sixteen-step runs on a clock, 1,536 shares",127,154.745705,0,1,13824,13824,18,1536.0,1536
"sixteen-step runs on a clock, 1,536 shares",128,128.642227,0,1,13824,13824,18,1536.0,1536
"sixteen-step runs on a clock, 1,536 shares",129,104.135509,0,1,13824,13824,18,1536.0,1536
"sixteen-step runs on a clock, 1,536 shares",130,94.667747,0,1,13824,13824,18,1536.0,1536
"sixteen-step runs on a clock, 1,536 shares",131,234.924465,0,1,13824,13824,18,1536.0,1536
"sixteen-step runs on a clock, 1,536 shares",132,113.576350,0,1,13824,13824,18,1536.0,1536
"sixteen-step runs on a clock, 1,536 shares",133,181.271559,0,1,13824,13824,18,1536.0,1536
"sixteen-step runs on a clock, 1,536 shares",134,34.212133,8,0,13824,13824,18,1536.0,1536
"sixteen-step runs on a clock, 1,536 shares",135,172.482525,0,1,13824,13824,18,1536.0,1536
"sixteen-step runs on a clock, 1,536 shares",136,14.392450,13,0,13824,13824,18,1536.0,1536
"sixteen-step runs on a clock, 1,536 shares",137,181.773442,0,1,13824,13824,18,1536.0,1536
"sixteen-step runs on a clock, 1,536 shares",138,159.039500,0,1,13824,13824,18,1536.0,1536
"sixteen-step runs on a clock, 1,536 shares",139,253.137531,0,1,13824,13824,18,1536.0,1536
"sixteen-step runs on a clock, 1,536 shares",140,108.208447,0,1,13824,13824,18,1536.0,1536
"sixteen-step runs on a clock, 1,536 shares",141,128.263282,0,1,13824,13824,18,1536.0,1536
"sixteen-step runs on a clock, 1,536 shares",142,270.585945,0,1,13824,13824,18,1536.0,1536
"sixteen-step runs on a clock, 1,536 shares",143,135.822861,0,1,13824,13824,18,1536.0,1536
"sixteen-step runs on a clock, 1,536 shares",144,156.229641,0,1,13824,13824,18,1536.0,1536
"sixteen-step runs on a clock, 1,536 shares",145,84.971078,0,1,13824,13824,18,1536.0,1536
"sixteen-step runs on a clock, 1,536 shares",146,114.710363,0,1,13824,13824,18,1536.0,1536
"sixteen-step runs on a clock, 1,536 shares",147,97.670381,2,0,13824,13824,18,1536.0,1536
"sixteen-step runs on a clock, 1,536 shares",148,95.406270,0,1,13824,13824,18,1536.0,1536
"sixteen-step runs on a clock, 1,536 shares",149,83.664416,0,1,13824,13824,18,1536.0,1536
"sixteen-step runs on a clock, 1,536 shares",150,179.080170,0,1,13824,13824,18,1536.0,1536
"sixteen-step runs on a clock, 1,536 shares",151,82.110503,0,1,13824,13824,18,1536.0,1536
"sixteen-step runs on a clock, 1,536 shares",152,148.764870,0,1,13824,13824,18,1536.0,1536
"sixteen-step runs on a clock, 1,536 shares",153,96.433079,0,1,13824,13824,18,1536.0,1536
"sixteen-step runs on a clock, 1,536 shares",154,147.591543,0,1,13824,13824,18,1536.0,1536
"sixteen-step runs on a clock, 1,536 shares",155,108.547284,0,1,13824,13824,18,1536.0,1536
"sixteen-step runs on a clock, 1,536 shares",156,58.025876,0,1,13824,13824,18,1536.0,1536
"sixteen-step runs on a clock, 1,536 shares",157,151.418279,0,1,13824,13824,18,1536.0,1536
"sixteen-step runs on a clock, 1,536 shares",158,193.924358,0,1,13824,13824,18,1536.0,1536
"sixteen-step runs on a clock, 1,536 shares",159,111.086013,0,1,13824,13824,18,1536.0,1536
"sixteen-step runs on a clock, 1,536 shares",160,53.391943,6,0,13824,13824,18,1536.0,1536
"sixteen-step runs on a clock, 1,536 shares",161,156.085826,0,1,13824,13824,18,1536.0,1536
"sixteen-step runs on a clock, 1,536 shares",162,193.052790,0,1,13824,13824,18,1536.0,1536
"sixteen-step runs on a clock, 1,536 shares",163,98.637168,0,1,13824,13824,18,1536.0,1536
"sixteen-step runs on a clock, 1,536 shares",164,170.043404,0,1,13824,13824,18,1536.0,1536
"sixteen-step runs on a clock, 1,536 shares",165,186.013288,0,1,13824,13824,18,1536.0,1536
"sixteen-step runs on a clock, 1,536 shares",166,74.780576,0,1,13824,13824,18,1536.0,1536
"sixteen-step runs on a clock, 1,536 shares",167,79.383085,0,1,13824,13824,18,1536.0,1536
"sixteen-step runs on a clock, 1,536 shares",168,110.425587,0,1,13824,13824,18,1536.0,1536
"sixteen-step runs on a clock, 1,536 shares",169,158.757655,0,1,13824,13824,18,1536.0,1536
"sixteen-step runs on a clock, 1,536 shares",170,81.717362,6,0,13824,13824,18,1536.0,1536
"sixteen-step runs on a clock, 1,536 shares",171,169.036526,0,1,13824,13824,18,1536.0,1536
"sixteen-step runs on a clock, 1,536 shares",172,225.952508,0,1,13824,13824,18,1536.0,1536
"sixteen-step runs on a clock, 1,536 shares",173,39.858614,6,0,13824,13824,18,1536.0,1536
"sixteen-step runs on a clock, 1,536 shares",174,118.628018,0,1,13824,13824,18,1536.0,1536
"sixteen-step runs on a clock, 1,536 shares",175,135.989869,0,1,13824,13824,18,1536.0,1536
"sixteen-step runs on a clock, 1,536 shares",176,147.136180,0,1,13824,13824,18,1536.0,1536
"sixteen-step runs on a clock, 1,536 shares",177,63.572948,0,1,13824,13824,18,1536.0,1536
"sixteen-step runs on a clock, 1,536 shares",178,179.556630,0,1,13824,13824,18,1536.0,1536
"sixteen-step runs on a clock, 1,536 shares",179,68.213070,0,1,13824,13824,18,1536.0,1536
"sixteen-step runs on a clock, 1,536 shares",180,199.818472,0,1,13824,13824,18,1536.0,1536
"sixteen-step runs on a clock, 1,536 shares",181,96.706538,0,1,13824,13824,18,1536.0,1536
"sixteen-step runs on a clock, 1,536 shares",182,158.646594,0,1,13824,13824,18,1536.0,1536
"sixteen-step runs on a clock, 1,536 shares",183,117.404129,0,1,13824,13824,18,1536.0,1536
"sixteen-step runs on a clock, 1,536 shares",184,251.503945,0,1,13824,13824,18,1536.0,1536
"sixteen-step runs on a clock, 1,536 shares",185,106.278053,0,1,13824,13824,18,1536.0,1536
"sixteen-step runs on a clock, 1,536 shares",186,50.235070,0,1,13824,13824,18,1536.0,1536
"sixteen-step runs on a clock, 1,536 shares",187,57.245211,0,1,13824,13824,18,1536.0,1536
"sixteen-step runs on a clock, 1,536 shares",188,135.590241,0,1,13824,13824,18,1536.0,1536
"sixteen-step runs on a clock, 1,536 shares",189,117.335419,0,1,13824,13824,18,1536.0,1536
"sixteen-step runs on a clock, 1,536 shares",190,110.534658,0,1,13824,13824,18,1536.0,1536
"sixteen-step runs on a clock, 1,536 shares",191,89.245573,0,1,13824,13824,18,1536.0,1536
"sixteen-step runs on a clock, 1,536 shares",192,68.130948,1,0,13824,13824,18,1536.0,1536
"sixteen-step runs on a clock, 1,536 shares",193,103.747802,0,1,13824,13824,18,1536.0,1536
"sixteen-step runs on a clock, 1,536 shares",194,63.657890,0,1,13824,13824,18,1536.0,1536
"sixteen-step runs on a clock, 1,536 shares",195,179.529227,0,1,13824,13824,18,1536.0,1536
"sixteen-step runs on a clock, 1,536 shares",196,152.813543,0,1,13824,13824,18,1536.0,1536
"sixteen-step runs on a clock, 1,536 shares",197,257.472573,0,1,13824,13824,18,1536.0,1536
"sixteen-step runs on a clock, 1,536 shares",198,99.442063,0,1,13824,13824,18,1536.0,1536
"sixteen-step runs on a clock, 1,536 shares",199,63.726837,0,1,13824,13824,18,1536.0,1536
"sixteen-step runs on a clock, 1,536 shares",200,183.557002,0,1,13824,13824,18,1536.0,1536
"sixteen-step runs on a clock, 1,536 shares",201,117.891529,0,1,13824,13824,18,1536.0,1536
"sixteen-step runs on a clock, 1,536 shares",202,140.429080,0,1,13824,13824,18,1536.0,1536
"sixteen-step runs on a clock, 1,536 shares",203,170.140359,0,1,13824,13824,18,1536.0,1536
"sixteen-step runs on a clock, 1,536 shares",204,261.830515,0,1,13824,13824,18,1536.0,1536
"sixteen-step runs on a clock, 1,536 shares",205,183.687505,0,1,13824,13824,18,1536.0,1536
"sixteen-step runs on a clock, 1,536 shares",206,60.379142,0,1,13824,13824,18,1536.0,1536
"sixteen-step runs on a clock, 1,536 shares",207,144.084429,0,1,13824,13824,18,1536.0,1536
"sixteen-step runs on a clock, 1,536 shares",208,273.312743,0,1,13824,13824,18,1536.0,1536
"sixteen-step runs on a clock, 1,536 shares",209,71.791367,0,1,13824,13824,18,1536.0,1536
"sixteen-step runs on a clock, 1,536 shares",210,67.335884,0,1,13824,13824,18,1536.0,1536
"sixteen-step runs on a clock, 1,536 shares",211,96.591907,0,1,13824,13824,18,1536.0,1536
"sixteen-step runs on a clock, 1,536 shares",212,249.794270,0,1,13824,13824,18,1536.0,1536
"sixteen-step runs on a clock, 1,536 shares",213,209.453362,0,1,13824,13824,18,1536.0,1536
"sixteen-step runs on a clock, 1,536 shares",214,110.319015,0,1,13824,13824,18,1536.0,1536
"sixteen-step runs on a clock, 1,536 shares",215,135.122423,0,1,13824,13824,18,1536.0,1536
"sixteen-step runs on a clock, 1,536 shares",216,47.221268,0,1,13824,13824,18,1536.0,1536
"sixteen-step runs on a clock, 1,536 shares",217,77.429459,0,1,13824,13824,18,1536.0,1536
"sixteen-step runs on a clock, 1,536 shares",218,78.145575,0,1,13824,13824,18,1536.0,1536
"sixteen-step runs on a clock, 1,536 shares",219,95.897620,0,1,13824,13824,18,1536.0,1536
"sixteen-step runs on a clock, 1,536 shares",220,122.517644,0,1,13824,13824,18,1536.0,1536
"sixteen-step runs on a clock, 1,536 shares",221,61.922504,0,1,13824,13824,18,1536.0,1536
"sixteen-step runs on a clock, 1,536 shares",222,85.482005,0,1,13824,13824,18,1536.0,1536
"sixteen-step runs on a clock, 1,536 shares",223,87.277338,0,1,13824,13824,18,1536.0,1536
"sixteen-step runs on a clock, 1,536 shares",224,114.702963,0,1,13824,13824,18,1536.0,1536
"sixteen-step runs on a clock, 1,536 shares",225,97.717957,0,1,13824,13824,18,1536.0,1536
"sixteen-step runs on a clock, 1,536 shares",226,144.880249,2,0,13824,13824,18,1536.0,1536
"sixteen-step runs on a clock, 1,536 shares",227,130.692426,0,1,13824,13824,18,1536.0,1536
"sixteen-step runs on a clock, 1,536 shares",228,114.583581,0,1,13824,13824,18,1536.0,1536
"sixteen-step runs on a clock, 1,536 shares",229,229.283741,0,1,13824,13824,18,1536.0,1536
"sixteen-step runs on a clock, 1,536 shares",230,81.994816,0,1,13824,13824,18,1536.0,1536
"sixteen-step runs on a clock, 1,536 shares",231,2.304786,28,0,13824,13824,18,1536.0,1536
"sixteen-step runs on a clock, 1,536 shares",232,72.688656,0,1,13824,13824,18,1536.0,1536
"sixteen-step runs on a clock, 1,536 shares",233,149.721472,0,1,13824,13824,18,1536.0,1536
"sixteen-step runs on a clock, 1,536 shares",234,61.233500,0,1,13824,13824,18,1536.0,1536
"sixteen-step runs on a clock, 1,536 shares",235,73.564600,0,1,13824,13824,18,1536.0,1536
"sixteen-step runs on a clock, 1,536 shares",236,153.039049,0,1,13824,13824,18,1536.0,1536
"sixteen-step runs on a clock, 1,536 shares",237,92.249766,0,1,13824,13824,18,1536.0,1536
"sixteen-step runs on a clock, 1,536 shares",238,215.263551,0,1,13824,13824,18,1536.0,1536
"sixteen-step runs on a clock, 1,536 shares",239,290.778594,0,1,13824,13824,18,1536.0,1536
"sixteen-step runs on a clock, 1,536 shares",240,110.822719,0,1,13824,13824,18,1536.0,1536
"sixteen-step runs on a clock, 1,536 shares",241,88.885087,0,1,13824,13824,18,1536.0,1536
"sixteen-step runs on a clock, 1,536 shares",242,93.025262,4,0,13824,13824,18,1536.0,1536
"sixteen-step runs on a clock, 1,536 shares",243,89.514361,0,1,13824,13824,18,1536.0,1536
"sixteen-step runs on a clock, 1,536 shares",244,102.096667,0,1,13824,13824,18,1536.0,1536
"sixteen-step runs on a clock, 1,536 shares",245,74.627793,0,1,13824,13824,18,1536.0,1536
"sixteen-step runs on a clock, 1,536 shares",246,153.540177,0,1,13824,13824,18,1536.0,1536
"sixteen-step runs on a clock, 1,536 shares",247,102.519851,0,1,13824,13824,18,1536.0,1536
"sixteen-step runs on a clock, 1,536 shares",248,217.570080,0,1,13824,13824,18,1536.0,1536
"sixteen-step runs on a clock, 1,536 shares",249,160.103323,0,1,13824,13824,18,1536.0,1536
"sixteen-step runs on a clock, 1,536 shares",250,182.926693,0,1,13824,13824,18,1536.0,1536
"sixteen-step runs on a clock, 1,536 shares",251,162.257695,0,1,13824,13824,18,1536.0,1536
"sixteen-step runs on a clock, 1,536 shares",252,217.592059,0,1,13824,13824,18,1536.0,1536
"sixteen-step runs on a clock, 1,536 shares",253,67.148873,0,1,13824,13824,18,1536.0,1536
"sixteen-step runs on a clock, 1,536 shares",254,49.175283,0,1,13824,13824,18,1536.0,1536
"sixteen-step runs on a clock, 1,536 shares",255,146.893600,0,1,13824,13824,18,1536.0,1536
"sixteen-step runs on a clock, 1,536 shares",256,79.763580,0,1,13824,13824,18,1536.0,1536
"sixteen-step runs on a clock, 1,536 shares",257,73.761796,0,1,13824,13824,18,1536.0,1536
"sixteen-step runs on a clock, 1,536 shares",258,126.066562,0,1,13824,13824,18,1536.0,1536
"sixteen-step runs on a clock, 1,536 shares",259,108.394307,0,1,13824,13824,18,1536.0,1536
"sixteen-step runs on a clock, 1,536 shares",260,101.780312,0,1,13824,13824,18,1536.0,1536
"sixteen-step runs on a clock, 1,536 shares",261,163.022492,0,1,13824,13824,18,1536.0,1536
"sixteen-step runs on a clock, 1,536 shares",262,69.473485,0,1,13824,13824,18,1536.0,1536
"sixteen-step runs on a clock, 1,536 shares",263,90.177287,0,1,13824,13824,18,1536.0,1536
"sixteen-step runs on a clock, 1,536 shares",264,72.449857,0,1,13824,13824,18,1536.0,1536
"sixteen-step runs on a clock, 1,536 shares",265,152.744788,0,1,13824,13824,18,1536.0,1536
"sixteen-step runs on a clock, 1,536 shares",266,96.963962,0,1,13824,13824,18,1536.0,1536
"sixteen-step runs on a clock, 1,536 shares",267,122.720563,0,1,13824,13824,18,1536.0,1536
"sixteen-step runs on a clock, 1,536 shares",268,143.669131,0,1,13824,13824,18,1536.0,1536
"sixteen-step runs on a clock, 1,536 shares",269,110.309651,0,1,13824,13824,18,1536.0,1536
"sixteen-step runs on a clock, 1,536 shares",270,125.660565,0,1,13824,13824,18,1536.0,1536
"sixteen-step runs on a clock, 1,536 shares",271,87.558189,0,1,13824,13824,18,1536.0,1536
"sixteen-step runs on a clock, 1,536 shares",272,35.278478,14,0,13824,13824,18,1536.0,1536
"sixteen-step runs on a clock, 1,536 shares",273,234.272723,0,1,13824,13824,18,1536.0,1536
"sixteen-step runs on a clock, 1,536 shares",274,244.528029,0,1,13824,13824,18,1536.0,1536
"sixteen-step runs on a clock, 1,536 shares",275,105.932702,0,1,13824,13824,18,1536.0,1536
"sixteen-step runs on a clock, 1,536 shares",276,235.882843,0,1,13824,13824,18,1536.0,1536
"sixteen-step runs on a clock, 1,536 shares",277,70.576542,0,1,13824,13824,18,1536.0,1536
"sixteen-step runs on a clock, 1,536 shares",278,87.039860,0,1,13824,13824,18,1536.0,1536
"sixteen-step runs on a clock, 1,536 shares",279,85.533469,0,1,13824,13824,18,1536.0,1536
"sixteen-step runs on a clock, 1,536 shares",280,73.226273,0,1,13824,13824,18,1536.0,1536
"sixteen-step runs on a clock, 1,536 shares",281,276.618749,0,1,13824,13824,18,1536.0,1536
"sixteen-step runs on a clock, 1,536 shares",282,202.646632,0,1,13824,13824,18,1536.0,1536
"sixteen-step runs on a clock, 1,536 shares",283,80.023100,0,1,13824,13824,18,1536.0,1536
"sixteen-step runs on a clock, 1,536 shares",284,217.664038,0,1,13824,13824,18,1536.0,1536
"sixteen-step runs on a clock, 1,536 shares",285,104.742975,0,1,13824,13824,18,1536.0,1536
"sixteen-step runs on a clock, 1,536 shares",286,58.221905,0,1,13824,13824,18,1536.0,1536
"sixteen-step runs on a clock, 1,536 shares",287,51.767221,0,1,13824,13824,18,1536.0,1536
"sixteen-step runs on a clock, 1,536 shares",288,104.761380,0,1,13824,13824,18,1536.0,1536
"sixteen-step runs on a clock, 1,536 shares",289,150.027913,0,1,13824,13824,18,1536.0,1536
"sixteen-step runs on a clock, 1,536 shares",290,34.840600,0,1,13824,13824,18,1536.0,1536
"sixteen-step runs on a clock, 1,536 shares",291,94.344747,0,1,13824,13824,18,1536.0,1536
"sixteen-step runs on a clock, 1,536 shares",292,168.890307,0,1,13824,13824,18,1536.0,1536
"sixteen-step runs on a clock, 1,536 shares",293,168.508694,0,1,13824,13824,18,1536.0,1536
"sixteen-step runs on a clock, 1,536 shares",294,53.666404,0,1,13824,13824,18,1536.0,1536
"sixteen-step runs on a clock, 1,536 shares",295,167.115720,0,1,13824,13824,18,1536.0,1536
"sixteen-step runs on a clock, 1,536 shares",296,120.866010,0,1,13824,13824,18,1536.0,1536
"sixteen-step runs on a clock, 1,536 shares",297,159.936917,0,1,13824,13824,18,1536.0,1536
"sixteen-step runs on a clock, 1,536 shares",298,205.948023,0,1,13824,13824,18,1536.0,1536
"sixteen-step runs on a clock, 1,536 shares",299,63.142340,0,1,13824,13824,18,1536.0,1536
"sixteen-step runs on a clock, 1,536 shares",300,153.607006,0,1,13824,13824,18,1536.0,1536
