flags,copies,seed,excess_kurtosis
intra=0 spread=0,0,1,1.373425
intra=0 spread=0,0,2,0.602897
intra=0 spread=0,0,3,1.257010
intra=0 spread=0,0,4,0.962763
intra=0 spread=0,0,5,0.451477
intra=0 spread=0,0,6,1.436627
intra=0 spread=0,0,7,1.697379
intra=0 spread=0,0,8,0.827545
intra=0 spread=0,0,9,1.567632
intra=0 spread=0,0,10,2.425127
intra=0 spread=0,0,11,1.307366
intra=0 spread=0,0,12,0.924702
intra=0 spread=0,0,13,0.780365
intra=0 spread=0,0,14,0.550109
intra=0 spread=0,0,15,2.009614
intra=0 spread=0,0,16,0.982558
intra=0 spread=0,0,17,1.271228
intra=0 spread=0,0,18,1.375669
intra=0 spread=0,0,19,1.521198
intra=0 spread=0,0,20,2.007003
intra=0 spread=0,0,21,1.120855
intra=0 spread=0,0,22,1.344557
intra=0 spread=0,0,23,1.545603
intra=0 spread=0,0,24,0.808887
intra=0 spread=0,0,25,1.915185
intra=0 spread=0,0,26,0.987363
intra=0 spread=0,0,27,1.176046
intra=0 spread=0,0,28,1.076010
intra=0 spread=0,0,29,2.508835
intra=0 spread=0,0,30,1.216413
intra=0 spread=0,0,31,1.207475
intra=0 spread=0,0,32,0.852606
intra=0 spread=0,0,33,1.096926
intra=0 spread=0,0,34,0.266206
intra=0 spread=0,0,35,2.301533
intra=0 spread=0,0,36,1.975351
intra=0 spread=0,0,37,1.095889
intra=0 spread=0,0,38,0.547942
intra=0 spread=0,0,39,1.169346
intra=0 spread=0,0,40,1.759132
intra=0 spread=0,0,41,1.774321
intra=0 spread=0,0,42,0.349300
intra=0 spread=0,0,43,0.928348
intra=0 spread=0,0,44,0.520905
intra=0 spread=0,0,45,2.037576
intra=0 spread=0,0,46,1.400704
intra=0 spread=0,0,47,0.784261
intra=0 spread=0,0,48,1.799646
intra=0 spread=0,0,49,0.997156
intra=0 spread=0,0,50,1.384526
intra=0 spread=0,0,51,0.598690
intra=0 spread=0,0,52,1.183244
intra=0 spread=0,0,53,1.015021
intra=0 spread=0,0,54,1.182838
intra=0 spread=0,0,55,3.542149
intra=0 spread=0,0,56,2.043516
intra=0 spread=0,0,57,0.665878
intra=0 spread=0,0,58,0.596961
intra=0 spread=0,0,59,1.507567
intra=0 spread=0,0,60,0.418393
intra=0 spread=0,0,61,1.506240
intra=0 spread=0,0,62,1.960961
intra=0 spread=0,0,63,1.393295
intra=0 spread=0,0,64,2.269238
intra=0 spread=0,0,65,2.404815
intra=0 spread=0,0,66,0.487046
intra=0 spread=0,0,67,0.559453
intra=0 spread=0,0,68,1.685953
intra=0 spread=0,0,69,0.691889
intra=0 spread=0,0,70,0.771323
intra=0 spread=0,0,71,0.618310
intra=0 spread=0,0,72,0.878584
intra=0 spread=0,0,73,1.484060
intra=0 spread=0,0,74,0.347516
intra=0 spread=0,0,75,2.211897
intra=0 spread=0,0,76,5.109734
intra=0 spread=0,0,77,1.611290
intra=0 spread=0,0,78,2.007711
intra=0 spread=0,0,79,1.020653
intra=0 spread=0,0,80,1.198653
intra=0 spread=0,0,81,1.130973
intra=0 spread=0,0,82,1.310075
intra=0 spread=0,0,83,0.550120
intra=0 spread=0,0,84,1.098635
intra=0 spread=0,0,85,1.552501
intra=0 spread=0,0,86,1.753228
intra=0 spread=0,0,87,0.543106
intra=0 spread=0,0,88,2.089360
intra=0 spread=0,0,89,2.021350
intra=0 spread=0,0,90,1.174223
intra=0 spread=0,0,91,2.329953
intra=0 spread=0,0,92,1.893419
intra=0 spread=0,0,93,1.735303
intra=0 spread=0,0,94,0.685365
intra=0 spread=0,0,95,0.286979
intra=0 spread=0,0,96,2.437567
intra=0 spread=0,0,97,0.527393
intra=0 spread=0,0,98,1.426145
intra=0 spread=0,0,99,0.684746
intra=0 spread=0,0,100,2.042320
intra=0 spread=0,0,101,2.427865
intra=0 spread=0,0,102,1.367877
intra=0 spread=0,0,103,1.141158
intra=0 spread=0,0,104,1.203797
intra=0 spread=0,0,105,2.375388
intra=0 spread=0,0,106,1.274193
intra=0 spread=0,0,107,0.712996
intra=0 spread=0,0,108,1.889747
intra=0 spread=0,0,109,1.092386
intra=0 spread=0,0,110,1.161299
intra=0 spread=0,0,111,1.296829
intra=0 spread=0,0,112,0.419946
intra=0 spread=0,0,113,0.764467
intra=0 spread=0,0,114,1.393375
intra=0 spread=0,0,115,0.890594
intra=0 spread=0,0,116,0.652836
intra=0 spread=0,0,117,1.066329
intra=0 spread=0,0,118,0.730623
intra=0 spread=0,0,119,0.516271
intra=0 spread=0,0,120,1.021140
intra=0 spread=0,0,121,1.872461
intra=0 spread=0,0,122,-0.058568
intra=0 spread=0,0,123,1.080186
intra=0 spread=0,0,124,3.398926
intra=0 spread=0,0,125,1.678632
intra=0 spread=0,0,126,0.694595
intra=0 spread=0,0,127,1.900058
intra=0 spread=0,0,128,0.483105
intra=0 spread=0,0,129,1.440047
intra=0 spread=0,0,130,0.927537
intra=0 spread=0,0,131,1.219108
intra=0 spread=0,0,132,0.630191
intra=0 spread=0,0,133,1.212647
intra=0 spread=0,0,134,0.503253
intra=0 spread=0,0,135,1.663951
intra=0 spread=0,0,136,1.141857
intra=0 spread=0,0,137,0.775667
intra=0 spread=0,0,138,0.523029
intra=0 spread=0,0,139,0.664443
intra=0 spread=0,0,140,1.153739
intra=0 spread=0,0,141,0.173497
intra=0 spread=0,0,142,1.210792
intra=0 spread=0,0,143,1.011327
intra=0 spread=0,0,144,1.645175
intra=0 spread=0,0,145,1.951470
intra=0 spread=0,0,146,1.574304
intra=0 spread=0,0,147,-0.219447
intra=0 spread=0,0,148,0.849259
intra=0 spread=0,0,149,1.624408
intra=0 spread=0,0,150,3.373400
intra=0 spread=0,0,151,2.229801
intra=0 spread=0,0,152,0.552891
intra=0 spread=0,0,153,1.209631
intra=0 spread=0,0,154,4.191421
intra=0 spread=0,0,155,0.919947
intra=0 spread=0,0,156,0.394166
intra=0 spread=0,0,157,0.977760
intra=0 spread=0,0,158,0.874979
intra=0 spread=0,0,159,0.188091
intra=0 spread=0,0,160,1.593079
intra=0 spread=0,0,161,0.845532
intra=0 spread=0,0,162,1.050224
intra=0 spread=0,0,163,1.220923
intra=0 spread=0,0,164,1.137201
intra=0 spread=0,0,165,1.063618
intra=0 spread=0,0,166,0.774606
intra=0 spread=0,0,167,0.831703
intra=0 spread=0,0,168,0.737194
intra=0 spread=0,0,169,2.177895
intra=0 spread=0,0,170,1.584267
intra=0 spread=0,0,171,1.786183
intra=0 spread=0,0,172,0.617777
intra=0 spread=0,0,173,1.747072
intra=0 spread=0,0,174,0.846826
intra=0 spread=0,0,175,2.755480
intra=0 spread=0,0,176,1.097284
intra=0 spread=0,0,177,0.701027
intra=0 spread=0,0,178,0.543672
intra=0 spread=0,0,179,1.048315
intra=0 spread=0,0,180,2.386812
intra=0 spread=0,0,181,3.623818
intra=0 spread=0,0,182,1.733873
intra=0 spread=0,0,183,0.789507
intra=0 spread=0,0,184,1.174660
intra=0 spread=0,0,185,1.585844
intra=0 spread=0,0,186,2.510804
intra=0 spread=0,0,187,0.323596
intra=0 spread=0,0,188,0.242246
intra=0 spread=0,0,189,1.411660
intra=0 spread=0,0,190,0.139784
intra=0 spread=0,0,191,0.886043
intra=0 spread=0,0,192,0.749212
intra=0 spread=0,0,193,1.045353
intra=0 spread=0,0,194,1.347803
intra=0 spread=0,0,195,1.585260
intra=0 spread=0,0,196,2.653100
intra=0 spread=0,0,197,1.322133
intra=0 spread=0,0,198,1.608933
intra=0 spread=0,0,199,0.447695
intra=0 spread=0,0,200,1.726124
intra=0 spread=0,0,201,1.468631
intra=0 spread=0,0,202,1.193692
intra=0 spread=0,0,203,1.792329
intra=0 spread=0,0,204,0.626095
intra=0 spread=0,0,205,2.656344
intra=0 spread=0,0,206,1.920133
intra=0 spread=0,0,207,1.103692
intra=0 spread=0,0,208,0.623219
intra=0 spread=0,0,209,1.468396
intra=0 spread=0,0,210,0.765754
intra=0 spread=0,0,211,0.616318
intra=0 spread=0,0,212,1.119839
intra=0 spread=0,0,213,1.885530
intra=0 spread=0,0,214,1.745513
intra=0 spread=0,0,215,3.262067
intra=0 spread=0,0,216,1.906759
intra=0 spread=0,0,217,1.581208
intra=0 spread=0,0,218,1.273252
intra=0 spread=0,0,219,0.852603
intra=0 spread=0,0,220,1.539728
intra=0 spread=0,0,221,0.725893
intra=0 spread=0,0,222,1.305729
intra=0 spread=0,0,223,2.978497
intra=0 spread=0,0,224,0.975444
intra=0 spread=0,0,225,1.384548
intra=0 spread=0,0,226,0.821994
intra=0 spread=0,0,227,0.058797
intra=0 spread=0,0,228,0.758062
intra=0 spread=0,0,229,0.769731
intra=0 spread=0,0,230,0.347133
intra=0 spread=0,0,231,1.624290
intra=0 spread=0,0,232,0.958683
intra=0 spread=0,0,233,0.555003
intra=0 spread=0,0,234,0.523970
intra=0 spread=0,0,235,0.559933
intra=0 spread=0,0,236,0.620500
intra=0 spread=0,0,237,1.058584
intra=0 spread=0,0,238,1.601613
intra=0 spread=0,0,239,-0.226801
intra=0 spread=0,0,240,0.938755
intra=0 spread=0,0,241,2.010563
intra=0 spread=0,0,242,0.577482
intra=0 spread=0,0,243,1.337144
intra=0 spread=0,0,244,0.934317
intra=0 spread=0,0,245,1.497940
intra=0 spread=0,0,246,0.571494
intra=0 spread=0,0,247,0.430110
intra=0 spread=0,0,248,1.464291
intra=0 spread=0,0,249,1.612190
intra=0 spread=0,0,250,1.935826
intra=0 spread=0,0,251,1.158485
intra=0 spread=0,0,252,2.674583
intra=0 spread=0,0,253,0.071141
intra=0 spread=0,0,254,0.937159
intra=0 spread=0,0,255,2.593048
intra=0 spread=0,0,256,2.025314
intra=0 spread=0,0,257,0.722157
intra=0 spread=0,0,258,1.572522
intra=0 spread=0,0,259,0.866064
intra=0 spread=0,0,260,0.884004
intra=0 spread=0,0,261,1.590476
intra=0 spread=0,0,262,2.063378
intra=0 spread=0,0,263,0.921955
intra=0 spread=0,0,264,1.814116
intra=0 spread=0,0,265,0.430643
intra=0 spread=0,0,266,0.935200
intra=0 spread=0,0,267,0.946040
intra=0 spread=0,0,268,1.935019
intra=0 spread=0,0,269,2.276899
intra=0 spread=0,0,270,1.141389
intra=0 spread=0,0,271,0.522148
intra=0 spread=0,0,272,0.011210
intra=0 spread=0,0,273,0.638469
intra=0 spread=0,0,274,1.420617
intra=0 spread=0,0,275,0.680631
intra=0 spread=0,0,276,0.870972
intra=0 spread=0,0,277,0.489541
intra=0 spread=0,0,278,2.398853
intra=0 spread=0,0,279,1.153845
intra=0 spread=0,0,280,0.707417
intra=0 spread=0,0,281,1.138120
intra=0 spread=0,0,282,5.388117
intra=0 spread=0,0,283,1.478757
intra=0 spread=0,0,284,1.157481
intra=0 spread=0,0,285,0.430930
intra=0 spread=0,0,286,2.081405
intra=0 spread=0,0,287,1.507918
intra=0 spread=0,0,288,1.429002
intra=0 spread=0,0,289,1.266786
intra=0 spread=0,0,290,0.678060
intra=0 spread=0,0,291,1.916095
intra=0 spread=0,0,292,1.738266
intra=0 spread=0,0,293,2.764327
intra=0 spread=0,0,294,2.300513
intra=0 spread=0,0,295,1.557447
intra=0 spread=0,0,296,1.639162
intra=0 spread=0,0,297,4.728880
intra=0 spread=0,0,298,1.234384
intra=0 spread=0,0,299,0.726733
intra=0 spread=0,0,300,1.180501
intra=0 spread=0,0,301,0.101966
intra=0 spread=0,0,302,1.070144
intra=0 spread=0,0,303,0.575171
intra=0 spread=0,0,304,0.979009
intra=0 spread=0,0,305,0.960436
intra=0 spread=0,0,306,3.072970
intra=0 spread=0,0,307,1.891535
intra=0 spread=0,0,308,2.312088
intra=0 spread=0,0,309,0.289097
intra=0 spread=0,0,310,1.344262
intra=0 spread=0,0,311,1.175957
intra=0 spread=0,0,312,0.516807
intra=0 spread=0,0,313,0.496892
intra=0 spread=0,0,314,2.145153
intra=0 spread=0,0,315,1.664654
intra=0 spread=0,0,316,0.935229
intra=0 spread=0,0,317,1.886459
intra=0 spread=0,0,318,0.623008
intra=0 spread=0,0,319,2.325469
intra=0 spread=0,0,320,0.683364
intra=0 spread=0,0,321,1.727269
intra=0 spread=0,0,322,1.630328
intra=0 spread=0,0,323,1.029586
intra=0 spread=0,0,324,1.249348
intra=0 spread=0,0,325,1.330262
intra=0 spread=0,0,326,1.146131
intra=0 spread=0,0,327,-0.051135
intra=0 spread=0,0,328,0.459501
intra=0 spread=0,0,329,1.496578
intra=0 spread=0,0,330,1.464333
intra=0 spread=0,0,331,0.588839
intra=0 spread=0,0,332,1.193534
intra=0 spread=0,0,333,1.430247
intra=0 spread=0,0,334,2.323717
intra=0 spread=0,0,335,0.622865
intra=0 spread=0,0,336,1.824338
intra=0 spread=0,0,337,4.968240
intra=0 spread=0,0,338,0.655827
intra=0 spread=0,0,339,2.120939
intra=0 spread=0,0,340,0.477051
intra=0 spread=0,0,341,2.106044
intra=0 spread=0,0,342,0.491373
intra=0 spread=0,0,343,1.686843
intra=0 spread=0,0,344,1.139869
intra=0 spread=0,0,345,1.095508
intra=0 spread=0,0,346,0.423271
intra=0 spread=0,0,347,0.534782
intra=0 spread=0,0,348,1.090264
intra=0 spread=0,0,349,1.500181
intra=0 spread=0,0,350,2.156318
intra=0 spread=0,0,351,0.614534
intra=0 spread=0,0,352,2.215776
intra=0 spread=0,0,353,1.259136
intra=0 spread=0,0,354,1.666448
intra=0 spread=0,0,355,0.709548
intra=0 spread=0,0,356,1.279610
intra=0 spread=0,0,357,0.401570
intra=0 spread=0,0,358,1.067356
intra=0 spread=0,0,359,1.153962
intra=0 spread=0,0,360,1.532507
intra=0 spread=0,0,361,0.438334
intra=0 spread=0,0,362,1.409347
intra=0 spread=0,0,363,4.098777
intra=0 spread=0,0,364,1.309030
intra=0 spread=0,0,365,1.577524
intra=0 spread=0,0,366,1.710810
intra=0 spread=0,0,367,0.922450
intra=0 spread=0,0,368,1.093151
intra=0 spread=0,0,369,0.515391
intra=0 spread=0,0,370,2.241878
intra=0 spread=0,0,371,1.186856
intra=0 spread=0,0,372,1.400140
intra=0 spread=0,0,373,1.986899
intra=0 spread=0,0,374,1.307898
intra=0 spread=0,0,375,1.768269
intra=0 spread=0,0,376,0.381572
intra=0 spread=0,0,377,0.635048
intra=0 spread=0,0,378,1.514846
intra=0 spread=0,0,379,0.538952
intra=0 spread=0,0,380,1.698993
intra=0 spread=0,0,381,0.624865
intra=0 spread=0,0,382,1.073009
intra=0 spread=0,0,383,2.647657
intra=0 spread=0,0,384,2.646440
intra=0 spread=0,0,385,0.460198
intra=0 spread=0,0,386,0.729676
intra=0 spread=0,0,387,1.019479
intra=0 spread=0,0,388,0.718977
intra=0 spread=0,0,389,1.344560
intra=0 spread=0,0,390,0.574059
intra=0 spread=0,0,391,0.415181
intra=0 spread=0,0,392,0.913991
intra=0 spread=0,0,393,0.869601
intra=0 spread=0,0,394,2.048272
intra=0 spread=0,0,395,1.852300
intra=0 spread=0,0,396,1.094434
intra=0 spread=0,0,397,2.342786
intra=0 spread=0,0,398,0.916913
intra=0 spread=0,0,399,0.722578
intra=0 spread=0,0,400,1.713121
intra=0 spread=0,0,401,0.865189
intra=0 spread=0,0,402,1.272234
intra=0 spread=0,0,403,1.810621
intra=0 spread=0,0,404,0.990201
intra=0 spread=0,0,405,1.499999
intra=0 spread=0,0,406,1.054575
intra=0 spread=0,0,407,1.190140
intra=0 spread=0,0,408,0.361973
intra=0 spread=0,0,409,1.243143
intra=0 spread=0,0,410,2.106774
intra=0 spread=0,0,411,1.306306
intra=0 spread=0,0,412,1.109317
intra=0 spread=0,0,413,0.476444
intra=0 spread=0,0,414,1.266187
intra=0 spread=0,0,415,0.914921
intra=0 spread=0,0,416,1.329978
intra=0 spread=0,0,417,0.848254
intra=0 spread=0,0,418,0.815018
intra=0 spread=0,0,419,0.679853
intra=0 spread=0,0,420,0.866355
intra=0 spread=0,0,421,1.378889
intra=0 spread=0,0,422,0.239743
intra=0 spread=0,0,423,1.571348
intra=0 spread=0,0,424,1.243385
intra=0 spread=0,0,425,1.951741
intra=0 spread=0,0,426,0.845836
intra=0 spread=0,0,427,4.221582
intra=0 spread=0,0,428,0.418595
intra=0 spread=0,0,429,1.076209
intra=0 spread=0,0,430,2.210382
intra=0 spread=0,0,431,2.097277
intra=0 spread=0,0,432,2.296795
intra=0 spread=0,0,433,1.271839
intra=0 spread=0,0,434,0.390423
intra=0 spread=0,0,435,0.913535
intra=0 spread=0,0,436,2.294817
intra=0 spread=0,0,437,0.673673
intra=0 spread=0,0,438,0.845737
intra=0 spread=0,0,439,1.019890
intra=0 spread=0,0,440,3.572469
intra=0 spread=0,0,441,1.259399
intra=0 spread=0,0,442,1.872587
intra=0 spread=0,0,443,3.280504
intra=0 spread=0,0,444,1.324192
intra=0 spread=0,0,445,1.391090
intra=0 spread=0,0,446,1.884181
intra=0 spread=0,0,447,2.045007
intra=0 spread=0,0,448,1.622794
intra=0 spread=0,0,449,1.013126
intra=0 spread=0,0,450,0.887800
intra=0 spread=0,0,451,1.117334
intra=0 spread=0,0,452,2.868733
intra=0 spread=0,0,453,2.480917
intra=0 spread=0,0,454,1.350868
intra=0 spread=0,0,455,1.194464
intra=0 spread=0,0,456,2.501532
intra=0 spread=0,0,457,0.301534
intra=0 spread=0,0,458,1.770969
intra=0 spread=0,0,459,1.327685
intra=0 spread=0,0,460,1.256718
intra=0 spread=0,0,461,0.138697
intra=0 spread=0,0,462,0.544702
intra=0 spread=0,0,463,0.992303
intra=0 spread=0,0,464,0.407061
intra=0 spread=0,0,465,2.121103
intra=0 spread=0,0,466,2.676898
intra=0 spread=0,0,467,0.877120
intra=0 spread=0,0,468,1.559881
intra=0 spread=0,0,469,0.045037
intra=0 spread=0,0,470,0.382577
intra=0 spread=0,0,471,1.355701
intra=0 spread=0,0,472,1.484771
intra=0 spread=0,0,473,0.436528
intra=0 spread=0,0,474,0.282680
intra=0 spread=0,0,475,1.797919
intra=0 spread=0,0,476,0.609911
intra=0 spread=0,0,477,1.824202
intra=0 spread=0,0,478,1.378994
intra=0 spread=0,0,479,0.847172
intra=0 spread=0,0,480,0.226306
intra=0 spread=0,0,481,1.649574
intra=0 spread=0,0,482,1.014808
intra=0 spread=0,0,483,0.232298
intra=0 spread=0,0,484,0.610607
intra=0 spread=0,0,485,0.286855
intra=0 spread=0,0,486,1.551238
intra=0 spread=0,0,487,0.509255
intra=0 spread=0,0,488,0.781899
intra=0 spread=0,0,489,1.297059
intra=0 spread=0,0,490,2.043950
intra=0 spread=0,0,491,1.339884
intra=0 spread=0,0,492,1.374897
intra=0 spread=0,0,493,2.451235
intra=0 spread=0,0,494,0.534164
intra=0 spread=0,0,495,1.020835
intra=0 spread=0,0,496,1.370605
intra=0 spread=0,0,497,1.682510
intra=0 spread=0,0,498,0.671458
intra=0 spread=0,0,499,1.107350
intra=0 spread=0,0,500,0.372903
intra=0 spread=0,8,1,1.533234
intra=0 spread=0,8,2,0.609933
intra=0 spread=0,8,3,1.267162
intra=0 spread=0,8,4,1.800095
intra=0 spread=0,8,5,0.135241
intra=0 spread=0,8,6,1.806709
intra=0 spread=0,8,7,1.857455
intra=0 spread=0,8,8,0.975574
intra=0 spread=0,8,9,1.450451
intra=0 spread=0,8,10,1.423363
intra=0 spread=0,8,11,2.429514
intra=0 spread=0,8,12,1.002994
intra=0 spread=0,8,13,1.593274
intra=0 spread=0,8,14,0.468168
intra=0 spread=0,8,15,2.074086
intra=0 spread=0,8,16,1.518108
intra=0 spread=0,8,17,1.667332
intra=0 spread=0,8,18,1.453500
intra=0 spread=0,8,19,1.649578
intra=0 spread=0,8,20,1.865023
intra=0 spread=0,8,21,1.461404
intra=0 spread=0,8,22,1.155337
intra=0 spread=0,8,23,2.000931
intra=0 spread=0,8,24,0.666685
intra=0 spread=0,8,25,1.554786
intra=0 spread=0,8,26,0.971676
intra=0 spread=0,8,27,3.938714
intra=0 spread=0,8,28,1.146442
intra=0 spread=0,8,29,3.277639
intra=0 spread=0,8,30,1.305488
intra=0 spread=0,8,31,107.011127
intra=0 spread=0,8,32,0.662489
intra=0 spread=0,8,33,1.031539
intra=0 spread=0,8,34,1.154249
intra=0 spread=0,8,35,3.283407
intra=0 spread=0,8,36,3.641747
intra=0 spread=0,8,37,1.096602
intra=0 spread=0,8,38,0.777149
intra=0 spread=0,8,39,1.128252
intra=0 spread=0,8,40,1.167643
intra=0 spread=0,8,41,2.461552
intra=0 spread=0,8,42,0.598273
intra=0 spread=0,8,43,0.960126
intra=0 spread=0,8,44,1.360794
intra=0 spread=0,8,45,1.282301
intra=0 spread=0,8,46,1.533623
intra=0 spread=0,8,47,0.746424
intra=0 spread=0,8,48,1.575918
intra=0 spread=0,8,49,0.846165
intra=0 spread=0,8,50,1.297937
intra=0 spread=0,8,51,0.554429
intra=0 spread=0,8,52,0.859713
intra=0 spread=0,8,53,0.746286
intra=0 spread=0,8,54,0.826928
intra=0 spread=0,8,55,4.599397
intra=0 spread=0,8,56,3.038853
intra=0 spread=0,8,57,1.571095
intra=0 spread=0,8,58,0.767748
intra=0 spread=0,8,59,1.213674
intra=0 spread=0,8,60,0.378631
intra=0 spread=0,8,61,1.355617
intra=0 spread=0,8,62,1.683326
intra=0 spread=0,8,63,1.121851
intra=0 spread=0,8,64,2.300433
intra=0 spread=0,8,65,2.562848
intra=0 spread=0,8,66,0.851043
intra=0 spread=0,8,67,0.225834
intra=0 spread=0,8,68,1.520705
intra=0 spread=0,8,69,1.534941
intra=0 spread=0,8,70,0.767350
intra=0 spread=0,8,71,0.664840
intra=0 spread=0,8,72,1.081636
intra=0 spread=0,8,73,2.123324
intra=0 spread=0,8,74,0.257724
intra=0 spread=0,8,75,1.407810
intra=0 spread=0,8,76,4.402305
intra=0 spread=0,8,77,1.223909
intra=0 spread=0,8,78,1.715287
intra=0 spread=0,8,79,0.955492
intra=0 spread=0,8,80,1.929047
intra=0 spread=0,8,81,1.212285
intra=0 spread=0,8,82,111.566793
intra=0 spread=0,8,83,0.561989
intra=0 spread=0,8,84,1.243285
intra=0 spread=0,8,85,1.408451
intra=0 spread=0,8,86,1.885292
intra=0 spread=0,8,87,1.427822
intra=0 spread=0,8,88,1.400969
intra=0 spread=0,8,89,2.714213
intra=0 spread=0,8,90,1.974804
intra=0 spread=0,8,91,2.706870
intra=0 spread=0,8,92,3.124103
intra=0 spread=0,8,93,1.422122
intra=0 spread=0,8,94,0.699791
intra=0 spread=0,8,95,1.873125
intra=0 spread=0,8,96,1.773803
intra=0 spread=0,8,97,214.624206
intra=0 spread=0,8,98,2.000931
intra=0 spread=0,8,99,0.652045
intra=0 spread=0,8,100,1.713831
intra=0 spread=0,8,101,8.636480
intra=0 spread=0,8,102,1.350891
intra=0 spread=0,8,103,1.411696
intra=0 spread=0,8,104,1.589420
intra=0 spread=0,8,105,2.324908
intra=0 spread=0,8,106,1.266940
intra=0 spread=0,8,107,0.839616
intra=0 spread=0,8,108,2.197575
intra=0 spread=0,8,109,4.189687
intra=0 spread=0,8,110,9.289284
intra=0 spread=0,8,111,1.166659
intra=0 spread=0,8,112,0.530537
intra=0 spread=0,8,113,1.808828
intra=0 spread=0,8,114,1.515875
intra=0 spread=0,8,115,0.779212
intra=0 spread=0,8,116,1.227232
intra=0 spread=0,8,117,1.056211
intra=0 spread=0,8,118,0.746849
intra=0 spread=0,8,119,1.066826
intra=0 spread=0,8,120,1.853350
intra=0 spread=0,8,121,2.154279
intra=0 spread=0,8,122,0.078067
intra=0 spread=0,8,123,3.181857
intra=0 spread=0,8,124,2.876203
intra=0 spread=0,8,125,1.755438
intra=0 spread=0,8,126,0.720144
intra=0 spread=0,8,127,2.077720
intra=0 spread=0,8,128,0.449159
intra=0 spread=0,8,129,1.902978
intra=0 spread=0,8,130,0.851991
intra=0 spread=0,8,131,0.943161
intra=0 spread=0,8,132,5.567285
intra=0 spread=0,8,133,1.080501
intra=0 spread=0,8,134,0.500059
intra=0 spread=0,8,135,1.428212
intra=0 spread=0,8,136,1.098260
intra=0 spread=0,8,137,0.806492
intra=0 spread=0,8,138,0.412362
intra=0 spread=0,8,139,1.475608
intra=0 spread=0,8,140,1.913919
intra=0 spread=0,8,141,28.125195
intra=0 spread=0,8,142,1.826895
intra=0 spread=0,8,143,80.054362
intra=0 spread=0,8,144,1.079615
intra=0 spread=0,8,145,1.266145
intra=0 spread=0,8,146,1.124226
intra=0 spread=0,8,147,-0.142901
intra=0 spread=0,8,148,3.149328
intra=0 spread=0,8,149,1.591046
intra=0 spread=0,8,150,3.074579
intra=0 spread=0,8,151,2.246945
intra=0 spread=0,8,152,0.560068
intra=0 spread=0,8,153,1.850092
intra=0 spread=0,8,154,178.483481
intra=0 spread=0,8,155,3.722767
intra=0 spread=0,8,156,0.308267
intra=0 spread=0,8,157,1.144066
intra=0 spread=0,8,158,1.137572
intra=0 spread=0,8,159,-0.072784
intra=0 spread=0,8,160,1.721110
intra=0 spread=0,8,161,0.906635
intra=0 spread=0,8,162,1.471684
intra=0 spread=0,8,163,1.351158
intra=0 spread=0,8,164,1.025972
intra=0 spread=0,8,165,1.047911
intra=0 spread=0,8,166,0.701475
intra=0 spread=0,8,167,0.570328
intra=0 spread=0,8,168,1.290904
intra=0 spread=0,8,169,1.886690
intra=0 spread=0,8,170,1.579349
intra=0 spread=0,8,171,1.559770
intra=0 spread=0,8,172,0.664600
intra=0 spread=0,8,173,1.962148
intra=0 spread=0,8,174,0.820660
intra=0 spread=0,8,175,3.965862
intra=0 spread=0,8,176,0.990499
intra=0 spread=0,8,177,1.976560
intra=0 spread=0,8,178,0.440041
intra=0 spread=0,8,179,1.048873
intra=0 spread=0,8,180,2.229768
intra=0 spread=0,8,181,3.273910
intra=0 spread=0,8,182,1.679945
intra=0 spread=0,8,183,0.789067
intra=0 spread=0,8,184,1.057518
intra=0 spread=0,8,185,1.280847
intra=0 spread=0,8,186,2.590973
intra=0 spread=0,8,187,0.280038
intra=0 spread=0,8,188,0.188711
intra=0 spread=0,8,189,263.155602
intra=0 spread=0,8,190,-0.019448
intra=0 spread=0,8,191,1.035285
intra=0 spread=0,8,192,0.471437
intra=0 spread=0,8,193,9.702717
intra=0 spread=0,8,194,1.506893
intra=0 spread=0,8,195,1.642253
intra=0 spread=0,8,196,2.722522
intra=0 spread=0,8,197,1.314623
intra=0 spread=0,8,198,1.609739
intra=0 spread=0,8,199,0.499590
intra=0 spread=0,8,200,2.267620
intra=0 spread=0,8,201,31.243681
intra=0 spread=0,8,202,1.525922
intra=0 spread=0,8,203,1.722024
intra=0 spread=0,8,204,0.612889
intra=0 spread=0,8,205,3.046914
intra=0 spread=0,8,206,1.338509
intra=0 spread=0,8,207,1.083257
intra=0 spread=0,8,208,0.523063
intra=0 spread=0,8,209,1.424504
intra=0 spread=0,8,210,287.960740
intra=0 spread=0,8,211,0.395665
intra=0 spread=0,8,212,1.112172
intra=0 spread=0,8,213,2.083002
intra=0 spread=0,8,214,1.057745
intra=0 spread=0,8,215,3.021792
intra=0 spread=0,8,216,1.502116
intra=0 spread=0,8,217,1.008792
intra=0 spread=0,8,218,4.367363
intra=0 spread=0,8,219,0.826860
intra=0 spread=0,8,220,1.103692
intra=0 spread=0,8,221,4.240510
intra=0 spread=0,8,222,1.297855
intra=0 spread=0,8,223,3.361136
intra=0 spread=0,8,224,0.961660
intra=0 spread=0,8,225,1.371184
intra=0 spread=0,8,226,0.745726
intra=0 spread=0,8,227,0.081952
intra=0 spread=0,8,228,0.471630
intra=0 spread=0,8,229,0.774593
intra=0 spread=0,8,230,0.702729
intra=0 spread=0,8,231,1.108894
intra=0 spread=0,8,232,1.105698
intra=0 spread=0,8,233,0.625998
intra=0 spread=0,8,234,0.714541
intra=0 spread=0,8,235,10.025769
intra=0 spread=0,8,236,0.521824
intra=0 spread=0,8,237,1.111874
intra=0 spread=0,8,238,1.644145
intra=0 spread=0,8,239,-0.317923
intra=0 spread=0,8,240,2.275791
intra=0 spread=0,8,241,2.060411
intra=0 spread=0,8,242,0.819000
intra=0 spread=0,8,243,0.969922
intra=0 spread=0,8,244,1.442391
intra=0 spread=0,8,245,4.369980
intra=0 spread=0,8,246,0.541283
intra=0 spread=0,8,247,0.360997
intra=0 spread=0,8,248,1.653132
intra=0 spread=0,8,249,2.426422
intra=0 spread=0,8,250,1.364231
intra=0 spread=0,8,251,1.185222
intra=0 spread=0,8,252,2.107651
intra=0 spread=0,8,253,0.300393
intra=0 spread=0,8,254,1.057065
intra=0 spread=0,8,255,1.873235
intra=0 spread=0,8,256,1.519361
intra=0 spread=0,8,257,1.938869
intra=0 spread=0,8,258,2.086425
intra=0 spread=0,8,259,0.868016
intra=0 spread=0,8,260,1.488722
intra=0 spread=0,8,261,1.468804
intra=0 spread=0,8,262,2.228874
intra=0 spread=0,8,263,0.938570
intra=0 spread=0,8,264,1.462366
intra=0 spread=0,8,265,0.613758
intra=0 spread=0,8,266,1.303249
intra=0 spread=0,8,267,0.550320
intra=0 spread=0,8,268,1.826096
intra=0 spread=0,8,269,2.970952
intra=0 spread=0,8,270,1.394987
intra=0 spread=0,8,271,0.676978
intra=0 spread=0,8,272,0.004435
intra=0 spread=0,8,273,0.652641
intra=0 spread=0,8,274,1.459310
intra=0 spread=0,8,275,0.842500
intra=0 spread=0,8,276,0.728366
intra=0 spread=0,8,277,0.478717
intra=0 spread=0,8,278,3.707869
intra=0 spread=0,8,279,9.127175
intra=0 spread=0,8,280,0.730984
intra=0 spread=0,8,281,1.212830
intra=0 spread=0,8,282,4.541550
intra=0 spread=0,8,283,1.594573
intra=0 spread=0,8,284,195.503609
intra=0 spread=0,8,285,-0.005492
intra=0 spread=0,8,286,1.653084
intra=0 spread=0,8,287,1.604836
intra=0 spread=0,8,288,1.480861
intra=0 spread=0,8,289,1.075630
intra=0 spread=0,8,290,0.454932
intra=0 spread=0,8,291,6.929151
intra=0 spread=0,8,292,3.702549
intra=0 spread=0,8,293,2.530483
intra=0 spread=0,8,294,1.689811
intra=0 spread=0,8,295,1.519479
intra=0 spread=0,8,296,2.345725
intra=0 spread=0,8,297,2.820944
intra=0 spread=0,8,298,1.086683
intra=0 spread=0,8,299,28.994179
intra=0 spread=0,8,300,0.671569
intra=0 spread=0,8,301,0.247698
intra=0 spread=0,8,302,0.607026
intra=0 spread=0,8,303,0.712280
intra=0 spread=0,8,304,1.064323
intra=0 spread=0,8,305,1.105319
intra=0 spread=0,8,306,82.202325
intra=0 spread=0,8,307,1.412482
intra=0 spread=0,8,308,2.444490
intra=0 spread=0,8,309,0.389886
intra=0 spread=0,8,310,1.188370
intra=0 spread=0,8,311,0.980971
intra=0 spread=0,8,312,1.125736
intra=0 spread=0,8,313,0.682061
intra=0 spread=0,8,314,276.299010
intra=0 spread=0,8,315,1.541192
intra=0 spread=0,8,316,1.248255
intra=0 spread=0,8,317,1.296642
intra=0 spread=0,8,318,0.726181
intra=0 spread=0,8,319,2.112972
intra=0 spread=0,8,320,0.851826
intra=0 spread=0,8,321,1.628358
intra=0 spread=0,8,322,1.434830
intra=0 spread=0,8,323,3.601913
intra=0 spread=0,8,324,0.606121
intra=0 spread=0,8,325,1.265297
intra=0 spread=0,8,326,1.060464
intra=0 spread=0,8,327,0.009088
intra=0 spread=0,8,328,0.663579
intra=0 spread=0,8,329,1.574118
intra=0 spread=0,8,330,1.589013
intra=0 spread=0,8,331,0.595212
intra=0 spread=0,8,332,1.449116
intra=0 spread=0,8,333,1.630803
intra=0 spread=0,8,334,1.270999
intra=0 spread=0,8,335,1.288430
intra=0 spread=0,8,336,1.968942
intra=0 spread=0,8,337,6.441266
intra=0 spread=0,8,338,5.211360
intra=0 spread=0,8,339,2.260441
intra=0 spread=0,8,340,0.487647
intra=0 spread=0,8,341,2.057782
intra=0 spread=0,8,342,0.329238
intra=0 spread=0,8,343,2.303699
intra=0 spread=0,8,344,1.521183
intra=0 spread=0,8,345,0.544904
intra=0 spread=0,8,346,0.577875
intra=0 spread=0,8,347,257.309558
intra=0 spread=0,8,348,1.772683
intra=0 spread=0,8,349,0.968452
intra=0 spread=0,8,350,2.212474
intra=0 spread=0,8,351,1.082478
intra=0 spread=0,8,352,1.838861
intra=0 spread=0,8,353,9.386265
intra=0 spread=0,8,354,1.586677
intra=0 spread=0,8,355,8.540550
intra=0 spread=0,8,356,1.299568
intra=0 spread=0,8,357,1.789471
intra=0 spread=0,8,358,1.033232
intra=0 spread=0,8,359,1.260870
intra=0 spread=0,8,360,1.358162
intra=0 spread=0,8,361,0.538406
intra=0 spread=0,8,362,235.524589
intra=0 spread=0,8,363,4.237501
intra=0 spread=0,8,364,1.476990
intra=0 spread=0,8,365,4.813657
intra=0 spread=0,8,366,1.223395
intra=0 spread=0,8,367,204.349058
intra=0 spread=0,8,368,1.485793
intra=0 spread=0,8,369,0.524428
intra=0 spread=0,8,370,16.360735
intra=0 spread=0,8,371,1.212530
intra=0 spread=0,8,372,1.621921
intra=0 spread=0,8,373,10.295455
intra=0 spread=0,8,374,1.315657
intra=0 spread=0,8,375,1.519778
intra=0 spread=0,8,376,290.716020
intra=0 spread=0,8,377,0.646675
intra=0 spread=0,8,378,2.727678
intra=0 spread=0,8,379,1.371950
intra=0 spread=0,8,380,2.102865
intra=0 spread=0,8,381,2.478036
intra=0 spread=0,8,382,167.029263
intra=0 spread=0,8,383,2.786899
intra=0 spread=0,8,384,6.619792
intra=0 spread=0,8,385,0.981851
intra=0 spread=0,8,386,1.183206
intra=0 spread=0,8,387,0.843980
intra=0 spread=0,8,388,0.562551
intra=0 spread=0,8,389,1.364345
intra=0 spread=0,8,390,4.125401
intra=0 spread=0,8,391,0.748469
intra=0 spread=0,8,392,0.842850
intra=0 spread=0,8,393,0.855036
intra=0 spread=0,8,394,13.633001
intra=0 spread=0,8,395,3.925931
intra=0 spread=0,8,396,2.939451
intra=0 spread=0,8,397,2.179350
intra=0 spread=0,8,398,2.128443
intra=0 spread=0,8,399,0.735712
intra=0 spread=0,8,400,249.968449
intra=0 spread=0,8,401,134.140775
intra=0 spread=0,8,402,1.115604
intra=0 spread=0,8,403,0.697265
intra=0 spread=0,8,404,3.925806
intra=0 spread=0,8,405,0.879246
intra=0 spread=0,8,406,1.027357
intra=0 spread=0,8,407,0.820750
intra=0 spread=0,8,408,0.364634
intra=0 spread=0,8,409,1.648403
intra=0 spread=0,8,410,181.518042
intra=0 spread=0,8,411,1.217326
intra=0 spread=0,8,412,3.920410
intra=0 spread=0,8,413,0.348352
intra=0 spread=0,8,414,6.011428
intra=0 spread=0,8,415,4.014537
intra=0 spread=0,8,416,1.066085
intra=0 spread=0,8,417,0.824824
intra=0 spread=0,8,418,1.087394
intra=0 spread=0,8,419,1.373659
intra=0 spread=0,8,420,0.918527
intra=0 spread=0,8,421,1.134883
intra=0 spread=0,8,422,0.548063
intra=0 spread=0,8,423,1.782602
intra=0 spread=0,8,424,0.974552
intra=0 spread=0,8,425,5.278589
intra=0 spread=0,8,426,0.873924
intra=0 spread=0,8,427,3.808417
intra=0 spread=0,8,428,1.824992
intra=0 spread=0,8,429,0.589653
intra=0 spread=0,8,430,2.339088
intra=0 spread=0,8,431,4.426127
intra=0 spread=0,8,432,2.671765
intra=0 spread=0,8,433,1.121347
intra=0 spread=0,8,434,2.562449
intra=0 spread=0,8,435,1.724612
intra=0 spread=0,8,436,2.460547
intra=0 spread=0,8,437,113.866505
intra=0 spread=0,8,438,0.921285
intra=0 spread=0,8,439,1.581795
intra=0 spread=0,8,440,2.853287
intra=0 spread=0,8,441,6.281594
intra=0 spread=0,8,442,1.370574
intra=0 spread=0,8,443,2.802011
intra=0 spread=0,8,444,1.349158
intra=0 spread=0,8,445,1.327622
intra=0 spread=0,8,446,5.168391
intra=0 spread=0,8,447,2.120488
intra=0 spread=0,8,448,4.008859
intra=0 spread=0,8,449,1.134445
intra=0 spread=0,8,450,0.491223
intra=0 spread=0,8,451,7.462246
intra=0 spread=0,8,452,2.553792
intra=0 spread=0,8,453,2.496211
intra=0 spread=0,8,454,1.231888
intra=0 spread=0,8,455,1.294203
intra=0 spread=0,8,456,289.392176
intra=0 spread=0,8,457,1.334409
intra=0 spread=0,8,458,1.965573
intra=0 spread=0,8,459,2.021550
intra=0 spread=0,8,460,2.169400
intra=0 spread=0,8,461,0.222300
intra=0 spread=0,8,462,0.947093
intra=0 spread=0,8,463,1.453014
intra=0 spread=0,8,464,2.414763
intra=0 spread=0,8,465,2.230232
intra=0 spread=0,8,466,1.568741
intra=0 spread=0,8,467,1.207323
intra=0 spread=0,8,468,1.719713
intra=0 spread=0,8,469,0.158879
intra=0 spread=0,8,470,0.527821
intra=0 spread=0,8,471,3.027798
intra=0 spread=0,8,472,1.612177
intra=0 spread=0,8,473,1.097983
intra=0 spread=0,8,474,0.897985
intra=0 spread=0,8,475,1.845605
intra=0 spread=0,8,476,0.478599
intra=0 spread=0,8,477,3.878978
intra=0 spread=0,8,478,1.458144
intra=0 spread=0,8,479,0.982478
intra=0 spread=0,8,480,0.216303
intra=0 spread=0,8,481,1.854217
intra=0 spread=0,8,482,6.968548
intra=0 spread=0,8,483,0.137732
intra=0 spread=0,8,484,0.761615
intra=0 spread=0,8,485,0.360727
intra=0 spread=0,8,486,6.264668
intra=0 spread=0,8,487,0.579960
intra=0 spread=0,8,488,1.822350
intra=0 spread=0,8,489,1.317441
intra=0 spread=0,8,490,1.674654
intra=0 spread=0,8,491,1.213212
intra=0 spread=0,8,492,1.501807
intra=0 spread=0,8,493,3.239898
intra=0 spread=0,8,494,0.452560
intra=0 spread=0,8,495,288.633168
intra=0 spread=0,8,496,1.392650
intra=0 spread=0,8,497,1.754139
intra=0 spread=0,8,498,0.748450
intra=0 spread=0,8,499,1.082450
intra=0 spread=0,8,500,0.024457
intra=0 spread=0,16,1,291.414232
intra=0 spread=0,16,2,0.660485
intra=0 spread=0,16,3,264.629066
intra=0 spread=0,16,4,293.557914
intra=0 spread=0,16,5,141.532058
intra=0 spread=0,16,6,3.764016
intra=0 spread=0,16,7,12.262003
intra=0 spread=0,16,8,1.942533
intra=0 spread=0,16,9,198.907082
intra=0 spread=0,16,10,1.601933
intra=0 spread=0,16,11,30.166953
intra=0 spread=0,16,12,0.946273
intra=0 spread=0,16,13,293.812723
intra=0 spread=0,16,14,0.433947
intra=0 spread=0,16,15,2.510725
intra=0 spread=0,16,16,3.881730
intra=0 spread=0,16,17,65.661582
intra=0 spread=0,16,18,6.540197
intra=0 spread=0,16,19,5.801086
intra=0 spread=0,16,20,2.058998
intra=0 spread=0,16,21,1.603454
intra=0 spread=0,16,22,69.000015
intra=0 spread=0,16,23,23.727328
intra=0 spread=0,16,24,0.868103
intra=0 spread=0,16,25,39.659251
intra=0 spread=0,16,26,5.167119
intra=0 spread=0,16,27,8.738573
intra=0 spread=0,16,28,217.071330
intra=0 spread=0,16,29,25.309974
intra=0 spread=0,16,30,1.338139
intra=0 spread=0,16,31,285.814303
intra=0 spread=0,16,32,17.247358
intra=0 spread=0,16,33,284.265114
intra=0 spread=0,16,34,289.117301
intra=0 spread=0,16,35,30.270895
intra=0 spread=0,16,36,289.387313
intra=0 spread=0,16,37,97.112805
intra=0 spread=0,16,38,12.089503
intra=0 spread=0,16,39,1.607809
intra=0 spread=0,16,40,283.324183
intra=0 spread=0,16,41,293.901415
intra=0 spread=0,16,42,144.486120
intra=0 spread=0,16,43,20.435144
intra=0 spread=0,16,44,22.031747
intra=0 spread=0,16,45,15.915316
intra=0 spread=0,16,46,119.677244
intra=0 spread=0,16,47,0.690586
intra=0 spread=0,16,48,1.796073
intra=0 spread=0,16,49,0.756858
intra=0 spread=0,16,50,33.573106
intra=0 spread=0,16,51,7.874764
intra=0 spread=0,16,52,231.900030
intra=0 spread=0,16,53,1.048277
intra=0 spread=0,16,54,99.886765
intra=0 spread=0,16,55,9.266529
intra=0 spread=0,16,56,10.616851
intra=0 spread=0,16,57,92.416992
intra=0 spread=0,16,58,288.634782
intra=0 spread=0,16,59,46.404694
intra=0 spread=0,16,60,8.269344
intra=0 spread=0,16,61,1.506009
intra=0 spread=0,16,62,16.985988
intra=0 spread=0,16,63,1.631055
intra=0 spread=0,16,64,39.137138
intra=0 spread=0,16,65,3.167681
intra=0 spread=0,16,66,263.634082
intra=0 spread=0,16,67,293.777638
intra=0 spread=0,16,68,293.835395
intra=0 spread=0,16,69,293.832269
intra=0 spread=0,16,70,4.980393
intra=0 spread=0,16,71,0.561038
intra=0 spread=0,16,72,134.558284
intra=0 spread=0,16,73,154.634809
intra=0 spread=0,16,74,2.830877
intra=0 spread=0,16,75,143.952575
intra=0 spread=0,16,76,293.742996
intra=0 spread=0,16,77,293.856407
intra=0 spread=0,16,78,2.002636
intra=0 spread=0,16,79,213.448339
intra=0 spread=0,16,80,293.903535
intra=0 spread=0,16,81,1.122573
intra=0 spread=0,16,82,291.550782
intra=0 spread=0,16,83,11.981944
intra=0 spread=0,16,84,1.263771
intra=0 spread=0,16,85,1.442801
intra=0 spread=0,16,86,100.364585
intra=0 spread=0,16,87,208.074843
intra=0 spread=0,16,88,40.993883
intra=0 spread=0,16,89,6.920206
intra=0 spread=0,16,90,22.591466
intra=0 spread=0,16,91,7.464359
intra=0 spread=0,16,92,237.515180
intra=0 spread=0,16,93,259.205707
intra=0 spread=0,16,94,282.237286
intra=0 spread=0,16,95,73.149093
intra=0 spread=0,16,96,157.067077
intra=0 spread=0,16,97,185.471168
intra=0 spread=0,16,98,293.533075
intra=0 spread=0,16,99,0.725122
intra=0 spread=0,16,100,179.508362
intra=0 spread=0,16,101,28.710007
intra=0 spread=0,16,102,293.119165
intra=0 spread=0,16,103,283.974387
intra=0 spread=0,16,104,7.714377
intra=0 spread=0,16,105,2.304716
intra=0 spread=0,16,106,196.339749
intra=0 spread=0,16,107,22.020909
intra=0 spread=0,16,108,293.771451
intra=0 spread=0,16,109,293.470588
intra=0 spread=0,16,110,293.594391
intra=0 spread=0,16,111,4.048299
intra=0 spread=0,16,112,8.412627
intra=0 spread=0,16,113,149.097565
intra=0 spread=0,16,114,81.001800
intra=0 spread=0,16,115,293.810199
intra=0 spread=0,16,116,37.877536
intra=0 spread=0,16,117,293.915122
intra=0 spread=0,16,118,0.748139
intra=0 spread=0,16,119,197.053197
intra=0 spread=0,16,120,118.605093
intra=0 spread=0,16,121,63.171313
intra=0 spread=0,16,122,60.687966
intra=0 spread=0,16,123,139.304795
intra=0 spread=0,16,124,145.376506
intra=0 spread=0,16,125,1.727402
intra=0 spread=0,16,126,0.659416
intra=0 spread=0,16,127,2.367276
intra=0 spread=0,16,128,0.523394
intra=0 spread=0,16,129,293.854468
intra=0 spread=0,16,130,1.103178
intra=0 spread=0,16,131,226.963647
intra=0 spread=0,16,132,293.296119
intra=0 spread=0,16,133,229.888292
intra=0 spread=0,16,134,0.492342
intra=0 spread=0,16,135,9.251893
intra=0 spread=0,16,136,0.977578
intra=0 spread=0,16,137,4.964353
intra=0 spread=0,16,138,0.598108
intra=0 spread=0,16,139,288.612343
intra=0 spread=0,16,140,293.912191
intra=0 spread=0,16,141,291.964138
intra=0 spread=0,16,142,233.450052
intra=0 spread=0,16,143,289.066939
intra=0 spread=0,16,144,293.869969
intra=0 spread=0,16,145,292.205529
intra=0 spread=0,16,146,2.137812
intra=0 spread=0,16,147,-0.161836
intra=0 spread=0,16,148,218.333926
intra=0 spread=0,16,149,1.610221
intra=0 spread=0,16,150,292.902658
intra=0 spread=0,16,151,12.636476
intra=0 spread=0,16,152,0.534099
intra=0 spread=0,16,153,2.333914
intra=0 spread=0,16,154,281.086407
intra=0 spread=0,16,155,147.028241
intra=0 spread=0,16,156,68.482961
intra=0 spread=0,16,157,133.385295
intra=0 spread=0,16,158,6.788362
intra=0 spread=0,16,159,263.868026
intra=0 spread=0,16,160,1.610557
intra=0 spread=0,16,161,293.914333
intra=0 spread=0,16,162,5.961550
intra=0 spread=0,16,163,222.597814
intra=0 spread=0,16,164,0.980991
intra=0 spread=0,16,165,293.715574
intra=0 spread=0,16,166,2.450321
intra=0 spread=0,16,167,292.873438
intra=0 spread=0,16,168,292.737277
intra=0 spread=0,16,169,293.807736
intra=0 spread=0,16,170,1.509400
intra=0 spread=0,16,171,81.882991
intra=0 spread=0,16,172,0.652901
intra=0 spread=0,16,173,293.903734
intra=0 spread=0,16,174,278.343365
intra=0 spread=0,16,175,293.672761
intra=0 spread=0,16,176,293.621666
intra=0 spread=0,16,177,252.687617
intra=0 spread=0,16,178,5.283958
intra=0 spread=0,16,179,0.996338
intra=0 spread=0,16,180,17.897855
intra=0 spread=0,16,181,73.016048
intra=0 spread=0,16,182,1.609023
intra=0 spread=0,16,183,0.661063
intra=0 spread=0,16,184,1.223103
intra=0 spread=0,16,185,39.043437
intra=0 spread=0,16,186,2.536638
intra=0 spread=0,16,187,25.395540
intra=0 spread=0,16,188,172.101118
intra=0 spread=0,16,189,25.229811
intra=0 spread=0,16,190,2.795582
intra=0 spread=0,16,191,293.892638
intra=0 spread=0,16,192,16.502468
intra=0 spread=0,16,193,293.776810
intra=0 spread=0,16,194,7.880397
intra=0 spread=0,16,195,5.724126
intra=0 spread=0,16,196,64.404021
intra=0 spread=0,16,197,293.937671
intra=0 spread=0,16,198,1.672040
intra=0 spread=0,16,199,20.391935
intra=0 spread=0,16,200,26.955752
intra=0 spread=0,16,201,276.912785
intra=0 spread=0,16,202,31.503648
intra=0 spread=0,16,203,1.735389
intra=0 spread=0,16,204,80.326012
intra=0 spread=0,16,205,293.443751
intra=0 spread=0,16,206,245.066541
intra=0 spread=0,16,207,1.076771
intra=0 spread=0,16,208,4.472637
intra=0 spread=0,16,209,60.092972
intra=0 spread=0,16,210,288.053735
intra=0 spread=0,16,211,1.813198
intra=0 spread=0,16,212,266.004030
intra=0 spread=0,16,213,293.845734
intra=0 spread=0,16,214,108.104819
intra=0 spread=0,16,215,81.691709
intra=0 spread=0,16,216,156.105703
intra=0 spread=0,16,217,240.226109
intra=0 spread=0,16,218,261.871855
intra=0 spread=0,16,219,0.899979
intra=0 spread=0,16,220,130.479624
intra=0 spread=0,16,221,243.072286
intra=0 spread=0,16,222,1.456613
intra=0 spread=0,16,223,291.057052
intra=0 spread=0,16,224,0.981046
intra=0 spread=0,16,225,266.096892
intra=0 spread=0,16,226,0.780761
intra=0 spread=0,16,227,0.104951
intra=0 spread=0,16,228,200.845742
intra=0 spread=0,16,229,202.922495
intra=0 spread=0,16,230,13.233222
intra=0 spread=0,16,231,35.532174
intra=0 spread=0,16,232,141.416455
intra=0 spread=0,16,233,0.634316
intra=0 spread=0,16,234,206.285240
intra=0 spread=0,16,235,259.641724
intra=0 spread=0,16,236,0.827068
intra=0 spread=0,16,237,28.484669
intra=0 spread=0,16,238,1.777219
intra=0 spread=0,16,239,-0.267565
intra=0 spread=0,16,240,289.212590
intra=0 spread=0,16,241,2.034856
intra=0 spread=0,16,242,8.302343
intra=0 spread=0,16,243,8.545542
intra=0 spread=0,16,244,228.789987
intra=0 spread=0,16,245,146.147310
intra=0 spread=0,16,246,0.524622
intra=0 spread=0,16,247,47.430444
intra=0 spread=0,16,248,9.302107
intra=0 spread=0,16,249,293.876032
intra=0 spread=0,16,250,53.727316
intra=0 spread=0,16,251,21.145784
intra=0 spread=0,16,252,7.069228
intra=0 spread=0,16,253,1.255349
intra=0 spread=0,16,254,1.725478
intra=0 spread=0,16,255,38.315347
intra=0 spread=0,16,256,266.183867
intra=0 spread=0,16,257,292.057989
intra=0 spread=0,16,258,5.981260
intra=0 spread=0,16,259,293.882014
intra=0 spread=0,16,260,126.444767
intra=0 spread=0,16,261,293.830017
intra=0 spread=0,16,262,2.851336
intra=0 spread=0,16,263,293.462941
intra=0 spread=0,16,264,4.697344
intra=0 spread=0,16,265,146.637955
intra=0 spread=0,16,266,293.734107
intra=0 spread=0,16,267,293.812484
intra=0 spread=0,16,268,291.272585
intra=0 spread=0,16,269,99.380515
intra=0 spread=0,16,270,291.533731
intra=0 spread=0,16,271,293.947279
intra=0 spread=0,16,272,0.059306
intra=0 spread=0,16,273,293.915084
intra=0 spread=0,16,274,293.247181
intra=0 spread=0,16,275,0.770077
intra=0 spread=0,16,276,1.301562
intra=0 spread=0,16,277,291.811425
intra=0 spread=0,16,278,36.133145
intra=0 spread=0,16,279,50.892491
intra=0 spread=0,16,280,1.164579
intra=0 spread=0,16,281,1.086503
intra=0 spread=0,16,282,19.195361
intra=0 spread=0,16,283,293.882687
intra=0 spread=0,16,284,280.426852
intra=0 spread=0,16,285,35.384733
intra=0 spread=0,16,286,293.383326
intra=0 spread=0,16,287,2.012858
intra=0 spread=0,16,288,1.467790
intra=0 spread=0,16,289,69.217699
intra=0 spread=0,16,290,158.407968
intra=0 spread=0,16,291,168.561882
intra=0 spread=0,16,292,289.054708
intra=0 spread=0,16,293,6.120890
intra=0 spread=0,16,294,288.637644
intra=0 spread=0,16,295,63.305165
intra=0 spread=0,16,296,33.731945
intra=0 spread=0,16,297,9.855473
intra=0 spread=0,16,298,12.948557
intra=0 spread=0,16,299,152.670731
intra=0 spread=0,16,300,146.172170
intra=0 spread=0,16,301,3.623352
intra=0 spread=0,16,302,155.081366
intra=0 spread=0,16,303,288.458259
intra=0 spread=0,16,304,1.060863
intra=0 spread=0,16,305,1.443910
intra=0 spread=0,16,306,293.002750
intra=0 spread=0,16,307,283.754419
intra=0 spread=0,16,308,2.605215
intra=0 spread=0,16,309,0.219075
intra=0 spread=0,16,310,1.716552
intra=0 spread=0,16,311,22.090420
intra=0 spread=0,16,312,129.259667
intra=0 spread=0,16,313,164.355069
intra=0 spread=0,16,314,144.483852
intra=0 spread=0,16,315,1.596874
intra=0 spread=0,16,316,293.926437
intra=0 spread=0,16,317,293.335299
intra=0 spread=0,16,318,259.288401
intra=0 spread=0,16,319,7.955800
intra=0 spread=0,16,320,58.352193
intra=0 spread=0,16,321,122.875740
intra=0 spread=0,16,322,264.123236
intra=0 spread=0,16,323,274.044955
intra=0 spread=0,16,324,247.870314
intra=0 spread=0,16,325,1.254166
intra=0 spread=0,16,326,10.498921
intra=0 spread=0,16,327,-0.061477
intra=0 spread=0,16,328,14.473308
intra=0 spread=0,16,329,1.565573
intra=0 spread=0,16,330,290.251363
intra=0 spread=0,16,331,51.962583
intra=0 spread=0,16,332,146.382873
intra=0 spread=0,16,333,292.480994
intra=0 spread=0,16,334,13.243166
intra=0 spread=0,16,335,141.734694
intra=0 spread=0,16,336,266.041155
intra=0 spread=0,16,337,18.172510
intra=0 spread=0,16,338,18.636471
intra=0 spread=0,16,339,134.404406
intra=0 spread=0,16,340,0.705096
intra=0 spread=0,16,341,1.785737
intra=0 spread=0,16,342,0.878841
intra=0 spread=0,16,343,126.034152
intra=0 spread=0,16,344,52.861092
intra=0 spread=0,16,345,3.086679
intra=0 spread=0,16,346,34.493111
intra=0 spread=0,16,347,293.834652
intra=0 spread=0,16,348,1.404150
intra=0 spread=0,16,349,2.549916
intra=0 spread=0,16,350,2.131024
intra=0 spread=0,16,351,290.879177
intra=0 spread=0,16,352,18.386497
intra=0 spread=0,16,353,223.787682
intra=0 spread=0,16,354,1.678476
intra=0 spread=0,16,355,37.710539
intra=0 spread=0,16,356,1.247033
intra=0 spread=0,16,357,57.909612
intra=0 spread=0,16,358,7.278825
intra=0 spread=0,16,359,59.387229
intra=0 spread=0,16,360,80.775336
intra=0 spread=0,16,361,0.516425
intra=0 spread=0,16,362,293.932524
intra=0 spread=0,16,363,3.700042
intra=0 spread=0,16,364,1.522565
intra=0 spread=0,16,365,121.365872
intra=0 spread=0,16,366,3.631515
intra=0 spread=0,16,367,242.027632
intra=0 spread=0,16,368,28.821112
intra=0 spread=0,16,369,0.476740
intra=0 spread=0,16,370,163.306434
intra=0 spread=0,16,371,1.237035
intra=0 spread=0,16,372,5.619960
intra=0 spread=0,16,373,55.213346
intra=0 spread=0,16,374,1.386849
intra=0 spread=0,16,375,293.843749
intra=0 spread=0,16,376,237.305841
intra=0 spread=0,16,377,0.654258
intra=0 spread=0,16,378,260.057852
intra=0 spread=0,16,379,128.639048
intra=0 spread=0,16,380,282.200797
intra=0 spread=0,16,381,262.076587
intra=0 spread=0,16,382,290.629596
intra=0 spread=0,16,383,2.657199
intra=0 spread=0,16,384,168.435701
intra=0 spread=0,16,385,75.853823
intra=0 spread=0,16,386,91.861386
intra=0 spread=0,16,387,0.999549
intra=0 spread=0,16,388,293.876616
intra=0 spread=0,16,389,151.117716
intra=0 spread=0,16,390,292.834955
intra=0 spread=0,16,391,83.850375
intra=0 spread=0,16,392,0.998430
intra=0 spread=0,16,393,0.810189
intra=0 spread=0,16,394,293.895495
intra=0 spread=0,16,395,46.532951
intra=0 spread=0,16,396,293.895193
intra=0 spread=0,16,397,2.489692
intra=0 spread=0,16,398,165.739471
intra=0 spread=0,16,399,26.798100
intra=0 spread=0,16,400,244.026175
intra=0 spread=0,16,401,200.395457
intra=0 spread=0,16,402,13.864583
intra=0 spread=0,16,403,13.656499
intra=0 spread=0,16,404,252.686617
intra=0 spread=0,16,405,293.164548
intra=0 spread=0,16,406,173.890500
intra=0 spread=0,16,407,194.594705
intra=0 spread=0,16,408,39.432042
intra=0 spread=0,16,409,1.390749
intra=0 spread=0,16,410,283.740105
intra=0 spread=0,16,411,271.015983
intra=0 spread=0,16,412,12.143299
intra=0 spread=0,16,413,11.192834
intra=0 spread=0,16,414,147.336636
intra=0 spread=0,16,415,22.362751
intra=0 spread=0,16,416,146.334021
intra=0 spread=0,16,417,0.935538
intra=0 spread=0,16,418,60.129646
intra=0 spread=0,16,419,292.746160
intra=0 spread=0,16,420,117.842803
intra=0 spread=0,16,421,277.974120
intra=0 spread=0,16,422,180.526899
intra=0 spread=0,16,423,1.594123
intra=0 spread=0,16,424,126.766476
intra=0 spread=0,16,425,250.621069
intra=0 spread=0,16,426,271.022507
intra=0 spread=0,16,427,293.909819
intra=0 spread=0,16,428,292.740675
intra=0 spread=0,16,429,132.499006
intra=0 spread=0,16,430,2.179681
intra=0 spread=0,16,431,293.032569
intra=0 spread=0,16,432,71.283308
intra=0 spread=0,16,433,117.865055
intra=0 spread=0,16,434,154.958340
intra=0 spread=0,16,435,19.970677
intra=0 spread=0,16,436,281.150776
intra=0 spread=0,16,437,85.802820
intra=0 spread=0,16,438,52.216898
intra=0 spread=0,16,439,280.111814
intra=0 spread=0,16,440,167.262022
intra=0 spread=0,16,441,147.577846
intra=0 spread=0,16,442,261.715267
intra=0 spread=0,16,443,16.286918
intra=0 spread=0,16,444,1.350013
intra=0 spread=0,16,445,1.348029
intra=0 spread=0,16,446,26.943734
intra=0 spread=0,16,447,1.822071
intra=0 spread=0,16,448,156.686194
intra=0 spread=0,16,449,0.984866
intra=0 spread=0,16,450,290.934658
intra=0 spread=0,16,451,292.802120
intra=0 spread=0,16,452,235.905735
intra=0 spread=0,16,453,2.450899
intra=0 spread=0,16,454,74.236071
intra=0 spread=0,16,455,293.928563
intra=0 spread=0,16,456,27.510957
intra=0 spread=0,16,457,70.654890
intra=0 spread=0,16,458,7.835592
intra=0 spread=0,16,459,293.676539
intra=0 spread=0,16,460,150.757801
intra=0 spread=0,16,461,0.120589
intra=0 spread=0,16,462,293.911119
intra=0 spread=0,16,463,150.362507
intra=0 spread=0,16,464,293.245223
intra=0 spread=0,16,465,282.066509
intra=0 spread=0,16,466,15.513043
intra=0 spread=0,16,467,80.922725
intra=0 spread=0,16,468,288.667480
intra=0 spread=0,16,469,0.177337
intra=0 spread=0,16,470,281.856972
intra=0 spread=0,16,471,10.617647
intra=0 spread=0,16,472,1.676868
intra=0 spread=0,16,473,21.081435
intra=0 spread=0,16,474,156.583752
intra=0 spread=0,16,475,176.265549
intra=0 spread=0,16,476,289.099479
intra=0 spread=0,16,477,227.953367
intra=0 spread=0,16,478,52.067923
intra=0 spread=0,16,479,1.078967
intra=0 spread=0,16,480,291.956019
intra=0 spread=0,16,481,292.180283
intra=0 spread=0,16,482,254.353970
intra=0 spread=0,16,483,105.249004
intra=0 spread=0,16,484,292.765099
intra=0 spread=0,16,485,0.853617
intra=0 spread=0,16,486,269.334331
intra=0 spread=0,16,487,178.394035
intra=0 spread=0,16,488,140.549609
intra=0 spread=0,16,489,1.255740
intra=0 spread=0,16,490,207.932196
intra=0 spread=0,16,491,197.350896
intra=0 spread=0,16,492,293.188987
intra=0 spread=0,16,493,250.386779
intra=0 spread=0,16,494,239.771288
intra=0 spread=0,16,495,149.390443
intra=0 spread=0,16,496,1.478111
intra=0 spread=0,16,497,1.813768
intra=0 spread=0,16,498,43.898175
intra=0 spread=0,16,499,277.219510
intra=0 spread=0,16,500,250.172965
intra=1 spread=0,0,1,1.364369
intra=1 spread=0,0,2,0.587695
intra=1 spread=0,0,3,1.256706
intra=1 spread=0,0,4,0.963124
intra=1 spread=0,0,5,0.456843
intra=1 spread=0,0,6,1.422222
intra=1 spread=0,0,7,1.804525
intra=1 spread=0,0,8,0.849664
intra=1 spread=0,0,9,1.568517
intra=1 spread=0,0,10,2.418069
intra=1 spread=0,0,11,1.279382
intra=1 spread=0,0,12,0.948534
intra=1 spread=0,0,13,0.784824
intra=1 spread=0,0,14,0.459314
intra=1 spread=0,0,15,2.022699
intra=1 spread=0,0,16,1.022231
intra=1 spread=0,0,17,1.286490
intra=1 spread=0,0,18,1.386598
intra=1 spread=0,0,19,1.616034
intra=1 spread=0,0,20,2.014598
intra=1 spread=0,0,21,1.229427
intra=1 spread=0,0,22,1.334761
intra=1 spread=0,0,23,1.543346
intra=1 spread=0,0,24,0.940636
intra=1 spread=0,0,25,1.843526
intra=1 spread=0,0,26,1.017288
intra=1 spread=0,0,27,1.367905
intra=1 spread=0,0,28,0.967591
intra=1 spread=0,0,29,2.450793
intra=1 spread=0,0,30,1.224628
intra=1 spread=0,0,31,1.208135
intra=1 spread=0,0,32,0.866461
intra=1 spread=0,0,33,1.116269
intra=1 spread=0,0,34,0.288732
intra=1 spread=0,0,35,2.299254
intra=1 spread=0,0,36,2.016886
intra=1 spread=0,0,37,1.115674
intra=1 spread=0,0,38,0.521638
intra=1 spread=0,0,39,1.146863
intra=1 spread=0,0,40,1.670323
intra=1 spread=0,0,41,1.742668
intra=1 spread=0,0,42,0.408428
intra=1 spread=0,0,43,0.958382
intra=1 spread=0,0,44,0.567393
intra=1 spread=0,0,45,2.080574
intra=1 spread=0,0,46,1.416276
intra=1 spread=0,0,47,0.755512
intra=1 spread=0,0,48,1.756358
intra=1 spread=0,0,49,0.988315
intra=1 spread=0,0,50,1.398829
intra=1 spread=0,0,51,0.504018
intra=1 spread=0,0,52,1.179196
intra=1 spread=0,0,53,0.978556
intra=1 spread=0,0,54,1.154525
intra=1 spread=0,0,55,3.914288
intra=1 spread=0,0,56,2.048237
intra=1 spread=0,0,57,0.661483
intra=1 spread=0,0,58,0.638293
intra=1 spread=0,0,59,1.499166
intra=1 spread=0,0,60,0.387153
intra=1 spread=0,0,61,1.478895
intra=1 spread=0,0,62,2.004358
intra=1 spread=0,0,63,1.355404
intra=1 spread=0,0,64,2.255148
intra=1 spread=0,0,65,2.425593
intra=1 spread=0,0,66,0.612805
intra=1 spread=0,0,67,0.613117
intra=1 spread=0,0,68,1.592087
intra=1 spread=0,0,69,0.684417
intra=1 spread=0,0,70,0.807249
intra=1 spread=0,0,71,0.635886
intra=1 spread=0,0,72,0.883229
intra=1 spread=0,0,73,1.484630
intra=1 spread=0,0,74,0.355248
intra=1 spread=0,0,75,2.216927
intra=1 spread=0,0,76,5.093804
intra=1 spread=0,0,77,1.577580
intra=1 spread=0,0,78,1.997217
intra=1 spread=0,0,79,1.018672
intra=1 spread=0,0,80,1.208908
intra=1 spread=0,0,81,1.128885
intra=1 spread=0,0,82,1.340645
intra=1 spread=0,0,83,0.556715
intra=1 spread=0,0,84,1.069586
intra=1 spread=0,0,85,1.556311
intra=1 spread=0,0,86,1.819591
intra=1 spread=0,0,87,0.547583
intra=1 spread=0,0,88,2.082333
intra=1 spread=0,0,89,2.029450
intra=1 spread=0,0,90,1.181509
intra=1 spread=0,0,91,2.253481
intra=1 spread=0,0,92,1.831543
intra=1 spread=0,0,93,1.544077
intra=1 spread=0,0,94,0.681252
intra=1 spread=0,0,95,0.253776
intra=1 spread=0,0,96,2.440514
intra=1 spread=0,0,97,0.510343
intra=1 spread=0,0,98,1.326391
intra=1 spread=0,0,99,0.679867
intra=1 spread=0,0,100,2.045905
intra=1 spread=0,0,101,2.474033
intra=1 spread=0,0,102,1.222805
intra=1 spread=0,0,103,1.098300
intra=1 spread=0,0,104,1.222307
intra=1 spread=0,0,105,2.386607
intra=1 spread=0,0,106,1.261968
intra=1 spread=0,0,107,0.606951
intra=1 spread=0,0,108,1.698982
intra=1 spread=0,0,109,1.080215
intra=1 spread=0,0,110,1.154969
intra=1 spread=0,0,111,1.284160
intra=1 spread=0,0,112,0.430806
intra=1 spread=0,0,113,0.765785
intra=1 spread=0,0,114,1.348612
intra=1 spread=0,0,115,0.889893
intra=1 spread=0,0,116,0.658433
intra=1 spread=0,0,117,1.033103
intra=1 spread=0,0,118,0.706188
intra=1 spread=0,0,119,0.598072
intra=1 spread=0,0,120,1.032744
intra=1 spread=0,0,121,1.856806
intra=1 spread=0,0,122,-0.055949
intra=1 spread=0,0,123,1.105915
intra=1 spread=0,0,124,3.432353
intra=1 spread=0,0,125,1.761185
intra=1 spread=0,0,126,0.708462
intra=1 spread=0,0,127,2.034924
intra=1 spread=0,0,128,0.478378
intra=1 spread=0,0,129,1.421492
intra=1 spread=0,0,130,0.897948
intra=1 spread=0,0,131,1.237398
intra=1 spread=0,0,132,0.708916
intra=1 spread=0,0,133,1.213870
intra=1 spread=0,0,134,0.509479
intra=1 spread=0,0,135,1.657464
intra=1 spread=0,0,136,1.145149
intra=1 spread=0,0,137,0.819667
intra=1 spread=0,0,138,0.580305
intra=1 spread=0,0,139,0.668527
intra=1 spread=0,0,140,1.114889
intra=1 spread=0,0,141,0.168719
intra=1 spread=0,0,142,1.171447
intra=1 spread=0,0,143,1.007756
intra=1 spread=0,0,144,1.935479
intra=1 spread=0,0,145,2.020371
intra=1 spread=0,0,146,1.583819
intra=1 spread=0,0,147,-0.234861
intra=1 spread=0,0,148,0.859359
intra=1 spread=0,0,149,1.619533
intra=1 spread=0,0,150,3.396123
intra=1 spread=0,0,151,2.226254
intra=1 spread=0,0,152,0.515689
intra=1 spread=0,0,153,1.207298
intra=1 spread=0,0,154,4.191942
intra=1 spread=0,0,155,0.917476
intra=1 spread=0,0,156,0.396638
intra=1 spread=0,0,157,0.974168
intra=1 spread=0,0,158,0.933735
intra=1 spread=0,0,159,0.156096
intra=1 spread=0,0,160,1.530345
intra=1 spread=0,0,161,0.753920
intra=1 spread=0,0,162,1.047146
intra=1 spread=0,0,163,1.269583
intra=1 spread=0,0,164,1.133250
intra=1 spread=0,0,165,1.136740
intra=1 spread=0,0,166,0.785299
intra=1 spread=0,0,167,0.813212
intra=1 spread=0,0,168,0.739393
intra=1 spread=0,0,169,2.177825
intra=1 spread=0,0,170,1.627567
intra=1 spread=0,0,171,1.796935
intra=1 spread=0,0,172,0.610230
intra=1 spread=0,0,173,1.738672
intra=1 spread=0,0,174,0.855934
intra=1 spread=0,0,175,2.736586
intra=1 spread=0,0,176,1.104993
intra=1 spread=0,0,177,0.658194
intra=1 spread=0,0,178,0.527391
intra=1 spread=0,0,179,1.036263
intra=1 spread=0,0,180,2.384436
intra=1 spread=0,0,181,3.632784
intra=1 spread=0,0,182,1.745476
intra=1 spread=0,0,183,0.779553
intra=1 spread=0,0,184,1.170735
intra=1 spread=0,0,185,1.572535
intra=1 spread=0,0,186,2.418753
intra=1 spread=0,0,187,0.307067
intra=1 spread=0,0,188,0.243669
intra=1 spread=0,0,189,1.363908
intra=1 spread=0,0,190,0.149490
intra=1 spread=0,0,191,0.881768
intra=1 spread=0,0,192,0.713885
intra=1 spread=0,0,193,1.041140
intra=1 spread=0,0,194,1.276353
intra=1 spread=0,0,195,1.595686
intra=1 spread=0,0,196,2.635223
intra=1 spread=0,0,197,1.391559
intra=1 spread=0,0,198,1.619041
intra=1 spread=0,0,199,0.453276
intra=1 spread=0,0,200,1.739649
intra=1 spread=0,0,201,1.471184
intra=1 spread=0,0,202,1.205869
intra=1 spread=0,0,203,1.847006
intra=1 spread=0,0,204,0.626747
intra=1 spread=0,0,205,2.620473
intra=1 spread=0,0,206,1.942593
intra=1 spread=0,0,207,1.097427
intra=1 spread=0,0,208,0.627710
intra=1 spread=0,0,209,1.473383
intra=1 spread=0,0,210,0.699006
intra=1 spread=0,0,211,0.629608
intra=1 spread=0,0,212,1.120935
intra=1 spread=0,0,213,1.903123
intra=1 spread=0,0,214,1.762207
intra=1 spread=0,0,215,3.234747
intra=1 spread=0,0,216,1.905893
intra=1 spread=0,0,217,1.571454
intra=1 spread=0,0,218,1.274212
intra=1 spread=0,0,219,0.853541
intra=1 spread=0,0,220,1.614592
intra=1 spread=0,0,221,0.669732
intra=1 spread=0,0,222,1.298167
intra=1 spread=0,0,223,2.738514
intra=1 spread=0,0,224,0.980379
intra=1 spread=0,0,225,1.420558
intra=1 spread=0,0,226,0.826239
intra=1 spread=0,0,227,0.062926
intra=1 spread=0,0,228,0.757630
intra=1 spread=0,0,229,0.794693
intra=1 spread=0,0,230,0.350174
intra=1 spread=0,0,231,1.626965
intra=1 spread=0,0,232,0.937544
intra=1 spread=0,0,233,0.549937
intra=1 spread=0,0,234,0.525702
intra=1 spread=0,0,235,0.545701
intra=1 spread=0,0,236,0.593759
intra=1 spread=0,0,237,1.042757
intra=1 spread=0,0,238,1.581988
intra=1 spread=0,0,239,-0.213641
intra=1 spread=0,0,240,0.935412
intra=1 spread=0,0,241,2.100110
intra=1 spread=0,0,242,0.579895
intra=1 spread=0,0,243,1.327192
intra=1 spread=0,0,244,0.951170
intra=1 spread=0,0,245,1.492234
intra=1 spread=0,0,246,0.585866
intra=1 spread=0,0,247,0.429879
intra=1 spread=0,0,248,1.401139
intra=1 spread=0,0,249,1.655571
intra=1 spread=0,0,250,1.975008
intra=1 spread=0,0,251,1.222897
intra=1 spread=0,0,252,2.679241
intra=1 spread=0,0,253,0.101808
intra=1 spread=0,0,254,0.899560
intra=1 spread=0,0,255,2.347160
intra=1 spread=0,0,256,1.857830
intra=1 spread=0,0,257,0.721635
intra=1 spread=0,0,258,1.572163
intra=1 spread=0,0,259,0.987463
intra=1 spread=0,0,260,0.955469
intra=1 spread=0,0,261,1.631431
intra=1 spread=0,0,262,2.082983
intra=1 spread=0,0,263,0.934989
intra=1 spread=0,0,264,1.662998
intra=1 spread=0,0,265,0.460487
intra=1 spread=0,0,266,0.930429
intra=1 spread=0,0,267,0.909455
intra=1 spread=0,0,268,1.967623
intra=1 spread=0,0,269,2.269771
intra=1 spread=0,0,270,1.139464
intra=1 spread=0,0,271,0.515210
intra=1 spread=0,0,272,0.011918
intra=1 spread=0,0,273,0.640520
intra=1 spread=0,0,274,1.532372
intra=1 spread=0,0,275,0.680902
intra=1 spread=0,0,276,0.962592
intra=1 spread=0,0,277,0.463540
intra=1 spread=0,0,278,2.409391
intra=1 spread=0,0,279,1.144263
intra=1 spread=0,0,280,0.748295
intra=1 spread=0,0,281,1.159363
intra=1 spread=0,0,282,5.480338
intra=1 spread=0,0,283,1.566898
intra=1 spread=0,0,284,1.253740
intra=1 spread=0,0,285,0.420281
intra=1 spread=0,0,286,2.093735
intra=1 spread=0,0,287,1.481456
intra=1 spread=0,0,288,1.392948
intra=1 spread=0,0,289,1.160614
intra=1 spread=0,0,290,0.653455
intra=1 spread=0,0,291,1.758422
intra=1 spread=0,0,292,1.743395
intra=1 spread=0,0,293,2.723119
intra=1 spread=0,0,294,2.285133
intra=1 spread=0,0,295,1.568288
intra=1 spread=0,0,296,1.553490
intra=1 spread=0,0,297,4.770065
intra=1 spread=0,0,298,1.240591
intra=1 spread=0,0,299,0.731572
intra=1 spread=0,0,300,1.194541
intra=1 spread=0,0,301,0.100420
intra=1 spread=0,0,302,1.072076
intra=1 spread=0,0,303,0.566584
intra=1 spread=0,0,304,0.978967
intra=1 spread=0,0,305,0.960646
intra=1 spread=0,0,306,2.956060
intra=1 spread=0,0,307,1.873087
intra=1 spread=0,0,308,2.469585
intra=1 spread=0,0,309,0.294692
intra=1 spread=0,0,310,1.339900
intra=1 spread=0,0,311,1.167548
intra=1 spread=0,0,312,0.505752
intra=1 spread=0,0,313,0.483672
intra=1 spread=0,0,314,2.120489
intra=1 spread=0,0,315,1.649543
intra=1 spread=0,0,316,0.866943
intra=1 spread=0,0,317,1.879243
intra=1 spread=0,0,318,0.778251
intra=1 spread=0,0,319,2.321391
intra=1 spread=0,0,320,0.693906
intra=1 spread=0,0,321,1.673107
intra=1 spread=0,0,322,1.635615
intra=1 spread=0,0,323,1.030966
intra=1 spread=0,0,324,1.305886
intra=1 spread=0,0,325,1.346052
intra=1 spread=0,0,326,1.231446
intra=1 spread=0,0,327,0.010853
intra=1 spread=0,0,328,0.429996
intra=1 spread=0,0,329,1.497783
intra=1 spread=0,0,330,1.388649
intra=1 spread=0,0,331,0.606648
intra=1 spread=0,0,332,1.194397
intra=1 spread=0,0,333,1.412401
intra=1 spread=0,0,334,2.316727
intra=1 spread=0,0,335,0.608387
intra=1 spread=0,0,336,1.808805
intra=1 spread=0,0,337,4.961781
intra=1 spread=0,0,338,0.440111
intra=1 spread=0,0,339,2.074730
intra=1 spread=0,0,340,0.494871
intra=1 spread=0,0,341,1.896900
intra=1 spread=0,0,342,0.486869
intra=1 spread=0,0,343,1.681980
intra=1 spread=0,0,344,1.078108
intra=1 spread=0,0,345,1.114237
intra=1 spread=0,0,346,0.416762
intra=1 spread=0,0,347,0.536472
intra=1 spread=0,0,348,1.077379
intra=1 spread=0,0,349,1.482407
intra=1 spread=0,0,350,2.122866
intra=1 spread=0,0,351,0.571977
intra=1 spread=0,0,352,2.130067
intra=1 spread=0,0,353,1.282973
intra=1 spread=0,0,354,1.670790
intra=1 spread=0,0,355,0.708575
intra=1 spread=0,0,356,1.296425
intra=1 spread=0,0,357,0.349548
intra=1 spread=0,0,358,1.076381
intra=1 spread=0,0,359,1.153060
intra=1 spread=0,0,360,1.566379
intra=1 spread=0,0,361,0.432963
intra=1 spread=0,0,362,1.392454
intra=1 spread=0,0,363,4.110133
intra=1 spread=0,0,364,1.331478
intra=1 spread=0,0,365,1.570780
intra=1 spread=0,0,366,1.738028
intra=1 spread=0,0,367,0.921281
intra=1 spread=0,0,368,1.181957
intra=1 spread=0,0,369,0.514637
intra=1 spread=0,0,370,2.239591
intra=1 spread=0,0,371,1.146784
intra=1 spread=0,0,372,1.399414
intra=1 spread=0,0,373,2.001477
intra=1 spread=0,0,374,1.305841
intra=1 spread=0,0,375,1.786569
intra=1 spread=0,0,376,0.390625
intra=1 spread=0,0,377,0.624315
intra=1 spread=0,0,378,1.512393
intra=1 spread=0,0,379,0.570151
intra=1 spread=0,0,380,1.610454
intra=1 spread=0,0,381,0.596390
intra=1 spread=0,0,382,1.079115
intra=1 spread=0,0,383,2.616250
intra=1 spread=0,0,384,2.616918
intra=1 spread=0,0,385,0.475392
intra=1 spread=0,0,386,0.739996
intra=1 spread=0,0,387,1.009191
intra=1 spread=0,0,388,0.706159
intra=1 spread=0,0,389,1.283132
intra=1 spread=0,0,390,0.510880
intra=1 spread=0,0,391,0.387344
intra=1 spread=0,0,392,0.921192
intra=1 spread=0,0,393,0.841599
intra=1 spread=0,0,394,2.230741
intra=1 spread=0,0,395,1.939125
intra=1 spread=0,0,396,1.108089
intra=1 spread=0,0,397,2.273769
intra=1 spread=0,0,398,0.753688
intra=1 spread=0,0,399,0.719558
intra=1 spread=0,0,400,1.731367
intra=1 spread=0,0,401,0.873703
intra=1 spread=0,0,402,1.281229
intra=1 spread=0,0,403,1.806663
intra=1 spread=0,0,404,0.988546
intra=1 spread=0,0,405,1.435608
intra=1 spread=0,0,406,1.055427
intra=1 spread=0,0,407,1.191255
intra=1 spread=0,0,408,0.364530
intra=1 spread=0,0,409,1.253720
intra=1 spread=0,0,410,2.090408
intra=1 spread=0,0,411,1.301619
intra=1 spread=0,0,412,1.084108
intra=1 spread=0,0,413,0.477536
intra=1 spread=0,0,414,1.246716
intra=1 spread=0,0,415,0.846966
intra=1 spread=0,0,416,1.326089
intra=1 spread=0,0,417,0.835495
intra=1 spread=0,0,418,0.851664
intra=1 spread=0,0,419,0.742118
intra=1 spread=0,0,420,0.878623
intra=1 spread=0,0,421,1.456367
intra=1 spread=0,0,422,0.178753
intra=1 spread=0,0,423,1.565426
intra=1 spread=0,0,424,1.246244
intra=1 spread=0,0,425,1.868545
intra=1 spread=0,0,426,0.845228
intra=1 spread=0,0,427,4.284995
intra=1 spread=0,0,428,0.444951
intra=1 spread=0,0,429,1.061745
intra=1 spread=0,0,430,2.177458
intra=1 spread=0,0,431,2.055598
intra=1 spread=0,0,432,2.167695
intra=1 spread=0,0,433,1.101625
intra=1 spread=0,0,434,0.389151
intra=1 spread=0,0,435,0.882288
intra=1 spread=0,0,436,2.335946
intra=1 spread=0,0,437,0.673689
intra=1 spread=0,0,438,0.838526
intra=1 spread=0,0,439,1.053850
intra=1 spread=0,0,440,3.341255
intra=1 spread=0,0,441,1.203508
intra=1 spread=0,0,442,1.890557
intra=1 spread=0,0,443,3.244241
intra=1 spread=0,0,444,1.292127
intra=1 spread=0,0,445,1.395387
intra=1 spread=0,0,446,1.902024
intra=1 spread=0,0,447,2.022697
intra=1 spread=0,0,448,1.608039
intra=1 spread=0,0,449,1.021548
intra=1 spread=0,0,450,0.871636
intra=1 spread=0,0,451,1.138640
intra=1 spread=0,0,452,2.858226
intra=1 spread=0,0,453,2.482567
intra=1 spread=0,0,454,1.364963
intra=1 spread=0,0,455,1.162586
intra=1 spread=0,0,456,2.415608
intra=1 spread=0,0,457,0.303142
intra=1 spread=0,0,458,1.819924
intra=1 spread=0,0,459,1.304408
intra=1 spread=0,0,460,1.327765
intra=1 spread=0,0,461,0.214405
intra=1 spread=0,0,462,0.495872
intra=1 spread=0,0,463,0.990534
intra=1 spread=0,0,464,0.322557
intra=1 spread=0,0,465,2.071152
intra=1 spread=0,0,466,2.808135
intra=1 spread=0,0,467,0.917676
intra=1 spread=0,0,468,1.577865
intra=1 spread=0,0,469,0.087651
intra=1 spread=0,0,470,0.377089
intra=1 spread=0,0,471,1.335631
intra=1 spread=0,0,472,1.524738
intra=1 spread=0,0,473,0.410010
intra=1 spread=0,0,474,0.294185
intra=1 spread=0,0,475,1.852939
intra=1 spread=0,0,476,0.634470
intra=1 spread=0,0,477,1.782633
intra=1 spread=0,0,478,1.359141
intra=1 spread=0,0,479,0.891831
intra=1 spread=0,0,480,0.219237
intra=1 spread=0,0,481,1.655684
intra=1 spread=0,0,482,0.992511
intra=1 spread=0,0,483,0.218915
intra=1 spread=0,0,484,0.598311
intra=1 spread=0,0,485,0.276143
intra=1 spread=0,0,486,1.565030
intra=1 spread=0,0,487,0.429310
intra=1 spread=0,0,488,0.827376
intra=1 spread=0,0,489,1.317576
intra=1 spread=0,0,490,2.044440
intra=1 spread=0,0,491,1.347921
intra=1 spread=0,0,492,1.309612
intra=1 spread=0,0,493,2.464901
intra=1 spread=0,0,494,0.535638
intra=1 spread=0,0,495,1.046662
intra=1 spread=0,0,496,1.431527
intra=1 spread=0,0,497,1.672122
intra=1 spread=0,0,498,0.699978
intra=1 spread=0,0,499,1.044571
intra=1 spread=0,0,500,0.369797
intra=1 spread=0,8,1,1.394227
intra=1 spread=0,8,2,0.599976
intra=1 spread=0,8,3,1.288099
intra=1 spread=0,8,4,1.189953
intra=1 spread=0,8,5,0.379649
intra=1 spread=0,8,6,1.649048
intra=1 spread=0,8,7,1.907978
intra=1 spread=0,8,8,0.992768
intra=1 spread=0,8,9,1.467431
intra=1 spread=0,8,10,1.368172
intra=1 spread=0,8,11,0.928843
intra=1 spread=0,8,12,1.025595
intra=1 spread=0,8,13,1.175028
intra=1 spread=0,8,14,0.469781
intra=1 spread=0,8,15,2.031464
intra=1 spread=0,8,16,0.946905
intra=1 spread=0,8,17,1.403918
intra=1 spread=0,8,18,1.363129
intra=1 spread=0,8,19,1.652746
intra=1 spread=0,8,20,1.882615
intra=1 spread=0,8,21,1.438803
intra=1 spread=0,8,22,1.234195
intra=1 spread=0,8,23,1.830922
intra=1 spread=0,8,24,0.671311
intra=1 spread=0,8,25,1.361361
intra=1 spread=0,8,26,1.007130
intra=1 spread=0,8,27,3.631338
intra=1 spread=0,8,28,2.643171
intra=1 spread=0,8,29,2.273549
intra=1 spread=0,8,30,1.276393
intra=1 spread=0,8,31,1.023116
intra=1 spread=0,8,32,0.722696
intra=1 spread=0,8,33,0.960766
intra=1 spread=0,8,34,2.138517
intra=1 spread=0,8,35,2.495169
intra=1 spread=0,8,36,2.549127
intra=1 spread=0,8,37,1.095798
intra=1 spread=0,8,38,0.399456
intra=1 spread=0,8,39,1.198174
intra=1 spread=0,8,40,1.307155
intra=1 spread=0,8,41,1.878285
intra=1 spread=0,8,42,0.693876
intra=1 spread=0,8,43,0.798500
intra=1 spread=0,8,44,0.835648
intra=1 spread=0,8,45,1.511027
intra=1 spread=0,8,46,2.152253
intra=1 spread=0,8,47,0.447147
intra=1 spread=0,8,48,1.691579
intra=1 spread=0,8,49,0.799081
intra=1 spread=0,8,50,1.362945
intra=1 spread=0,8,51,0.410814
intra=1 spread=0,8,52,0.745835
intra=1 spread=0,8,53,0.835813
intra=1 spread=0,8,54,0.809932
intra=1 spread=0,8,55,4.428222
intra=1 spread=0,8,56,2.569570
intra=1 spread=0,8,57,1.291345
intra=1 spread=0,8,58,0.896399
intra=1 spread=0,8,59,0.930765
intra=1 spread=0,8,60,0.825524
intra=1 spread=0,8,61,1.347916
intra=1 spread=0,8,62,1.770528
intra=1 spread=0,8,63,1.183693
intra=1 spread=0,8,64,1.874464
intra=1 spread=0,8,65,2.548125
intra=1 spread=0,8,66,0.653347
intra=1 spread=0,8,67,0.475213
intra=1 spread=0,8,68,1.583474
intra=1 spread=0,8,69,0.620363
intra=1 spread=0,8,70,0.602272
intra=1 spread=0,8,71,0.669545
intra=1 spread=0,8,72,1.929981
intra=1 spread=0,8,73,1.549006
intra=1 spread=0,8,74,0.209839
intra=1 spread=0,8,75,1.445348
intra=1 spread=0,8,76,3.985450
intra=1 spread=0,8,77,3.076883
intra=1 spread=0,8,78,1.622261
intra=1 spread=0,8,79,0.969862
intra=1 spread=0,8,80,1.500660
intra=1 spread=0,8,81,1.201184
intra=1 spread=0,8,82,105.461455
intra=1 spread=0,8,83,0.354572
intra=1 spread=0,8,84,1.292892
intra=1 spread=0,8,85,1.413714
intra=1 spread=0,8,86,1.691569
intra=1 spread=0,8,87,0.429112
intra=1 spread=0,8,88,2.047479
intra=1 spread=0,8,89,2.706031
intra=1 spread=0,8,90,1.495013
intra=1 spread=0,8,91,2.569232
intra=1 spread=0,8,92,2.336856
intra=1 spread=0,8,93,2.403442
intra=1 spread=0,8,94,3.068228
intra=1 spread=0,8,95,0.207271
intra=1 spread=0,8,96,4.137933
intra=1 spread=0,8,97,112.381985
intra=1 spread=0,8,98,36.909529
intra=1 spread=0,8,99,0.654690
intra=1 spread=0,8,100,1.774333
intra=1 spread=0,8,101,2.261249
intra=1 spread=0,8,102,1.035542
intra=1 spread=0,8,103,2.016244
intra=1 spread=0,8,104,1.836953
intra=1 spread=0,8,105,2.299097
intra=1 spread=0,8,106,1.149728
intra=1 spread=0,8,107,0.449159
intra=1 spread=0,8,108,2.670593
intra=1 spread=0,8,109,2.550090
intra=1 spread=0,8,110,5.339410
intra=1 spread=0,8,111,1.312128
intra=1 spread=0,8,112,0.532785
intra=1 spread=0,8,113,0.333089
intra=1 spread=0,8,114,1.561117
intra=1 spread=0,8,115,0.766760
intra=1 spread=0,8,116,0.751876
intra=1 spread=0,8,117,0.906527
intra=1 spread=0,8,118,0.728247
intra=1 spread=0,8,119,0.820281
intra=1 spread=0,8,120,1.636246
intra=1 spread=0,8,121,1.700401
intra=1 spread=0,8,122,0.177751
intra=1 spread=0,8,123,1.159161
intra=1 spread=0,8,124,3.038510
intra=1 spread=0,8,125,1.696475
intra=1 spread=0,8,126,0.759051
intra=1 spread=0,8,127,2.042253
intra=1 spread=0,8,128,0.470121
intra=1 spread=0,8,129,2.063650
intra=1 spread=0,8,130,0.762800
intra=1 spread=0,8,131,0.768587
intra=1 spread=0,8,132,0.582607
intra=1 spread=0,8,133,0.888886
intra=1 spread=0,8,134,0.460316
intra=1 spread=0,8,135,1.434136
intra=1 spread=0,8,136,1.098164
intra=1 spread=0,8,137,0.769392
intra=1 spread=0,8,138,0.423484
intra=1 spread=0,8,139,0.892086
intra=1 spread=0,8,140,1.627792
intra=1 spread=0,8,141,238.099510
intra=1 spread=0,8,142,1.419371
intra=1 spread=0,8,143,127.716739
intra=1 spread=0,8,144,1.135964
intra=1 spread=0,8,145,1.536353
intra=1 spread=0,8,146,1.127478
intra=1 spread=0,8,147,-0.140312
intra=1 spread=0,8,148,2.353380
intra=1 spread=0,8,149,1.623564
intra=1 spread=0,8,150,2.338564
intra=1 spread=0,8,151,2.032288
intra=1 spread=0,8,152,0.654379
intra=1 spread=0,8,153,0.817844
intra=1 spread=0,8,154,4.011984
intra=1 spread=0,8,155,228.025644
intra=1 spread=0,8,156,0.460213
intra=1 spread=0,8,157,1.099956
intra=1 spread=0,8,158,1.029250
intra=1 spread=0,8,159,0.166559
intra=1 spread=0,8,160,1.705154
intra=1 spread=0,8,161,0.682747
intra=1 spread=0,8,162,1.362464
intra=1 spread=0,8,163,1.040237
intra=1 spread=0,8,164,1.041825
intra=1 spread=0,8,165,0.964383
intra=1 spread=0,8,166,0.634680
intra=1 spread=0,8,167,10.709524
intra=1 spread=0,8,168,0.892953
intra=1 spread=0,8,169,2.084667
intra=1 spread=0,8,170,1.582498
intra=1 spread=0,8,171,1.598011
intra=1 spread=0,8,172,0.645810
intra=1 spread=0,8,173,1.686748
intra=1 spread=0,8,174,0.848696
intra=1 spread=0,8,175,3.533370
intra=1 spread=0,8,176,1.143898
intra=1 spread=0,8,177,1.208888
intra=1 spread=0,8,178,0.405095
intra=1 spread=0,8,179,1.054362
intra=1 spread=0,8,180,2.513098
intra=1 spread=0,8,181,3.202068
intra=1 spread=0,8,182,1.675366
intra=1 spread=0,8,183,0.708319
intra=1 spread=0,8,184,1.086272
intra=1 spread=0,8,185,1.305249
intra=1 spread=0,8,186,2.584578
intra=1 spread=0,8,187,0.276228
intra=1 spread=0,8,188,0.128332
intra=1 spread=0,8,189,6.464302
intra=1 spread=0,8,190,-0.056427
intra=1 spread=0,8,191,1.547463
intra=1 spread=0,8,192,0.966411
intra=1 spread=0,8,193,2.188263
intra=1 spread=0,8,194,1.444770
intra=1 spread=0,8,195,1.229450
intra=1 spread=0,8,196,2.560650
intra=1 spread=0,8,197,1.214745
intra=1 spread=0,8,198,1.583090
intra=1 spread=0,8,199,0.415589
intra=1 spread=0,8,200,2.179086
intra=1 spread=0,8,201,46.564612
intra=1 spread=0,8,202,1.342408
intra=1 spread=0,8,203,1.602427
intra=1 spread=0,8,204,0.838069
intra=1 spread=0,8,205,2.020123
intra=1 spread=0,8,206,1.429908
intra=1 spread=0,8,207,1.071325
intra=1 spread=0,8,208,0.522321
intra=1 spread=0,8,209,1.414570
intra=1 spread=0,8,210,0.982203
intra=1 spread=0,8,211,0.412765
intra=1 spread=0,8,212,1.118605
intra=1 spread=0,8,213,1.674094
intra=1 spread=0,8,214,1.752875
intra=1 spread=0,8,215,2.945907
intra=1 spread=0,8,216,1.688335
intra=1 spread=0,8,217,0.976002
intra=1 spread=0,8,218,1.303825
intra=1 spread=0,8,219,0.810003
intra=1 spread=0,8,220,0.966674
intra=1 spread=0,8,221,1.574633
intra=1 spread=0,8,222,1.295434
intra=1 spread=0,8,223,2.268040
intra=1 spread=0,8,224,0.954179
intra=1 spread=0,8,225,1.575242
intra=1 spread=0,8,226,0.618334
intra=1 spread=0,8,227,0.084519
intra=1 spread=0,8,228,0.364780
intra=1 spread=0,8,229,0.745706
intra=1 spread=0,8,230,0.647617
intra=1 spread=0,8,231,1.141172
intra=1 spread=0,8,232,0.969419
intra=1 spread=0,8,233,0.622616
intra=1 spread=0,8,234,0.615626
intra=1 spread=0,8,235,2.727549
intra=1 spread=0,8,236,0.517702
intra=1 spread=0,8,237,1.007736
intra=1 spread=0,8,238,1.650974
intra=1 spread=0,8,239,-0.314391
intra=1 spread=0,8,240,2.183133
intra=1 spread=0,8,241,2.024657
intra=1 spread=0,8,242,0.633800
intra=1 spread=0,8,243,0.886829
intra=1 spread=0,8,244,1.286907
intra=1 spread=0,8,245,6.407654
intra=1 spread=0,8,246,0.520609
intra=1 spread=0,8,247,0.386563
intra=1 spread=0,8,248,1.703649
intra=1 spread=0,8,249,2.473672
intra=1 spread=0,8,250,1.432247
intra=1 spread=0,8,251,1.174709
intra=1 spread=0,8,252,1.983364
intra=1 spread=0,8,253,0.163459
intra=1 spread=0,8,254,1.093376
intra=1 spread=0,8,255,2.497673
intra=1 spread=0,8,256,1.962372
intra=1 spread=0,8,257,1.698452
intra=1 spread=0,8,258,2.356776
intra=1 spread=0,8,259,0.962086
intra=1 spread=0,8,260,1.224327
intra=1 spread=0,8,261,1.600244
intra=1 spread=0,8,262,2.218667
intra=1 spread=0,8,263,3.039463
intra=1 spread=0,8,264,1.443262
intra=1 spread=0,8,265,0.384514
intra=1 spread=0,8,266,1.239517
intra=1 spread=0,8,267,0.450230
intra=1 spread=0,8,268,1.305142
intra=1 spread=0,8,269,2.224776
intra=1 spread=0,8,270,1.152457
intra=1 spread=0,8,271,1.035806
intra=1 spread=0,8,272,0.004145
intra=1 spread=0,8,273,0.641742
intra=1 spread=0,8,274,1.310135
intra=1 spread=0,8,275,0.836127
intra=1 spread=0,8,276,0.704436
intra=1 spread=0,8,277,0.635630
intra=1 spread=0,8,278,2.579546
intra=1 spread=0,8,279,1.206404
intra=1 spread=0,8,280,0.639556
intra=1 spread=0,8,281,1.183131
intra=1 spread=0,8,282,4.883928
intra=1 spread=0,8,283,1.333070
intra=1 spread=0,8,284,77.641842
intra=1 spread=0,8,285,0.339903
intra=1 spread=0,8,286,2.015767
intra=1 spread=0,8,287,1.607818
intra=1 spread=0,8,288,1.483022
intra=1 spread=0,8,289,1.112659
intra=1 spread=0,8,290,0.919995
intra=1 spread=0,8,291,12.970147
intra=1 spread=0,8,292,1.900179
intra=1 spread=0,8,293,2.431406
intra=1 spread=0,8,294,1.553664
intra=1 spread=0,8,295,1.315916
intra=1 spread=0,8,296,1.147619
intra=1 spread=0,8,297,3.075381
intra=1 spread=0,8,298,1.125028
intra=1 spread=0,8,299,5.150171
intra=1 spread=0,8,300,0.632203
intra=1 spread=0,8,301,0.162933
intra=1 spread=0,8,302,0.613125
intra=1 spread=0,8,303,0.482638
intra=1 spread=0,8,304,1.062713
intra=1 spread=0,8,305,1.235543
intra=1 spread=0,8,306,150.960779
intra=1 spread=0,8,307,1.547632
intra=1 spread=0,8,308,2.460423
intra=1 spread=0,8,309,0.397460
intra=1 spread=0,8,310,1.059198
intra=1 spread=0,8,311,1.220647
intra=1 spread=0,8,312,183.164222
intra=1 spread=0,8,313,0.450205
intra=1 spread=0,8,314,143.896948
intra=1 spread=0,8,315,1.576550
intra=1 spread=0,8,316,0.793271
intra=1 spread=0,8,317,1.261767
intra=1 spread=0,8,318,0.696885
intra=1 spread=0,8,319,2.010402
intra=1 spread=0,8,320,0.892222
intra=1 spread=0,8,321,1.543342
intra=1 spread=0,8,322,1.504734
intra=1 spread=0,8,323,1.381189
intra=1 spread=0,8,324,1.350212
intra=1 spread=0,8,325,1.277814
intra=1 spread=0,8,326,1.011559
intra=1 spread=0,8,327,0.032676
intra=1 spread=0,8,328,0.416419
intra=1 spread=0,8,329,1.560950
intra=1 spread=0,8,330,2.043863
intra=1 spread=0,8,331,1.240026
intra=1 spread=0,8,332,1.472607
intra=1 spread=0,8,333,1.993282
intra=1 spread=0,8,334,1.455619
intra=1 spread=0,8,335,0.842323
intra=1 spread=0,8,336,1.878876
intra=1 spread=0,8,337,7.512915
intra=1 spread=0,8,338,3.537194
intra=1 spread=0,8,339,2.015960
intra=1 spread=0,8,340,0.480883
intra=1 spread=0,8,341,2.021600
intra=1 spread=0,8,342,0.177436
intra=1 spread=0,8,343,5.080097
intra=1 spread=0,8,344,1.263159
intra=1 spread=0,8,345,0.459219
intra=1 spread=0,8,346,170.871342
intra=1 spread=0,8,347,235.715854
intra=1 spread=0,8,348,1.522179
intra=1 spread=0,8,349,1.140917
intra=1 spread=0,8,350,2.217347
intra=1 spread=0,8,351,0.467371
intra=1 spread=0,8,352,1.984351
intra=1 spread=0,8,353,15.076625
intra=1 spread=0,8,354,1.577214
intra=1 spread=0,8,355,10.094319
intra=1 spread=0,8,356,1.279972
intra=1 spread=0,8,357,0.840543
intra=1 spread=0,8,358,1.165081
intra=1 spread=0,8,359,1.042358
intra=1 spread=0,8,360,1.379664
intra=1 spread=0,8,361,0.539455
intra=1 spread=0,8,362,5.276877
intra=1 spread=0,8,363,4.001947
intra=1 spread=0,8,364,1.478058
intra=1 spread=0,8,365,1.150697
intra=1 spread=0,8,366,1.158782
intra=1 spread=0,8,367,0.831848
intra=1 spread=0,8,368,1.463184
intra=1 spread=0,8,369,0.505789
intra=1 spread=0,8,370,2.381555
intra=1 spread=0,8,371,1.168146
intra=1 spread=0,8,372,1.554121
intra=1 spread=0,8,373,35.385714
intra=1 spread=0,8,374,1.319997
intra=1 spread=0,8,375,1.569751
intra=1 spread=0,8,376,2.152331
intra=1 spread=0,8,377,0.612989
intra=1 spread=0,8,378,1.171094
intra=1 spread=0,8,379,0.954614
intra=1 spread=0,8,380,2.438979
intra=1 spread=0,8,381,1.165703
intra=1 spread=0,8,382,19.551114
intra=1 spread=0,8,383,2.797109
intra=1 spread=0,8,384,1.837565
intra=1 spread=0,8,385,0.983654
intra=1 spread=0,8,386,0.891729
intra=1 spread=0,8,387,0.875283
intra=1 spread=0,8,388,0.585604
intra=1 spread=0,8,389,1.539771
intra=1 spread=0,8,390,2.093874
intra=1 spread=0,8,391,1.015113
intra=1 spread=0,8,392,1.031461
intra=1 spread=0,8,393,0.841225
intra=1 spread=0,8,394,185.168330
intra=1 spread=0,8,395,1.316979
intra=1 spread=0,8,396,1.343202
intra=1 spread=0,8,397,2.162674
intra=1 spread=0,8,398,3.065583
intra=1 spread=0,8,399,0.689605
intra=1 spread=0,8,400,36.170915
intra=1 spread=0,8,401,2.565489
intra=1 spread=0,8,402,1.226198
intra=1 spread=0,8,403,0.598658
intra=1 spread=0,8,404,4.783625
intra=1 spread=0,8,405,1.015882
intra=1 spread=0,8,406,1.073746
intra=1 spread=0,8,407,0.978947
intra=1 spread=0,8,408,0.207154
intra=1 spread=0,8,409,1.430805
intra=1 spread=0,8,410,1.245326
intra=1 spread=0,8,411,0.960684
intra=1 spread=0,8,412,1.233081
intra=1 spread=0,8,413,0.307154
intra=1 spread=0,8,414,0.775090
intra=1 spread=0,8,415,0.973877
intra=1 spread=0,8,416,1.352770
intra=1 spread=0,8,417,0.790581
intra=1 spread=0,8,418,1.449486
intra=1 spread=0,8,419,1.400975
intra=1 spread=0,8,420,0.825702
intra=1 spread=0,8,421,1.172920
intra=1 spread=0,8,422,0.292104
intra=1 spread=0,8,423,1.666007
intra=1 spread=0,8,424,0.937161
intra=1 spread=0,8,425,2.761141
intra=1 spread=0,8,426,0.559057
intra=1 spread=0,8,427,3.920185
intra=1 spread=0,8,428,0.547879
intra=1 spread=0,8,429,0.668538
intra=1 spread=0,8,430,2.330047
intra=1 spread=0,8,431,133.522766
intra=1 spread=0,8,432,1.898830
intra=1 spread=0,8,433,1.099079
intra=1 spread=0,8,434,0.102961
intra=1 spread=0,8,435,1.169781
intra=1 spread=0,8,436,2.119966
intra=1 spread=0,8,437,20.941853
intra=1 spread=0,8,438,0.751523
intra=1 spread=0,8,439,1.326765
intra=1 spread=0,8,440,2.576247
intra=1 spread=0,8,441,4.982065
intra=1 spread=0,8,442,1.602369
intra=1 spread=0,8,443,2.875589
intra=1 spread=0,8,444,1.362606
intra=1 spread=0,8,445,1.312100
intra=1 spread=0,8,446,2.671437
intra=1 spread=0,8,447,2.118909
intra=1 spread=0,8,448,6.967740
intra=1 spread=0,8,449,1.087816
intra=1 spread=0,8,450,0.691402
intra=1 spread=0,8,451,0.584883
intra=1 spread=0,8,452,2.714955
intra=1 spread=0,8,453,2.499403
intra=1 spread=0,8,454,1.278720
intra=1 spread=0,8,455,1.403558
intra=1 spread=0,8,456,223.119342
intra=1 spread=0,8,457,1.085584
intra=1 spread=0,8,458,2.036691
intra=1 spread=0,8,459,1.686741
intra=1 spread=0,8,460,1.163704
intra=1 spread=0,8,461,0.223849
intra=1 spread=0,8,462,0.708769
intra=1 spread=0,8,463,1.519888
intra=1 spread=0,8,464,0.744912
intra=1 spread=0,8,465,2.410688
intra=1 spread=0,8,466,1.766271
intra=1 spread=0,8,467,1.311073
intra=1 spread=0,8,468,1.543603
intra=1 spread=0,8,469,0.109119
intra=1 spread=0,8,470,0.692431
intra=1 spread=0,8,471,2.347845
intra=1 spread=0,8,472,1.606543
intra=1 spread=0,8,473,0.451329
intra=1 spread=0,8,474,1.473512
intra=1 spread=0,8,475,1.807781
intra=1 spread=0,8,476,1.101930
intra=1 spread=0,8,477,1.788352
intra=1 spread=0,8,478,1.523415
intra=1 spread=0,8,479,0.934337
intra=1 spread=0,8,480,0.545122
intra=1 spread=0,8,481,1.246486
intra=1 spread=0,8,482,8.827381
intra=1 spread=0,8,483,0.336115
intra=1 spread=0,8,484,0.643646
intra=1 spread=0,8,485,0.343539
intra=1 spread=0,8,486,5.607524
intra=1 spread=0,8,487,0.464380
intra=1 spread=0,8,488,2.009897
intra=1 spread=0,8,489,1.393624
intra=1 spread=0,8,490,1.666326
intra=1 spread=0,8,491,1.172116
intra=1 spread=0,8,492,1.500875
intra=1 spread=0,8,493,1.937859
intra=1 spread=0,8,494,0.546096
intra=1 spread=0,8,495,6.052189
intra=1 spread=0,8,496,1.382746
intra=1 spread=0,8,497,1.759169
intra=1 spread=0,8,498,0.744997
intra=1 spread=0,8,499,0.731845
intra=1 spread=0,8,500,0.495211
intra=1 spread=0,16,1,212.440987
intra=1 spread=0,16,2,0.659165
intra=1 spread=0,16,3,115.178142
intra=1 spread=0,16,4,131.608481
intra=1 spread=0,16,5,181.008837
intra=1 spread=0,16,6,2.740781
intra=1 spread=0,16,7,14.793743
intra=1 spread=0,16,8,4.734616
intra=1 spread=0,16,9,14.757074
intra=1 spread=0,16,10,1.541004
intra=1 spread=0,16,11,154.832715
intra=1 spread=0,16,12,0.835252
intra=1 spread=0,16,13,281.581776
intra=1 spread=0,16,14,0.439749
intra=1 spread=0,16,15,2.114922
intra=1 spread=0,16,16,41.687172
intra=1 spread=0,16,17,6.861205
intra=1 spread=0,16,18,42.549246
intra=1 spread=0,16,19,13.819739
intra=1 spread=0,16,20,2.010034
intra=1 spread=0,16,21,1.299137
intra=1 spread=0,16,22,6.528687
intra=1 spread=0,16,23,181.971493
intra=1 spread=0,16,24,0.884191
intra=1 spread=0,16,25,21.753180
intra=1 spread=0,16,26,1.163157
intra=1 spread=0,16,27,258.208701
intra=1 spread=0,16,28,229.386577
intra=1 spread=0,16,29,236.369736
intra=1 spread=0,16,30,1.329772
intra=1 spread=0,16,31,78.172497
intra=1 spread=0,16,32,237.323405
intra=1 spread=0,16,33,278.497251
intra=1 spread=0,16,34,3.848031
intra=1 spread=0,16,35,116.440638
intra=1 spread=0,16,36,108.768538
intra=1 spread=0,16,37,7.718470
intra=1 spread=0,16,38,38.985757
intra=1 spread=0,16,39,1.142511
intra=1 spread=0,16,40,225.282174
intra=1 spread=0,16,41,249.447140
intra=1 spread=0,16,42,172.542704
intra=1 spread=0,16,43,277.042077
intra=1 spread=0,16,44,12.853898
intra=1 spread=0,16,45,210.155060
intra=1 spread=0,16,46,153.484309
intra=1 spread=0,16,47,32.119563
intra=1 spread=0,16,48,1.585798
intra=1 spread=0,16,49,0.727598
intra=1 spread=0,16,50,96.708576
intra=1 spread=0,16,51,95.643658
intra=1 spread=0,16,52,161.432313
intra=1 spread=0,16,53,0.991689
intra=1 spread=0,16,54,187.107312
intra=1 spread=0,16,55,17.999922
intra=1 spread=0,16,56,217.235677
intra=1 spread=0,16,57,166.679625
intra=1 spread=0,16,58,47.833708
intra=1 spread=0,16,59,86.119622
intra=1 spread=0,16,60,132.659111
intra=1 spread=0,16,61,1.566497
intra=1 spread=0,16,62,36.700729
intra=1 spread=0,16,63,2.817530
intra=1 spread=0,16,64,226.412149
intra=1 spread=0,16,65,2.144874
intra=1 spread=0,16,66,164.639901
intra=1 spread=0,16,67,67.377131
intra=1 spread=0,16,68,231.108488
intra=1 spread=0,16,69,243.784832
intra=1 spread=0,16,70,2.685358
intra=1 spread=0,16,71,0.580360
intra=1 spread=0,16,72,61.922655
intra=1 spread=0,16,73,258.482562
intra=1 spread=0,16,74,1.570706
intra=1 spread=0,16,75,1.280614
intra=1 spread=0,16,76,149.416682
intra=1 spread=0,16,77,283.726613
intra=1 spread=0,16,78,1.898383
intra=1 spread=0,16,79,58.979699
intra=1 spread=0,16,80,148.316061
intra=1 spread=0,16,81,1.105566
intra=1 spread=0,16,82,267.204882
intra=1 spread=0,16,83,129.634081
intra=1 spread=0,16,84,1.190262
intra=1 spread=0,16,85,1.389459
intra=1 spread=0,16,86,21.977599
intra=1 spread=0,16,87,166.305569
intra=1 spread=0,16,88,89.084598
intra=1 spread=0,16,89,16.977594
intra=1 spread=0,16,90,9.030931
intra=1 spread=0,16,91,6.334411
intra=1 spread=0,16,92,290.000076
intra=1 spread=0,16,93,160.698008
intra=1 spread=0,16,94,122.417138
intra=1 spread=0,16,95,10.508452
intra=1 spread=0,16,96,210.945817
intra=1 spread=0,16,97,174.486401
intra=1 spread=0,16,98,246.994206
intra=1 spread=0,16,99,0.723222
intra=1 spread=0,16,100,173.147876
intra=1 spread=0,16,101,155.723752
intra=1 spread=0,16,102,6.510346
intra=1 spread=0,16,103,110.437472
intra=1 spread=0,16,104,22.300171
intra=1 spread=0,16,105,2.320134
intra=1 spread=0,16,106,241.429717
intra=1 spread=0,16,107,11.706102
intra=1 spread=0,16,108,189.770013
intra=1 spread=0,16,109,185.225822
intra=1 spread=0,16,110,286.406204
intra=1 spread=0,16,111,9.278486
intra=1 spread=0,16,112,2.812992
intra=1 spread=0,16,113,71.015533
intra=1 spread=0,16,114,109.131686
intra=1 spread=0,16,115,29.686998
intra=1 spread=0,16,116,1.140184
intra=1 spread=0,16,117,263.605077
intra=1 spread=0,16,118,0.747016
intra=1 spread=0,16,119,67.071713
intra=1 spread=0,16,120,259.953452
intra=1 spread=0,16,121,156.155029
intra=1 spread=0,16,122,146.904860
intra=1 spread=0,16,123,140.654101
intra=1 spread=0,16,124,8.970994
intra=1 spread=0,16,125,1.688353
intra=1 spread=0,16,126,0.664174
intra=1 spread=0,16,127,2.163208
intra=1 spread=0,16,128,0.521750
intra=1 spread=0,16,129,261.172687
intra=1 spread=0,16,130,0.909934
intra=1 spread=0,16,131,129.267260
intra=1 spread=0,16,132,289.307812
intra=1 spread=0,16,133,40.042403
intra=1 spread=0,16,134,0.490604
intra=1 spread=0,16,135,2.514800
intra=1 spread=0,16,136,1.000810
intra=1 spread=0,16,137,2.035970
intra=1 spread=0,16,138,0.580896
intra=1 spread=0,16,139,159.174116
intra=1 spread=0,16,140,159.958176
intra=1 spread=0,16,141,222.399042
intra=1 spread=0,16,142,284.949682
intra=1 spread=0,16,143,268.765425
intra=1 spread=0,16,144,9.577142
intra=1 spread=0,16,145,146.718575
intra=1 spread=0,16,146,1.396143
intra=1 spread=0,16,147,-0.130057
intra=1 spread=0,16,148,52.888666
intra=1 spread=0,16,149,1.645632
intra=1 spread=0,16,150,12.988038
intra=1 spread=0,16,151,231.310013
intra=1 spread=0,16,152,0.499129
intra=1 spread=0,16,153,209.915926
intra=1 spread=0,16,154,113.034291
intra=1 spread=0,16,155,248.697031
intra=1 spread=0,16,156,4.756108
intra=1 spread=0,16,157,211.736397
intra=1 spread=0,16,158,0.791656
intra=1 spread=0,16,159,103.920623
intra=1 spread=0,16,160,1.574716
intra=1 spread=0,16,161,131.044061
intra=1 spread=0,16,162,205.871288
intra=1 spread=0,16,163,42.979977
intra=1 spread=0,16,164,6.477599
intra=1 spread=0,16,165,214.626429
intra=1 spread=0,16,166,43.276002
intra=1 spread=0,16,167,39.423471
intra=1 spread=0,16,168,149.123428
intra=1 spread=0,16,169,205.132947
intra=1 spread=0,16,170,1.516227
intra=1 spread=0,16,171,43.112971
intra=1 spread=0,16,172,0.579944
intra=1 spread=0,16,173,280.276672
intra=1 spread=0,16,174,92.854329
intra=1 spread=0,16,175,237.855625
intra=1 spread=0,16,176,93.769562
intra=1 spread=0,16,177,101.691739
intra=1 spread=0,16,178,1.220336
intra=1 spread=0,16,179,0.979280
intra=1 spread=0,16,180,3.566200
intra=1 spread=0,16,181,9.384268
intra=1 spread=0,16,182,1.606709
intra=1 spread=0,16,183,0.670596
intra=1 spread=0,16,184,1.168204
intra=1 spread=0,16,185,9.754351
intra=1 spread=0,16,186,2.596227
intra=1 spread=0,16,187,252.216924
intra=1 spread=0,16,188,12.134978
intra=1 spread=0,16,189,152.336894
intra=1 spread=0,16,190,3.026131
intra=1 spread=0,16,191,273.570747
intra=1 spread=0,16,192,129.706844
intra=1 spread=0,16,193,18.423580
intra=1 spread=0,16,194,127.145181
intra=1 spread=0,16,195,14.091553
intra=1 spread=0,16,196,155.428992
intra=1 spread=0,16,197,273.590245
intra=1 spread=0,16,198,1.724089
intra=1 spread=0,16,199,204.804986
intra=1 spread=0,16,200,2.282191
intra=1 spread=0,16,201,13.838701
intra=1 spread=0,16,202,4.506494
intra=1 spread=0,16,203,1.672059
intra=1 spread=0,16,204,5.764260
intra=1 spread=0,16,205,230.245163
intra=1 spread=0,16,206,112.712754
intra=1 spread=0,16,207,1.087204
intra=1 spread=0,16,208,1.813082
intra=1 spread=0,16,209,287.474523
intra=1 spread=0,16,210,93.686970
intra=1 spread=0,16,211,0.858528
intra=1 spread=0,16,212,58.417442
intra=1 spread=0,16,213,2.330898
intra=1 spread=0,16,214,186.148167
intra=1 spread=0,16,215,14.105494
intra=1 spread=0,16,216,94.399843
intra=1 spread=0,16,217,126.290764
intra=1 spread=0,16,218,180.573224
intra=1 spread=0,16,219,0.852703
intra=1 spread=0,16,220,15.982380
intra=1 spread=0,16,221,153.903878
intra=1 spread=0,16,222,1.451641
intra=1 spread=0,16,223,106.093005
intra=1 spread=0,16,224,0.977989
intra=1 spread=0,16,225,214.423658
intra=1 spread=0,16,226,0.840785
intra=1 spread=0,16,227,0.093959
intra=1 spread=0,16,228,115.349467
intra=1 spread=0,16,229,2.238282
intra=1 spread=0,16,230,3.807990
intra=1 spread=0,16,231,9.004593
intra=1 spread=0,16,232,2.693761
intra=1 spread=0,16,233,0.646745
intra=1 spread=0,16,234,124.199777
intra=1 spread=0,16,235,97.326493
intra=1 spread=0,16,236,0.826925
intra=1 spread=0,16,237,0.864654
intra=1 spread=0,16,238,2.333742
intra=1 spread=0,16,239,-0.257823
intra=1 spread=0,16,240,91.412220
intra=1 spread=0,16,241,2.049372
intra=1 spread=0,16,242,0.685513
intra=1 spread=0,16,243,16.277808
intra=1 spread=0,16,244,170.590082
intra=1 spread=0,16,245,162.644214
intra=1 spread=0,16,246,0.553821
intra=1 spread=0,16,247,4.292392
intra=1 spread=0,16,248,7.113559
intra=1 spread=0,16,249,277.216384
intra=1 spread=0,16,250,4.645919
intra=1 spread=0,16,251,6.538649
intra=1 spread=0,16,252,278.792856
intra=1 spread=0,16,253,1.822890
intra=1 spread=0,16,254,7.519461
intra=1 spread=0,16,255,106.558957
intra=1 spread=0,16,256,119.223746
intra=1 spread=0,16,257,96.019731
intra=1 spread=0,16,258,170.966110
intra=1 spread=0,16,259,238.680337
intra=1 spread=0,16,260,9.426670
intra=1 spread=0,16,261,151.625590
intra=1 spread=0,16,262,2.655577
intra=1 spread=0,16,263,5.375058
intra=1 spread=0,16,264,2.972803
intra=1 spread=0,16,265,72.092809
intra=1 spread=0,16,266,282.896825
intra=1 spread=0,16,267,238.546653
intra=1 spread=0,16,268,249.495780
intra=1 spread=0,16,269,15.484472
intra=1 spread=0,16,270,165.485923
intra=1 spread=0,16,271,237.082894
intra=1 spread=0,16,272,0.063483
intra=1 spread=0,16,273,266.788660
intra=1 spread=0,16,274,273.045921
intra=1 spread=0,16,275,0.854016
intra=1 spread=0,16,276,0.846292
intra=1 spread=0,16,277,170.695717
intra=1 spread=0,16,278,262.118405
intra=1 spread=0,16,279,135.254495
intra=1 spread=0,16,280,0.717984
intra=1 spread=0,16,281,1.083996
intra=1 spread=0,16,282,5.043267
intra=1 spread=0,16,283,174.213019
intra=1 spread=0,16,284,138.327579
intra=1 spread=0,16,285,216.343042
intra=1 spread=0,16,286,140.037704
intra=1 spread=0,16,287,6.532771
intra=1 spread=0,16,288,1.465225
intra=1 spread=0,16,289,32.336775
intra=1 spread=0,16,290,256.926234
intra=1 spread=0,16,291,173.533769
intra=1 spread=0,16,292,187.777039
intra=1 spread=0,16,293,284.027807
intra=1 spread=0,16,294,166.420366
intra=1 spread=0,16,295,11.862447
intra=1 spread=0,16,296,237.107744
intra=1 spread=0,16,297,13.209190
intra=1 spread=0,16,298,5.003829
intra=1 spread=0,16,299,65.009755
intra=1 spread=0,16,300,11.869859
intra=1 spread=0,16,301,0.949453
intra=1 spread=0,16,302,127.146811
intra=1 spread=0,16,303,281.803506
intra=1 spread=0,16,304,1.063905
intra=1 spread=0,16,305,3.993200
intra=1 spread=0,16,306,227.465919
intra=1 spread=0,16,307,199.698619
intra=1 spread=0,16,308,2.605316
intra=1 spread=0,16,309,0.238679
intra=1 spread=0,16,310,1.451030
intra=1 spread=0,16,311,5.309758
intra=1 spread=0,16,312,227.950581
intra=1 spread=0,16,313,286.906901
intra=1 spread=0,16,314,90.243204
intra=1 spread=0,16,315,1.482796
intra=1 spread=0,16,316,265.714179
intra=1 spread=0,16,317,107.586310
intra=1 spread=0,16,318,20.263586
intra=1 spread=0,16,319,10.223341
intra=1 spread=0,16,320,120.721715
intra=1 spread=0,16,321,21.663458
intra=1 spread=0,16,322,85.623934
intra=1 spread=0,16,323,147.377832
intra=1 spread=0,16,324,180.443184
intra=1 spread=0,16,325,1.227925
intra=1 spread=0,16,326,2.696706
intra=1 spread=0,16,327,-0.038612
intra=1 spread=0,16,328,2.074996
intra=1 spread=0,16,329,1.578424
intra=1 spread=0,16,330,7.039164
intra=1 spread=0,16,331,139.603918
intra=1 spread=0,16,332,145.574570
intra=1 spread=0,16,333,143.245774
intra=1 spread=0,16,334,93.026210
intra=1 spread=0,16,335,237.485026
intra=1 spread=0,16,336,147.472638
intra=1 spread=0,16,337,220.964181
intra=1 spread=0,16,338,15.952349
intra=1 spread=0,16,339,136.623544
intra=1 spread=0,16,340,0.710472
intra=1 spread=0,16,341,1.812435
intra=1 spread=0,16,342,7.911448
intra=1 spread=0,16,343,144.384834
intra=1 spread=0,16,344,7.607736
intra=1 spread=0,16,345,2.536132
intra=1 spread=0,16,346,273.475819
intra=1 spread=0,16,347,256.719792
intra=1 spread=0,16,348,1.308058
intra=1 spread=0,16,349,4.054389
intra=1 spread=0,16,350,2.140850
intra=1 spread=0,16,351,18.853121
intra=1 spread=0,16,352,11.680719
intra=1 spread=0,16,353,86.656638
intra=1 spread=0,16,354,1.670240
intra=1 spread=0,16,355,236.898244
intra=1 spread=0,16,356,1.355992
intra=1 spread=0,16,357,33.095379
intra=1 spread=0,16,358,5.443074
intra=1 spread=0,16,359,12.297577
intra=1 spread=0,16,360,195.421495
intra=1 spread=0,16,361,0.506399
intra=1 spread=0,16,362,65.077589
intra=1 spread=0,16,363,3.706086
intra=1 spread=0,16,364,1.551104
intra=1 spread=0,16,365,131.049438
intra=1 spread=0,16,366,5.983584
intra=1 spread=0,16,367,8.230679
intra=1 spread=0,16,368,2.538309
intra=1 spread=0,16,369,0.491907
intra=1 spread=0,16,370,89.505813
intra=1 spread=0,16,371,1.241115
intra=1 spread=0,16,372,2.985009
intra=1 spread=0,16,373,249.534955
intra=1 spread=0,16,374,1.368587
intra=1 spread=0,16,375,277.689369
intra=1 spread=0,16,376,149.633905
intra=1 spread=0,16,377,0.651862
intra=1 spread=0,16,378,169.534654
intra=1 spread=0,16,379,263.482717
intra=1 spread=0,16,380,97.753681
intra=1 spread=0,16,381,93.678765
intra=1 spread=0,16,382,106.217898
intra=1 spread=0,16,383,2.720113
intra=1 spread=0,16,384,215.214296
intra=1 spread=0,16,385,157.287097
intra=1 spread=0,16,386,84.210918
intra=1 spread=0,16,387,3.642119
intra=1 spread=0,16,388,268.966322
intra=1 spread=0,16,389,219.017748
intra=1 spread=0,16,390,197.685195
intra=1 spread=0,16,391,93.467260
intra=1 spread=0,16,392,0.981809
intra=1 spread=0,16,393,0.775383
intra=1 spread=0,16,394,70.853048
intra=1 spread=0,16,395,174.815263
intra=1 spread=0,16,396,281.629318
intra=1 spread=0,16,397,2.578765
intra=1 spread=0,16,398,195.970250
intra=1 spread=0,16,399,2.179957
intra=1 spread=0,16,400,146.088190
intra=1 spread=0,16,401,89.413122
intra=1 spread=0,16,402,37.174376
intra=1 spread=0,16,403,155.358325
intra=1 spread=0,16,404,123.857601
intra=1 spread=0,16,405,155.763920
intra=1 spread=0,16,406,35.004598
intra=1 spread=0,16,407,184.785582
intra=1 spread=0,16,408,122.473799
intra=1 spread=0,16,409,2.730159
intra=1 spread=0,16,410,129.764810
intra=1 spread=0,16,411,131.687628
intra=1 spread=0,16,412,21.484377
intra=1 spread=0,16,413,8.148228
intra=1 spread=0,16,414,96.759728
intra=1 spread=0,16,415,75.258394
intra=1 spread=0,16,416,115.887235
intra=1 spread=0,16,417,2.522251
intra=1 spread=0,16,418,123.044571
intra=1 spread=0,16,419,163.603589
intra=1 spread=0,16,420,5.726252
intra=1 spread=0,16,421,182.054009
intra=1 spread=0,16,422,251.002725
intra=1 spread=0,16,423,1.601638
intra=1 spread=0,16,424,8.701768
intra=1 spread=0,16,425,139.384458
intra=1 spread=0,16,426,169.225970
intra=1 spread=0,16,427,16.646081
intra=1 spread=0,16,428,261.077678
intra=1 spread=0,16,429,21.881179
intra=1 spread=0,16,430,2.275819
intra=1 spread=0,16,431,116.234879
intra=1 spread=0,16,432,278.311795
intra=1 spread=0,16,433,8.775054
intra=1 spread=0,16,434,237.593314
intra=1 spread=0,16,435,2.699602
intra=1 spread=0,16,436,150.259323
intra=1 spread=0,16,437,183.771141
intra=1 spread=0,16,438,10.034277
intra=1 spread=0,16,439,59.086076
intra=1 spread=0,16,440,80.521419
intra=1 spread=0,16,441,178.626809
intra=1 spread=0,16,442,92.403129
intra=1 spread=0,16,443,9.090253
intra=1 spread=0,16,444,1.347605
intra=1 spread=0,16,445,1.613232
intra=1 spread=0,16,446,198.442162
intra=1 spread=0,16,447,1.734688
intra=1 spread=0,16,448,100.142665
intra=1 spread=0,16,449,0.992413
intra=1 spread=0,16,450,117.161594
intra=1 spread=0,16,451,184.823363
intra=1 spread=0,16,452,148.310853
intra=1 spread=0,16,453,2.502354
intra=1 spread=0,16,454,127.695191
intra=1 spread=0,16,455,259.416136
intra=1 spread=0,16,456,77.299157
intra=1 spread=0,16,457,5.132524
intra=1 spread=0,16,458,137.303870
intra=1 spread=0,16,459,15.770288
intra=1 spread=0,16,460,185.314224
intra=1 spread=0,16,461,0.135148
intra=1 spread=0,16,462,272.982708
intra=1 spread=0,16,463,262.750120
intra=1 spread=0,16,464,231.888984
intra=1 spread=0,16,465,118.394760
intra=1 spread=0,16,466,205.982690
intra=1 spread=0,16,467,64.906266
intra=1 spread=0,16,468,166.004006
intra=1 spread=0,16,469,0.141211
intra=1 spread=0,16,470,189.356382
intra=1 spread=0,16,471,7.645345
intra=1 spread=0,16,472,7.314711
intra=1 spread=0,16,473,156.708620
intra=1 spread=0,16,474,147.165559
intra=1 spread=0,16,475,210.541959
intra=1 spread=0,16,476,193.007368
intra=1 spread=0,16,477,39.165907
intra=1 spread=0,16,478,6.011913
intra=1 spread=0,16,479,1.046106
intra=1 spread=0,16,480,263.193513
intra=1 spread=0,16,481,120.903389
intra=1 spread=0,16,482,239.383146
intra=1 spread=0,16,483,2.626905
intra=1 spread=0,16,484,93.397560
intra=1 spread=0,16,485,0.539384
intra=1 spread=0,16,486,71.505783
intra=1 spread=0,16,487,26.784106
intra=1 spread=0,16,488,219.780705
intra=1 spread=0,16,489,1.272357
intra=1 spread=0,16,490,155.173514
intra=1 spread=0,16,491,29.883887
intra=1 spread=0,16,492,287.237755
intra=1 spread=0,16,493,194.480665
intra=1 spread=0,16,494,244.260926
intra=1 spread=0,16,495,137.957889
intra=1 spread=0,16,496,1.488013
intra=1 spread=0,16,497,1.788010
intra=1 spread=0,16,498,1.304803
intra=1 spread=0,16,499,8.985782
intra=1 spread=0,16,500,77.578992
intra=0 spread=1,0,1,1.387741
intra=0 spread=1,0,2,0.593349
intra=0 spread=1,0,3,1.341851
intra=0 spread=1,0,4,0.937685
intra=0 spread=1,0,5,0.581671
intra=0 spread=1,0,6,1.318587
intra=0 spread=1,0,7,1.860660
intra=0 spread=1,0,8,0.826172
intra=0 spread=1,0,9,1.639312
intra=0 spread=1,0,10,2.415758
intra=0 spread=1,0,11,1.370300
intra=0 spread=1,0,12,0.927660
intra=0 spread=1,0,13,0.815190
intra=0 spread=1,0,14,0.564138
intra=0 spread=1,0,15,2.097105
intra=0 spread=1,0,16,1.096016
intra=0 spread=1,0,17,1.253291
intra=0 spread=1,0,18,1.251391
intra=0 spread=1,0,19,1.612039
intra=0 spread=1,0,20,1.978730
intra=0 spread=1,0,21,1.188236
intra=0 spread=1,0,22,1.480296
intra=0 spread=1,0,23,1.482458
intra=0 spread=1,0,24,0.820940
intra=0 spread=1,0,25,1.746785
intra=0 spread=1,0,26,1.001326
intra=0 spread=1,0,27,1.328878
intra=0 spread=1,0,28,1.000702
intra=0 spread=1,0,29,2.388529
intra=0 spread=1,0,30,1.278537
intra=0 spread=1,0,31,1.115700
intra=0 spread=1,0,32,0.953648
intra=0 spread=1,0,33,1.124970
intra=0 spread=1,0,34,0.335420
intra=0 spread=1,0,35,2.356218
intra=0 spread=1,0,36,2.094952
intra=0 spread=1,0,37,1.069495
intra=0 spread=1,0,38,0.643663
intra=0 spread=1,0,39,1.162905
intra=0 spread=1,0,40,1.533369
intra=0 spread=1,0,41,1.715652
intra=0 spread=1,0,42,0.362706
intra=0 spread=1,0,43,0.885894
intra=0 spread=1,0,44,0.495737
intra=0 spread=1,0,45,2.026465
intra=0 spread=1,0,46,1.434853
intra=0 spread=1,0,47,0.738318
intra=0 spread=1,0,48,1.601958
intra=0 spread=1,0,49,0.939126
intra=0 spread=1,0,50,1.439159
intra=0 spread=1,0,51,0.625877
intra=0 spread=1,0,52,1.164465
intra=0 spread=1,0,53,0.894193
intra=0 spread=1,0,54,1.057238
intra=0 spread=1,0,55,3.595402
intra=0 spread=1,0,56,2.035560
intra=0 spread=1,0,57,0.645768
intra=0 spread=1,0,58,0.638642
intra=0 spread=1,0,59,1.445258
intra=0 spread=1,0,60,0.494536
intra=0 spread=1,0,61,1.368275
intra=0 spread=1,0,62,1.976293
intra=0 spread=1,0,63,1.367449
intra=0 spread=1,0,64,2.246841
intra=0 spread=1,0,65,2.477820
intra=0 spread=1,0,66,0.549634
intra=0 spread=1,0,67,0.578650
intra=0 spread=1,0,68,1.567123
intra=0 spread=1,0,69,0.670524
intra=0 spread=1,0,70,0.802321
intra=0 spread=1,0,71,0.676565
intra=0 spread=1,0,72,0.926555
intra=0 spread=1,0,73,1.463434
intra=0 spread=1,0,74,0.320315
intra=0 spread=1,0,75,2.200247
intra=0 spread=1,0,76,5.450650
intra=0 spread=1,0,77,1.578179
intra=0 spread=1,0,78,2.089541
intra=0 spread=1,0,79,1.012440
intra=0 spread=1,0,80,1.226838
intra=0 spread=1,0,81,1.169693
intra=0 spread=1,0,82,1.299767
intra=0 spread=1,0,83,0.616486
intra=0 spread=1,0,84,1.195374
intra=0 spread=1,0,85,1.540634
intra=0 spread=1,0,86,1.946689
intra=0 spread=1,0,87,0.547703
intra=0 spread=1,0,88,1.934123
intra=0 spread=1,0,89,1.872333
intra=0 spread=1,0,90,1.139860
intra=0 spread=1,0,91,2.306365
intra=0 spread=1,0,92,1.964177
intra=0 spread=1,0,93,1.548230
intra=0 spread=1,0,94,0.664573
intra=0 spread=1,0,95,0.280798
intra=0 spread=1,0,96,2.344814
intra=0 spread=1,0,97,0.528068
intra=0 spread=1,0,98,1.391868
intra=0 spread=1,0,99,0.644400
intra=0 spread=1,0,100,2.135717
intra=0 spread=1,0,101,2.531069
intra=0 spread=1,0,102,1.235834
intra=0 spread=1,0,103,1.110941
intra=0 spread=1,0,104,1.042462
intra=0 spread=1,0,105,2.456088
intra=0 spread=1,0,106,1.196817
intra=0 spread=1,0,107,0.649175
intra=0 spread=1,0,108,1.892777
intra=0 spread=1,0,109,1.128179
intra=0 spread=1,0,110,1.110717
intra=0 spread=1,0,111,1.251041
intra=0 spread=1,0,112,0.375303
intra=0 spread=1,0,113,0.895720
intra=0 spread=1,0,114,1.262738
intra=0 spread=1,0,115,0.904316
intra=0 spread=1,0,116,0.664829
intra=0 spread=1,0,117,1.157015
intra=0 spread=1,0,118,0.693067
intra=0 spread=1,0,119,0.772879
intra=0 spread=1,0,120,1.031460
intra=0 spread=1,0,121,1.709865
intra=0 spread=1,0,122,-0.180351
intra=0 spread=1,0,123,1.205340
intra=0 spread=1,0,124,3.537021
intra=0 spread=1,0,125,1.702069
intra=0 spread=1,0,126,0.743316
intra=0 spread=1,0,127,1.842265
intra=0 spread=1,0,128,0.514804
intra=0 spread=1,0,129,1.363572
intra=0 spread=1,0,130,0.934582
intra=0 spread=1,0,131,1.151405
intra=0 spread=1,0,132,0.653935
intra=0 spread=1,0,133,1.282744
intra=0 spread=1,0,134,0.530854
intra=0 spread=1,0,135,1.640007
intra=0 spread=1,0,136,1.030345
intra=0 spread=1,0,137,0.749192
intra=0 spread=1,0,138,0.581791
intra=0 spread=1,0,139,0.680501
intra=0 spread=1,0,140,1.234360
intra=0 spread=1,0,141,0.203785
intra=0 spread=1,0,142,1.235834
intra=0 spread=1,0,143,0.973937
intra=0 spread=1,0,144,1.845743
intra=0 spread=1,0,145,1.961288
intra=0 spread=1,0,146,1.468587
intra=0 spread=1,0,147,-0.244394
intra=0 spread=1,0,148,0.838698
intra=0 spread=1,0,149,1.713042
intra=0 spread=1,0,150,3.285214
intra=0 spread=1,0,151,2.199124
intra=0 spread=1,0,152,0.553648
intra=0 spread=1,0,153,1.033461
intra=0 spread=1,0,154,4.218575
intra=0 spread=1,0,155,0.932659
intra=0 spread=1,0,156,0.399366
intra=0 spread=1,0,157,1.279548
intra=0 spread=1,0,158,0.866468
intra=0 spread=1,0,159,0.216320
intra=0 spread=1,0,160,1.596804
intra=0 spread=1,0,161,0.748333
intra=0 spread=1,0,162,1.047368
intra=0 spread=1,0,163,1.198368
intra=0 spread=1,0,164,1.106904
intra=0 spread=1,0,165,1.071927
intra=0 spread=1,0,166,0.716867
intra=0 spread=1,0,167,0.736961
intra=0 spread=1,0,168,0.707563
intra=0 spread=1,0,169,2.253192
intra=0 spread=1,0,170,1.598688
intra=0 spread=1,0,171,1.850087
intra=0 spread=1,0,172,0.631799
intra=0 spread=1,0,173,1.859303
intra=0 spread=1,0,174,0.725841
intra=0 spread=1,0,175,2.951590
intra=0 spread=1,0,176,1.035079
intra=0 spread=1,0,177,0.742740
intra=0 spread=1,0,178,0.510274
intra=0 spread=1,0,179,1.093787
intra=0 spread=1,0,180,2.233088
intra=0 spread=1,0,181,3.494281
intra=0 spread=1,0,182,1.579791
intra=0 spread=1,0,183,0.739756
intra=0 spread=1,0,184,1.086825
intra=0 spread=1,0,185,1.554549
intra=0 spread=1,0,186,2.508216
intra=0 spread=1,0,187,0.310220
intra=0 spread=1,0,188,0.207679
intra=0 spread=1,0,189,1.418994
intra=0 spread=1,0,190,0.153973
intra=0 spread=1,0,191,0.852624
intra=0 spread=1,0,192,0.775516
intra=0 spread=1,0,193,1.079805
intra=0 spread=1,0,194,1.337256
intra=0 spread=1,0,195,1.486569
intra=0 spread=1,0,196,2.506357
intra=0 spread=1,0,197,1.238261
intra=0 spread=1,0,198,1.615716
intra=0 spread=1,0,199,0.379428
intra=0 spread=1,0,200,1.800309
intra=0 spread=1,0,201,1.604952
intra=0 spread=1,0,202,1.188240
intra=0 spread=1,0,203,1.884502
intra=0 spread=1,0,204,0.640763
intra=0 spread=1,0,205,2.694892
intra=0 spread=1,0,206,1.725420
intra=0 spread=1,0,207,1.104560
intra=0 spread=1,0,208,0.587184
intra=0 spread=1,0,209,1.409790
intra=0 spread=1,0,210,0.769772
intra=0 spread=1,0,211,0.622386
intra=0 spread=1,0,212,1.159409
intra=0 spread=1,0,213,1.846743
intra=0 spread=1,0,214,1.791218
intra=0 spread=1,0,215,3.288920
intra=0 spread=1,0,216,2.086516
intra=0 spread=1,0,217,1.524848
intra=0 spread=1,0,218,1.380644
intra=0 spread=1,0,219,0.822047
intra=0 spread=1,0,220,1.505927
intra=0 spread=1,0,221,0.707843
intra=0 spread=1,0,222,1.339564
intra=0 spread=1,0,223,2.638781
intra=0 spread=1,0,224,0.985879
intra=0 spread=1,0,225,1.479650
intra=0 spread=1,0,226,0.856557
intra=0 spread=1,0,227,0.023531
intra=0 spread=1,0,228,0.810610
intra=0 spread=1,0,229,0.743705
intra=0 spread=1,0,230,0.292972
intra=0 spread=1,0,231,1.576376
intra=0 spread=1,0,232,0.957179
intra=0 spread=1,0,233,0.554687
intra=0 spread=1,0,234,0.569251
intra=0 spread=1,0,235,0.541496
intra=0 spread=1,0,236,0.501117
intra=0 spread=1,0,237,1.130420
intra=0 spread=1,0,238,1.642288
intra=0 spread=1,0,239,-0.179103
intra=0 spread=1,0,240,0.828824
intra=0 spread=1,0,241,2.068093
intra=0 spread=1,0,242,0.529254
intra=0 spread=1,0,243,1.381770
intra=0 spread=1,0,244,0.870703
intra=0 spread=1,0,245,1.532311
intra=0 spread=1,0,246,0.629453
intra=0 spread=1,0,247,0.470535
intra=0 spread=1,0,248,1.359424
intra=0 spread=1,0,249,1.528265
intra=0 spread=1,0,250,1.712877
intra=0 spread=1,0,251,1.224607
intra=0 spread=1,0,252,2.654783
intra=0 spread=1,0,253,0.129124
intra=0 spread=1,0,254,0.925342
intra=0 spread=1,0,255,2.261942
intra=0 spread=1,0,256,1.777066
intra=0 spread=1,0,257,0.629798
intra=0 spread=1,0,258,1.769172
intra=0 spread=1,0,259,0.997414
intra=0 spread=1,0,260,0.866360
intra=0 spread=1,0,261,1.434828
intra=0 spread=1,0,262,2.023149
intra=0 spread=1,0,263,0.919398
intra=0 spread=1,0,264,1.761308
intra=0 spread=1,0,265,0.487913
intra=0 spread=1,0,266,0.934998
intra=0 spread=1,0,267,0.899455
intra=0 spread=1,0,268,1.859015
intra=0 spread=1,0,269,2.285444
intra=0 spread=1,0,270,1.211311
intra=0 spread=1,0,271,0.533227
intra=0 spread=1,0,272,0.023682
intra=0 spread=1,0,273,0.630153
intra=0 spread=1,0,274,1.505885
intra=0 spread=1,0,275,0.868925
intra=0 spread=1,0,276,0.972806
intra=0 spread=1,0,277,0.512082
intra=0 spread=1,0,278,2.610803
intra=0 spread=1,0,279,1.095834
intra=0 spread=1,0,280,0.706342
intra=0 spread=1,0,281,1.117403
intra=0 spread=1,0,282,5.340418
intra=0 spread=1,0,283,1.570331
intra=0 spread=1,0,284,1.139841
intra=0 spread=1,0,285,0.404359
intra=0 spread=1,0,286,2.228904
intra=0 spread=1,0,287,1.525283
intra=0 spread=1,0,288,1.428102
intra=0 spread=1,0,289,1.228799
intra=0 spread=1,0,290,0.759425
intra=0 spread=1,0,291,1.871643
intra=0 spread=1,0,292,1.692340
intra=0 spread=1,0,293,2.778755
intra=0 spread=1,0,294,2.309162
intra=0 spread=1,0,295,1.758268
intra=0 spread=1,0,296,1.586424
intra=0 spread=1,0,297,4.616186
intra=0 spread=1,0,298,1.244723
intra=0 spread=1,0,299,0.808596
intra=0 spread=1,0,300,1.165037
intra=0 spread=1,0,301,0.122252
intra=0 spread=1,0,302,1.147364
intra=0 spread=1,0,303,0.526863
intra=0 spread=1,0,304,0.982372
intra=0 spread=1,0,305,0.875500
intra=0 spread=1,0,306,2.978306
intra=0 spread=1,0,307,1.820526
intra=0 spread=1,0,308,2.518649
intra=0 spread=1,0,309,0.313334
intra=0 spread=1,0,310,1.318025
intra=0 spread=1,0,311,1.261665
intra=0 spread=1,0,312,0.546057
intra=0 spread=1,0,313,0.457118
intra=0 spread=1,0,314,2.199074
intra=0 spread=1,0,315,1.502660
intra=0 spread=1,0,316,0.866202
intra=0 spread=1,0,317,1.900911
intra=0 spread=1,0,318,0.797129
intra=0 spread=1,0,319,2.336211
intra=0 spread=1,0,320,0.700434
intra=0 spread=1,0,321,1.634990
intra=0 spread=1,0,322,1.684527
intra=0 spread=1,0,323,0.974742
intra=0 spread=1,0,324,1.402826
intra=0 spread=1,0,325,1.148670
intra=0 spread=1,0,326,1.180811
intra=0 spread=1,0,327,-0.079513
intra=0 spread=1,0,328,0.493110
intra=0 spread=1,0,329,1.529647
intra=0 spread=1,0,330,1.367239
intra=0 spread=1,0,331,0.639713
intra=0 spread=1,0,332,1.218846
intra=0 spread=1,0,333,1.327891
intra=0 spread=1,0,334,2.174578
intra=0 spread=1,0,335,0.621333
intra=0 spread=1,0,336,1.704747
intra=0 spread=1,0,337,4.917263
intra=0 spread=1,0,338,0.653641
intra=0 spread=1,0,339,2.084294
intra=0 spread=1,0,340,0.487363
intra=0 spread=1,0,341,2.061887
intra=0 spread=1,0,342,0.492536
intra=0 spread=1,0,343,1.835009
intra=0 spread=1,0,344,1.090657
intra=0 spread=1,0,345,1.118794
intra=0 spread=1,0,346,0.413454
intra=0 spread=1,0,347,0.614884
intra=0 spread=1,0,348,1.090295
intra=0 spread=1,0,349,1.437817
intra=0 spread=1,0,350,2.304413
intra=0 spread=1,0,351,0.572839
intra=0 spread=1,0,352,2.183218
intra=0 spread=1,0,353,1.208321
intra=0 spread=1,0,354,1.589126
intra=0 spread=1,0,355,0.910594
intra=0 spread=1,0,356,1.276326
intra=0 spread=1,0,357,0.509036
intra=0 spread=1,0,358,1.013907
intra=0 spread=1,0,359,1.246919
intra=0 spread=1,0,360,1.582140
intra=0 spread=1,0,361,0.565922
intra=0 spread=1,0,362,1.404407
intra=0 spread=1,0,363,4.080430
intra=0 spread=1,0,364,1.407863
intra=0 spread=1,0,365,1.457593
intra=0 spread=1,0,366,1.671388
intra=0 spread=1,0,367,1.000408
intra=0 spread=1,0,368,1.170614
intra=0 spread=1,0,369,0.479992
intra=0 spread=1,0,370,2.083882
intra=0 spread=1,0,371,1.245814
intra=0 spread=1,0,372,1.391454
intra=0 spread=1,0,373,2.025746
intra=0 spread=1,0,374,1.375620
intra=0 spread=1,0,375,1.700462
intra=0 spread=1,0,376,0.406692
intra=0 spread=1,0,377,0.621115
intra=0 spread=1,0,378,1.560829
intra=0 spread=1,0,379,0.557942
intra=0 spread=1,0,380,1.744976
intra=0 spread=1,0,381,0.712309
intra=0 spread=1,0,382,1.035778
intra=0 spread=1,0,383,2.611100
intra=0 spread=1,0,384,2.777843
intra=0 spread=1,0,385,0.519658
intra=0 spread=1,0,386,0.839476
intra=0 spread=1,0,387,1.009536
intra=0 spread=1,0,388,0.781121
intra=0 spread=1,0,389,1.403204
intra=0 spread=1,0,390,0.512560
intra=0 spread=1,0,391,0.364850
intra=0 spread=1,0,392,0.928168
intra=0 spread=1,0,393,0.841028
intra=0 spread=1,0,394,2.130219
intra=0 spread=1,0,395,1.823506
intra=0 spread=1,0,396,1.273480
intra=0 spread=1,0,397,2.295968
intra=0 spread=1,0,398,0.947038
intra=0 spread=1,0,399,0.703529
intra=0 spread=1,0,400,1.744942
intra=0 spread=1,0,401,0.860980
intra=0 spread=1,0,402,1.288467
intra=0 spread=1,0,403,1.727378
intra=0 spread=1,0,404,1.019515
intra=0 spread=1,0,405,1.512958
intra=0 spread=1,0,406,1.037777
intra=0 spread=1,0,407,1.088424
intra=0 spread=1,0,408,0.346972
intra=0 spread=1,0,409,1.322413
intra=0 spread=1,0,410,2.129087
intra=0 spread=1,0,411,1.441020
intra=0 spread=1,0,412,1.149763
intra=0 spread=1,0,413,0.453166
intra=0 spread=1,0,414,1.349914
intra=0 spread=1,0,415,0.806261
intra=0 spread=1,0,416,1.264856
intra=0 spread=1,0,417,0.876754
intra=0 spread=1,0,418,0.797984
intra=0 spread=1,0,419,0.747218
intra=0 spread=1,0,420,0.902658
intra=0 spread=1,0,421,1.493637
intra=0 spread=1,0,422,0.190716
intra=0 spread=1,0,423,1.583682
intra=0 spread=1,0,424,1.196031
intra=0 spread=1,0,425,1.875041
intra=0 spread=1,0,426,0.840368
intra=0 spread=1,0,427,4.148206
intra=0 spread=1,0,428,0.342255
intra=0 spread=1,0,429,1.094954
intra=0 spread=1,0,430,2.246761
intra=0 spread=1,0,431,2.275591
intra=0 spread=1,0,432,2.381970
intra=0 spread=1,0,433,1.197648
intra=0 spread=1,0,434,0.374970
intra=0 spread=1,0,435,0.960064
intra=0 spread=1,0,436,2.419775
intra=0 spread=1,0,437,0.630251
intra=0 spread=1,0,438,0.763854
intra=0 spread=1,0,439,1.071107
intra=0 spread=1,0,440,3.372767
intra=0 spread=1,0,441,1.151738
intra=0 spread=1,0,442,1.963347
intra=0 spread=1,0,443,3.129836
intra=0 spread=1,0,444,1.266401
intra=0 spread=1,0,445,1.351440
intra=0 spread=1,0,446,1.899241
intra=0 spread=1,0,447,2.114767
intra=0 spread=1,0,448,1.535065
intra=0 spread=1,0,449,1.002889
intra=0 spread=1,0,450,0.847933
intra=0 spread=1,0,451,1.152014
intra=0 spread=1,0,452,2.952571
intra=0 spread=1,0,453,2.409326
intra=0 spread=1,0,454,1.318344
intra=0 spread=1,0,455,1.240506
intra=0 spread=1,0,456,2.440739
intra=0 spread=1,0,457,0.303127
intra=0 spread=1,0,458,1.782523
intra=0 spread=1,0,459,1.238807
intra=0 spread=1,0,460,1.259472
intra=0 spread=1,0,461,0.163069
intra=0 spread=1,0,462,0.388008
intra=0 spread=1,0,463,1.116406
intra=0 spread=1,0,464,0.420779
intra=0 spread=1,0,465,2.138204
intra=0 spread=1,0,466,2.549209
intra=0 spread=1,0,467,0.880891
intra=0 spread=1,0,468,1.512407
intra=0 spread=1,0,469,0.084080
intra=0 spread=1,0,470,0.358692
intra=0 spread=1,0,471,1.142701
intra=0 spread=1,0,472,1.444756
intra=0 spread=1,0,473,0.491500
intra=0 spread=1,0,474,0.243562
intra=0 spread=1,0,475,1.881418
intra=0 spread=1,0,476,0.571490
intra=0 spread=1,0,477,1.888373
intra=0 spread=1,0,478,1.214160
intra=0 spread=1,0,479,0.966188
intra=0 spread=1,0,480,0.247336
intra=0 spread=1,0,481,1.641735
intra=0 spread=1,0,482,0.902219
intra=0 spread=1,0,483,0.221913
intra=0 spread=1,0,484,0.604043
intra=0 spread=1,0,485,0.196584
intra=0 spread=1,0,486,1.622543
intra=0 spread=1,0,487,0.332782
intra=0 spread=1,0,488,0.787742
intra=0 spread=1,0,489,1.320611
intra=0 spread=1,0,490,2.040910
intra=0 spread=1,0,491,1.343094
intra=0 spread=1,0,492,1.387590
intra=0 spread=1,0,493,2.537194
intra=0 spread=1,0,494,0.467991
intra=0 spread=1,0,495,1.017401
intra=0 spread=1,0,496,1.443013
intra=0 spread=1,0,497,2.140289
intra=0 spread=1,0,498,0.656945
intra=0 spread=1,0,499,0.977497
intra=0 spread=1,0,500,0.420059
intra=0 spread=1,8,1,1.230994
intra=0 spread=1,8,2,0.565700
intra=0 spread=1,8,3,1.613146
intra=0 spread=1,8,4,1.349239
intra=0 spread=1,8,5,0.377257
intra=0 spread=1,8,6,1.240098
intra=0 spread=1,8,7,1.755178
intra=0 spread=1,8,8,0.842995
intra=0 spread=1,8,9,1.453896
intra=0 spread=1,8,10,1.325138
intra=0 spread=1,8,11,1.058690
intra=0 spread=1,8,12,1.099711
intra=0 spread=1,8,13,1.634722
intra=0 spread=1,8,14,0.457697
intra=0 spread=1,8,15,1.786306
intra=0 spread=1,8,16,0.850789
intra=0 spread=1,8,17,1.649786
intra=0 spread=1,8,18,1.225149
intra=0 spread=1,8,19,1.419584
intra=0 spread=1,8,20,1.910950
intra=0 spread=1,8,21,1.492935
intra=0 spread=1,8,22,1.321037
intra=0 spread=1,8,23,1.842431
intra=0 spread=1,8,24,0.699293
intra=0 spread=1,8,25,1.577955
intra=0 spread=1,8,26,0.923804
intra=0 spread=1,8,27,2.594939
intra=0 spread=1,8,28,1.485135
intra=0 spread=1,8,29,2.866920
intra=0 spread=1,8,30,1.369886
intra=0 spread=1,8,31,0.793812
intra=0 spread=1,8,32,0.833037
intra=0 spread=1,8,33,1.049151
intra=0 spread=1,8,34,1.081278
intra=0 spread=1,8,35,2.628626
intra=0 spread=1,8,36,1.497461
intra=0 spread=1,8,37,0.934741
intra=0 spread=1,8,38,0.484265
intra=0 spread=1,8,39,1.072833
intra=0 spread=1,8,40,1.383026
intra=0 spread=1,8,41,1.870639
intra=0 spread=1,8,42,1.202631
intra=0 spread=1,8,43,0.972660
intra=0 spread=1,8,44,0.911891
intra=0 spread=1,8,45,1.402628
intra=0 spread=1,8,46,0.989399
intra=0 spread=1,8,47,0.600402
intra=0 spread=1,8,48,1.670825
intra=0 spread=1,8,49,0.991128
intra=0 spread=1,8,50,1.007910
intra=0 spread=1,8,51,0.472948
intra=0 spread=1,8,52,0.940533
intra=0 spread=1,8,53,0.887831
intra=0 spread=1,8,54,0.885443
intra=0 spread=1,8,55,4.649425
intra=0 spread=1,8,56,2.115932
intra=0 spread=1,8,57,0.957075
intra=0 spread=1,8,58,0.813346
intra=0 spread=1,8,59,1.085730
intra=0 spread=1,8,60,0.637240
intra=0 spread=1,8,61,1.529625
intra=0 spread=1,8,62,1.715910
intra=0 spread=1,8,63,1.619002
intra=0 spread=1,8,64,1.946888
intra=0 spread=1,8,65,2.617434
intra=0 spread=1,8,66,0.507895
intra=0 spread=1,8,67,0.382191
intra=0 spread=1,8,68,1.521323
intra=0 spread=1,8,69,0.633453
intra=0 spread=1,8,70,0.602706
intra=0 spread=1,8,71,0.673288
intra=0 spread=1,8,72,0.737357
intra=0 spread=1,8,73,2.861645
intra=0 spread=1,8,74,0.257415
intra=0 spread=1,8,75,2.124810
intra=0 spread=1,8,76,5.185865
intra=0 spread=1,8,77,1.437003
intra=0 spread=1,8,78,1.711398
intra=0 spread=1,8,79,1.021532
intra=0 spread=1,8,80,1.652128
intra=0 spread=1,8,81,1.207057
intra=0 spread=1,8,82,1.023598
intra=0 spread=1,8,83,0.777307
intra=0 spread=1,8,84,1.279253
intra=0 spread=1,8,85,1.433061
intra=0 spread=1,8,86,1.687867
intra=0 spread=1,8,87,0.460070
intra=0 spread=1,8,88,1.395818
intra=0 spread=1,8,89,2.314618
intra=0 spread=1,8,90,1.595378
intra=0 spread=1,8,91,2.361633
intra=0 spread=1,8,92,1.950833
intra=0 spread=1,8,93,1.234201
intra=0 spread=1,8,94,0.662229
intra=0 spread=1,8,95,0.309294
intra=0 spread=1,8,96,1.846814
intra=0 spread=1,8,97,0.605714
intra=0 spread=1,8,98,1.471754
intra=0 spread=1,8,99,0.661997
intra=0 spread=1,8,100,1.730662
intra=0 spread=1,8,101,2.286717
intra=0 spread=1,8,102,1.292082
intra=0 spread=1,8,103,1.491684
intra=0 spread=1,8,104,2.162957
intra=0 spread=1,8,105,2.280968
intra=0 spread=1,8,106,1.523839
intra=0 spread=1,8,107,0.552856
intra=0 spread=1,8,108,2.259123
intra=0 spread=1,8,109,3.389229
intra=0 spread=1,8,110,0.860538
intra=0 spread=1,8,111,1.090361
intra=0 spread=1,8,112,0.399740
intra=0 spread=1,8,113,0.283093
intra=0 spread=1,8,114,1.566388
intra=0 spread=1,8,115,0.710913
intra=0 spread=1,8,116,1.020160
intra=0 spread=1,8,117,1.049118
intra=0 spread=1,8,118,0.705564
intra=0 spread=1,8,119,1.239084
intra=0 spread=1,8,120,1.163445
intra=0 spread=1,8,121,1.184188
intra=0 spread=1,8,122,-0.073426
intra=0 spread=1,8,123,2.507683
intra=0 spread=1,8,124,3.482900
intra=0 spread=1,8,125,1.710574
intra=0 spread=1,8,126,0.747312
intra=0 spread=1,8,127,2.809590
intra=0 spread=1,8,128,0.517334
intra=0 spread=1,8,129,1.672178
intra=0 spread=1,8,130,1.132560
intra=0 spread=1,8,131,1.071890
intra=0 spread=1,8,132,2.861075
intra=0 spread=1,8,133,1.021315
intra=0 spread=1,8,134,0.535096
intra=0 spread=1,8,135,1.854668
intra=0 spread=1,8,136,1.039503
intra=0 spread=1,8,137,0.866081
intra=0 spread=1,8,138,0.520436
intra=0 spread=1,8,139,1.038348
intra=0 spread=1,8,140,1.133597
intra=0 spread=1,8,141,0.585412
intra=0 spread=1,8,142,1.047165
intra=0 spread=1,8,143,1.089241
intra=0 spread=1,8,144,2.168294
intra=0 spread=1,8,145,1.744467
intra=0 spread=1,8,146,1.660651
intra=0 spread=1,8,147,-0.159363
intra=0 spread=1,8,148,8.233771
intra=0 spread=1,8,149,1.615936
intra=0 spread=1,8,150,3.103471
intra=0 spread=1,8,151,2.202837
intra=0 spread=1,8,152,0.538851
intra=0 spread=1,8,153,0.971669
intra=0 spread=1,8,154,2.160114
intra=0 spread=1,8,155,0.783649
intra=0 spread=1,8,156,0.380100
intra=0 spread=1,8,157,1.104370
intra=0 spread=1,8,158,0.843271
intra=0 spread=1,8,159,0.615704
intra=0 spread=1,8,160,1.799470
intra=0 spread=1,8,161,0.714421
intra=0 spread=1,8,162,1.246787
intra=0 spread=1,8,163,1.324824
intra=0 spread=1,8,164,1.190536
intra=0 spread=1,8,165,1.175307
intra=0 spread=1,8,166,0.649102
intra=0 spread=1,8,167,0.780204
intra=0 spread=1,8,168,225.679763
intra=0 spread=1,8,169,1.823218
intra=0 spread=1,8,170,1.438943
intra=0 spread=1,8,171,1.589865
intra=0 spread=1,8,172,0.735378
intra=0 spread=1,8,173,1.908032
intra=0 spread=1,8,174,0.762652
intra=0 spread=1,8,175,3.618811
intra=0 spread=1,8,176,1.066154
intra=0 spread=1,8,177,14.268669
intra=0 spread=1,8,178,0.449211
intra=0 spread=1,8,179,1.024432
intra=0 spread=1,8,180,2.423501
intra=0 spread=1,8,181,3.157837
intra=0 spread=1,8,182,1.770241
intra=0 spread=1,8,183,0.684109
intra=0 spread=1,8,184,1.083866
intra=0 spread=1,8,185,1.183216
intra=0 spread=1,8,186,2.428965
intra=0 spread=1,8,187,0.331911
intra=0 spread=1,8,188,0.723557
intra=0 spread=1,8,189,2.980657
intra=0 spread=1,8,190,0.226005
intra=0 spread=1,8,191,1.264740
intra=0 spread=1,8,192,1.205947
intra=0 spread=1,8,193,1.265562
intra=0 spread=1,8,194,1.420558
intra=0 spread=1,8,195,1.599647
intra=0 spread=1,8,196,2.389698
intra=0 spread=1,8,197,1.204470
intra=0 spread=1,8,198,1.692342
intra=0 spread=1,8,199,0.522919
intra=0 spread=1,8,200,1.910651
intra=0 spread=1,8,201,0.757975
intra=0 spread=1,8,202,1.330866
intra=0 spread=1,8,203,1.701366
intra=0 spread=1,8,204,0.640476
intra=0 spread=1,8,205,2.530613
intra=0 spread=1,8,206,0.972349
intra=0 spread=1,8,207,1.045290
intra=0 spread=1,8,208,0.508222
intra=0 spread=1,8,209,1.471022
intra=0 spread=1,8,210,1.898815
intra=0 spread=1,8,211,0.526169
intra=0 spread=1,8,212,1.198860
intra=0 spread=1,8,213,1.869737
intra=0 spread=1,8,214,1.452488
intra=0 spread=1,8,215,2.971251
intra=0 spread=1,8,216,1.901667
intra=0 spread=1,8,217,1.297890
intra=0 spread=1,8,218,2.250526
intra=0 spread=1,8,219,0.801353
intra=0 spread=1,8,220,0.907411
intra=0 spread=1,8,221,1.969186
intra=0 spread=1,8,222,1.379232
intra=0 spread=1,8,223,2.448405
intra=0 spread=1,8,224,0.964510
intra=0 spread=1,8,225,1.401780
intra=0 spread=1,8,226,0.740496
intra=0 spread=1,8,227,0.017070
intra=0 spread=1,8,228,0.800263
intra=0 spread=1,8,229,0.753001
intra=0 spread=1,8,230,1.658897
intra=0 spread=1,8,231,1.224340
intra=0 spread=1,8,232,1.115128
intra=0 spread=1,8,233,0.572703
intra=0 spread=1,8,234,0.460063
intra=0 spread=1,8,235,1.922905
intra=0 spread=1,8,236,0.806162
intra=0 spread=1,8,237,1.073310
intra=0 spread=1,8,238,1.568533
intra=0 spread=1,8,239,-0.293515
intra=0 spread=1,8,240,0.991657
intra=0 spread=1,8,241,2.091684
intra=0 spread=1,8,242,0.695889
intra=0 spread=1,8,243,0.891128
intra=0 spread=1,8,244,1.938791
intra=0 spread=1,8,245,5.928684
intra=0 spread=1,8,246,0.556335
intra=0 spread=1,8,247,0.372321
intra=0 spread=1,8,248,1.396948
intra=0 spread=1,8,249,2.222888
intra=0 spread=1,8,250,1.203743
intra=0 spread=1,8,251,1.166142
intra=0 spread=1,8,252,1.833399
intra=0 spread=1,8,253,0.137126
intra=0 spread=1,8,254,1.112297
intra=0 spread=1,8,255,1.861893
intra=0 spread=1,8,256,1.322613
intra=0 spread=1,8,257,1.019758
intra=0 spread=1,8,258,1.888077
intra=0 spread=1,8,259,1.122312
intra=0 spread=1,8,260,1.147175
intra=0 spread=1,8,261,1.393092
intra=0 spread=1,8,262,2.342730
intra=0 spread=1,8,263,0.784491
intra=0 spread=1,8,264,1.383295
intra=0 spread=1,8,265,0.536390
intra=0 spread=1,8,266,1.515191
intra=0 spread=1,8,267,0.638611
intra=0 spread=1,8,268,1.870697
intra=0 spread=1,8,269,1.476579
intra=0 spread=1,8,270,1.460772
intra=0 spread=1,8,271,0.547080
intra=0 spread=1,8,272,0.067482
intra=0 spread=1,8,273,0.723083
intra=0 spread=1,8,274,1.266853
intra=0 spread=1,8,275,0.724410
intra=0 spread=1,8,276,0.860209
intra=0 spread=1,8,277,0.676466
intra=0 spread=1,8,278,2.124232
intra=0 spread=1,8,279,1.355355
intra=0 spread=1,8,280,0.591429
intra=0 spread=1,8,281,1.004585
intra=0 spread=1,8,282,5.347478
intra=0 spread=1,8,283,1.677565
intra=0 spread=1,8,284,1.685390
intra=0 spread=1,8,285,0.212935
intra=0 spread=1,8,286,2.039924
intra=0 spread=1,8,287,1.518464
intra=0 spread=1,8,288,1.298139
intra=0 spread=1,8,289,1.300079
intra=0 spread=1,8,290,0.403763
intra=0 spread=1,8,291,18.051558
intra=0 spread=1,8,292,1.684195
intra=0 spread=1,8,293,2.682934
intra=0 spread=1,8,294,2.426765
intra=0 spread=1,8,295,1.407052
intra=0 spread=1,8,296,1.961196
intra=0 spread=1,8,297,1.389620
intra=0 spread=1,8,298,1.052862
intra=0 spread=1,8,299,1.144748
intra=0 spread=1,8,300,0.700317
intra=0 spread=1,8,301,0.045877
intra=0 spread=1,8,302,1.150832
intra=0 spread=1,8,303,0.669311
intra=0 spread=1,8,304,1.087371
intra=0 spread=1,8,305,0.944649
intra=0 spread=1,8,306,279.654615
intra=0 spread=1,8,307,1.087737
intra=0 spread=1,8,308,2.552604
intra=0 spread=1,8,309,0.316789
intra=0 spread=1,8,310,1.273043
intra=0 spread=1,8,311,1.323972
intra=0 spread=1,8,312,0.538968
intra=0 spread=1,8,313,0.480732
intra=0 spread=1,8,314,139.036762
intra=0 spread=1,8,315,1.531046
intra=0 spread=1,8,316,0.862429
intra=0 spread=1,8,317,2.358499
intra=0 spread=1,8,318,0.536817
intra=0 spread=1,8,319,2.103325
intra=0 spread=1,8,320,1.071193
intra=0 spread=1,8,321,1.498147
intra=0 spread=1,8,322,1.394461
intra=0 spread=1,8,323,0.905726
intra=0 spread=1,8,324,0.599768
intra=0 spread=1,8,325,1.358572
intra=0 spread=1,8,326,1.098737
intra=0 spread=1,8,327,-0.014784
intra=0 spread=1,8,328,0.491858
intra=0 spread=1,8,329,1.635516
intra=0 spread=1,8,330,1.992606
intra=0 spread=1,8,331,0.882691
intra=0 spread=1,8,332,0.820628
intra=0 spread=1,8,333,1.360324
intra=0 spread=1,8,334,1.802860
intra=0 spread=1,8,335,0.697092
intra=0 spread=1,8,336,1.885335
intra=0 spread=1,8,337,5.684717
intra=0 spread=1,8,338,1.165590
intra=0 spread=1,8,339,1.890735
intra=0 spread=1,8,340,0.516199
intra=0 spread=1,8,341,2.085792
intra=0 spread=1,8,342,0.330880
intra=0 spread=1,8,343,1.685526
intra=0 spread=1,8,344,1.372363
intra=0 spread=1,8,345,0.634356
intra=0 spread=1,8,346,0.858436
intra=0 spread=1,8,347,0.586843
intra=0 spread=1,8,348,1.223780
intra=0 spread=1,8,349,0.972853
intra=0 spread=1,8,350,2.179347
intra=0 spread=1,8,351,0.164915
intra=0 spread=1,8,352,1.827116
intra=0 spread=1,8,353,3.938035
intra=0 spread=1,8,354,1.622378
intra=0 spread=1,8,355,1.160061
intra=0 spread=1,8,356,1.303771
intra=0 spread=1,8,357,1.323823
intra=0 spread=1,8,358,1.539540
intra=0 spread=1,8,359,1.827441
intra=0 spread=1,8,360,1.328808
intra=0 spread=1,8,361,0.567343
intra=0 spread=1,8,362,1.505681
intra=0 spread=1,8,363,4.042085
intra=0 spread=1,8,364,1.559025
intra=0 spread=1,8,365,1.164524
intra=0 spread=1,8,366,1.120617
intra=0 spread=1,8,367,0.591395
intra=0 spread=1,8,368,1.359160
intra=0 spread=1,8,369,0.538528
intra=0 spread=1,8,370,4.037013
intra=0 spread=1,8,371,1.291033
intra=0 spread=1,8,372,1.487507
intra=0 spread=1,8,373,1.131649
intra=0 spread=1,8,374,1.193855
intra=0 spread=1,8,375,1.717332
intra=0 spread=1,8,376,0.177499
intra=0 spread=1,8,377,0.690750
intra=0 spread=1,8,378,1.268035
intra=0 spread=1,8,379,1.007953
intra=0 spread=1,8,380,1.916182
intra=0 spread=1,8,381,0.467437
intra=0 spread=1,8,382,1.217924
intra=0 spread=1,8,383,2.749145
intra=0 spread=1,8,384,1.579547
intra=0 spread=1,8,385,0.589481
intra=0 spread=1,8,386,0.777965
intra=0 spread=1,8,387,0.913973
intra=0 spread=1,8,388,0.640017
intra=0 spread=1,8,389,1.308054
intra=0 spread=1,8,390,0.671912
intra=0 spread=1,8,391,0.150635
intra=0 spread=1,8,392,0.867315
intra=0 spread=1,8,393,0.850938
intra=0 spread=1,8,394,1.864953
intra=0 spread=1,8,395,1.347314
intra=0 spread=1,8,396,1.799262
intra=0 spread=1,8,397,2.266914
intra=0 spread=1,8,398,0.747163
intra=0 spread=1,8,399,0.730636
intra=0 spread=1,8,400,2.721668
intra=0 spread=1,8,401,1.189881
intra=0 spread=1,8,402,1.338353
intra=0 spread=1,8,403,0.695581
intra=0 spread=1,8,404,19.017772
intra=0 spread=1,8,405,1.705938
intra=0 spread=1,8,406,1.160767
intra=0 spread=1,8,407,1.182008
intra=0 spread=1,8,408,0.142182
intra=0 spread=1,8,409,1.323007
intra=0 spread=1,8,410,9.275630
intra=0 spread=1,8,411,1.064331
intra=0 spread=1,8,412,0.803048
intra=0 spread=1,8,413,0.402436
intra=0 spread=1,8,414,2.075667
intra=0 spread=1,8,415,0.765228
intra=0 spread=1,8,416,1.495335
intra=0 spread=1,8,417,0.804024
intra=0 spread=1,8,418,1.331229
intra=0 spread=1,8,419,1.482803
intra=0 spread=1,8,420,0.852978
intra=0 spread=1,8,421,1.095489
intra=0 spread=1,8,422,0.450519
intra=0 spread=1,8,423,1.799118
intra=0 spread=1,8,424,1.174288
intra=0 spread=1,8,425,1.652828
intra=0 spread=1,8,426,0.859649
intra=0 spread=1,8,427,3.440854
intra=0 spread=1,8,428,0.406358
intra=0 spread=1,8,429,0.677185
intra=0 spread=1,8,430,2.205423
intra=0 spread=1,8,431,2.430963
intra=0 spread=1,8,432,1.777283
intra=0 spread=1,8,433,1.017749
intra=0 spread=1,8,434,0.179324
intra=0 spread=1,8,435,1.347449
intra=0 spread=1,8,436,1.955499
intra=0 spread=1,8,437,2.619262
intra=0 spread=1,8,438,0.899198
intra=0 spread=1,8,439,2.791463
intra=0 spread=1,8,440,2.979840
intra=0 spread=1,8,441,1.320326
intra=0 spread=1,8,442,1.482537
intra=0 spread=1,8,443,3.039163
intra=0 spread=1,8,444,1.342805
intra=0 spread=1,8,445,1.362568
intra=0 spread=1,8,446,7.486465
intra=0 spread=1,8,447,2.085190
intra=0 spread=1,8,448,1.572937
intra=0 spread=1,8,449,1.052008
intra=0 spread=1,8,450,1.071799
intra=0 spread=1,8,451,0.694629
intra=0 spread=1,8,452,2.702732
intra=0 spread=1,8,453,2.447174
intra=0 spread=1,8,454,1.399293
intra=0 spread=1,8,455,1.400558
intra=0 spread=1,8,456,1.943171
intra=0 spread=1,8,457,0.687238
intra=0 spread=1,8,458,1.533171
intra=0 spread=1,8,459,1.683663
intra=0 spread=1,8,460,1.450113
intra=0 spread=1,8,461,0.189888
intra=0 spread=1,8,462,0.278834
intra=0 spread=1,8,463,1.211106
intra=0 spread=1,8,464,2.264225
intra=0 spread=1,8,465,2.374847
intra=0 spread=1,8,466,1.681256
intra=0 spread=1,8,467,1.349894
intra=0 spread=1,8,468,1.727923
intra=0 spread=1,8,469,0.100351
intra=0 spread=1,8,470,0.360979
intra=0 spread=1,8,471,1.435379
intra=0 spread=1,8,472,1.470424
intra=0 spread=1,8,473,0.683350
intra=0 spread=1,8,474,0.974764
intra=0 spread=1,8,475,1.863102
intra=0 spread=1,8,476,0.346817
intra=0 spread=1,8,477,3.298171
intra=0 spread=1,8,478,1.513633
intra=0 spread=1,8,479,0.960459
intra=0 spread=1,8,480,0.294956
intra=0 spread=1,8,481,1.141169
intra=0 spread=1,8,482,1.284400
intra=0 spread=1,8,483,0.141243
intra=0 spread=1,8,484,0.510883
intra=0 spread=1,8,485,0.412550
intra=0 spread=1,8,486,2.551113
intra=0 spread=1,8,487,1.336119
intra=0 spread=1,8,488,1.209246
intra=0 spread=1,8,489,1.291483
intra=0 spread=1,8,490,1.621191
intra=0 spread=1,8,491,1.272214
intra=0 spread=1,8,492,1.351455
intra=0 spread=1,8,493,4.418233
intra=0 spread=1,8,494,0.518726
intra=0 spread=1,8,495,0.543952
intra=0 spread=1,8,496,1.465956
intra=0 spread=1,8,497,1.812321
intra=0 spread=1,8,498,0.644764
intra=0 spread=1,8,499,0.818589
intra=0 spread=1,8,500,0.272010
intra=0 spread=1,16,1,27.436457
intra=0 spread=1,16,2,0.561657
intra=0 spread=1,16,3,283.922504
intra=0 spread=1,16,4,30.388610
intra=0 spread=1,16,5,275.100275
intra=0 spread=1,16,6,1.649176
intra=0 spread=1,16,7,8.388160
intra=0 spread=1,16,8,2.081696
intra=0 spread=1,16,9,35.596851
intra=0 spread=1,16,10,2.020937
intra=0 spread=1,16,11,23.054078
intra=0 spread=1,16,12,0.963566
intra=0 spread=1,16,13,260.968688
intra=0 spread=1,16,14,0.446911
intra=0 spread=1,16,15,2.444481
intra=0 spread=1,16,16,4.041123
intra=0 spread=1,16,17,2.211445
intra=0 spread=1,16,18,2.333429
intra=0 spread=1,16,19,7.715403
intra=0 spread=1,16,20,2.029790
intra=0 spread=1,16,21,1.109844
intra=0 spread=1,16,22,80.012655
intra=0 spread=1,16,23,18.917642
intra=0 spread=1,16,24,1.177308
intra=0 spread=1,16,25,20.051921
intra=0 spread=1,16,26,1.345072
intra=0 spread=1,16,27,110.404330
intra=0 spread=1,16,28,293.881936
intra=0 spread=1,16,29,42.626557
intra=0 spread=1,16,30,1.342417
intra=0 spread=1,16,31,281.023335
intra=0 spread=1,16,32,17.336104
intra=0 spread=1,16,33,249.489950
intra=0 spread=1,16,34,293.734020
intra=0 spread=1,16,35,268.276898
intra=0 spread=1,16,36,139.197294
intra=0 spread=1,16,37,57.969424
intra=0 spread=1,16,38,44.238513
intra=0 spread=1,16,39,1.440327
intra=0 spread=1,16,40,131.259198
intra=0 spread=1,16,41,293.823744
intra=0 spread=1,16,42,292.098647
intra=0 spread=1,16,43,293.796909
intra=0 spread=1,16,44,7.753594
intra=0 spread=1,16,45,192.767832
intra=0 spread=1,16,46,148.394126
intra=0 spread=1,16,47,172.836992
intra=0 spread=1,16,48,1.373808
intra=0 spread=1,16,49,1.426656
intra=0 spread=1,16,50,29.258003
intra=0 spread=1,16,51,21.160381
intra=0 spread=1,16,52,289.572654
intra=0 spread=1,16,53,1.019307
intra=0 spread=1,16,54,12.642143
intra=0 spread=1,16,55,16.443218
intra=0 spread=1,16,56,293.860455
intra=0 spread=1,16,57,262.645276
intra=0 spread=1,16,58,46.494140
intra=0 spread=1,16,59,166.182248
intra=0 spread=1,16,60,9.660680
intra=0 spread=1,16,61,1.569266
intra=0 spread=1,16,62,10.493910
intra=0 spread=1,16,63,4.618184
intra=0 spread=1,16,64,163.053858
intra=0 spread=1,16,65,2.320096
intra=0 spread=1,16,66,293.685477
intra=0 spread=1,16,67,14.819274
intra=0 spread=1,16,68,269.216268
intra=0 spread=1,16,69,293.887896
intra=0 spread=1,16,70,4.773500
intra=0 spread=1,16,71,0.603291
intra=0 spread=1,16,72,249.276972
intra=0 spread=1,16,73,293.264041
intra=0 spread=1,16,74,2.240178
intra=0 spread=1,16,75,21.284166
intra=0 spread=1,16,76,47.506687
intra=0 spread=1,16,77,293.880520
intra=0 spread=1,16,78,20.936734
intra=0 spread=1,16,79,113.496562
intra=0 spread=1,16,80,229.588726
intra=0 spread=1,16,81,1.173554
intra=0 spread=1,16,82,293.694352
intra=0 spread=1,16,83,24.580264
intra=0 spread=1,16,84,1.203516
intra=0 spread=1,16,85,1.527614
intra=0 spread=1,16,86,290.181100
intra=0 spread=1,16,87,63.203247
intra=0 spread=1,16,88,7.484351
intra=0 spread=1,16,89,8.146966
intra=0 spread=1,16,90,22.886458
intra=0 spread=1,16,91,3.912629
intra=0 spread=1,16,92,293.826589
intra=0 spread=1,16,93,13.986295
intra=0 spread=1,16,94,35.801563
intra=0 spread=1,16,95,226.251189
intra=0 spread=1,16,96,293.309330
intra=0 spread=1,16,97,293.479319
intra=0 spread=1,16,98,153.759657
intra=0 spread=1,16,99,0.708012
intra=0 spread=1,16,100,158.050437
intra=0 spread=1,16,101,12.809591
intra=0 spread=1,16,102,24.392529
intra=0 spread=1,16,103,61.786036
intra=0 spread=1,16,104,2.889491
intra=0 spread=1,16,105,2.362338
intra=0 spread=1,16,106,102.315376
intra=0 spread=1,16,107,13.644599
intra=0 spread=1,16,108,293.875923
intra=0 spread=1,16,109,293.423704
intra=0 spread=1,16,110,293.817438
intra=0 spread=1,16,111,2.561782
intra=0 spread=1,16,112,1.841592
intra=0 spread=1,16,113,293.422610
intra=0 spread=1,16,114,292.991065
intra=0 spread=1,16,115,2.365874
intra=0 spread=1,16,116,0.941090
intra=0 spread=1,16,117,184.488733
intra=0 spread=1,16,118,0.744697
intra=0 spread=1,16,119,98.880098
intra=0 spread=1,16,120,47.211829
intra=0 spread=1,16,121,293.505115
intra=0 spread=1,16,122,35.398921
intra=0 spread=1,16,123,290.644930
intra=0 spread=1,16,124,16.820229
intra=0 spread=1,16,125,1.729224
intra=0 spread=1,16,126,0.790094
intra=0 spread=1,16,127,2.487476
intra=0 spread=1,16,128,0.522950
intra=0 spread=1,16,129,65.867411
intra=0 spread=1,16,130,1.335114
intra=0 spread=1,16,131,293.280697
intra=0 spread=1,16,132,293.671391
intra=0 spread=1,16,133,200.533866
intra=0 spread=1,16,134,0.455468
intra=0 spread=1,16,135,8.015161
intra=0 spread=1,16,136,1.144964
intra=0 spread=1,16,137,13.075884
intra=0 spread=1,16,138,0.596805
intra=0 spread=1,16,139,120.705915
intra=0 spread=1,16,140,278.526722
intra=0 spread=1,16,141,293.662410
intra=0 spread=1,16,142,293.955039
intra=0 spread=1,16,143,38.347041
intra=0 spread=1,16,144,293.712559
intra=0 spread=1,16,145,163.444806
intra=0 spread=1,16,146,2.157187
intra=0 spread=1,16,147,-0.143205
intra=0 spread=1,16,148,124.207242
intra=0 spread=1,16,149,1.558688
intra=0 spread=1,16,150,293.888802
intra=0 spread=1,16,151,52.906290
intra=0 spread=1,16,152,0.522985
intra=0 spread=1,16,153,272.559793
intra=0 spread=1,16,154,293.857232
intra=0 spread=1,16,155,293.468714
intra=0 spread=1,16,156,116.380843
intra=0 spread=1,16,157,106.177400
intra=0 spread=1,16,158,1.877972
intra=0 spread=1,16,159,271.237609
intra=0 spread=1,16,160,1.619430
intra=0 spread=1,16,161,293.883198
intra=0 spread=1,16,162,14.554046
intra=0 spread=1,16,163,38.471134
intra=0 spread=1,16,164,4.056543
intra=0 spread=1,16,165,293.880243
intra=0 spread=1,16,166,3.249944
intra=0 spread=1,16,167,292.992959
intra=0 spread=1,16,168,291.830002
intra=0 spread=1,16,169,272.410671
intra=0 spread=1,16,170,1.469555
intra=0 spread=1,16,171,23.932980
intra=0 spread=1,16,172,1.852211
intra=0 spread=1,16,173,1.753779
intra=0 spread=1,16,174,293.805359
intra=0 spread=1,16,175,293.269159
intra=0 spread=1,16,176,293.580192
intra=0 spread=1,16,177,293.459066
intra=0 spread=1,16,178,5.166074
intra=0 spread=1,16,179,1.144851
intra=0 spread=1,16,180,3.985356
intra=0 spread=1,16,181,34.612217
intra=0 spread=1,16,182,1.639106
intra=0 spread=1,16,183,0.665437
intra=0 spread=1,16,184,1.227727
intra=0 spread=1,16,185,47.381206
intra=0 spread=1,16,186,2.509683
intra=0 spread=1,16,187,239.525295
intra=0 spread=1,16,188,5.108340
intra=0 spread=1,16,189,35.508275
intra=0 spread=1,16,190,4.441168
intra=0 spread=1,16,191,66.581272
intra=0 spread=1,16,192,15.678267
intra=0 spread=1,16,193,293.686818
intra=0 spread=1,16,194,7.124636
intra=0 spread=1,16,195,5.948334
intra=0 spread=1,16,196,61.375756
intra=0 spread=1,16,197,73.908017
intra=0 spread=1,16,198,1.672660
intra=0 spread=1,16,199,14.466971
intra=0 spread=1,16,200,12.168192
intra=0 spread=1,16,201,293.870312
intra=0 spread=1,16,202,2.074841
intra=0 spread=1,16,203,1.791729
intra=0 spread=1,16,204,293.754147
intra=0 spread=1,16,205,292.388525
intra=0 spread=1,16,206,292.808577
intra=0 spread=1,16,207,0.892974
intra=0 spread=1,16,208,293.878142
intra=0 spread=1,16,209,292.598258
intra=0 spread=1,16,210,292.602035
intra=0 spread=1,16,211,1.720701
intra=0 spread=1,16,212,135.100161
intra=0 spread=1,16,213,66.977843
intra=0 spread=1,16,214,14.060637
intra=0 spread=1,16,215,54.547696
intra=0 spread=1,16,216,293.758789
intra=0 spread=1,16,217,73.130537
intra=0 spread=1,16,218,240.037135
intra=0 spread=1,16,219,0.839818
intra=0 spread=1,16,220,125.305229
intra=0 spread=1,16,221,293.556627
intra=0 spread=1,16,222,1.505816
intra=0 spread=1,16,223,59.740176
intra=0 spread=1,16,224,1.036034
intra=0 spread=1,16,225,2.966431
intra=0 spread=1,16,226,1.006552
intra=0 spread=1,16,227,0.104120
intra=0 spread=1,16,228,293.237176
intra=0 spread=1,16,229,265.370313
intra=0 spread=1,16,230,12.290205
intra=0 spread=1,16,231,21.953636
intra=0 spread=1,16,232,1.630039
intra=0 spread=1,16,233,0.566754
intra=0 spread=1,16,234,293.343121
intra=0 spread=1,16,235,106.662504
intra=0 spread=1,16,236,0.980164
intra=0 spread=1,16,237,180.969163
intra=0 spread=1,16,238,1.717015
intra=0 spread=1,16,239,-0.280775
intra=0 spread=1,16,240,293.852733
intra=0 spread=1,16,241,2.074644
intra=0 spread=1,16,242,2.214519
intra=0 spread=1,16,243,284.445739
intra=0 spread=1,16,244,101.843304
intra=0 spread=1,16,245,291.611919
intra=0 spread=1,16,246,0.510060
intra=0 spread=1,16,247,16.997540
intra=0 spread=1,16,248,9.123747
intra=0 spread=1,16,249,221.223282
intra=0 spread=1,16,250,43.229626
intra=0 spread=1,16,251,14.139122
intra=0 spread=1,16,252,6.264183
intra=0 spread=1,16,253,1.015750
intra=0 spread=1,16,254,3.094316
intra=0 spread=1,16,255,52.340309
intra=0 spread=1,16,256,293.773166
intra=0 spread=1,16,257,254.278173
intra=0 spread=1,16,258,281.671346
intra=0 spread=1,16,259,293.698838
intra=0 spread=1,16,260,48.605500
intra=0 spread=1,16,261,293.708378
intra=0 spread=1,16,262,2.045981
intra=0 spread=1,16,263,1.848005
intra=0 spread=1,16,264,3.764948
intra=0 spread=1,16,265,189.437923
intra=0 spread=1,16,266,6.991929
intra=0 spread=1,16,267,202.308698
intra=0 spread=1,16,268,293.093390
intra=0 spread=1,16,269,2.995922
intra=0 spread=1,16,270,55.933646
intra=0 spread=1,16,271,74.973849
intra=0 spread=1,16,272,-0.038113
intra=0 spread=1,16,273,293.758309
intra=0 spread=1,16,274,288.588142
intra=0 spread=1,16,275,0.785890
intra=0 spread=1,16,276,1.043864
intra=0 spread=1,16,277,49.845847
intra=0 spread=1,16,278,32.682644
intra=0 spread=1,16,279,293.533634
intra=0 spread=1,16,280,8.250202
intra=0 spread=1,16,281,1.064482
intra=0 spread=1,16,282,4.756271
intra=0 spread=1,16,283,187.123433
intra=0 spread=1,16,284,30.426296
intra=0 spread=1,16,285,178.919343
intra=0 spread=1,16,286,78.975319
intra=0 spread=1,16,287,1.170489
intra=0 spread=1,16,288,1.461388
intra=0 spread=1,16,289,5.817433
intra=0 spread=1,16,290,191.691089
intra=0 spread=1,16,291,293.663139
intra=0 spread=1,16,292,16.111910
intra=0 spread=1,16,293,7.819071
intra=0 spread=1,16,294,45.523273
intra=0 spread=1,16,295,39.870416
intra=0 spread=1,16,296,13.332535
intra=0 spread=1,16,297,293.875743
intra=0 spread=1,16,298,9.488615
intra=0 spread=1,16,299,287.555060
intra=0 spread=1,16,300,293.514543
intra=0 spread=1,16,301,3.907564
intra=0 spread=1,16,302,75.222279
intra=0 spread=1,16,303,225.045687
intra=0 spread=1,16,304,1.143333
intra=0 spread=1,16,305,3.656177
intra=0 spread=1,16,306,73.607580
intra=0 spread=1,16,307,6.983059
intra=0 spread=1,16,308,2.497741
intra=0 spread=1,16,309,0.256984
intra=0 spread=1,16,310,166.963384
intra=0 spread=1,16,311,12.953337
intra=0 spread=1,16,312,208.574882
intra=0 spread=1,16,313,141.791133
intra=0 spread=1,16,314,200.054158
intra=0 spread=1,16,315,1.675163
intra=0 spread=1,16,316,293.922036
intra=0 spread=1,16,317,293.547706
intra=0 spread=1,16,318,257.604121
intra=0 spread=1,16,319,3.804153
intra=0 spread=1,16,320,5.407396
intra=0 spread=1,16,321,15.102212
intra=0 spread=1,16,322,173.326169
intra=0 spread=1,16,323,11.441949
intra=0 spread=1,16,324,26.277494
intra=0 spread=1,16,325,1.224636
intra=0 spread=1,16,326,27.047167
intra=0 spread=1,16,327,0.055570
intra=0 spread=1,16,328,20.565217
intra=0 spread=1,16,329,1.709978
intra=0 spread=1,16,330,166.753349
intra=0 spread=1,16,331,293.327885
intra=0 spread=1,16,332,293.790202
intra=0 spread=1,16,333,293.368919
intra=0 spread=1,16,334,16.831963
intra=0 spread=1,16,335,236.403155
intra=0 spread=1,16,336,47.550831
intra=0 spread=1,16,337,293.675108
intra=0 spread=1,16,338,278.737904
intra=0 spread=1,16,339,21.791139
intra=0 spread=1,16,340,0.638111
intra=0 spread=1,16,341,1.847365
intra=0 spread=1,16,342,8.431021
intra=0 spread=1,16,343,293.908095
intra=0 spread=1,16,344,27.758998
intra=0 spread=1,16,345,1.659968
intra=0 spread=1,16,346,293.800254
intra=0 spread=1,16,347,293.573336
intra=0 spread=1,16,348,15.970164
intra=0 spread=1,16,349,2.512383
intra=0 spread=1,16,350,2.105613
intra=0 spread=1,16,351,261.243271
intra=0 spread=1,16,352,121.119417
intra=0 spread=1,16,353,292.912970
intra=0 spread=1,16,354,1.679327
intra=0 spread=1,16,355,14.824400
intra=0 spread=1,16,356,1.272844
intra=0 spread=1,16,357,111.961250
intra=0 spread=1,16,358,7.854255
intra=0 spread=1,16,359,59.175506
intra=0 spread=1,16,360,5.337087
intra=0 spread=1,16,361,0.500760
intra=0 spread=1,16,362,293.875122
intra=0 spread=1,16,363,4.172947
intra=0 spread=1,16,364,1.551495
intra=0 spread=1,16,365,273.902498
intra=0 spread=1,16,366,3.354299
intra=0 spread=1,16,367,151.863190
intra=0 spread=1,16,368,15.566601
intra=0 spread=1,16,369,0.463592
intra=0 spread=1,16,370,292.584821
intra=0 spread=1,16,371,1.184433
intra=0 spread=1,16,372,3.429372
intra=0 spread=1,16,373,292.707223
intra=0 spread=1,16,374,1.265198
intra=0 spread=1,16,375,199.454049
intra=0 spread=1,16,376,172.619144
intra=0 spread=1,16,377,0.638662
intra=0 spread=1,16,378,293.770103
intra=0 spread=1,16,379,158.780094
intra=0 spread=1,16,380,187.922219
intra=0 spread=1,16,381,53.547824
intra=0 spread=1,16,382,293.485905
intra=0 spread=1,16,383,2.724739
intra=0 spread=1,16,384,152.396379
intra=0 spread=1,16,385,2.028339
intra=0 spread=1,16,386,14.627176
intra=0 spread=1,16,387,0.847626
intra=0 spread=1,16,388,236.644174
intra=0 spread=1,16,389,10.913083
intra=0 spread=1,16,390,293.803106
intra=0 spread=1,16,391,114.413846
intra=0 spread=1,16,392,0.907253
intra=0 spread=1,16,393,0.889739
intra=0 spread=1,16,394,38.785835
intra=0 spread=1,16,395,293.739290
intra=0 spread=1,16,396,286.614607
intra=0 spread=1,16,397,2.409728
intra=0 spread=1,16,398,293.136811
intra=0 spread=1,16,399,6.323585
intra=0 spread=1,16,400,292.482914
intra=0 spread=1,16,401,293.621969
intra=0 spread=1,16,402,240.301065
intra=0 spread=1,16,403,142.981859
intra=0 spread=1,16,404,293.653661
intra=0 spread=1,16,405,10.881967
intra=0 spread=1,16,406,15.263202
intra=0 spread=1,16,407,29.257539
intra=0 spread=1,16,408,293.921143
intra=0 spread=1,16,409,1.264917
intra=0 spread=1,16,410,293.831282
intra=0 spread=1,16,411,4.882017
intra=0 spread=1,16,412,5.140677
intra=0 spread=1,16,413,21.216892
intra=0 spread=1,16,414,293.830196
intra=0 spread=1,16,415,149.879257
intra=0 spread=1,16,416,266.026257
intra=0 spread=1,16,417,0.853501
intra=0 spread=1,16,418,53.293870
intra=0 spread=1,16,419,293.911642
intra=0 spread=1,16,420,6.884480
intra=0 spread=1,16,421,292.613884
intra=0 spread=1,16,422,293.239988
intra=0 spread=1,16,423,1.650936
intra=0 spread=1,16,424,14.792138
intra=0 spread=1,16,425,15.372030
intra=0 spread=1,16,426,292.977920
intra=0 spread=1,16,427,60.827951
intra=0 spread=1,16,428,7.621112
intra=0 spread=1,16,429,38.591274
intra=0 spread=1,16,430,2.248703
intra=0 spread=1,16,431,267.520317
intra=0 spread=1,16,432,175.630597
intra=0 spread=1,16,433,114.649737
intra=0 spread=1,16,434,74.037382
intra=0 spread=1,16,435,9.477326
intra=0 spread=1,16,436,101.549362
intra=0 spread=1,16,437,25.061135
intra=0 spread=1,16,438,0.695213
intra=0 spread=1,16,439,293.034611
intra=0 spread=1,16,440,206.925143
intra=0 spread=1,16,441,52.411905
intra=0 spread=1,16,442,115.314542
intra=0 spread=1,16,443,16.979518
intra=0 spread=1,16,444,1.418808
intra=0 spread=1,16,445,1.389432
intra=0 spread=1,16,446,150.166834
intra=0 spread=1,16,447,1.805539
intra=0 spread=1,16,448,293.838505
intra=0 spread=1,16,449,1.005680
intra=0 spread=1,16,450,10.833994
intra=0 spread=1,16,451,119.107516
intra=0 spread=1,16,452,4.759543
intra=0 spread=1,16,453,2.777273
intra=0 spread=1,16,454,52.059961
intra=0 spread=1,16,455,16.266674
intra=0 spread=1,16,456,73.496295
intra=0 spread=1,16,457,35.670143
intra=0 spread=1,16,458,5.853147
intra=0 spread=1,16,459,14.435861
intra=0 spread=1,16,460,6.788179
intra=0 spread=1,16,461,0.205986
intra=0 spread=1,16,462,293.908268
intra=0 spread=1,16,463,293.886865
intra=0 spread=1,16,464,276.004224
intra=0 spread=1,16,465,226.714987
intra=0 spread=1,16,466,46.028211
intra=0 spread=1,16,467,137.948520
intra=0 spread=1,16,468,258.662340
intra=0 spread=1,16,469,0.191596
intra=0 spread=1,16,470,278.957635
intra=0 spread=1,16,471,291.333564
intra=0 spread=1,16,472,1.546934
intra=0 spread=1,16,473,57.516694
intra=0 spread=1,16,474,293.496409
intra=0 spread=1,16,475,19.764351
intra=0 spread=1,16,476,125.294429
intra=0 spread=1,16,477,25.895181
intra=0 spread=1,16,478,33.521278
intra=0 spread=1,16,479,1.103041
intra=0 spread=1,16,480,293.897417
intra=0 spread=1,16,481,140.611007
intra=0 spread=1,16,482,293.324190
intra=0 spread=1,16,483,20.810793
intra=0 spread=1,16,484,292.265790
intra=0 spread=1,16,485,0.703031
intra=0 spread=1,16,486,249.439076
intra=0 spread=1,16,487,169.717437
intra=0 spread=1,16,488,293.729325
intra=0 spread=1,16,489,1.433898
intra=0 spread=1,16,490,293.718397
intra=0 spread=1,16,491,1.758818
intra=0 spread=1,16,492,293.892139
intra=0 spread=1,16,493,13.410719
intra=0 spread=1,16,494,22.083379
intra=0 spread=1,16,495,149.159389
intra=0 spread=1,16,496,1.509505
intra=0 spread=1,16,497,1.648677
intra=0 spread=1,16,498,2.378138
intra=0 spread=1,16,499,61.144079
intra=0 spread=1,16,500,287.995928
intra=1 spread=1,0,1,1.366122
intra=1 spread=1,0,2,0.621478
intra=1 spread=1,0,3,1.339770
intra=1 spread=1,0,4,0.903423
intra=1 spread=1,0,5,0.524693
intra=1 spread=1,0,6,1.446281
intra=1 spread=1,0,7,1.868700
intra=1 spread=1,0,8,0.812893
intra=1 spread=1,0,9,1.642333
intra=1 spread=1,0,10,2.399447
intra=1 spread=1,0,11,1.405229
intra=1 spread=1,0,12,0.927484
intra=1 spread=1,0,13,0.792971
intra=1 spread=1,0,14,0.549348
intra=1 spread=1,0,15,2.082465
intra=1 spread=1,0,16,1.070190
intra=1 spread=1,0,17,1.228703
intra=1 spread=1,0,18,1.249572
intra=1 spread=1,0,19,1.613711
intra=1 spread=1,0,20,2.096652
intra=1 spread=1,0,21,1.171659
intra=1 spread=1,0,22,1.438230
intra=1 spread=1,0,23,1.572227
intra=1 spread=1,0,24,0.873478
intra=1 spread=1,0,25,1.837012
intra=1 spread=1,0,26,1.029067
intra=1 spread=1,0,27,1.325273
intra=1 spread=1,0,28,1.000807
intra=1 spread=1,0,29,2.382671
intra=1 spread=1,0,30,1.235623
intra=1 spread=1,0,31,1.112914
intra=1 spread=1,0,32,0.837031
intra=1 spread=1,0,33,1.075614
intra=1 spread=1,0,34,0.300829
intra=1 spread=1,0,35,2.372784
intra=1 spread=1,0,36,2.128293
intra=1 spread=1,0,37,1.092259
intra=1 spread=1,0,38,0.633153
intra=1 spread=1,0,39,1.170227
intra=1 spread=1,0,40,1.532491
intra=1 spread=1,0,41,1.653540
intra=1 spread=1,0,42,0.331351
intra=1 spread=1,0,43,0.914403
intra=1 spread=1,0,44,0.477960
intra=1 spread=1,0,45,1.987139
intra=1 spread=1,0,46,1.472635
intra=1 spread=1,0,47,0.742687
intra=1 spread=1,0,48,1.669154
intra=1 spread=1,0,49,0.952253
intra=1 spread=1,0,50,1.451457
intra=1 spread=1,0,51,0.554899
intra=1 spread=1,0,52,1.169856
intra=1 spread=1,0,53,1.018771
intra=1 spread=1,0,54,1.070636
intra=1 spread=1,0,55,3.770132
intra=1 spread=1,0,56,2.026387
intra=1 spread=1,0,57,0.649014
intra=1 spread=1,0,58,0.637847
intra=1 spread=1,0,59,1.451720
intra=1 spread=1,0,60,0.466051
intra=1 spread=1,0,61,1.365420
intra=1 spread=1,0,62,1.982606
intra=1 spread=1,0,63,1.322286
intra=1 spread=1,0,64,2.206008
intra=1 spread=1,0,65,2.415049
intra=1 spread=1,0,66,0.599614
intra=1 spread=1,0,67,0.588823
intra=1 spread=1,0,68,1.568439
intra=1 spread=1,0,69,0.639164
intra=1 spread=1,0,70,0.795135
intra=1 spread=1,0,71,0.661133
intra=1 spread=1,0,72,0.922047
intra=1 spread=1,0,73,1.497275
intra=1 spread=1,0,74,0.336250
intra=1 spread=1,0,75,2.178230
intra=1 spread=1,0,76,5.055386
intra=1 spread=1,0,77,1.592477
intra=1 spread=1,0,78,1.914121
intra=1 spread=1,0,79,1.031097
intra=1 spread=1,0,80,1.211312
intra=1 spread=1,0,81,1.164423
intra=1 spread=1,0,82,1.302155
intra=1 spread=1,0,83,0.688136
intra=1 spread=1,0,84,1.217095
intra=1 spread=1,0,85,1.541116
intra=1 spread=1,0,86,1.895705
intra=1 spread=1,0,87,0.546618
intra=1 spread=1,0,88,1.918361
intra=1 spread=1,0,89,1.880871
intra=1 spread=1,0,90,1.112467
intra=1 spread=1,0,91,2.314391
intra=1 spread=1,0,92,1.817209
intra=1 spread=1,0,93,1.555672
intra=1 spread=1,0,94,0.671807
intra=1 spread=1,0,95,0.302336
intra=1 spread=1,0,96,2.351680
intra=1 spread=1,0,97,0.516050
intra=1 spread=1,0,98,1.356389
intra=1 spread=1,0,99,0.654357
intra=1 spread=1,0,100,2.165910
intra=1 spread=1,0,101,2.496641
intra=1 spread=1,0,102,1.233914
intra=1 spread=1,0,103,1.057456
intra=1 spread=1,0,104,1.064947
intra=1 spread=1,0,105,2.430403
intra=1 spread=1,0,106,1.239061
intra=1 spread=1,0,107,0.721449
intra=1 spread=1,0,108,1.872867
intra=1 spread=1,0,109,1.151372
intra=1 spread=1,0,110,1.112534
intra=1 spread=1,0,111,1.256603
intra=1 spread=1,0,112,0.373734
intra=1 spread=1,0,113,0.891292
intra=1 spread=1,0,114,1.270787
intra=1 spread=1,0,115,0.899082
intra=1 spread=1,0,116,0.671844
intra=1 spread=1,0,117,1.165029
intra=1 spread=1,0,118,0.690582
intra=1 spread=1,0,119,0.777670
intra=1 spread=1,0,120,1.063117
intra=1 spread=1,0,121,1.721528
intra=1 spread=1,0,122,-0.153842
intra=1 spread=1,0,123,1.201122
intra=1 spread=1,0,124,3.555103
intra=1 spread=1,0,125,1.737032
intra=1 spread=1,0,126,0.743172
intra=1 spread=1,0,127,2.044882
intra=1 spread=1,0,128,0.487053
intra=1 spread=1,0,129,1.354232
intra=1 spread=1,0,130,0.933187
intra=1 spread=1,0,131,1.154606
intra=1 spread=1,0,132,0.680394
intra=1 spread=1,0,133,1.238106
intra=1 spread=1,0,134,0.528771
intra=1 spread=1,0,135,1.662919
intra=1 spread=1,0,136,1.062870
intra=1 spread=1,0,137,0.758893
intra=1 spread=1,0,138,0.584645
intra=1 spread=1,0,139,0.658168
intra=1 spread=1,0,140,1.235642
intra=1 spread=1,0,141,0.203441
intra=1 spread=1,0,142,1.257726
intra=1 spread=1,0,143,1.018861
intra=1 spread=1,0,144,1.738392
intra=1 spread=1,0,145,1.981090
intra=1 spread=1,0,146,1.457719
intra=1 spread=1,0,147,-0.233886
intra=1 spread=1,0,148,0.887885
intra=1 spread=1,0,149,1.709698
intra=1 spread=1,0,150,3.247185
intra=1 spread=1,0,151,2.199175
intra=1 spread=1,0,152,0.529353
intra=1 spread=1,0,153,1.044064
intra=1 spread=1,0,154,4.200086
intra=1 spread=1,0,155,0.935081
intra=1 spread=1,0,156,0.368347
intra=1 spread=1,0,157,1.247822
intra=1 spread=1,0,158,0.830313
intra=1 spread=1,0,159,0.202842
intra=1 spread=1,0,160,1.657171
intra=1 spread=1,0,161,0.760330
intra=1 spread=1,0,162,1.044322
intra=1 spread=1,0,163,1.196392
intra=1 spread=1,0,164,1.116298
intra=1 spread=1,0,165,1.074779
intra=1 spread=1,0,166,0.699093
intra=1 spread=1,0,167,0.742138
intra=1 spread=1,0,168,0.713405
intra=1 spread=1,0,169,2.216254
intra=1 spread=1,0,170,1.432491
intra=1 spread=1,0,171,1.803378
intra=1 spread=1,0,172,0.634738
intra=1 spread=1,0,173,1.856449
intra=1 spread=1,0,174,0.743734
intra=1 spread=1,0,175,2.768983
intra=1 spread=1,0,176,1.032058
intra=1 spread=1,0,177,0.733247
intra=1 spread=1,0,178,0.539218
intra=1 spread=1,0,179,1.062685
intra=1 spread=1,0,180,2.237670
intra=1 spread=1,0,181,3.533232
intra=1 spread=1,0,182,1.584188
intra=1 spread=1,0,183,0.815954
intra=1 spread=1,0,184,1.090963
intra=1 spread=1,0,185,1.571433
intra=1 spread=1,0,186,2.502475
intra=1 spread=1,0,187,0.316278
intra=1 spread=1,0,188,0.211049
intra=1 spread=1,0,189,1.424089
intra=1 spread=1,0,190,0.152391
intra=1 spread=1,0,191,0.782124
intra=1 spread=1,0,192,0.768112
intra=1 spread=1,0,193,1.071528
intra=1 spread=1,0,194,1.292265
intra=1 spread=1,0,195,1.618122
intra=1 spread=1,0,196,2.507132
intra=1 spread=1,0,197,1.242013
intra=1 spread=1,0,198,1.614812
intra=1 spread=1,0,199,0.366982
intra=1 spread=1,0,200,1.787996
intra=1 spread=1,0,201,1.605109
intra=1 spread=1,0,202,1.221945
intra=1 spread=1,0,203,1.878839
intra=1 spread=1,0,204,0.660916
intra=1 spread=1,0,205,2.702465
intra=1 spread=1,0,206,1.799079
intra=1 spread=1,0,207,1.093113
intra=1 spread=1,0,208,0.565974
intra=1 spread=1,0,209,1.379722
intra=1 spread=1,0,210,0.752701
intra=1 spread=1,0,211,0.603344
intra=1 spread=1,0,212,1.118324
intra=1 spread=1,0,213,1.851069
intra=1 spread=1,0,214,1.792994
intra=1 spread=1,0,215,3.284472
intra=1 spread=1,0,216,2.058815
intra=1 spread=1,0,217,1.532719
intra=1 spread=1,0,218,1.341788
intra=1 spread=1,0,219,0.819831
intra=1 spread=1,0,220,1.519912
intra=1 spread=1,0,221,0.709651
intra=1 spread=1,0,222,1.354454
intra=1 spread=1,0,223,2.626089
intra=1 spread=1,0,224,0.920654
intra=1 spread=1,0,225,1.475352
intra=1 spread=1,0,226,0.893806
intra=1 spread=1,0,227,0.077106
intra=1 spread=1,0,228,0.807474
intra=1 spread=1,0,229,0.688361
intra=1 spread=1,0,230,0.316094
intra=1 spread=1,0,231,1.599851
intra=1 spread=1,0,232,0.901965
intra=1 spread=1,0,233,0.551313
intra=1 spread=1,0,234,0.552402
intra=1 spread=1,0,235,0.532051
intra=1 spread=1,0,236,0.581525
intra=1 spread=1,0,237,1.197641
intra=1 spread=1,0,238,1.623058
intra=1 spread=1,0,239,-0.196880
intra=1 spread=1,0,240,0.855098
intra=1 spread=1,0,241,2.092987
intra=1 spread=1,0,242,0.568059
intra=1 spread=1,0,243,1.398795
intra=1 spread=1,0,244,0.951996
intra=1 spread=1,0,245,1.518087
intra=1 spread=1,0,246,0.617770
intra=1 spread=1,0,247,0.471475
intra=1 spread=1,0,248,1.348411
intra=1 spread=1,0,249,1.538757
intra=1 spread=1,0,250,1.797106
intra=1 spread=1,0,251,1.218975
intra=1 spread=1,0,252,2.632214
intra=1 spread=1,0,253,0.127378
intra=1 spread=1,0,254,0.921959
intra=1 spread=1,0,255,2.261374
intra=1 spread=1,0,256,1.784032
intra=1 spread=1,0,257,0.692214
intra=1 spread=1,0,258,1.767563
intra=1 spread=1,0,259,0.961188
intra=1 spread=1,0,260,0.851119
intra=1 spread=1,0,261,1.449757
intra=1 spread=1,0,262,1.907401
intra=1 spread=1,0,263,0.914305
intra=1 spread=1,0,264,1.745841
intra=1 spread=1,0,265,0.456323
intra=1 spread=1,0,266,1.013676
intra=1 spread=1,0,267,0.908472
intra=1 spread=1,0,268,1.956325
intra=1 spread=1,0,269,2.404461
intra=1 spread=1,0,270,1.132116
intra=1 spread=1,0,271,0.542182
intra=1 spread=1,0,272,0.023154
intra=1 spread=1,0,273,0.623780
intra=1 spread=1,0,274,1.523464
intra=1 spread=1,0,275,0.867528
intra=1 spread=1,0,276,0.946496
intra=1 spread=1,0,277,0.504864
intra=1 spread=1,0,278,2.502883
intra=1 spread=1,0,279,1.101646
intra=1 spread=1,0,280,0.690272
intra=1 spread=1,0,281,1.118366
intra=1 spread=1,0,282,5.357510
intra=1 spread=1,0,283,1.537258
intra=1 spread=1,0,284,1.144180
intra=1 spread=1,0,285,0.400549
intra=1 spread=1,0,286,2.233108
intra=1 spread=1,0,287,1.515813
intra=1 spread=1,0,288,1.444185
intra=1 spread=1,0,289,1.253289
intra=1 spread=1,0,290,0.761493
intra=1 spread=1,0,291,1.867517
intra=1 spread=1,0,292,1.720667
intra=1 spread=1,0,293,2.775514
intra=1 spread=1,0,294,2.323306
intra=1 spread=1,0,295,1.759900
intra=1 spread=1,0,296,1.650419
intra=1 spread=1,0,297,4.288131
intra=1 spread=1,0,298,1.239072
intra=1 spread=1,0,299,0.814363
intra=1 spread=1,0,300,1.157176
intra=1 spread=1,0,301,0.085533
intra=1 spread=1,0,302,1.101392
intra=1 spread=1,0,303,0.515439
intra=1 spread=1,0,304,0.991120
intra=1 spread=1,0,305,0.888897
intra=1 spread=1,0,306,3.050188
intra=1 spread=1,0,307,1.856745
intra=1 spread=1,0,308,2.527232
intra=1 spread=1,0,309,0.314163
intra=1 spread=1,0,310,1.323852
intra=1 spread=1,0,311,1.297143
intra=1 spread=1,0,312,0.553462
intra=1 spread=1,0,313,0.434413
intra=1 spread=1,0,314,2.180276
intra=1 spread=1,0,315,1.500141
intra=1 spread=1,0,316,0.886029
intra=1 spread=1,0,317,1.988069
intra=1 spread=1,0,318,0.814998
intra=1 spread=1,0,319,2.332871
intra=1 spread=1,0,320,0.712241
intra=1 spread=1,0,321,1.630753
intra=1 spread=1,0,322,1.692063
intra=1 spread=1,0,323,0.936104
intra=1 spread=1,0,324,1.438787
intra=1 spread=1,0,325,1.181804
intra=1 spread=1,0,326,1.181252
intra=1 spread=1,0,327,-0.015899
intra=1 spread=1,0,328,0.478246
intra=1 spread=1,0,329,1.539846
intra=1 spread=1,0,330,1.372445
intra=1 spread=1,0,331,0.618576
intra=1 spread=1,0,332,1.227087
intra=1 spread=1,0,333,1.392074
intra=1 spread=1,0,334,2.174968
intra=1 spread=1,0,335,0.654172
intra=1 spread=1,0,336,1.693467
intra=1 spread=1,0,337,4.929203
intra=1 spread=1,0,338,0.650969
intra=1 spread=1,0,339,2.039195
intra=1 spread=1,0,340,0.492736
intra=1 spread=1,0,341,2.029161
intra=1 spread=1,0,342,0.479938
intra=1 spread=1,0,343,1.831082
intra=1 spread=1,0,344,1.009259
intra=1 spread=1,0,345,1.103949
intra=1 spread=1,0,346,0.420905
intra=1 spread=1,0,347,0.613550
intra=1 spread=1,0,348,1.137513
intra=1 spread=1,0,349,1.410869
intra=1 spread=1,0,350,2.268118
intra=1 spread=1,0,351,0.563136
intra=1 spread=1,0,352,2.101404
intra=1 spread=1,0,353,1.213464
intra=1 spread=1,0,354,1.602673
intra=1 spread=1,0,355,0.906998
intra=1 spread=1,0,356,1.312676
intra=1 spread=1,0,357,0.512119
intra=1 spread=1,0,358,1.023131
intra=1 spread=1,0,359,1.172819
intra=1 spread=1,0,360,1.579589
intra=1 spread=1,0,361,0.566707
intra=1 spread=1,0,362,1.400081
intra=1 spread=1,0,363,4.056505
intra=1 spread=1,0,364,1.417836
intra=1 spread=1,0,365,1.480412
intra=1 spread=1,0,366,1.709959
intra=1 spread=1,0,367,1.000787
intra=1 spread=1,0,368,1.287723
intra=1 spread=1,0,369,0.478151
intra=1 spread=1,0,370,2.101261
intra=1 spread=1,0,371,1.245473
intra=1 spread=1,0,372,1.388406
intra=1 spread=1,0,373,2.172849
intra=1 spread=1,0,374,1.339716
intra=1 spread=1,0,375,1.729112
intra=1 spread=1,0,376,0.405477
intra=1 spread=1,0,377,0.647563
intra=1 spread=1,0,378,1.555399
intra=1 spread=1,0,379,0.558960
intra=1 spread=1,0,380,1.720984
intra=1 spread=1,0,381,0.696267
intra=1 spread=1,0,382,1.055492
intra=1 spread=1,0,383,2.601237
intra=1 spread=1,0,384,2.787884
intra=1 spread=1,0,385,0.621885
intra=1 spread=1,0,386,0.851443
intra=1 spread=1,0,387,1.010755
intra=1 spread=1,0,388,0.772625
intra=1 spread=1,0,389,1.351299
intra=1 spread=1,0,390,0.560026
intra=1 spread=1,0,391,0.370718
intra=1 spread=1,0,392,0.920732
intra=1 spread=1,0,393,0.847406
intra=1 spread=1,0,394,2.160142
intra=1 spread=1,0,395,1.703278
intra=1 spread=1,0,396,1.273689
intra=1 spread=1,0,397,2.276831
intra=1 spread=1,0,398,0.937344
intra=1 spread=1,0,399,0.757809
intra=1 spread=1,0,400,1.736089
intra=1 spread=1,0,401,0.863937
intra=1 spread=1,0,402,1.358740
intra=1 spread=1,0,403,1.823106
intra=1 spread=1,0,404,1.026742
intra=1 spread=1,0,405,1.485143
intra=1 spread=1,0,406,1.040120
intra=1 spread=1,0,407,1.095206
intra=1 spread=1,0,408,0.363452
intra=1 spread=1,0,409,1.289612
intra=1 spread=1,0,410,2.125337
intra=1 spread=1,0,411,1.391839
intra=1 spread=1,0,412,1.146790
intra=1 spread=1,0,413,0.450879
intra=1 spread=1,0,414,1.313041
intra=1 spread=1,0,415,0.876432
intra=1 spread=1,0,416,1.245062
intra=1 spread=1,0,417,0.854126
intra=1 spread=1,0,418,0.792750
intra=1 spread=1,0,419,0.739219
intra=1 spread=1,0,420,0.908375
intra=1 spread=1,0,421,1.489973
intra=1 spread=1,0,422,0.231070
intra=1 spread=1,0,423,1.650213
intra=1 spread=1,0,424,1.281310
intra=1 spread=1,0,425,1.890877
intra=1 spread=1,0,426,0.838625
intra=1 spread=1,0,427,4.152428
intra=1 spread=1,0,428,0.371730
intra=1 spread=1,0,429,1.045823
intra=1 spread=1,0,430,2.254961
intra=1 spread=1,0,431,2.273343
intra=1 spread=1,0,432,2.426531
intra=1 spread=1,0,433,1.198133
intra=1 spread=1,0,434,0.400920
intra=1 spread=1,0,435,0.841228
intra=1 spread=1,0,436,2.436094
intra=1 spread=1,0,437,0.641173
intra=1 spread=1,0,438,0.778807
intra=1 spread=1,0,439,1.068164
intra=1 spread=1,0,440,3.507764
intra=1 spread=1,0,441,1.141885
intra=1 spread=1,0,442,2.021697
intra=1 spread=1,0,443,3.192709
intra=1 spread=1,0,444,1.372632
intra=1 spread=1,0,445,1.349626
intra=1 spread=1,0,446,1.805587
intra=1 spread=1,0,447,2.134046
intra=1 spread=1,0,448,1.554211
intra=1 spread=1,0,449,1.144398
intra=1 spread=1,0,450,0.851768
intra=1 spread=1,0,451,1.104608
intra=1 spread=1,0,452,2.970795
intra=1 spread=1,0,453,2.327196
intra=1 spread=1,0,454,1.306972
intra=1 spread=1,0,455,1.270558
intra=1 spread=1,0,456,2.331914
intra=1 spread=1,0,457,0.289840
intra=1 spread=1,0,458,1.898384
intra=1 spread=1,0,459,1.250069
intra=1 spread=1,0,460,1.252211
intra=1 spread=1,0,461,0.199886
intra=1 spread=1,0,462,0.546885
intra=1 spread=1,0,463,1.110949
intra=1 spread=1,0,464,0.409045
intra=1 spread=1,0,465,2.072996
intra=1 spread=1,0,466,2.550394
intra=1 spread=1,0,467,0.858711
intra=1 spread=1,0,468,1.514834
intra=1 spread=1,0,469,0.086548
intra=1 spread=1,0,470,0.402968
intra=1 spread=1,0,471,1.314462
intra=1 spread=1,0,472,1.531361
intra=1 spread=1,0,473,0.487614
intra=1 spread=1,0,474,0.212859
intra=1 spread=1,0,475,1.811426
intra=1 spread=1,0,476,0.600982
intra=1 spread=1,0,477,1.901060
intra=1 spread=1,0,478,1.244794
intra=1 spread=1,0,479,0.954994
intra=1 spread=1,0,480,0.248790
intra=1 spread=1,0,481,1.646487
intra=1 spread=1,0,482,0.934932
intra=1 spread=1,0,483,0.229543
intra=1 spread=1,0,484,0.674293
intra=1 spread=1,0,485,0.244446
intra=1 spread=1,0,486,1.635149
intra=1 spread=1,0,487,0.361991
intra=1 spread=1,0,488,0.765002
intra=1 spread=1,0,489,1.344890
intra=1 spread=1,0,490,2.035314
intra=1 spread=1,0,491,1.285884
intra=1 spread=1,0,492,1.391585
intra=1 spread=1,0,493,2.549533
intra=1 spread=1,0,494,0.472552
intra=1 spread=1,0,495,1.033017
intra=1 spread=1,0,496,1.479329
intra=1 spread=1,0,497,2.135377
intra=1 spread=1,0,498,0.676081
intra=1 spread=1,0,499,0.989098
intra=1 spread=1,0,500,0.399812
intra=1 spread=1,8,1,1.113229
intra=1 spread=1,8,2,0.558272
intra=1 spread=1,8,3,3.144393
intra=1 spread=1,8,4,1.157017
intra=1 spread=1,8,5,0.537711
intra=1 spread=1,8,6,1.219606
intra=1 spread=1,8,7,1.827615
intra=1 spread=1,8,8,0.874908
intra=1 spread=1,8,9,1.453729
intra=1 spread=1,8,10,1.572321
intra=1 spread=1,8,11,1.054706
intra=1 spread=1,8,12,1.025566
intra=1 spread=1,8,13,1.874669
intra=1 spread=1,8,14,0.460976
intra=1 spread=1,8,15,1.777518
intra=1 spread=1,8,16,0.657172
intra=1 spread=1,8,17,1.640186
intra=1 spread=1,8,18,1.382145
intra=1 spread=1,8,19,1.498487
intra=1 spread=1,8,20,1.917029
intra=1 spread=1,8,21,1.522488
intra=1 spread=1,8,22,1.295572
intra=1 spread=1,8,23,1.755797
intra=1 spread=1,8,24,0.694283
intra=1 spread=1,8,25,1.552718
intra=1 spread=1,8,26,0.929978
intra=1 spread=1,8,27,2.314035
intra=1 spread=1,8,28,1.626520
intra=1 spread=1,8,29,2.563680
intra=1 spread=1,8,30,1.290313
intra=1 spread=1,8,31,2.426126
intra=1 spread=1,8,32,0.878913
intra=1 spread=1,8,33,1.116974
intra=1 spread=1,8,34,0.823106
intra=1 spread=1,8,35,2.502421
intra=1 spread=1,8,36,1.575725
intra=1 spread=1,8,37,0.905571
intra=1 spread=1,8,38,0.180097
intra=1 spread=1,8,39,1.073558
intra=1 spread=1,8,40,1.520093
intra=1 spread=1,8,41,1.664041
intra=1 spread=1,8,42,0.400927
intra=1 spread=1,8,43,1.237664
intra=1 spread=1,8,44,0.745040
intra=1 spread=1,8,45,1.677766
intra=1 spread=1,8,46,0.948435
intra=1 spread=1,8,47,0.619116
intra=1 spread=1,8,48,1.637745
intra=1 spread=1,8,49,0.779564
intra=1 spread=1,8,50,1.200168
intra=1 spread=1,8,51,0.404346
intra=1 spread=1,8,52,0.901257
intra=1 spread=1,8,53,0.880078
intra=1 spread=1,8,54,0.869831
intra=1 spread=1,8,55,4.077407
intra=1 spread=1,8,56,2.207572
intra=1 spread=1,8,57,0.455776
intra=1 spread=1,8,58,0.952560
intra=1 spread=1,8,59,1.073395
intra=1 spread=1,8,60,3.428384
intra=1 spread=1,8,61,1.552584
intra=1 spread=1,8,62,1.740267
intra=1 spread=1,8,63,1.809788
intra=1 spread=1,8,64,2.172266
intra=1 spread=1,8,65,2.603832
intra=1 spread=1,8,66,2.835048
intra=1 spread=1,8,67,0.510481
intra=1 spread=1,8,68,1.498349
intra=1 spread=1,8,69,0.597405
intra=1 spread=1,8,70,0.657652
intra=1 spread=1,8,71,0.684272
intra=1 spread=1,8,72,0.816280
intra=1 spread=1,8,73,2.362680
intra=1 spread=1,8,74,0.268454
intra=1 spread=1,8,75,1.940052
intra=1 spread=1,8,76,5.236137
intra=1 spread=1,8,77,1.558021
intra=1 spread=1,8,78,1.774158
intra=1 spread=1,8,79,1.040255
intra=1 spread=1,8,80,1.482481
intra=1 spread=1,8,81,1.204723
intra=1 spread=1,8,82,0.882338
intra=1 spread=1,8,83,0.467001
intra=1 spread=1,8,84,1.242314
intra=1 spread=1,8,85,1.425348
intra=1 spread=1,8,86,1.535423
intra=1 spread=1,8,87,0.379892
intra=1 spread=1,8,88,1.592108
intra=1 spread=1,8,89,1.826765
intra=1 spread=1,8,90,1.351194
intra=1 spread=1,8,91,2.260540
intra=1 spread=1,8,92,1.938794
intra=1 spread=1,8,93,2.173035
intra=1 spread=1,8,94,0.533848
intra=1 spread=1,8,95,0.190483
intra=1 spread=1,8,96,1.994052
intra=1 spread=1,8,97,0.285423
intra=1 spread=1,8,98,1.179213
intra=1 spread=1,8,99,0.643812
intra=1 spread=1,8,100,1.713178
intra=1 spread=1,8,101,1.959425
intra=1 spread=1,8,102,0.981190
intra=1 spread=1,8,103,1.287770
intra=1 spread=1,8,104,2.263307
intra=1 spread=1,8,105,2.297148
intra=1 spread=1,8,106,1.503993
intra=1 spread=1,8,107,0.378230
intra=1 spread=1,8,108,1.324896
intra=1 spread=1,8,109,1.225131
intra=1 spread=1,8,110,0.882175
intra=1 spread=1,8,111,1.058435
intra=1 spread=1,8,112,0.393915
intra=1 spread=1,8,113,0.522561
intra=1 spread=1,8,114,1.541948
intra=1 spread=1,8,115,0.706646
intra=1 spread=1,8,116,1.077205
intra=1 spread=1,8,117,1.009777
intra=1 spread=1,8,118,0.711410
intra=1 spread=1,8,119,0.553169
intra=1 spread=1,8,120,0.991692
intra=1 spread=1,8,121,1.296958
intra=1 spread=1,8,122,0.036050
intra=1 spread=1,8,123,2.029575
intra=1 spread=1,8,124,3.201562
intra=1 spread=1,8,125,1.723446
intra=1 spread=1,8,126,0.758790
intra=1 spread=1,8,127,2.626907
intra=1 spread=1,8,128,0.496575
intra=1 spread=1,8,129,1.463088
intra=1 spread=1,8,130,1.058442
intra=1 spread=1,8,131,1.194905
intra=1 spread=1,8,132,0.814237
intra=1 spread=1,8,133,1.002660
intra=1 spread=1,8,134,0.518640
intra=1 spread=1,8,135,1.621118
intra=1 spread=1,8,136,1.030210
intra=1 spread=1,8,137,0.828970
intra=1 spread=1,8,138,0.505352
intra=1 spread=1,8,139,0.867778
intra=1 spread=1,8,140,0.985158
intra=1 spread=1,8,141,26.008237
intra=1 spread=1,8,142,1.050628
intra=1 spread=1,8,143,0.827740
intra=1 spread=1,8,144,2.494418
intra=1 spread=1,8,145,1.827603
intra=1 spread=1,8,146,1.633034
intra=1 spread=1,8,147,-0.158198
intra=1 spread=1,8,148,5.887269
intra=1 spread=1,8,149,1.612594
intra=1 spread=1,8,150,2.903388
intra=1 spread=1,8,151,1.946795
intra=1 spread=1,8,152,0.559096
intra=1 spread=1,8,153,0.761691
intra=1 spread=1,8,154,2.098754
intra=1 spread=1,8,155,0.611012
intra=1 spread=1,8,156,0.417601
intra=1 spread=1,8,157,0.920146
intra=1 spread=1,8,158,1.060969
intra=1 spread=1,8,159,1.128898
intra=1 spread=1,8,160,1.801167
intra=1 spread=1,8,161,0.716026
intra=1 spread=1,8,162,1.109440
intra=1 spread=1,8,163,0.967847
intra=1 spread=1,8,164,1.166781
intra=1 spread=1,8,165,1.383542
intra=1 spread=1,8,166,0.499730
intra=1 spread=1,8,167,0.610215
intra=1 spread=1,8,168,0.429371
intra=1 spread=1,8,169,1.926978
intra=1 spread=1,8,170,1.424730
intra=1 spread=1,8,171,1.559059
intra=1 spread=1,8,172,0.769830
intra=1 spread=1,8,173,1.663622
intra=1 spread=1,8,174,0.664447
intra=1 spread=1,8,175,2.954614
intra=1 spread=1,8,176,1.020384
intra=1 spread=1,8,177,1.214159
intra=1 spread=1,8,178,0.440426
intra=1 spread=1,8,179,1.034109
intra=1 spread=1,8,180,2.328279
intra=1 spread=1,8,181,3.107177
intra=1 spread=1,8,182,1.765152
intra=1 spread=1,8,183,0.680475
intra=1 spread=1,8,184,1.101271
intra=1 spread=1,8,185,1.275502
intra=1 spread=1,8,186,2.431077
intra=1 spread=1,8,187,0.337860
intra=1 spread=1,8,188,0.886125
intra=1 spread=1,8,189,2.977409
intra=1 spread=1,8,190,0.108280
intra=1 spread=1,8,191,1.299487
intra=1 spread=1,8,192,0.912620
intra=1 spread=1,8,193,1.087169
intra=1 spread=1,8,194,1.382026
intra=1 spread=1,8,195,1.648832
intra=1 spread=1,8,196,2.408968
intra=1 spread=1,8,197,1.131911
intra=1 spread=1,8,198,1.690389
intra=1 spread=1,8,199,0.430279
intra=1 spread=1,8,200,1.788963
intra=1 spread=1,8,201,1.388901
intra=1 spread=1,8,202,1.399383
intra=1 spread=1,8,203,1.695300
intra=1 spread=1,8,204,0.855762
intra=1 spread=1,8,205,2.329461
intra=1 spread=1,8,206,0.978220
intra=1 spread=1,8,207,1.169444
intra=1 spread=1,8,208,0.508598
intra=1 spread=1,8,209,1.478969
intra=1 spread=1,8,210,218.661339
intra=1 spread=1,8,211,0.512432
intra=1 spread=1,8,212,1.146962
intra=1 spread=1,8,213,2.259174
intra=1 spread=1,8,214,1.009346
intra=1 spread=1,8,215,3.034170
intra=1 spread=1,8,216,1.539469
intra=1 spread=1,8,217,1.302846
intra=1 spread=1,8,218,1.762022
intra=1 spread=1,8,219,0.849424
intra=1 spread=1,8,220,0.955011
intra=1 spread=1,8,221,1.989719
intra=1 spread=1,8,222,1.382276
intra=1 spread=1,8,223,3.234618
intra=1 spread=1,8,224,0.964837
intra=1 spread=1,8,225,1.486415
intra=1 spread=1,8,226,0.694431
intra=1 spread=1,8,227,0.015061
intra=1 spread=1,8,228,0.740251
intra=1 spread=1,8,229,0.615590
intra=1 spread=1,8,230,0.350684
intra=1 spread=1,8,231,1.050980
intra=1 spread=1,8,232,1.060436
intra=1 spread=1,8,233,0.584586
intra=1 spread=1,8,234,0.437071
intra=1 spread=1,8,235,12.792437
intra=1 spread=1,8,236,0.788014
intra=1 spread=1,8,237,1.127623
intra=1 spread=1,8,238,1.579786
intra=1 spread=1,8,239,-0.280925
intra=1 spread=1,8,240,0.751380
intra=1 spread=1,8,241,2.087811
intra=1 spread=1,8,242,0.619817
intra=1 spread=1,8,243,0.853045
intra=1 spread=1,8,244,1.845369
intra=1 spread=1,8,245,175.892092
intra=1 spread=1,8,246,0.558183
intra=1 spread=1,8,247,0.376768
intra=1 spread=1,8,248,1.396526
intra=1 spread=1,8,249,2.335187
intra=1 spread=1,8,250,1.334472
intra=1 spread=1,8,251,1.180306
intra=1 spread=1,8,252,1.990590
intra=1 spread=1,8,253,-0.001977
intra=1 spread=1,8,254,0.952600
intra=1 spread=1,8,255,2.175132
intra=1 spread=1,8,256,1.247244
intra=1 spread=1,8,257,1.015011
intra=1 spread=1,8,258,2.061333
intra=1 spread=1,8,259,0.678443
intra=1 spread=1,8,260,1.156600
intra=1 spread=1,8,261,1.645662
intra=1 spread=1,8,262,2.353927
intra=1 spread=1,8,263,0.707633
intra=1 spread=1,8,264,1.305117
intra=1 spread=1,8,265,0.430314
intra=1 spread=1,8,266,1.541816
intra=1 spread=1,8,267,0.479853
intra=1 spread=1,8,268,1.882593
intra=1 spread=1,8,269,2.095635
intra=1 spread=1,8,270,1.078279
intra=1 spread=1,8,271,0.448484
intra=1 spread=1,8,272,0.006942
intra=1 spread=1,8,273,0.658223
intra=1 spread=1,8,274,1.311864
intra=1 spread=1,8,275,0.706935
intra=1 spread=1,8,276,0.906962
intra=1 spread=1,8,277,0.757754
intra=1 spread=1,8,278,2.242508
intra=1 spread=1,8,279,1.142123
intra=1 spread=1,8,280,0.755880
intra=1 spread=1,8,281,1.034367
intra=1 spread=1,8,282,4.954816
intra=1 spread=1,8,283,1.315765
intra=1 spread=1,8,284,1.731919
intra=1 spread=1,8,285,0.133960
intra=1 spread=1,8,286,1.905539
intra=1 spread=1,8,287,1.524325
intra=1 spread=1,8,288,1.363546
intra=1 spread=1,8,289,1.057758
intra=1 spread=1,8,290,0.524240
intra=1 spread=1,8,291,1.393144
intra=1 spread=1,8,292,1.634370
intra=1 spread=1,8,293,2.743704
intra=1 spread=1,8,294,1.797150
intra=1 spread=1,8,295,1.426084
intra=1 spread=1,8,296,1.523644
intra=1 spread=1,8,297,1.275574
intra=1 spread=1,8,298,1.031439
intra=1 spread=1,8,299,1.265107
intra=1 spread=1,8,300,0.684705
intra=1 spread=1,8,301,0.059823
intra=1 spread=1,8,302,0.333133
intra=1 spread=1,8,303,0.512167
intra=1 spread=1,8,304,1.102411
intra=1 spread=1,8,305,0.918733
intra=1 spread=1,8,306,2.907200
intra=1 spread=1,8,307,1.108526
intra=1 spread=1,8,308,2.560524
intra=1 spread=1,8,309,0.322487
intra=1 spread=1,8,310,1.215864
intra=1 spread=1,8,311,1.233885
intra=1 spread=1,8,312,142.033136
intra=1 spread=1,8,313,0.363299
intra=1 spread=1,8,314,280.153561
intra=1 spread=1,8,315,1.533054
intra=1 spread=1,8,316,0.814311
intra=1 spread=1,8,317,2.377507
intra=1 spread=1,8,318,0.478945
intra=1 spread=1,8,319,2.156821
intra=1 spread=1,8,320,0.913581
intra=1 spread=1,8,321,1.520350
intra=1 spread=1,8,322,1.480285
intra=1 spread=1,8,323,0.917759
intra=1 spread=1,8,324,0.731186
intra=1 spread=1,8,325,1.569205
intra=1 spread=1,8,326,1.048894
intra=1 spread=1,8,327,-0.004843
intra=1 spread=1,8,328,0.440417
intra=1 spread=1,8,329,1.636329
intra=1 spread=1,8,330,2.213611
intra=1 spread=1,8,331,0.667804
intra=1 spread=1,8,332,0.844018
intra=1 spread=1,8,333,1.339141
intra=1 spread=1,8,334,1.780787
intra=1 spread=1,8,335,0.750111
intra=1 spread=1,8,336,1.974496
intra=1 spread=1,8,337,5.904762
intra=1 spread=1,8,338,1.005158
intra=1 spread=1,8,339,1.990314
intra=1 spread=1,8,340,0.502711
intra=1 spread=1,8,341,2.103025
intra=1 spread=1,8,342,0.326234
intra=1 spread=1,8,343,1.551278
intra=1 spread=1,8,344,1.156817
intra=1 spread=1,8,345,0.598227
intra=1 spread=1,8,346,0.745830
intra=1 spread=1,8,347,0.650567
intra=1 spread=1,8,348,1.207645
intra=1 spread=1,8,349,1.067195
intra=1 spread=1,8,350,2.214115
intra=1 spread=1,8,351,1.230867
intra=1 spread=1,8,352,1.836938
intra=1 spread=1,8,353,42.286486
intra=1 spread=1,8,354,1.621725
intra=1 spread=1,8,355,1.174119
intra=1 spread=1,8,356,1.282659
intra=1 spread=1,8,357,0.644623
intra=1 spread=1,8,358,1.763629
intra=1 spread=1,8,359,1.386121
intra=1 spread=1,8,360,1.340319
intra=1 spread=1,8,361,0.537304
intra=1 spread=1,8,362,1.370745
intra=1 spread=1,8,363,4.058533
intra=1 spread=1,8,364,1.552779
intra=1 spread=1,8,365,1.091584
intra=1 spread=1,8,366,1.063668
intra=1 spread=1,8,367,0.457416
intra=1 spread=1,8,368,1.219751
intra=1 spread=1,8,369,0.500928
intra=1 spread=1,8,370,2.875271
intra=1 spread=1,8,371,1.222379
intra=1 spread=1,8,372,1.538057
intra=1 spread=1,8,373,0.529711
intra=1 spread=1,8,374,1.184486
intra=1 spread=1,8,375,1.622448
intra=1 spread=1,8,376,0.267987
intra=1 spread=1,8,377,0.673434
intra=1 spread=1,8,378,1.111227
intra=1 spread=1,8,379,0.817274
intra=1 spread=1,8,380,1.900793
intra=1 spread=1,8,381,0.679643
intra=1 spread=1,8,382,1.878798
intra=1 spread=1,8,383,2.755111
intra=1 spread=1,8,384,1.869895
intra=1 spread=1,8,385,0.576399
intra=1 spread=1,8,386,0.860561
intra=1 spread=1,8,387,0.930156
intra=1 spread=1,8,388,0.675803
intra=1 spread=1,8,389,1.301864
intra=1 spread=1,8,390,0.663211
intra=1 spread=1,8,391,0.202183
intra=1 spread=1,8,392,0.864873
intra=1 spread=1,8,393,0.851126
intra=1 spread=1,8,394,1.947982
intra=1 spread=1,8,395,1.548380
intra=1 spread=1,8,396,1.385802
intra=1 spread=1,8,397,2.276724
intra=1 spread=1,8,398,5.808932
intra=1 spread=1,8,399,0.713068
intra=1 spread=1,8,400,3.046110
intra=1 spread=1,8,401,1.116812
intra=1 spread=1,8,402,1.215154
intra=1 spread=1,8,403,0.844424
intra=1 spread=1,8,404,1.414164
intra=1 spread=1,8,405,1.378257
intra=1 spread=1,8,406,1.077538
intra=1 spread=1,8,407,1.617800
intra=1 spread=1,8,408,0.348391
intra=1 spread=1,8,409,1.337624
intra=1 spread=1,8,410,150.295906
intra=1 spread=1,8,411,0.963800
intra=1 spread=1,8,412,0.834882
intra=1 spread=1,8,413,0.391846
intra=1 spread=1,8,414,1.373628
intra=1 spread=1,8,415,0.893408
intra=1 spread=1,8,416,1.435410
intra=1 spread=1,8,417,0.818746
intra=1 spread=1,8,418,1.367495
intra=1 spread=1,8,419,1.160384
intra=1 spread=1,8,420,1.030710
intra=1 spread=1,8,421,1.163905
intra=1 spread=1,8,422,0.258627
intra=1 spread=1,8,423,1.794808
intra=1 spread=1,8,424,1.099509
intra=1 spread=1,8,425,1.850426
intra=1 spread=1,8,426,0.807335
intra=1 spread=1,8,427,3.770383
intra=1 spread=1,8,428,0.601269
intra=1 spread=1,8,429,0.739376
intra=1 spread=1,8,430,2.215246
intra=1 spread=1,8,431,2.354070
intra=1 spread=1,8,432,1.728838
intra=1 spread=1,8,433,1.126006
intra=1 spread=1,8,434,0.298060
intra=1 spread=1,8,435,1.044839
intra=1 spread=1,8,436,2.210819
intra=1 spread=1,8,437,243.597254
intra=1 spread=1,8,438,0.740067
intra=1 spread=1,8,439,1.581887
intra=1 spread=1,8,440,3.497218
intra=1 spread=1,8,441,2.753554
intra=1 spread=1,8,442,1.317855
intra=1 spread=1,8,443,3.285523
intra=1 spread=1,8,444,1.332300
intra=1 spread=1,8,445,1.389566
intra=1 spread=1,8,446,3.289095
intra=1 spread=1,8,447,2.108229
intra=1 spread=1,8,448,1.653847
intra=1 spread=1,8,449,1.051122
intra=1 spread=1,8,450,0.740641
intra=1 spread=1,8,451,0.528852
intra=1 spread=1,8,452,2.482086
intra=1 spread=1,8,453,2.446138
intra=1 spread=1,8,454,1.194087
intra=1 spread=1,8,455,1.243042
intra=1 spread=1,8,456,1.863999
intra=1 spread=1,8,457,1.183657
intra=1 spread=1,8,458,1.733856
intra=1 spread=1,8,459,1.227974
intra=1 spread=1,8,460,1.517343
intra=1 spread=1,8,461,0.194140
intra=1 spread=1,8,462,0.598716
intra=1 spread=1,8,463,1.027286
intra=1 spread=1,8,464,0.579005
intra=1 spread=1,8,465,2.648096
intra=1 spread=1,8,466,1.652720
intra=1 spread=1,8,467,1.130636
intra=1 spread=1,8,468,1.406139
intra=1 spread=1,8,469,0.097725
intra=1 spread=1,8,470,0.421464
intra=1 spread=1,8,471,0.978398
intra=1 spread=1,8,472,1.480272
intra=1 spread=1,8,473,0.710468
intra=1 spread=1,8,474,0.753593
intra=1 spread=1,8,475,1.566263
intra=1 spread=1,8,476,0.627918
intra=1 spread=1,8,477,3.502048
intra=1 spread=1,8,478,1.412639
intra=1 spread=1,8,479,0.960508
intra=1 spread=1,8,480,0.177079
intra=1 spread=1,8,481,1.457210
intra=1 spread=1,8,482,1.296791
intra=1 spread=1,8,483,0.047627
intra=1 spread=1,8,484,0.449372
intra=1 spread=1,8,485,0.112547
intra=1 spread=1,8,486,1.748316
intra=1 spread=1,8,487,0.482849
intra=1 spread=1,8,488,1.012519
intra=1 spread=1,8,489,1.314078
intra=1 spread=1,8,490,1.662591
intra=1 spread=1,8,491,1.278281
intra=1 spread=1,8,492,1.357681
intra=1 spread=1,8,493,2.035426
intra=1 spread=1,8,494,0.489809
intra=1 spread=1,8,495,2.291258
intra=1 spread=1,8,496,1.470844
intra=1 spread=1,8,497,1.819057
intra=1 spread=1,8,498,0.621352
intra=1 spread=1,8,499,0.690205
intra=1 spread=1,8,500,0.102645
intra=1 spread=1,16,1,253.410933
intra=1 spread=1,16,2,0.566279
intra=1 spread=1,16,3,246.817688
intra=1 spread=1,16,4,15.330033
intra=1 spread=1,16,5,10.555665
intra=1 spread=1,16,6,1.602523
intra=1 spread=1,16,7,7.515732
intra=1 spread=1,16,8,3.027388
intra=1 spread=1,16,9,5.088106
intra=1 spread=1,16,10,1.896174
intra=1 spread=1,16,11,8.211179
intra=1 spread=1,16,12,0.986095
intra=1 spread=1,16,13,85.333053
intra=1 spread=1,16,14,0.536657
intra=1 spread=1,16,15,2.166469
intra=1 spread=1,16,16,272.325553
intra=1 spread=1,16,17,2.966233
intra=1 spread=1,16,18,4.307417
intra=1 spread=1,16,19,6.765330
intra=1 spread=1,16,20,2.025427
intra=1 spread=1,16,21,2.875845
intra=1 spread=1,16,22,8.660888
intra=1 spread=1,16,23,6.602418
intra=1 spread=1,16,24,0.978408
intra=1 spread=1,16,25,6.944467
intra=1 spread=1,16,26,2.768627
intra=1 spread=1,16,27,30.039278
intra=1 spread=1,16,28,144.236738
intra=1 spread=1,16,29,7.599545
intra=1 spread=1,16,30,1.346068
intra=1 spread=1,16,31,7.631001
intra=1 spread=1,16,32,6.933157
intra=1 spread=1,16,33,237.522936
intra=1 spread=1,16,34,7.653679
intra=1 spread=1,16,35,5.395527
intra=1 spread=1,16,36,222.648465
intra=1 spread=1,16,37,6.621093
intra=1 spread=1,16,38,197.038367
intra=1 spread=1,16,39,1.227049
intra=1 spread=1,16,40,289.455225
intra=1 spread=1,16,41,11.012439
intra=1 spread=1,16,42,232.810011
intra=1 spread=1,16,43,2.231005
intra=1 spread=1,16,44,1.351148
intra=1 spread=1,16,45,207.553520
intra=1 spread=1,16,46,111.236762
intra=1 spread=1,16,47,32.470141
intra=1 spread=1,16,48,1.486778
intra=1 spread=1,16,49,0.811562
intra=1 spread=1,16,50,52.662543
intra=1 spread=1,16,51,226.889753
intra=1 spread=1,16,52,131.644724
intra=1 spread=1,16,53,0.949518
intra=1 spread=1,16,54,3.730886
intra=1 spread=1,16,55,11.200135
intra=1 spread=1,16,56,235.149573
intra=1 spread=1,16,57,146.895037
intra=1 spread=1,16,58,116.925045
intra=1 spread=1,16,59,9.845509
intra=1 spread=1,16,60,207.343382
intra=1 spread=1,16,61,1.590138
intra=1 spread=1,16,62,4.821138
intra=1 spread=1,16,63,0.625261
intra=1 spread=1,16,64,4.719744
intra=1 spread=1,16,65,2.347232
intra=1 spread=1,16,66,148.495989
intra=1 spread=1,16,67,53.111100
intra=1 spread=1,16,68,132.249254
intra=1 spread=1,16,69,82.178043
intra=1 spread=1,16,70,1.959804
intra=1 spread=1,16,71,0.585232
intra=1 spread=1,16,72,16.936573
intra=1 spread=1,16,73,179.306475
intra=1 spread=1,16,74,2.157315
intra=1 spread=1,16,75,6.903572
intra=1 spread=1,16,76,264.602374
intra=1 spread=1,16,77,141.824759
intra=1 spread=1,16,78,4.249854
intra=1 spread=1,16,79,12.702712
intra=1 spread=1,16,80,15.129951
intra=1 spread=1,16,81,1.173818
intra=1 spread=1,16,82,9.384103
intra=1 spread=1,16,83,6.488357
intra=1 spread=1,16,84,1.195808
intra=1 spread=1,16,85,1.458827
intra=1 spread=1,16,86,7.251034
intra=1 spread=1,16,87,2.428236
intra=1 spread=1,16,88,105.828573
intra=1 spread=1,16,89,7.626105
intra=1 spread=1,16,90,6.381313
intra=1 spread=1,16,91,2.375998
intra=1 spread=1,16,92,288.317391
intra=1 spread=1,16,93,20.392270
intra=1 spread=1,16,94,2.304434
intra=1 spread=1,16,95,2.052192
intra=1 spread=1,16,96,5.840641
intra=1 spread=1,16,97,193.129908
intra=1 spread=1,16,98,142.772932
intra=1 spread=1,16,99,0.710129
intra=1 spread=1,16,100,286.925203
intra=1 spread=1,16,101,135.459807
intra=1 spread=1,16,102,65.791837
intra=1 spread=1,16,103,256.090528
intra=1 spread=1,16,104,3.138701
intra=1 spread=1,16,105,2.361746
intra=1 spread=1,16,106,268.175087
intra=1 spread=1,16,107,8.995177
intra=1 spread=1,16,108,99.923541
intra=1 spread=1,16,109,219.431925
intra=1 spread=1,16,110,256.710201
intra=1 spread=1,16,111,1.601846
intra=1 spread=1,16,112,2.226138
intra=1 spread=1,16,113,17.679077
intra=1 spread=1,16,114,116.116456
intra=1 spread=1,16,115,151.460295
intra=1 spread=1,16,116,0.654107
intra=1 spread=1,16,117,26.684327
intra=1 spread=1,16,118,0.699428
intra=1 spread=1,16,119,9.342882
intra=1 spread=1,16,120,7.397589
intra=1 spread=1,16,121,4.285729
intra=1 spread=1,16,122,276.633550
intra=1 spread=1,16,123,170.948673
intra=1 spread=1,16,124,15.075187
intra=1 spread=1,16,125,1.726138
intra=1 spread=1,16,126,0.742897
intra=1 spread=1,16,127,2.405049
intra=1 spread=1,16,128,0.544426
intra=1 spread=1,16,129,7.416235
intra=1 spread=1,16,130,0.994636
intra=1 spread=1,16,131,152.391364
intra=1 spread=1,16,132,276.111049
intra=1 spread=1,16,133,113.888928
intra=1 spread=1,16,134,0.457941
intra=1 spread=1,16,135,10.696088
intra=1 spread=1,16,136,1.147962
intra=1 spread=1,16,137,1.909473
intra=1 spread=1,16,138,0.643366
intra=1 spread=1,16,139,130.405432
intra=1 spread=1,16,140,2.587388
intra=1 spread=1,16,141,272.794661
intra=1 spread=1,16,142,291.293004
intra=1 spread=1,16,143,286.220196
intra=1 spread=1,16,144,8.703013
intra=1 spread=1,16,145,165.938383
intra=1 spread=1,16,146,5.358651
intra=1 spread=1,16,147,-0.177096
intra=1 spread=1,16,148,124.133516
intra=1 spread=1,16,149,1.560341
intra=1 spread=1,16,150,7.725629
intra=1 spread=1,16,151,4.720105
intra=1 spread=1,16,152,0.500980
intra=1 spread=1,16,153,168.210481
intra=1 spread=1,16,154,166.282756
intra=1 spread=1,16,155,168.978329
intra=1 spread=1,16,156,10.519053
intra=1 spread=1,16,157,64.481882
intra=1 spread=1,16,158,0.863572
intra=1 spread=1,16,159,145.075659
intra=1 spread=1,16,160,1.668472
intra=1 spread=1,16,161,155.145908
intra=1 spread=1,16,162,114.564750
intra=1 spread=1,16,163,5.591734
intra=1 spread=1,16,164,3.495520
intra=1 spread=1,16,165,185.948213
intra=1 spread=1,16,166,4.631389
intra=1 spread=1,16,167,112.228187
intra=1 spread=1,16,168,276.067587
intra=1 spread=1,16,169,40.996931
intra=1 spread=1,16,170,1.523895
intra=1 spread=1,16,171,4.946275
intra=1 spread=1,16,172,0.894491
intra=1 spread=1,16,173,1.419875
intra=1 spread=1,16,174,203.736766
intra=1 spread=1,16,175,280.749161
intra=1 spread=1,16,176,180.242268
intra=1 spread=1,16,177,152.310009
intra=1 spread=1,16,178,1.221726
intra=1 spread=1,16,179,1.107311
intra=1 spread=1,16,180,5.766994
intra=1 spread=1,16,181,4.947676
intra=1 spread=1,16,182,1.612297
intra=1 spread=1,16,183,0.683362
intra=1 spread=1,16,184,1.068285
intra=1 spread=1,16,185,4.242146
intra=1 spread=1,16,186,2.523217
intra=1 spread=1,16,187,229.529011
intra=1 spread=1,16,188,13.022643
intra=1 spread=1,16,189,241.027068
intra=1 spread=1,16,190,3.850158
intra=1 spread=1,16,191,289.894658
intra=1 spread=1,16,192,258.745483
intra=1 spread=1,16,193,273.834298
intra=1 spread=1,16,194,37.205686
intra=1 spread=1,16,195,1.483635
intra=1 spread=1,16,196,18.624667
intra=1 spread=1,16,197,250.060214
intra=1 spread=1,16,198,1.693091
intra=1 spread=1,16,199,33.896625
intra=1 spread=1,16,200,6.468984
intra=1 spread=1,16,201,254.447982
intra=1 spread=1,16,202,1.584037
intra=1 spread=1,16,203,1.807315
intra=1 spread=1,16,204,1.017646
intra=1 spread=1,16,205,89.917915
intra=1 spread=1,16,206,46.797670
intra=1 spread=1,16,207,0.925440
intra=1 spread=1,16,208,262.927829
intra=1 spread=1,16,209,238.963944
intra=1 spread=1,16,210,106.738039
intra=1 spread=1,16,211,1.049691
intra=1 spread=1,16,212,18.843403
intra=1 spread=1,16,213,5.179977
intra=1 spread=1,16,214,50.145687
intra=1 spread=1,16,215,11.108494
intra=1 spread=1,16,216,211.395321
intra=1 spread=1,16,217,158.934171
intra=1 spread=1,16,218,161.325606
intra=1 spread=1,16,219,0.812686
intra=1 spread=1,16,220,147.103493
intra=1 spread=1,16,221,168.904353
intra=1 spread=1,16,222,1.507401
intra=1 spread=1,16,223,129.286003
intra=1 spread=1,16,224,1.033118
intra=1 spread=1,16,225,236.693497
intra=1 spread=1,16,226,0.845943
intra=1 spread=1,16,227,0.110049
intra=1 spread=1,16,228,121.918913
intra=1 spread=1,16,229,1.824127
intra=1 spread=1,16,230,3.558126
intra=1 spread=1,16,231,6.435991
intra=1 spread=1,16,232,8.495227
intra=1 spread=1,16,233,0.552531
intra=1 spread=1,16,234,139.060421
intra=1 spread=1,16,235,65.979875
intra=1 spread=1,16,236,0.903812
intra=1 spread=1,16,237,16.733018
intra=1 spread=1,16,238,1.628618
intra=1 spread=1,16,239,-0.297661
intra=1 spread=1,16,240,101.926644
intra=1 spread=1,16,241,2.129019
intra=1 spread=1,16,242,2.732370
intra=1 spread=1,16,243,3.435642
intra=1 spread=1,16,244,52.562300
intra=1 spread=1,16,245,179.734044
intra=1 spread=1,16,246,0.496497
intra=1 spread=1,16,247,3.374167
intra=1 spread=1,16,248,5.487433
intra=1 spread=1,16,249,32.934490
intra=1 spread=1,16,250,3.958071
intra=1 spread=1,16,251,2.925448
intra=1 spread=1,16,252,186.513793
intra=1 spread=1,16,253,0.581270
intra=1 spread=1,16,254,1.590867
intra=1 spread=1,16,255,7.057593
intra=1 spread=1,16,256,138.057479
intra=1 spread=1,16,257,97.247892
intra=1 spread=1,16,258,5.901454
intra=1 spread=1,16,259,283.736987
intra=1 spread=1,16,260,7.661153
intra=1 spread=1,16,261,13.901215
intra=1 spread=1,16,262,2.065371
intra=1 spread=1,16,263,1.311929
intra=1 spread=1,16,264,1.536978
intra=1 spread=1,16,265,123.208151
intra=1 spread=1,16,266,5.457350
intra=1 spread=1,16,267,6.913784
intra=1 spread=1,16,268,154.085294
intra=1 spread=1,16,269,39.087849
intra=1 spread=1,16,270,16.641274
intra=1 spread=1,16,271,3.177159
intra=1 spread=1,16,272,0.061058
intra=1 spread=1,16,273,246.772009
intra=1 spread=1,16,274,257.001450
intra=1 spread=1,16,275,0.805230
intra=1 spread=1,16,276,0.915017
intra=1 spread=1,16,277,106.201038
intra=1 spread=1,16,278,248.895979
intra=1 spread=1,16,279,9.875156
intra=1 spread=1,16,280,0.971243
intra=1 spread=1,16,281,1.159360
intra=1 spread=1,16,282,4.788013
intra=1 spread=1,16,283,214.545159
intra=1 spread=1,16,284,240.669777
intra=1 spread=1,16,285,121.259440
intra=1 spread=1,16,286,140.194179
intra=1 spread=1,16,287,1.023520
intra=1 spread=1,16,288,1.466022
intra=1 spread=1,16,289,10.148992
intra=1 spread=1,16,290,81.905613
intra=1 spread=1,16,291,147.278481
intra=1 spread=1,16,292,138.543112
intra=1 spread=1,16,293,5.101810
intra=1 spread=1,16,294,238.050470
intra=1 spread=1,16,295,5.149831
intra=1 spread=1,16,296,245.422776
intra=1 spread=1,16,297,5.976944
intra=1 spread=1,16,298,4.504317
intra=1 spread=1,16,299,167.041211
intra=1 spread=1,16,300,80.810882
intra=1 spread=1,16,301,0.617492
intra=1 spread=1,16,302,212.883697
intra=1 spread=1,16,303,29.055202
intra=1 spread=1,16,304,1.155355
intra=1 spread=1,16,305,2.379368
intra=1 spread=1,16,306,268.028841
intra=1 spread=1,16,307,270.707339
intra=1 spread=1,16,308,2.322633
intra=1 spread=1,16,309,0.279189
intra=1 spread=1,16,310,0.984213
intra=1 spread=1,16,311,75.348706
intra=1 spread=1,16,312,79.695123
intra=1 spread=1,16,313,26.865646
intra=1 spread=1,16,314,148.554116
intra=1 spread=1,16,315,1.528290
intra=1 spread=1,16,316,253.839554
intra=1 spread=1,16,317,9.154960
intra=1 spread=1,16,318,24.189956
intra=1 spread=1,16,319,22.259018
intra=1 spread=1,16,320,13.346748
intra=1 spread=1,16,321,3.749971
intra=1 spread=1,16,322,3.459215
intra=1 spread=1,16,323,80.713810
intra=1 spread=1,16,324,9.985774
intra=1 spread=1,16,325,1.228220
intra=1 spread=1,16,326,2.021705
intra=1 spread=1,16,327,0.061634
intra=1 spread=1,16,328,1.399606
intra=1 spread=1,16,329,1.559976
intra=1 spread=1,16,330,42.018091
intra=1 spread=1,16,331,181.528042
intra=1 spread=1,16,332,188.519144
intra=1 spread=1,16,333,147.049509
intra=1 spread=1,16,334,3.827646
intra=1 spread=1,16,335,246.325303
intra=1 spread=1,16,336,10.661617
intra=1 spread=1,16,337,203.620052
intra=1 spread=1,16,338,280.679072
intra=1 spread=1,16,339,5.150128
intra=1 spread=1,16,340,0.650746
intra=1 spread=1,16,341,1.844698
intra=1 spread=1,16,342,1.061661
intra=1 spread=1,16,343,106.658063
intra=1 spread=1,16,344,11.516930
intra=1 spread=1,16,345,4.510951
intra=1 spread=1,16,346,272.584289
intra=1 spread=1,16,347,284.246668
intra=1 spread=1,16,348,1.308573
intra=1 spread=1,16,349,141.477182
intra=1 spread=1,16,350,2.095771
intra=1 spread=1,16,351,216.412199
intra=1 spread=1,16,352,5.816369
intra=1 spread=1,16,353,156.794864
intra=1 spread=1,16,354,1.684881
intra=1 spread=1,16,355,114.906549
intra=1 spread=1,16,356,1.265741
intra=1 spread=1,16,357,128.626428
intra=1 spread=1,16,358,5.048925
intra=1 spread=1,16,359,7.203548
intra=1 spread=1,16,360,184.715970
intra=1 spread=1,16,361,0.511284
intra=1 spread=1,16,362,92.569734
intra=1 spread=1,16,363,3.952433
intra=1 spread=1,16,364,1.538025
intra=1 spread=1,16,365,146.278771
intra=1 spread=1,16,366,3.242543
intra=1 spread=1,16,367,272.600092
intra=1 spread=1,16,368,2.833004
intra=1 spread=1,16,369,0.420015
intra=1 spread=1,16,370,223.274829
intra=1 spread=1,16,371,1.196007
intra=1 spread=1,16,372,4.395416
intra=1 spread=1,16,373,260.220060
intra=1 spread=1,16,374,1.246300
intra=1 spread=1,16,375,14.209730
intra=1 spread=1,16,376,158.250217
intra=1 spread=1,16,377,0.636785
intra=1 spread=1,16,378,227.051090
intra=1 spread=1,16,379,238.737237
intra=1 spread=1,16,380,2.566659
intra=1 spread=1,16,381,7.929348
intra=1 spread=1,16,382,281.964053
intra=1 spread=1,16,383,2.747935
intra=1 spread=1,16,384,220.003249
intra=1 spread=1,16,385,225.063553
intra=1 spread=1,16,386,28.216200
intra=1 spread=1,16,387,0.874432
intra=1 spread=1,16,388,210.168117
intra=1 spread=1,16,389,196.043883
intra=1 spread=1,16,390,115.437467
intra=1 spread=1,16,391,10.405690
intra=1 spread=1,16,392,0.916709
intra=1 spread=1,16,393,0.823801
intra=1 spread=1,16,394,168.079825
intra=1 spread=1,16,395,208.362569
intra=1 spread=1,16,396,277.270108
intra=1 spread=1,16,397,2.477060
intra=1 spread=1,16,398,7.092956
intra=1 spread=1,16,399,1.337609
intra=1 spread=1,16,400,68.724439
intra=1 spread=1,16,401,139.295096
intra=1 spread=1,16,402,22.096886
intra=1 spread=1,16,403,103.970311
intra=1 spread=1,16,404,182.970971
intra=1 spread=1,16,405,216.103888
intra=1 spread=1,16,406,4.149618
intra=1 spread=1,16,407,66.591156
intra=1 spread=1,16,408,276.780218
intra=1 spread=1,16,409,1.224884
intra=1 spread=1,16,410,90.991462
intra=1 spread=1,16,411,244.045601
intra=1 spread=1,16,412,220.693015
intra=1 spread=1,16,413,4.770062
intra=1 spread=1,16,414,262.016969
intra=1 spread=1,16,415,223.553986
intra=1 spread=1,16,416,248.280923
intra=1 spread=1,16,417,0.869143
intra=1 spread=1,16,418,5.290328
intra=1 spread=1,16,419,213.216938
intra=1 spread=1,16,420,2.654180
intra=1 spread=1,16,421,112.608328
intra=1 spread=1,16,422,226.939400
intra=1 spread=1,16,423,1.658528
intra=1 spread=1,16,424,10.317540
intra=1 spread=1,16,425,99.488868
intra=1 spread=1,16,426,14.030074
intra=1 spread=1,16,427,285.114212
intra=1 spread=1,16,428,115.524692
intra=1 spread=1,16,429,13.716376
intra=1 spread=1,16,430,2.209079
intra=1 spread=1,16,431,233.583636
intra=1 spread=1,16,432,118.115279
intra=1 spread=1,16,433,8.223273
intra=1 spread=1,16,434,4.010763
intra=1 spread=1,16,435,2.688290
intra=1 spread=1,16,436,173.670941
intra=1 spread=1,16,437,141.789266
intra=1 spread=1,16,438,0.666601
intra=1 spread=1,16,439,48.524982
intra=1 spread=1,16,440,89.436105
intra=1 spread=1,16,441,130.494621
intra=1 spread=1,16,442,57.708760
intra=1 spread=1,16,443,3.988411
intra=1 spread=1,16,444,1.395590
intra=1 spread=1,16,445,1.400167
intra=1 spread=1,16,446,234.822041
intra=1 spread=1,16,447,1.817472
intra=1 spread=1,16,448,89.978237
intra=1 spread=1,16,449,1.017964
intra=1 spread=1,16,450,138.342659
intra=1 spread=1,16,451,182.856915
intra=1 spread=1,16,452,108.683708
intra=1 spread=1,16,453,2.762844
intra=1 spread=1,16,454,67.301105
intra=1 spread=1,16,455,7.919359
intra=1 spread=1,16,456,274.479135
intra=1 spread=1,16,457,2.940994
intra=1 spread=1,16,458,174.488529
intra=1 spread=1,16,459,14.017299
intra=1 spread=1,16,460,6.264475
intra=1 spread=1,16,461,0.188019
intra=1 spread=1,16,462,274.096880
intra=1 spread=1,16,463,262.386074
intra=1 spread=1,16,464,41.663760
intra=1 spread=1,16,465,210.613452
intra=1 spread=1,16,466,187.975210
intra=1 spread=1,16,467,88.704239
intra=1 spread=1,16,468,181.980706
intra=1 spread=1,16,469,0.148442
intra=1 spread=1,16,470,27.290784
intra=1 spread=1,16,471,24.876630
intra=1 spread=1,16,472,1.561948
intra=1 spread=1,16,473,7.361393
intra=1 spread=1,16,474,87.481005
intra=1 spread=1,16,475,82.251516
intra=1 spread=1,16,476,224.924717
intra=1 spread=1,16,477,48.572258
intra=1 spread=1,16,478,12.335080
intra=1 spread=1,16,479,1.001047
intra=1 spread=1,16,480,279.853777
intra=1 spread=1,16,481,192.994468
intra=1 spread=1,16,482,282.865598
intra=1 spread=1,16,483,0.852359
intra=1 spread=1,16,484,277.905803
intra=1 spread=1,16,485,0.356257
intra=1 spread=1,16,486,9.378618
intra=1 spread=1,16,487,55.208867
intra=1 spread=1,16,488,167.101919
intra=1 spread=1,16,489,1.446110
intra=1 spread=1,16,490,168.298308
intra=1 spread=1,16,491,162.685181
intra=1 spread=1,16,492,254.635664
intra=1 spread=1,16,493,18.619788
intra=1 spread=1,16,494,6.371525
intra=1 spread=1,16,495,99.271001
intra=1 spread=1,16,496,1.561397
intra=1 spread=1,16,497,1.648312
intra=1 spread=1,16,498,1.376881
intra=1 spread=1,16,499,6.276028
intra=1 spread=1,16,500,94.283852
